team_id,team,team_provider,player,status,short_id,provider_id,position,tournament_season_id,team_2627,team_id_26-27,team_provider_id_26-27,change_type,source_url,confidence,notes
ca7c6d0f-7bef-4fad-8ac2-d202471fa122,Exeter Chiefs,84,Will Becconsall,ACTIVE,7863,57384,scrum-half,9233192a-bfed-489b-b224-5c9e02f587de,,,,departed,https://en.wikipedia.org/wiki/List_of_2026%E2%80%9327_Premiership_Rugby_transfers ; https://all.rugby/transfers/premiership,Medium,To Cornish Pirates
41d2c944-4a5a-4de0-8eb4-e5b57835cff7,Connacht Rugby,3400,Mikey Yarr,ACTIVE,8385,59510,hooker,b314ec41-b6b0-4274-a98f-4a675628d202,Connacht Rugby,41d2c944-4a5a-4de0-8eb4-e5b57835cff7,3400,stay,,,
09c7ae37-447c-4020-9e2e-b5239ee2d58b,Scarlets,1700,Ben Williams,ACTIVE,7817,56274,loose-forward,b314ec41-b6b0-4274-a98f-4a675628d202,,,,departed,https://en.wikipedia.org/wiki/List_of_2026%E2%80%9327_United_Rugby_Championship_transfers,Medium,To Pontypool
dc118c04-038a-46e7-a805-298fbe0d2e66,Leinster Rugby,2300,Cormac Foley,ACTIVE,7417,33851,scrum-half,b314ec41-b6b0-4274-a98f-4a675628d202,Leinster Rugby,dc118c04-038a-46e7-a805-298fbe0d2e66,2300,stay,,,
6959008c-ebd2-49ed-b1db-29a124e3e922,Harlequins,1150,Luke Northmore,ACTIVE,7461,34826,centre,9233192a-bfed-489b-b224-5c9e02f587de,Harlequins,6959008c-ebd2-49ed-b1db-29a124e3e922,1150,stay,,,
804c604a-08f9-4d6c-b74d-2936f9b370dc,Gloucester Rugby,1100,Will Crane,ACTIVE,8344,31000,hooker,9233192a-bfed-489b-b224-5c9e02f587de,Gloucester Rugby,804c604a-08f9-4d6c-b74d-2936f9b370dc,1100,stay,,,
804c604a-08f9-4d6c-b74d-2936f9b370dc,Gloucester Rugby,1100,Jack Mann,ACTIVE,7429,33892,loose-forward,9233192a-bfed-489b-b224-5c9e02f587de,Gloucester Rugby,804c604a-08f9-4d6c-b74d-2936f9b370dc,1100,stay,,,
6959008c-ebd2-49ed-b1db-29a124e3e922,Harlequins,1150,Cameron Anderson,ACTIVE,7306,29922,outside-back,9233192a-bfed-489b-b224-5c9e02f587de,Harlequins,6959008c-ebd2-49ed-b1db-29a124e3e922,1150,stay,,,
20aa34f7-3d7a-4cf4-be95-70ca236af7a0,Bath Rugby,1000,Sam Underhill,ACTIVE,6965,21608,loose-forward,9233192a-bfed-489b-b224-5c9e02f587de,Bath Rugby,20aa34f7-3d7a-4cf4-be95-70ca236af7a0,1000,stay,,,
ca7c6d0f-7bef-4fad-8ac2-d202471fa122,Exeter Chiefs,84,Lewis Pearson,ACTIVE,7488,35632,lock,9233192a-bfed-489b-b224-5c9e02f587de,Exeter Chiefs,ca7c6d0f-7bef-4fad-8ac2-d202471fa122,84,stay,,,
ee3c51c4-b2f3-42ba-9434-37c4455d9276,DHL Stormers,99,Willie Engelbrecht,ACTIVE,7249,28596,loose-forward,b314ec41-b6b0-4274-a98f-4a675628d202,DHL Stormers,ee3c51c4-b2f3-42ba-9434-37c4455d9276,99,stay,,,
09c7ae37-447c-4020-9e2e-b5239ee2d58b,Scarlets,1700,Ioan Nicholas,ACTIVE,7085,24010,outside-back,b314ec41-b6b0-4274-a98f-4a675628d202,Scarlets,09c7ae37-447c-4020-9e2e-b5239ee2d58b,1700,stay,,,
6fd77b22-06bc-49f7-8837-b213e335ec7a,Cardiff Rugby,2200,Cameron Winnett,ACTIVE,7716,40561,outside-back,b314ec41-b6b0-4274-a98f-4a675628d202,Cardiff Rugby,6fd77b22-06bc-49f7-8837-b213e335ec7a,2200,stay,,,
af6ad454-5636-4711-be6d-1cb29078219a,Lions,63,Heiko Pohlmann,ACTIVE,7651,39237,prop,b314ec41-b6b0-4274-a98f-4a675628d202,Lions,af6ad454-5636-4711-be6d-1cb29078219a,63,stay,,,
ca7c6d0f-7bef-4fad-8ac2-d202471fa122,Exeter Chiefs,84,Noah Fenton,ACTIVE,8246,902832,outside-back,9233192a-bfed-489b-b224-5c9e02f587de,Exeter Chiefs,ca7c6d0f-7bef-4fad-8ac2-d202471fa122,84,stay,,,
6959008c-ebd2-49ed-b1db-29a124e3e922,Harlequins,1150,Jarrod Evans,ACTIVE,7045,23284,fly-half,9233192a-bfed-489b-b224-5c9e02f587de,Cardiff Rugby,6fd77b22-06bc-49f7-8837-b213e335ec7a,2200,move,https://en.wikipedia.org/wiki/List_of_2026%E2%80%9327_Premiership_Rugby_transfers ; https://all.rugby/transfers/premiership,Medium,
ef455f5f-f067-4d29-ab67-f6e14b44a1e7,Leicester Tigers,1250,Will Hurd,ACTIVE,7430,33898,prop,9233192a-bfed-489b-b224-5c9e02f587de,Leicester Tigers,ef455f5f-f067-4d29-ab67-f6e14b44a1e7,1250,stay,,,
9e46b555-7bd7-4113-9005-641caab27c3c,Ulster Rugby,2450,Joe Hopes,ACTIVE,7870,57537,lock,b314ec41-b6b0-4274-a98f-4a675628d202,Ulster Rugby,9e46b555-7bd7-4113-9005-641caab27c3c,2450,stay,,,
bdb20011-d913-4688-b8fa-38a2a96c22b2,Dragons RFC,3100,Dillon Lewis,ACTIVE,7009,22549,prop,b314ec41-b6b0-4274-a98f-4a675628d202,Dragons RFC,bdb20011-d913-4688-b8fa-38a2a96c22b2,3100,stay,,,
6fd77b22-06bc-49f7-8837-b213e335ec7a,Cardiff Rugby,2200,Corey Domachowski,ACTIVE,7087,24079,prop,b314ec41-b6b0-4274-a98f-4a675628d202,Scarlets,09c7ae37-447c-4020-9e2e-b5239ee2d58b,1700,move,https://en.wikipedia.org/wiki/List_of_2026%E2%80%9327_United_Rugby_Championship_transfers,Medium,
aebd3bc4-7445-44b7-beae-ded6ad3609bd,Zebre Parma,10650,Francesco Ruffolo,ACTIVE,7810,56251,lock,b314ec41-b6b0-4274-a98f-4a675628d202,Zebre Parma,aebd3bc4-7445-44b7-beae-ded6ad3609bd,10650,stay,,,
41d2c944-4a5a-4de0-8eb4-e5b57835cff7,Connacht Rugby,3400,Josh Murphy,ACTIVE,6993,21901,loose-forward,b314ec41-b6b0-4274-a98f-4a675628d202,Connacht Rugby,41d2c944-4a5a-4de0-8eb4-e5b57835cff7,3400,stay,,,
3bb58f66-38c1-4f9c-adff-0ac33a01533b,Saracens,1500,Oli Hoskins,ACTIVE,6880,19814,prop,9233192a-bfed-489b-b224-5c9e02f587de,Saracens,3bb58f66-38c1-4f9c-adff-0ac33a01533b,1500,stay,,,
804c604a-08f9-4d6c-b74d-2936f9b370dc,Gloucester Rugby,1100,Rhys Price,ACTIVE,8345,60636,scrum-half,9233192a-bfed-489b-b224-5c9e02f587de,Gloucester Rugby,804c604a-08f9-4d6c-b74d-2936f9b370dc,1100,stay,,,
3bb58f66-38c1-4f9c-adff-0ac33a01533b,Saracens,1500,Lucio Cinti,ACTIVE,7386,33586,centre,9233192a-bfed-489b-b224-5c9e02f587de,Saracens,3bb58f66-38c1-4f9c-adff-0ac33a01533b,1500,stay,,,
6959008c-ebd2-49ed-b1db-29a124e3e922,Harlequins,1150,Jack Walker,ACTIVE,6968,21618,hooker,9233192a-bfed-489b-b224-5c9e02f587de,Harlequins,6959008c-ebd2-49ed-b1db-29a124e3e922,1150,stay,,,
6e09f000-1b71-426f-b349-2c528cba8584,Vodacom Bulls,97,Cyle Brink,ACTIVE,6977,21702,loose-forward,b314ec41-b6b0-4274-a98f-4a675628d202,Vodacom Bulls,6e09f000-1b71-426f-b349-2c528cba8584,97,stay,,,
e33c7a17-a675-46a9-b68c-be767cc211db,Northampton Saints,1400,Robbie Smith,ACTIVE,7231,27474,hooker,9233192a-bfed-489b-b224-5c9e02f587de,Northampton Saints,e33c7a17-a675-46a9-b68c-be767cc211db,1400,stay,,,
473a715d-80f5-4707-a8e2-52902fadc9bc,Sale Sharks,1450,Dylan Hodkinson,ACTIVE,8265,903359,lock,9233192a-bfed-489b-b224-5c9e02f587de,Sale Sharks,473a715d-80f5-4707-a8e2-52902fadc9bc,1450,stay,,,
41d2c944-4a5a-4de0-8eb4-e5b57835cff7,Connacht Rugby,3400,Cathal Forde,ACTIVE,7523,36708,centre,b314ec41-b6b0-4274-a98f-4a675628d202,Connacht Rugby,41d2c944-4a5a-4de0-8eb4-e5b57835cff7,3400,stay,,,
17751c9c-264e-464e-adc8-1468fd75dbef,Newcastle Red Bull,1350,Ollie Leatherbarrow,ACTIVE,7590,38596,loose-forward,9233192a-bfed-489b-b224-5c9e02f587de,Newcastle Red Bull,17751c9c-264e-464e-adc8-1468fd75dbef,1350,stay,,,
09c7ae37-447c-4020-9e2e-b5239ee2d58b,Scarlets,1700,Elis Price,ACTIVE,8332,62417,fly-half,b314ec41-b6b0-4274-a98f-4a675628d202,Scarlets,09c7ae37-447c-4020-9e2e-b5239ee2d58b,1700,stay,,,
bdb20011-d913-4688-b8fa-38a2a96c22b2,Dragons RFC,3100,James Talamai,ACTIVE,8108,900949,hooker,b314ec41-b6b0-4274-a98f-4a675628d202,Dragons RFC,bdb20011-d913-4688-b8fa-38a2a96c22b2,3100,stay,,,
ee3c51c4-b2f3-42ba-9434-37c4455d9276,DHL Stormers,99,Divan Fuller,ACTIVE,8217,57147,loose-forward,b314ec41-b6b0-4274-a98f-4a675628d202,DHL Stormers,ee3c51c4-b2f3-42ba-9434-37c4455d9276,99,stay,,,
9e46b555-7bd7-4113-9005-641caab27c3c,Ulster Rugby,2450,Scott Wilson,ACTIVE,7753,43929,prop,b314ec41-b6b0-4274-a98f-4a675628d202,Ulster Rugby,9e46b555-7bd7-4113-9005-641caab27c3c,2450,stay,,,
6e09f000-1b71-426f-b349-2c528cba8584,Vodacom Bulls,97,Merwe Olivier,ACTIVE,7771,44200,lock,b314ec41-b6b0-4274-a98f-4a675628d202,Vodacom Bulls,6e09f000-1b71-426f-b349-2c528cba8584,97,stay,,,
20aa34f7-3d7a-4cf4-be95-70ca236af7a0,Bath Rugby,1000,Jacques du Plessis,ACTIVE,6917,20652,lock,9233192a-bfed-489b-b224-5c9e02f587de,Bath Rugby,20aa34f7-3d7a-4cf4-be95-70ca236af7a0,1000,stay,,,
17751c9c-264e-464e-adc8-1468fd75dbef,Newcastle Red Bull,1350,Freddie Clarke,ACTIVE,6864,19574,lock,9233192a-bfed-489b-b224-5c9e02f587de,,,,departed,https://en.wikipedia.org/wiki/List_of_2026%E2%80%9327_Premiership_Rugby_transfers ; https://all.rugby/transfers/premiership,Medium,Released — destination TBC
6959008c-ebd2-49ed-b1db-29a124e3e922,Harlequins,1150,Tom Lawday,ACTIVE,7212,27117,loose-forward,9233192a-bfed-489b-b224-5c9e02f587de,,,,departed,https://en.wikipedia.org/wiki/List_of_2026%E2%80%9327_Premiership_Rugby_transfers ; https://all.rugby/transfers/premiership,Medium,Released — destination TBC
3bb58f66-38c1-4f9c-adff-0ac33a01533b,Saracens,1500,Toby Knight,ACTIVE,7668,39759,loose-forward,9233192a-bfed-489b-b224-5c9e02f587de,Saracens,3bb58f66-38c1-4f9c-adff-0ac33a01533b,1500,stay,,,
af6ad454-5636-4711-be6d-1cb29078219a,Lions,63,Keagan Smith,ACTIVE,7757,44158,outside-back,b314ec41-b6b0-4274-a98f-4a675628d202,Lions,af6ad454-5636-4711-be6d-1cb29078219a,63,stay,,,
dc118c04-038a-46e7-a805-298fbe0d2e66,Leinster Rugby,2300,Rabah Slimani,ACTIVE,8114,9776,prop,b314ec41-b6b0-4274-a98f-4a675628d202,,,,departed,https://en.wikipedia.org/wiki/List_of_2026%E2%80%9327_United_Rugby_Championship_transfers,Medium,To Toulon
ee3c51c4-b2f3-42ba-9434-37c4455d9276,DHL Stormers,99,Daniel du Plessis,ACTIVE,7052,23364,centre,b314ec41-b6b0-4274-a98f-4a675628d202,,,,departed,https://en.wikipedia.org/wiki/List_of_2026%E2%80%9327_United_Rugby_Championship_transfers,Medium,To Bordeaux
e2ae68bd-54f2-4e38-89fc-53dcce5add02,Hollywoodbets Sharks,98,George Whitehead,ACTIVE,8288,20530,fly-half,b314ec41-b6b0-4274-a98f-4a675628d202,Hollywoodbets Sharks,e2ae68bd-54f2-4e38-89fc-53dcce5add02,98,stay,,,
5fdcc251-1a9e-40cf-9767-a5271ff4dbc0,Edinburgh Rugby,1950,Charlie Shiel,ACTIVE,7097,24458,scrum-half,b314ec41-b6b0-4274-a98f-4a675628d202,,,,departed,https://en.wikipedia.org/wiki/List_of_2026%E2%80%9327_United_Rugby_Championship_transfers,Medium,Released — destination TBC
473a715d-80f5-4707-a8e2-52902fadc9bc,Sale Sharks,1450,Raffi Quirke,ACTIVE,7477,35531,scrum-half,9233192a-bfed-489b-b224-5c9e02f587de,Newcastle Red Bull,17751c9c-264e-464e-adc8-1468fd75dbef,1350,move,https://en.wikipedia.org/wiki/List_of_2026%E2%80%9327_Premiership_Rugby_transfers ; https://all.rugby/transfers/premiership,Medium,
6959008c-ebd2-49ed-b1db-29a124e3e922,Harlequins,1150,Seb Driscoll,ACTIVE,7856,57289,loose-forward,9233192a-bfed-489b-b224-5c9e02f587de,Harlequins,6959008c-ebd2-49ed-b1db-29a124e3e922,1150,stay,,,
17751c9c-264e-464e-adc8-1468fd75dbef,Newcastle Red Bull,1350,Cameron Neild,ACTIVE,6933,20915,loose-forward,9233192a-bfed-489b-b224-5c9e02f587de,,,,departed,https://en.wikipedia.org/wiki/List_of_2026%E2%80%9327_Premiership_Rugby_transfers ; https://all.rugby/transfers/premiership,Medium,Released — destination TBC
e2ae68bd-54f2-4e38-89fc-53dcce5add02,Hollywoodbets Sharks,98,Cameron Dawson,ACTIVE,8201,35278,prop,b314ec41-b6b0-4274-a98f-4a675628d202,Hollywoodbets Sharks,e2ae68bd-54f2-4e38-89fc-53dcce5add02,98,stay,,,
6e09f000-1b71-426f-b349-2c528cba8584,Vodacom Bulls,97,Sintu Manjezi,ACTIVE,7146,25050,lock,b314ec41-b6b0-4274-a98f-4a675628d202,Vodacom Bulls,6e09f000-1b71-426f-b349-2c528cba8584,97,stay,,,
9e46b555-7bd7-4113-9005-641caab27c3c,Ulster Rugby,2450,Callum Reid,ACTIVE,7116,24771,prop,b314ec41-b6b0-4274-a98f-4a675628d202,Ulster Rugby,9e46b555-7bd7-4113-9005-641caab27c3c,2450,stay,,,
bdb20011-d913-4688-b8fa-38a2a96c22b2,Dragons RFC,3100,Fine Inisi,ACTIVE,8163,33905,scrum-half,b314ec41-b6b0-4274-a98f-4a675628d202,Dragons RFC,bdb20011-d913-4688-b8fa-38a2a96c22b2,3100,stay,,,
6959008c-ebd2-49ed-b1db-29a124e3e922,Harlequins,1150,James Chisholm,ACTIVE,6934,20921,loose-forward,9233192a-bfed-489b-b224-5c9e02f587de,Harlequins,6959008c-ebd2-49ed-b1db-29a124e3e922,1150,stay,,,
3bb58f66-38c1-4f9c-adff-0ac33a01533b,Saracens,1500,Andy Onyeama-Christie,ACTIVE,7262,28737,loose-forward,9233192a-bfed-489b-b224-5c9e02f587de,Saracens,3bb58f66-38c1-4f9c-adff-0ac33a01533b,1500,stay,,,
804c604a-08f9-4d6c-b74d-2936f9b370dc,Gloucester Rugby,1100,Ollie Minnis,ACTIVE,8310,925042,prop,9233192a-bfed-489b-b224-5c9e02f587de,Gloucester Rugby,804c604a-08f9-4d6c-b74d-2936f9b370dc,1100,stay,,,
804c604a-08f9-4d6c-b74d-2936f9b370dc,Gloucester Rugby,1100,Danny Eite,ACTIVE,7889,58030,lock,9233192a-bfed-489b-b224-5c9e02f587de,Gloucester Rugby,804c604a-08f9-4d6c-b74d-2936f9b370dc,1100,stay,,,
e33c7a17-a675-46a9-b68c-be767cc211db,Northampton Saints,1400,Henry Pollock,ACTIVE,7833,57052,loose-forward,9233192a-bfed-489b-b224-5c9e02f587de,Northampton Saints,e33c7a17-a675-46a9-b68c-be767cc211db,1400,stay,,,
ee3c51c4-b2f3-42ba-9434-37c4455d9276,DHL Stormers,99,Ruan Ackermann,ACTIVE,7023,22733,loose-forward,b314ec41-b6b0-4274-a98f-4a675628d202,DHL Stormers,ee3c51c4-b2f3-42ba-9434-37c4455d9276,99,stay,,,
af6ad454-5636-4711-be6d-1cb29078219a,Lions,63,Ruan Delport,ACTIVE,7644,39176,loose-forward,b314ec41-b6b0-4274-a98f-4a675628d202,Lions,af6ad454-5636-4711-be6d-1cb29078219a,63,stay,,,
41d2c944-4a5a-4de0-8eb4-e5b57835cff7,Connacht Rugby,3400,Paul Boyle,ACTIVE,7133,24824,loose-forward,b314ec41-b6b0-4274-a98f-4a675628d202,Connacht Rugby,41d2c944-4a5a-4de0-8eb4-e5b57835cff7,3400,stay,,,
e2ae68bd-54f2-4e38-89fc-53dcce5add02,Hollywoodbets Sharks,98,Meno Barnard,ACTIVE,7787,44332,lock,b314ec41-b6b0-4274-a98f-4a675628d202,Hollywoodbets Sharks,e2ae68bd-54f2-4e38-89fc-53dcce5add02,98,stay,,,
e33c7a17-a675-46a9-b68c-be767cc211db,Northampton Saints,1400,Trevor Davison,ACTIVE,7265,29313,prop,9233192a-bfed-489b-b224-5c9e02f587de,Northampton Saints,e33c7a17-a675-46a9-b68c-be767cc211db,1400,stay,,,
804c604a-08f9-4d6c-b74d-2936f9b370dc,Gloucester Rugby,1100,Seb Blake,ACTIVE,7684,39828,hooker,9233192a-bfed-489b-b224-5c9e02f587de,Gloucester Rugby,804c604a-08f9-4d6c-b74d-2936f9b370dc,1100,stay,,,
3bb58f66-38c1-4f9c-adff-0ac33a01533b,Saracens,1500,Kapeli Pifeleti,ACTIVE,7407,33820,hooker,9233192a-bfed-489b-b224-5c9e02f587de,Saracens,3bb58f66-38c1-4f9c-adff-0ac33a01533b,1500,stay,,,
6959008c-ebd2-49ed-b1db-29a124e3e922,Harlequins,1150,Cadan Murley,ACTIVE,7261,28736,outside-back,9233192a-bfed-489b-b224-5c9e02f587de,Harlequins,6959008c-ebd2-49ed-b1db-29a124e3e922,1150,stay,,,
ee3c51c4-b2f3-42ba-9434-37c4455d9276,DHL Stormers,99,Wandisile Simelane,ACTIVE,7196,26820,centre,b314ec41-b6b0-4274-a98f-4a675628d202,DHL Stormers,ee3c51c4-b2f3-42ba-9434-37c4455d9276,99,stay,,,
9e46b555-7bd7-4113-9005-641caab27c3c,Ulster Rugby,2450,Juarno Augustus,ACTIVE,7157,25380,loose-forward,b314ec41-b6b0-4274-a98f-4a675628d202,Ulster Rugby,9e46b555-7bd7-4113-9005-641caab27c3c,2450,stay,,,
ef455f5f-f067-4d29-ab67-f6e14b44a1e7,Leicester Tigers,1250,Harry Wells,ACTIVE,6855,19208,lock,9233192a-bfed-489b-b224-5c9e02f587de,,,,departed,https://en.wikipedia.org/wiki/List_of_2026%E2%80%9327_Premiership_Rugby_transfers ; https://all.rugby/transfers/premiership,Medium,To Bedford Blues
6959008c-ebd2-49ed-b1db-29a124e3e922,Harlequins,1150,Sam Riley,ACTIVE,7481,35564,hooker,9233192a-bfed-489b-b224-5c9e02f587de,Harlequins,6959008c-ebd2-49ed-b1db-29a124e3e922,1150,stay,,,
ca7c6d0f-7bef-4fad-8ac2-d202471fa122,Exeter Chiefs,84,Elliot Young,ACTIVE,7913,58542,hooker,9233192a-bfed-489b-b224-5c9e02f587de,Exeter Chiefs,ca7c6d0f-7bef-4fad-8ac2-d202471fa122,84,stay,,,
ca7c6d0f-7bef-4fad-8ac2-d202471fa122,Exeter Chiefs,84,Joseph Dweba,ACTIVE,6980,21706,hooker,9233192a-bfed-489b-b224-5c9e02f587de,Exeter Chiefs,ca7c6d0f-7bef-4fad-8ac2-d202471fa122,84,stay,,,
473a715d-80f5-4707-a8e2-52902fadc9bc,Sale Sharks,1450,Gus Warr,ACTIVE,7347,31240,scrum-half,9233192a-bfed-489b-b224-5c9e02f587de,Sale Sharks,473a715d-80f5-4707-a8e2-52902fadc9bc,1450,stay,,,
e2ae68bd-54f2-4e38-89fc-53dcce5add02,Hollywoodbets Sharks,98,Lukhanyo Am,ACTIVE,7106,24535,centre,b314ec41-b6b0-4274-a98f-4a675628d202,Hollywoodbets Sharks,e2ae68bd-54f2-4e38-89fc-53dcce5add02,98,stay,,,
6e09f000-1b71-426f-b349-2c528cba8584,Vodacom Bulls,97,Sebastian de Klerk,ACTIVE,7556,37866,centre,b314ec41-b6b0-4274-a98f-4a675628d202,Vodacom Bulls,6e09f000-1b71-426f-b349-2c528cba8584,97,stay,,,
09c7ae37-447c-4020-9e2e-b5239ee2d58b,Scarlets,1700,Gabe Hawley,ACTIVE,8096,68543,prop,b314ec41-b6b0-4274-a98f-4a675628d202,Scarlets,09c7ae37-447c-4020-9e2e-b5239ee2d58b,1700,stay,,,
b05b5971-dd90-44ae-999d-7bde3b2ebf96,Ospreys,3250,Caelan Carson-Jones,ACTIVE,8231,903072,scrum-half,b314ec41-b6b0-4274-a98f-4a675628d202,Ospreys,b05b5971-dd90-44ae-999d-7bde3b2ebf96,3250,stay,,,
ef455f5f-f067-4d29-ab67-f6e14b44a1e7,Leicester Tigers,1250,Tom Threlfall,ACTIVE,7937,59285,fly-half,9233192a-bfed-489b-b224-5c9e02f587de,,,,departed,https://en.wikipedia.org/wiki/List_of_2026%E2%80%9327_Premiership_Rugby_transfers ; https://all.rugby/transfers/premiership,Medium,To Rotherham Titans
473a715d-80f5-4707-a8e2-52902fadc9bc,Sale Sharks,1450,Oliver Spencer,ACTIVE,8266,901209,prop,9233192a-bfed-489b-b224-5c9e02f587de,Sale Sharks,473a715d-80f5-4707-a8e2-52902fadc9bc,1450,stay,,,
6959008c-ebd2-49ed-b1db-29a124e3e922,Harlequins,1150,Frank McMillan,ACTIVE,7936,59138,centre,9233192a-bfed-489b-b224-5c9e02f587de,Harlequins,6959008c-ebd2-49ed-b1db-29a124e3e922,1150,stay,,,
3bb58f66-38c1-4f9c-adff-0ac33a01533b,Saracens,1500,Ben Earl,ACTIVE,7071,23732,loose-forward,9233192a-bfed-489b-b224-5c9e02f587de,Saracens,3bb58f66-38c1-4f9c-adff-0ac33a01533b,1500,stay,,,
9e46b555-7bd7-4113-9005-641caab27c3c,Ulster Rugby,2450,Nick Timoney,ACTIVE,7037,22811,loose-forward,b314ec41-b6b0-4274-a98f-4a675628d202,Ulster Rugby,9e46b555-7bd7-4113-9005-641caab27c3c,2450,stay,,,
e33c7a17-a675-46a9-b68c-be767cc211db,Northampton Saints,1400,Will Spencer,ACTIVE,6783,19217,lock,9233192a-bfed-489b-b224-5c9e02f587de,Northampton Saints,e33c7a17-a675-46a9-b68c-be767cc211db,1400,stay,,,
20aa34f7-3d7a-4cf4-be95-70ca236af7a0,Bath Rugby,1000,Joe Cokanasiga,ACTIVE,7067,23668,outside-back,9233192a-bfed-489b-b224-5c9e02f587de,Bath Rugby,20aa34f7-3d7a-4cf4-be95-70ca236af7a0,1000,stay,,,
ef455f5f-f067-4d29-ab67-f6e14b44a1e7,Leicester Tigers,1250,Tommy Reffell,ACTIVE,7174,25969,loose-forward,9233192a-bfed-489b-b224-5c9e02f587de,Leicester Tigers,ef455f5f-f067-4d29-ab67-f6e14b44a1e7,1250,stay,,,
ca7c6d0f-7bef-4fad-8ac2-d202471fa122,Exeter Chiefs,84,Tom Hooper,ACTIVE,8176,31806,loose-forward,9233192a-bfed-489b-b224-5c9e02f587de,Exeter Chiefs,ca7c6d0f-7bef-4fad-8ac2-d202471fa122,84,stay,,,
6959008c-ebd2-49ed-b1db-29a124e3e922,Harlequins,1150,Simon Kerrod,ACTIVE,6995,21916,prop,9233192a-bfed-489b-b224-5c9e02f587de,Harlequins,6959008c-ebd2-49ed-b1db-29a124e3e922,1150,stay,,,
41d2c944-4a5a-4de0-8eb4-e5b57835cff7,Connacht Rugby,3400,Dave Heffernan,ACTIVE,6831,18672,hooker,b314ec41-b6b0-4274-a98f-4a675628d202,Connacht Rugby,41d2c944-4a5a-4de0-8eb4-e5b57835cff7,3400,stay,,,
aebd3bc4-7445-44b7-beae-ded6ad3609bd,Zebre Parma,10650,Riccardo Genovese,ACTIVE,8338,38631,prop,b314ec41-b6b0-4274-a98f-4a675628d202,Zebre Parma,aebd3bc4-7445-44b7-beae-ded6ad3609bd,10650,stay,,,
bdb20011-d913-4688-b8fa-38a2a96c22b2,Dragons RFC,3100,Robert Hunt,ACTIVE,8166,39975,hooker,b314ec41-b6b0-4274-a98f-4a675628d202,Dragons RFC,bdb20011-d913-4688-b8fa-38a2a96c22b2,3100,stay,,,
8b15860f-dd5c-45c0-be1d-985e82f5e295,Munster Rugby,2150,Bryan Fitzgerald,ACTIVE,8066,67703,centre,b314ec41-b6b0-4274-a98f-4a675628d202,Munster Rugby,8b15860f-dd5c-45c0-be1d-985e82f5e295,2150,stay,,,
961763ec-e93a-42f8-a91e-f7fcb114c02c,Benetton Rugby,1850,Enzo Avaca,ACTIVE,7867,57521,prop,b314ec41-b6b0-4274-a98f-4a675628d202,Benetton Rugby,961763ec-e93a-42f8-a91e-f7fcb114c02c,1850,stay,,,
3bb58f66-38c1-4f9c-adff-0ac33a01533b,Saracens,1500,Maro Itoje,ACTIVE,6900,20440,lock,9233192a-bfed-489b-b224-5c9e02f587de,Saracens,3bb58f66-38c1-4f9c-adff-0ac33a01533b,1500,stay,,,
3bb58f66-38c1-4f9c-adff-0ac33a01533b,Saracens,1500,Kaden Pearce-Paul,ACTIVE,7666,39754,lock,9233192a-bfed-489b-b224-5c9e02f587de,Saracens,3bb58f66-38c1-4f9c-adff-0ac33a01533b,1500,stay,,,
804c604a-08f9-4d6c-b74d-2936f9b370dc,Gloucester Rugby,1100,Harrison Bellamy,ACTIVE,8250,70241,prop,9233192a-bfed-489b-b224-5c9e02f587de,Gloucester Rugby,804c604a-08f9-4d6c-b74d-2936f9b370dc,1100,stay,,,
d9f721ee-9da6-4aa0-8e98-22cf91afd251,Bristol Bears,1050,Gabriel Ibitoye,ACTIVE,7072,23736,outside-back,9233192a-bfed-489b-b224-5c9e02f587de,Bristol Bears,d9f721ee-9da6-4aa0-8e98-22cf91afd251,1050,stay,,,
d9f721ee-9da6-4aa0-8e98-22cf91afd251,Bristol Bears,1050,Kieran Hill,ACTIVE,8386,925534,hooker,9233192a-bfed-489b-b224-5c9e02f587de,Bristol Bears,d9f721ee-9da6-4aa0-8e98-22cf91afd251,1050,stay,,,
804c604a-08f9-4d6c-b74d-2936f9b370dc,Gloucester Rugby,1100,Max Knight,ACTIVE,8346,69553,centre,9233192a-bfed-489b-b224-5c9e02f587de,Gloucester Rugby,804c604a-08f9-4d6c-b74d-2936f9b370dc,1100,stay,,,
6fd77b22-06bc-49f7-8837-b213e335ec7a,Cardiff Rugby,2200,George Nott,ACTIVE,7003,22077,lock,b314ec41-b6b0-4274-a98f-4a675628d202,Cardiff Rugby,6fd77b22-06bc-49f7-8837-b213e335ec7a,2200,stay,,,
e2ae68bd-54f2-4e38-89fc-53dcce5add02,Hollywoodbets Sharks,98,George Cronje,ACTIVE,7535,36902,loose-forward,b314ec41-b6b0-4274-a98f-4a675628d202,Hollywoodbets Sharks,e2ae68bd-54f2-4e38-89fc-53dcce5add02,98,stay,,,
804c604a-08f9-4d6c-b74d-2936f9b370dc,Gloucester Rugby,1100,Cameron Jordan,ACTIVE,7309,30059,lock,9233192a-bfed-489b-b224-5c9e02f587de,Newcastle Red Bull,17751c9c-264e-464e-adc8-1468fd75dbef,1350,move,https://en.wikipedia.org/wiki/List_of_2026%E2%80%9327_Premiership_Rugby_transfers ; https://all.rugby/transfers/premiership,Medium,
ef455f5f-f067-4d29-ab67-f6e14b44a1e7,Leicester Tigers,1250,Ben Volavola,ACTIVE,6842,18851,fly-half,9233192a-bfed-489b-b224-5c9e02f587de,Leicester Tigers,ef455f5f-f067-4d29-ab67-f6e14b44a1e7,1250,stay,,,
473a715d-80f5-4707-a8e2-52902fadc9bc,Sale Sharks,1450,Ethan Caine,ACTIVE,7686,39838,hooker,9233192a-bfed-489b-b224-5c9e02f587de,Sale Sharks,473a715d-80f5-4707-a8e2-52902fadc9bc,1450,stay,,,
17751c9c-264e-464e-adc8-1468fd75dbef,Newcastle Red Bull,1350,Joel Grayson,ACTIVE,8261,903038,outside-back,9233192a-bfed-489b-b224-5c9e02f587de,,,,departed,https://en.wikipedia.org/wiki/List_of_2026%E2%80%9327_Premiership_Rugby_transfers ; https://all.rugby/transfers/premiership,Medium,To Blackheath
ca7c6d0f-7bef-4fad-8ac2-d202471fa122,Exeter Chiefs,84,Nic Allison,ACTIVE,8064,67597,centre,9233192a-bfed-489b-b224-5c9e02f587de,Exeter Chiefs,ca7c6d0f-7bef-4fad-8ac2-d202471fa122,84,stay,,,
6959008c-ebd2-49ed-b1db-29a124e3e922,Harlequins,1150,Hayden Hyde,ACTIVE,7396,33651,centre,9233192a-bfed-489b-b224-5c9e02f587de,,,,departed,https://en.wikipedia.org/wiki/List_of_2026%E2%80%9327_Premiership_Rugby_transfers ; https://all.rugby/transfers/premiership,Medium,To Ealing Trailfinders
9e46b555-7bd7-4113-9005-641caab27c3c,Ulster Rugby,2450,Jack Boal,ACTIVE,7891,58335,prop,b314ec41-b6b0-4274-a98f-4a675628d202,Ulster Rugby,9e46b555-7bd7-4113-9005-641caab27c3c,2450,stay,,,
6fd77b22-06bc-49f7-8837-b213e335ec7a,Cardiff Rugby,2200,Elijah Evans,ACTIVE,8320,59308,centre,b314ec41-b6b0-4274-a98f-4a675628d202,Cardiff Rugby,6fd77b22-06bc-49f7-8837-b213e335ec7a,2200,stay,,,
5fdcc251-1a9e-40cf-9767-a5271ff4dbc0,Edinburgh Rugby,1950,Liam McConnell,ACTIVE,7819,56283,loose-forward,b314ec41-b6b0-4274-a98f-4a675628d202,Edinburgh Rugby,5fdcc251-1a9e-40cf-9767-a5271ff4dbc0,1950,stay,,,
ef455f5f-f067-4d29-ab67-f6e14b44a1e7,Leicester Tigers,1250,George Martin,ACTIVE,7487,35631,lock,9233192a-bfed-489b-b224-5c9e02f587de,Saracens,3bb58f66-38c1-4f9c-adff-0ac33a01533b,1500,move,https://en.wikipedia.org/wiki/List_of_2026%E2%80%9327_Premiership_Rugby_transfers ; https://all.rugby/transfers/premiership,Medium,
d9f721ee-9da6-4aa0-8e98-22cf91afd251,Bristol Bears,1050,Sam Grahamslaw,ACTIVE,7321,30933,prop,9233192a-bfed-489b-b224-5c9e02f587de,,,,departed,https://en.wikipedia.org/wiki/List_of_2026%E2%80%9327_Premiership_Rugby_transfers ; https://all.rugby/transfers/premiership,Medium,To Ealing Trailfinders
3bb58f66-38c1-4f9c-adff-0ac33a01533b,Saracens,1500,Rotimi Segun,ACTIVE,7172,25960,outside-back,9233192a-bfed-489b-b224-5c9e02f587de,Saracens,3bb58f66-38c1-4f9c-adff-0ac33a01533b,1500,stay,,,
ef455f5f-f067-4d29-ab67-f6e14b44a1e7,Leicester Tigers,1250,Nicky Smith,ACTIVE,6896,20327,prop,9233192a-bfed-489b-b224-5c9e02f587de,Sale Sharks,473a715d-80f5-4707-a8e2-52902fadc9bc,1450,move,https://en.wikipedia.org/wiki/List_of_2026%E2%80%9327_Premiership_Rugby_transfers ; https://all.rugby/transfers/premiership,Medium,
dc118c04-038a-46e7-a805-298fbe0d2e66,Leinster Rugby,2300,Ryan Baird,ACTIVE,7424,33863,lock,b314ec41-b6b0-4274-a98f-4a675628d202,Leinster Rugby,dc118c04-038a-46e7-a805-298fbe0d2e66,2300,stay,,,
6959008c-ebd2-49ed-b1db-29a124e3e922,Harlequins,1150,Will Hobson,ACTIVE,7693,39854,prop,9233192a-bfed-489b-b224-5c9e02f587de,Harlequins,6959008c-ebd2-49ed-b1db-29a124e3e922,1150,stay,,,
20aa34f7-3d7a-4cf4-be95-70ca236af7a0,Bath Rugby,1000,Ethan Staddon,ACTIVE,7551,37805,loose-forward,9233192a-bfed-489b-b224-5c9e02f587de,Bristol Bears,d9f721ee-9da6-4aa0-8e98-22cf91afd251,1050,move,https://en.wikipedia.org/wiki/List_of_2026%E2%80%9327_Premiership_Rugby_transfers ; https://all.rugby/transfers/premiership,Medium,
ef455f5f-f067-4d29-ab67-f6e14b44a1e7,Leicester Tigers,1250,Ollie Allan,ACTIVE,7877,57566,scrum-half,9233192a-bfed-489b-b224-5c9e02f587de,Leicester Tigers,ef455f5f-f067-4d29-ab67-f6e14b44a1e7,1250,stay,,,
3bb58f66-38c1-4f9c-adff-0ac33a01533b,Saracens,1500,Jamie George,ACTIVE,6794,10187,hooker,9233192a-bfed-489b-b224-5c9e02f587de,Saracens,3bb58f66-38c1-4f9c-adff-0ac33a01533b,1500,stay,,,
41d2c944-4a5a-4de0-8eb4-e5b57835cff7,Connacht Rugby,3400,Dylan Tierney-Martin,ACTIVE,7336,31067,hooker,b314ec41-b6b0-4274-a98f-4a675628d202,Connacht Rugby,41d2c944-4a5a-4de0-8eb4-e5b57835cff7,3400,stay,,,
d9f721ee-9da6-4aa0-8e98-22cf91afd251,Bristol Bears,1050,Kalaveti Ravouvou,ACTIVE,7715,40515,centre,9233192a-bfed-489b-b224-5c9e02f587de,Bristol Bears,d9f721ee-9da6-4aa0-8e98-22cf91afd251,1050,stay,,,
804c604a-08f9-4d6c-b74d-2936f9b370dc,Gloucester Rugby,1100,Harry Taylor,ACTIVE,7617,38668,loose-forward,9233192a-bfed-489b-b224-5c9e02f587de,Gloucester Rugby,804c604a-08f9-4d6c-b74d-2936f9b370dc,1100,stay,,,
6959008c-ebd2-49ed-b1db-29a124e3e922,Harlequins,1150,Tom Osborne,ACTIVE,7439,34341,prop,9233192a-bfed-489b-b224-5c9e02f587de,Harlequins,6959008c-ebd2-49ed-b1db-29a124e3e922,1150,stay,,,
20aa34f7-3d7a-4cf4-be95-70ca236af7a0,Bath Rugby,1000,Miles Reid,ACTIVE,7307,29923,loose-forward,9233192a-bfed-489b-b224-5c9e02f587de,Bath Rugby,20aa34f7-3d7a-4cf4-be95-70ca236af7a0,1000,stay,,,
17751c9c-264e-464e-adc8-1468fd75dbef,Newcastle Red Bull,1350,Luan de Bruin,ACTIVE,6915,20646,prop,9233192a-bfed-489b-b224-5c9e02f587de,,,,departed,https://en.wikipedia.org/wiki/List_of_2026%E2%80%9327_Premiership_Rugby_transfers ; https://all.rugby/transfers/premiership,Medium,Released — destination TBC
41d2c944-4a5a-4de0-8eb4-e5b57835cff7,Connacht Rugby,3400,James Nicholson,ACTIVE,7905,58429,outside-back,b314ec41-b6b0-4274-a98f-4a675628d202,Connacht Rugby,41d2c944-4a5a-4de0-8eb4-e5b57835cff7,3400,stay,,,
5fdcc251-1a9e-40cf-9767-a5271ff4dbc0,Edinburgh Rugby,1950,Ross McCann,ACTIVE,7100,24469,outside-back,b314ec41-b6b0-4274-a98f-4a675628d202,,,,departed,https://en.wikipedia.org/wiki/List_of_2026%E2%80%9327_United_Rugby_Championship_transfers,Medium,Released — destination TBC
e33c7a17-a675-46a9-b68c-be767cc211db,Northampton Saints,1400,Elliot Millar Mills,ACTIVE,7281,29671,prop,9233192a-bfed-489b-b224-5c9e02f587de,Newcastle Red Bull,17751c9c-264e-464e-adc8-1468fd75dbef,1350,move,https://en.wikipedia.org/wiki/List_of_2026%E2%80%9327_Premiership_Rugby_transfers ; https://all.rugby/transfers/premiership,Medium,
473a715d-80f5-4707-a8e2-52902fadc9bc,Sale Sharks,1450,Joe Bedlow,ACTIVE,7544,37675,centre,9233192a-bfed-489b-b224-5c9e02f587de,,,,departed,https://en.wikipedia.org/wiki/List_of_2026%E2%80%9327_Premiership_Rugby_transfers ; https://all.rugby/transfers/premiership,Medium,Released — destination TBC
ef455f5f-f067-4d29-ab67-f6e14b44a1e7,Leicester Tigers,1250,Bronson Kingsley-Mellowes,ACTIVE,8041,62377,prop,9233192a-bfed-489b-b224-5c9e02f587de,Leicester Tigers,ef455f5f-f067-4d29-ab67-f6e14b44a1e7,1250,stay,,,
20aa34f7-3d7a-4cf4-be95-70ca236af7a0,Bath Rugby,1000,Ted Hill,ACTIVE,7176,25976,loose-forward,9233192a-bfed-489b-b224-5c9e02f587de,Bath Rugby,20aa34f7-3d7a-4cf4-be95-70ca236af7a0,1000,stay,,,
5fdcc251-1a9e-40cf-9767-a5271ff4dbc0,Edinburgh Rugby,1950,Lewis Wells,ACTIVE,8106,70209,outside-back,b314ec41-b6b0-4274-a98f-4a675628d202,Edinburgh Rugby,5fdcc251-1a9e-40cf-9767-a5271ff4dbc0,1950,stay,,,
dc118c04-038a-46e7-a805-298fbe0d2e66,Leinster Rugby,2300,Will Connors,ACTIVE,7080,23926,loose-forward,b314ec41-b6b0-4274-a98f-4a675628d202,Connacht Rugby,41d2c944-4a5a-4de0-8eb4-e5b57835cff7,3400,move,https://en.wikipedia.org/wiki/List_of_2026%E2%80%9327_United_Rugby_Championship_transfers,Medium,
af6ad454-5636-4711-be6d-1cb29078219a,Lions,63,Raynard Roets,ACTIVE,7566,37992,lock,b314ec41-b6b0-4274-a98f-4a675628d202,Lions,af6ad454-5636-4711-be6d-1cb29078219a,63,stay,,,
17751c9c-264e-464e-adc8-1468fd75dbef,Newcastle Red Bull,1350,Finn Baker,ACTIVE,7841,57068,lock,9233192a-bfed-489b-b224-5c9e02f587de,Newcastle Red Bull,17751c9c-264e-464e-adc8-1468fd75dbef,1350,stay,,,
d9f721ee-9da6-4aa0-8e98-22cf91afd251,Bristol Bears,1050,Kenzie Jenkins,ACTIVE,8387,59297,lock,9233192a-bfed-489b-b224-5c9e02f587de,Bristol Bears,d9f721ee-9da6-4aa0-8e98-22cf91afd251,1050,stay,,,
41d2c944-4a5a-4de0-8eb4-e5b57835cff7,Connacht Rugby,3400,Darragh Murray,ACTIVE,7606,38649,lock,b314ec41-b6b0-4274-a98f-4a675628d202,Connacht Rugby,41d2c944-4a5a-4de0-8eb4-e5b57835cff7,3400,stay,,,
d9f721ee-9da6-4aa0-8e98-22cf91afd251,Bristol Bears,1050,Ollie Harris,ACTIVE,8388,925395,outside-back,9233192a-bfed-489b-b224-5c9e02f587de,Bristol Bears,d9f721ee-9da6-4aa0-8e98-22cf91afd251,1050,stay,,,
9e46b555-7bd7-4113-9005-641caab27c3c,Ulster Rugby,2450,Angus Bell,ACTIVE,8161,32109,prop,b314ec41-b6b0-4274-a98f-4a675628d202,,,,departed,https://en.wikipedia.org/wiki/List_of_2026%E2%80%9327_United_Rugby_Championship_transfers,Medium,To NSW Waratahs
09c7ae37-447c-4020-9e2e-b5239ee2d58b,Scarlets,1700,Carwyn Tuipulotu,ACTIVE,7559,37940,loose-forward,b314ec41-b6b0-4274-a98f-4a675628d202,Scarlets,09c7ae37-447c-4020-9e2e-b5239ee2d58b,1700,stay,,,
e33c7a17-a675-46a9-b68c-be767cc211db,Northampton Saints,1400,Billy Pasco,ACTIVE,7978,60395,centre,9233192a-bfed-489b-b224-5c9e02f587de,Northampton Saints,e33c7a17-a675-46a9-b68c-be767cc211db,1400,stay,,,
ca7c6d0f-7bef-4fad-8ac2-d202471fa122,Exeter Chiefs,84,Ollie Batson,ACTIVE,8343,925070,centre,9233192a-bfed-489b-b224-5c9e02f587de,Exeter Chiefs,ca7c6d0f-7bef-4fad-8ac2-d202471fa122,84,stay,,,
6959008c-ebd2-49ed-b1db-29a124e3e922,Harlequins,1150,Jimmy Staples,ACTIVE,8043,62379,hooker,9233192a-bfed-489b-b224-5c9e02f587de,Harlequins,6959008c-ebd2-49ed-b1db-29a124e3e922,1150,stay,,,
d9f721ee-9da6-4aa0-8e98-22cf91afd251,Bristol Bears,1050,Jake Woolmore,ACTIVE,7038,22828,prop,9233192a-bfed-489b-b224-5c9e02f587de,Bristol Bears,d9f721ee-9da6-4aa0-8e98-22cf91afd251,1050,stay,,,
804c604a-08f9-4d6c-b74d-2936f9b370dc,Gloucester Rugby,1100,Jamal Ford-Robinson,ACTIVE,7046,23291,prop,9233192a-bfed-489b-b224-5c9e02f587de,Gloucester Rugby,804c604a-08f9-4d6c-b74d-2936f9b370dc,1100,stay,,,
ca7c6d0f-7bef-4fad-8ac2-d202471fa122,Exeter Chiefs,84,Charlie Bell,ACTIVE,7998,61258,lock,9233192a-bfed-489b-b224-5c9e02f587de,,,,departed,https://en.wikipedia.org/wiki/List_of_2026%E2%80%9327_Premiership_Rugby_transfers ; https://all.rugby/transfers/premiership,Medium,To Richmond
e33c7a17-a675-46a9-b68c-be767cc211db,Northampton Saints,1400,Ollie Sleightholme,ACTIVE,7260,28734,outside-back,9233192a-bfed-489b-b224-5c9e02f587de,Northampton Saints,e33c7a17-a675-46a9-b68c-be767cc211db,1400,stay,,,
3bb58f66-38c1-4f9c-adff-0ac33a01533b,Saracens,1500,Theo McFarland,ACTIVE,7534,36890,loose-forward,9233192a-bfed-489b-b224-5c9e02f587de,,,,departed,https://en.wikipedia.org/wiki/List_of_2026%E2%80%9327_Premiership_Rugby_transfers ; https://all.rugby/transfers/premiership,Medium,To La Rochelle
b05b5971-dd90-44ae-999d-7bde3b2ebf96,Ospreys,3250,Harri Deaves,ACTIVE,7625,38685,loose-forward,b314ec41-b6b0-4274-a98f-4a675628d202,Ospreys,b05b5971-dd90-44ae-999d-7bde3b2ebf96,3250,stay,,,
bdb20011-d913-4688-b8fa-38a2a96c22b2,Dragons RFC,3100,Leon Brown,ACTIVE,7042,23272,prop,b314ec41-b6b0-4274-a98f-4a675628d202,Dragons RFC,bdb20011-d913-4688-b8fa-38a2a96c22b2,3100,stay,,,
17751c9c-264e-464e-adc8-1468fd75dbef,Newcastle Red Bull,1350,Reuben Parsons,ACTIVE,8083,68053,loose-forward,9233192a-bfed-489b-b224-5c9e02f587de,Newcastle Red Bull,17751c9c-264e-464e-adc8-1468fd75dbef,1350,stay,,,
3bb58f66-38c1-4f9c-adff-0ac33a01533b,Saracens,1500,Totoa Auva'a,ACTIVE,8187,64103,lock,9233192a-bfed-489b-b224-5c9e02f587de,Saracens,3bb58f66-38c1-4f9c-adff-0ac33a01533b,1500,stay,,,
3d94bdf3-43ef-4dbb-951f-38d13d1b1e5f,Glasgow Warriors,1750,Olujare Oguntibeju,ACTIVE,7732,43881,lock,b314ec41-b6b0-4274-a98f-4a675628d202,Glasgow Warriors,3d94bdf3-43ef-4dbb-951f-38d13d1b1e5f,1750,stay,,,
09c7ae37-447c-4020-9e2e-b5239ee2d58b,Scarlets,1700,Max Douglas,ACTIVE,7366,32886,lock,b314ec41-b6b0-4274-a98f-4a675628d202,,,,departed,https://en.wikipedia.org/wiki/List_of_2026%E2%80%9327_United_Rugby_Championship_transfers,Medium,To Shizuoka Blue Revs
bdb20011-d913-4688-b8fa-38a2a96c22b2,Dragons RFC,3100,Ollie Griffiths,ACTIVE,6953,21510,loose-forward,b314ec41-b6b0-4274-a98f-4a675628d202,Dragons RFC,bdb20011-d913-4688-b8fa-38a2a96c22b2,3100,stay,,,
473a715d-80f5-4707-a8e2-52902fadc9bc,Sale Sharks,1450,Tumy Onasanya,ACTIVE,7688,39841,prop,9233192a-bfed-489b-b224-5c9e02f587de,,,,departed,https://en.wikipedia.org/wiki/List_of_2026%E2%80%9327_Premiership_Rugby_transfers ; https://all.rugby/transfers/premiership,Medium,To Coventry
20aa34f7-3d7a-4cf4-be95-70ca236af7a0,Bath Rugby,1000,Cameron Redpath,ACTIVE,7271,29556,centre,9233192a-bfed-489b-b224-5c9e02f587de,Bath Rugby,20aa34f7-3d7a-4cf4-be95-70ca236af7a0,1000,stay,,,
ef455f5f-f067-4d29-ab67-f6e14b44a1e7,Leicester Tigers,1250,Tom Whiteley,ACTIVE,7000,22047,scrum-half,9233192a-bfed-489b-b224-5c9e02f587de,Leicester Tigers,ef455f5f-f067-4d29-ab67-f6e14b44a1e7,1250,stay,,,
d9f721ee-9da6-4aa0-8e98-22cf91afd251,Bristol Bears,1050,Sam Wolstenholme,ACTIVE,7363,32718,scrum-half,9233192a-bfed-489b-b224-5c9e02f587de,Exeter Chiefs,ca7c6d0f-7bef-4fad-8ac2-d202471fa122,84,move,https://en.wikipedia.org/wiki/List_of_2026%E2%80%9327_Premiership_Rugby_transfers ; https://all.rugby/transfers/premiership,Medium,
5fdcc251-1a9e-40cf-9767-a5271ff4dbc0,Edinburgh Rugby,1950,Boan Venter,ACTIVE,7443,34502,prop,b314ec41-b6b0-4274-a98f-4a675628d202,Lions,af6ad454-5636-4711-be6d-1cb29078219a,63,move,https://en.wikipedia.org/wiki/List_of_2026%E2%80%9327_United_Rugby_Championship_transfers,Medium,
aebd3bc4-7445-44b7-beae-ded6ad3609bd,Zebre Parma,10650,Enrique Pieretto,ACTIVE,8337,21763,prop,b314ec41-b6b0-4274-a98f-4a675628d202,,,,departed,https://en.wikipedia.org/wiki/List_of_2026%E2%80%9327_United_Rugby_Championship_transfers,Medium,To SU Agen
3bb58f66-38c1-4f9c-adff-0ac33a01533b,Saracens,1500,Sam Spink,ACTIVE,7305,29921,centre,9233192a-bfed-489b-b224-5c9e02f587de,,,,departed,https://en.wikipedia.org/wiki/List_of_2026%E2%80%9327_Premiership_Rugby_transfers ; https://all.rugby/transfers/premiership,Medium,Released — destination TBC
3bb58f66-38c1-4f9c-adff-0ac33a01533b,Saracens,1500,Lewis Young,ACTIVE,8080,67980,prop,9233192a-bfed-489b-b224-5c9e02f587de,Saracens,3bb58f66-38c1-4f9c-adff-0ac33a01533b,1500,stay,,,
d9f721ee-9da6-4aa0-8e98-22cf91afd251,Bristol Bears,1050,Sam Worsley,ACTIVE,7882,57611,fly-half,9233192a-bfed-489b-b224-5c9e02f587de,Bristol Bears,d9f721ee-9da6-4aa0-8e98-22cf91afd251,1050,stay,,,
d9f721ee-9da6-4aa0-8e98-22cf91afd251,Bristol Bears,1050,Benjamin Elizalde,ACTIVE,7806,56208,outside-back,9233192a-bfed-489b-b224-5c9e02f587de,Newcastle Red Bull,17751c9c-264e-464e-adc8-1468fd75dbef,1350,move,https://en.wikipedia.org/wiki/List_of_2026%E2%80%9327_Premiership_Rugby_transfers ; https://all.rugby/transfers/premiership,Medium,
20aa34f7-3d7a-4cf4-be95-70ca236af7a0,Bath Rugby,1000,Sam Winters,ACTIVE,8382,64654,outside-back,9233192a-bfed-489b-b224-5c9e02f587de,Bath Rugby,20aa34f7-3d7a-4cf4-be95-70ca236af7a0,1000,stay,,,
ef455f5f-f067-4d29-ab67-f6e14b44a1e7,Leicester Tigers,1250,Harry Simmons,ACTIVE,7173,25966,outside-back,9233192a-bfed-489b-b224-5c9e02f587de,Leicester Tigers,ef455f5f-f067-4d29-ab67-f6e14b44a1e7,1250,stay,,,
20aa34f7-3d7a-4cf4-be95-70ca236af7a0,Bath Rugby,1000,Chris Harris,ACTIVE,6931,20899,centre,9233192a-bfed-489b-b224-5c9e02f587de,Newcastle Red Bull,17751c9c-264e-464e-adc8-1468fd75dbef,1350,move,https://en.wikipedia.org/wiki/List_of_2026%E2%80%9327_Premiership_Rugby_transfers ; https://all.rugby/transfers/premiership,Medium,
6fd77b22-06bc-49f7-8837-b213e335ec7a,Cardiff Rugby,2200,Evan Lloyd,ACTIVE,7627,38687,hooker,b314ec41-b6b0-4274-a98f-4a675628d202,Cardiff Rugby,6fd77b22-06bc-49f7-8837-b213e335ec7a,2200,stay,,,
aebd3bc4-7445-44b7-beae-ded6ad3609bd,Zebre Parma,10650,Tommaso Di Bartolomeo,ACTIVE,7591,38617,hooker,b314ec41-b6b0-4274-a98f-4a675628d202,Zebre Parma,aebd3bc4-7445-44b7-beae-ded6ad3609bd,10650,stay,,,
6fd77b22-06bc-49f7-8837-b213e335ec7a,Cardiff Rugby,2200,Taulupe Faletau,ACTIVE,6797,11029,loose-forward,b314ec41-b6b0-4274-a98f-4a675628d202,Cardiff Rugby,6fd77b22-06bc-49f7-8837-b213e335ec7a,2200,stay,,,
bdb20011-d913-4688-b8fa-38a2a96c22b2,Dragons RFC,3100,Steven Cummins,ACTIVE,6881,19819,lock,b314ec41-b6b0-4274-a98f-4a675628d202,Dragons RFC,bdb20011-d913-4688-b8fa-38a2a96c22b2,3100,stay,,,
3bb58f66-38c1-4f9c-adff-0ac33a01533b,Saracens,1500,Juan Martin Gonzalez,ACTIVE,7445,34534,loose-forward,9233192a-bfed-489b-b224-5c9e02f587de,Saracens,3bb58f66-38c1-4f9c-adff-0ac33a01533b,1500,stay,,,
e33c7a17-a675-46a9-b68c-be767cc211db,Northampton Saints,1400,Emmanuel Iyogun,ACTIVE,7473,35523,prop,9233192a-bfed-489b-b224-5c9e02f587de,Northampton Saints,e33c7a17-a675-46a9-b68c-be767cc211db,1400,stay,,,
9e46b555-7bd7-4113-9005-641caab27c3c,Ulster Rugby,2450,Dave Shanahan,ACTIVE,6913,20570,scrum-half,b314ec41-b6b0-4274-a98f-4a675628d202,,,,departed,https://en.wikipedia.org/wiki/List_of_2026%E2%80%9327_United_Rugby_Championship_transfers,Medium,Released — destination TBC
ef455f5f-f067-4d29-ab67-f6e14b44a1e7,Leicester Tigers,1250,Sam Williams,ACTIVE,8348,68065,loose-forward,9233192a-bfed-489b-b224-5c9e02f587de,Leicester Tigers,ef455f5f-f067-4d29-ab67-f6e14b44a1e7,1250,stay,,,
20aa34f7-3d7a-4cf4-be95-70ca236af7a0,Bath Rugby,1000,Bernard van der Linde,ACTIVE,7568,38178,scrum-half,9233192a-bfed-489b-b224-5c9e02f587de,Bath Rugby,20aa34f7-3d7a-4cf4-be95-70ca236af7a0,1000,stay,,,
d9f721ee-9da6-4aa0-8e98-22cf91afd251,Bristol Bears,1050,AJ MacGinty,ACTIVE,7058,23509,fly-half,9233192a-bfed-489b-b224-5c9e02f587de,Bristol Bears,d9f721ee-9da6-4aa0-8e98-22cf91afd251,1050,stay,,,
20aa34f7-3d7a-4cf4-be95-70ca236af7a0,Bath Rugby,1000,Kepu Tuipulotu,ACTIVE,7928,59127,hooker,9233192a-bfed-489b-b224-5c9e02f587de,Bath Rugby,20aa34f7-3d7a-4cf4-be95-70ca236af7a0,1000,stay,,,
ca7c6d0f-7bef-4fad-8ac2-d202471fa122,Exeter Chiefs,84,Kwenzo Blose,ACTIVE,7138,25001,prop,9233192a-bfed-489b-b224-5c9e02f587de,,,,departed,https://en.wikipedia.org/wiki/List_of_2026%E2%80%9327_Premiership_Rugby_transfers ; https://all.rugby/transfers/premiership,Medium,Released — destination TBC
804c604a-08f9-4d6c-b74d-2936f9b370dc,Gloucester Rugby,1100,Charlie Atkinson,ACTIVE,7537,37219,fly-half,9233192a-bfed-489b-b224-5c9e02f587de,Gloucester Rugby,804c604a-08f9-4d6c-b74d-2936f9b370dc,1100,stay,,,
ef455f5f-f067-4d29-ab67-f6e14b44a1e7,Leicester Tigers,1250,Ollie Chessum,ACTIVE,7497,36455,lock,9233192a-bfed-489b-b224-5c9e02f587de,Leicester Tigers,ef455f5f-f067-4d29-ab67-f6e14b44a1e7,1250,stay,,,
ef455f5f-f067-4d29-ab67-f6e14b44a1e7,Leicester Tigers,1250,Lewis Chessum,ACTIVE,7663,39669,lock,9233192a-bfed-489b-b224-5c9e02f587de,Leicester Tigers,ef455f5f-f067-4d29-ab67-f6e14b44a1e7,1250,stay,,,
473a715d-80f5-4707-a8e2-52902fadc9bc,Sale Sharks,1450,Aaron Pope,ACTIVE,7878,57601,centre,9233192a-bfed-489b-b224-5c9e02f587de,Sale Sharks,473a715d-80f5-4707-a8e2-52902fadc9bc,1450,stay,,,
473a715d-80f5-4707-a8e2-52902fadc9bc,Sale Sharks,1450,Tom Curtis,ACTIVE,7346,31239,fly-half,9233192a-bfed-489b-b224-5c9e02f587de,,,,departed,https://en.wikipedia.org/wiki/List_of_2026%E2%80%9327_Premiership_Rugby_transfers ; https://all.rugby/transfers/premiership,Medium,Released — destination TBC
bdb20011-d913-4688-b8fa-38a2a96c22b2,Dragons RFC,3100,Jamie Hughes,ACTIVE,8104,69923,prop,b314ec41-b6b0-4274-a98f-4a675628d202,Dragons RFC,bdb20011-d913-4688-b8fa-38a2a96c22b2,3100,stay,,,
d9f721ee-9da6-4aa0-8e98-22cf91afd251,Bristol Bears,1050,Joe Jenkins,ACTIVE,7909,58452,centre,9233192a-bfed-489b-b224-5c9e02f587de,Leicester Tigers,ef455f5f-f067-4d29-ab67-f6e14b44a1e7,1250,move,https://en.wikipedia.org/wiki/List_of_2026%E2%80%9327_Premiership_Rugby_transfers ; https://all.rugby/transfers/premiership,Medium,
ef455f5f-f067-4d29-ab67-f6e14b44a1e7,Leicester Tigers,1250,Monty Loggenberg,ACTIVE,8101,69573,loose-forward,9233192a-bfed-489b-b224-5c9e02f587de,,,,departed,https://en.wikipedia.org/wiki/List_of_2026%E2%80%9327_Premiership_Rugby_transfers ; https://all.rugby/transfers/premiership,Medium,To Beziers
6959008c-ebd2-49ed-b1db-29a124e3e922,Harlequins,1150,Jordan Els,ACTIVE,7161,25468,prop,9233192a-bfed-489b-b224-5c9e02f587de,Northampton Saints,e33c7a17-a675-46a9-b68c-be767cc211db,1400,move,https://en.wikipedia.org/wiki/List_of_2026%E2%80%9327_Premiership_Rugby_transfers ; https://all.rugby/transfers/premiership,Medium,
804c604a-08f9-4d6c-b74d-2936f9b370dc,Gloucester Rugby,1100,Seb Atkinson,ACTIVE,7618,38670,centre,9233192a-bfed-489b-b224-5c9e02f587de,Gloucester Rugby,804c604a-08f9-4d6c-b74d-2936f9b370dc,1100,stay,,,
804c604a-08f9-4d6c-b74d-2936f9b370dc,Gloucester Rugby,1100,Ben Redshaw,ACTIVE,7837,57060,outside-back,9233192a-bfed-489b-b224-5c9e02f587de,Gloucester Rugby,804c604a-08f9-4d6c-b74d-2936f9b370dc,1100,stay,,,
20aa34f7-3d7a-4cf4-be95-70ca236af7a0,Bath Rugby,1000,Charlie Ewels,ACTIVE,6943,21167,lock,9233192a-bfed-489b-b224-5c9e02f587de,Bath Rugby,20aa34f7-3d7a-4cf4-be95-70ca236af7a0,1000,stay,,,
ca7c6d0f-7bef-4fad-8ac2-d202471fa122,Exeter Chiefs,84,Louie Sinclair,ACTIVE,8002,61264,fly-half,9233192a-bfed-489b-b224-5c9e02f587de,Bristol Bears,d9f721ee-9da6-4aa0-8e98-22cf91afd251,1050,move,https://en.wikipedia.org/wiki/List_of_2026%E2%80%9327_Premiership_Rugby_transfers ; https://all.rugby/transfers/premiership,Medium,
ee3c51c4-b2f3-42ba-9434-37c4455d9276,DHL Stormers,99,Neethling Fouche,ACTIVE,7041,23271,prop,b314ec41-b6b0-4274-a98f-4a675628d202,DHL Stormers,ee3c51c4-b2f3-42ba-9434-37c4455d9276,99,stay,,,
473a715d-80f5-4707-a8e2-52902fadc9bc,Sale Sharks,1450,Charlie Wardle,ACTIVE,8004,61273,fly-half,9233192a-bfed-489b-b224-5c9e02f587de,Sale Sharks,473a715d-80f5-4707-a8e2-52902fadc9bc,1450,stay,,,
473a715d-80f5-4707-a8e2-52902fadc9bc,Sale Sharks,1450,Robert du Preez,ACTIVE,6920,20662,fly-half,9233192a-bfed-489b-b224-5c9e02f587de,,,,departed,https://en.wikipedia.org/wiki/List_of_2026%E2%80%9327_Premiership_Rugby_transfers ; https://all.rugby/transfers/premiership,Medium,To Bayonne
ca7c6d0f-7bef-4fad-8ac2-d202471fa122,Exeter Chiefs,84,Keita Ando,ACTIVE,7997,61257,prop,9233192a-bfed-489b-b224-5c9e02f587de,,,,departed,https://en.wikipedia.org/wiki/List_of_2026%E2%80%9327_Premiership_Rugby_transfers ; https://all.rugby/transfers/premiership,Medium,To Sagamihara
17751c9c-264e-464e-adc8-1468fd75dbef,Newcastle Red Bull,1350,Brett Connon,ACTIVE,7094,24440,fly-half,9233192a-bfed-489b-b224-5c9e02f587de,Newcastle Red Bull,17751c9c-264e-464e-adc8-1468fd75dbef,1350,stay,,,
20aa34f7-3d7a-4cf4-be95-70ca236af7a0,Bath Rugby,1000,Billy Sela,ACTIVE,7830,57048,prop,9233192a-bfed-489b-b224-5c9e02f587de,Bath Rugby,20aa34f7-3d7a-4cf4-be95-70ca236af7a0,1000,stay,,,
20aa34f7-3d7a-4cf4-be95-70ca236af7a0,Bath Rugby,1000,Dan Frost,ACTIVE,7113,24727,hooker,9233192a-bfed-489b-b224-5c9e02f587de,Bath Rugby,20aa34f7-3d7a-4cf4-be95-70ca236af7a0,1000,stay,,,
3d94bdf3-43ef-4dbb-951f-38d13d1b1e5f,Glasgow Warriors,1750,Euan Ferrie,ACTIVE,7589,38594,loose-forward,b314ec41-b6b0-4274-a98f-4a675628d202,Glasgow Warriors,3d94bdf3-43ef-4dbb-951f-38d13d1b1e5f,1750,stay,,,
ee3c51c4-b2f3-42ba-9434-37c4455d9276,DHL Stormers,99,Louw Nel,ACTIVE,7794,54283,loose-forward,b314ec41-b6b0-4274-a98f-4a675628d202,DHL Stormers,ee3c51c4-b2f3-42ba-9434-37c4455d9276,99,stay,,,
473a715d-80f5-4707-a8e2-52902fadc9bc,Sale Sharks,1450,Ralph McEachran,ACTIVE,7932,59133,prop,9233192a-bfed-489b-b224-5c9e02f587de,Sale Sharks,473a715d-80f5-4707-a8e2-52902fadc9bc,1450,stay,,,
ef455f5f-f067-4d29-ab67-f6e14b44a1e7,Leicester Tigers,1250,Harry Palmer,ACTIVE,8102,69574,lock,9233192a-bfed-489b-b224-5c9e02f587de,Leicester Tigers,ef455f5f-f067-4d29-ab67-f6e14b44a1e7,1250,stay,,,
473a715d-80f5-4707-a8e2-52902fadc9bc,Sale Sharks,1450,Tom Burrow,ACTIVE,7832,57050,lock,9233192a-bfed-489b-b224-5c9e02f587de,Sale Sharks,473a715d-80f5-4707-a8e2-52902fadc9bc,1450,stay,,,
3bb58f66-38c1-4f9c-adff-0ac33a01533b,Saracens,1500,Brandon Jackson,ACTIVE,7712,40410,outside-back,9233192a-bfed-489b-b224-5c9e02f587de,Newcastle Red Bull,17751c9c-264e-464e-adc8-1468fd75dbef,1350,move,https://en.wikipedia.org/wiki/List_of_2026%E2%80%9327_Premiership_Rugby_transfers ; https://all.rugby/transfers/premiership,Medium,
6959008c-ebd2-49ed-b1db-29a124e3e922,Harlequins,1150,Will Porter,ACTIVE,7209,27103,scrum-half,9233192a-bfed-489b-b224-5c9e02f587de,Harlequins,6959008c-ebd2-49ed-b1db-29a124e3e922,1150,stay,,,
6959008c-ebd2-49ed-b1db-29a124e3e922,Harlequins,1150,Elliot Williams,ACTIVE,8347,62679,lock,9233192a-bfed-489b-b224-5c9e02f587de,Harlequins,6959008c-ebd2-49ed-b1db-29a124e3e922,1150,stay,,,
ef455f5f-f067-4d29-ab67-f6e14b44a1e7,Leicester Tigers,1250,Charlie Clare,ACTIVE,6973,21660,hooker,9233192a-bfed-489b-b224-5c9e02f587de,Leicester Tigers,ef455f5f-f067-4d29-ab67-f6e14b44a1e7,1250,stay,,,
804c604a-08f9-4d6c-b74d-2936f9b370dc,Gloucester Rugby,1100,George Alexander,ACTIVE,8063,65218,prop,9233192a-bfed-489b-b224-5c9e02f587de,Gloucester Rugby,804c604a-08f9-4d6c-b74d-2936f9b370dc,1100,stay,,,
17751c9c-264e-464e-adc8-1468fd75dbef,Newcastle Red Bull,1350,Tom Gordon,ACTIVE,7220,27299,loose-forward,9233192a-bfed-489b-b224-5c9e02f587de,,,,departed,https://en.wikipedia.org/wiki/List_of_2026%E2%80%9327_Premiership_Rugby_transfers ; https://all.rugby/transfers/premiership,Medium,Released — destination TBC
6959008c-ebd2-49ed-b1db-29a124e3e922,Harlequins,1150,Connor Slevin,ACTIVE,7699,39861,fly-half,9233192a-bfed-489b-b224-5c9e02f587de,Harlequins,6959008c-ebd2-49ed-b1db-29a124e3e922,1150,stay,,,
804c604a-08f9-4d6c-b74d-2936f9b370dc,Gloucester Rugby,1100,Mike Austin,ACTIVE,8127,60598,scrum-half,9233192a-bfed-489b-b224-5c9e02f587de,Gloucester Rugby,804c604a-08f9-4d6c-b74d-2936f9b370dc,1100,stay,,,
804c604a-08f9-4d6c-b74d-2936f9b370dc,Gloucester Rugby,1100,Freddie Thomas,ACTIVE,7554,37819,lock,9233192a-bfed-489b-b224-5c9e02f587de,Gloucester Rugby,804c604a-08f9-4d6c-b74d-2936f9b370dc,1100,stay,,,
17751c9c-264e-464e-adc8-1468fd75dbef,Newcastle Red Bull,1350,Mike Rewcastle,ACTIVE,7885,57615,prop,9233192a-bfed-489b-b224-5c9e02f587de,Newcastle Red Bull,17751c9c-264e-464e-adc8-1468fd75dbef,1350,stay,,,
d9f721ee-9da6-4aa0-8e98-22cf91afd251,Bristol Bears,1050,Ellis Genge,ACTIVE,7031,22778,prop,9233192a-bfed-489b-b224-5c9e02f587de,Bristol Bears,d9f721ee-9da6-4aa0-8e98-22cf91afd251,1050,stay,,,
20aa34f7-3d7a-4cf4-be95-70ca236af7a0,Bath Rugby,1000,Will Muir,ACTIVE,7253,28704,outside-back,9233192a-bfed-489b-b224-5c9e02f587de,Bath Rugby,20aa34f7-3d7a-4cf4-be95-70ca236af7a0,1000,stay,,,
6e09f000-1b71-426f-b349-2c528cba8584,Vodacom Bulls,97,Elrigh Louw,ACTIVE,7453,34559,loose-forward,b314ec41-b6b0-4274-a98f-4a675628d202,Vodacom Bulls,6e09f000-1b71-426f-b349-2c528cba8584,97,stay,,,
8b15860f-dd5c-45c0-be1d-985e82f5e295,Munster Rugby,2150,Jeremy Loughman,ACTIVE,7036,22807,prop,b314ec41-b6b0-4274-a98f-4a675628d202,Munster Rugby,8b15860f-dd5c-45c0-be1d-985e82f5e295,2150,stay,,,
41d2c944-4a5a-4de0-8eb4-e5b57835cff7,Connacht Rugby,3400,Daniel Hawkshaw,ACTIVE,7752,43926,centre,b314ec41-b6b0-4274-a98f-4a675628d202,Connacht Rugby,41d2c944-4a5a-4de0-8eb4-e5b57835cff7,3400,stay,,,
bdb20011-d913-4688-b8fa-38a2a96c22b2,Dragons RFC,3100,Rhodri Williams,ACTIVE,6863,19398,scrum-half,b314ec41-b6b0-4274-a98f-4a675628d202,Dragons RFC,bdb20011-d913-4688-b8fa-38a2a96c22b2,3100,stay,,,
ca7c6d0f-7bef-4fad-8ac2-d202471fa122,Exeter Chiefs,84,Richard Capstick,ACTIVE,7342,31230,loose-forward,9233192a-bfed-489b-b224-5c9e02f587de,Exeter Chiefs,ca7c6d0f-7bef-4fad-8ac2-d202471fa122,84,stay,,,
6959008c-ebd2-49ed-b1db-29a124e3e922,Harlequins,1150,Oscar Beard,ACTIVE,7584,38578,centre,9233192a-bfed-489b-b224-5c9e02f587de,Harlequins,6959008c-ebd2-49ed-b1db-29a124e3e922,1150,stay,,,
e33c7a17-a675-46a9-b68c-be767cc211db,Northampton Saints,1400,Fyn Brown,ACTIVE,7714,40460,loose-forward,9233192a-bfed-489b-b224-5c9e02f587de,Northampton Saints,e33c7a17-a675-46a9-b68c-be767cc211db,1400,stay,,,
e33c7a17-a675-46a9-b68c-be767cc211db,Northampton Saints,1400,Marco Manfredi,ACTIVE,8349,24558,hooker,9233192a-bfed-489b-b224-5c9e02f587de,,,,departed,https://en.wikipedia.org/wiki/List_of_2026%E2%80%9327_Premiership_Rugby_transfers ; https://all.rugby/transfers/premiership,Medium,Duplicate resolved: 25-26 Northampton; departed to Valorugby Emilia (ITA). Dropped old Benetton row.
3d94bdf3-43ef-4dbb-951f-38d13d1b1e5f,Glasgow Warriors,1750,Johnny Ventisei,ACTIVE,8362,62101,centre,b314ec41-b6b0-4274-a98f-4a675628d202,Glasgow Warriors,3d94bdf3-43ef-4dbb-951f-38d13d1b1e5f,1750,stay,,,
3d94bdf3-43ef-4dbb-951f-38d13d1b1e5f,Glasgow Warriors,1750,Dylan Cockburn,ACTIVE,8363,63908,lock,b314ec41-b6b0-4274-a98f-4a675628d202,Glasgow Warriors,3d94bdf3-43ef-4dbb-951f-38d13d1b1e5f,1750,stay,,,
6e09f000-1b71-426f-b349-2c528cba8584,Vodacom Bulls,97,David Kriel,ACTIVE,7452,34557,centre,b314ec41-b6b0-4274-a98f-4a675628d202,,,,departed,https://en.wikipedia.org/wiki/List_of_2026%E2%80%9327_United_Rugby_Championship_transfers,Medium,To La Rochelle
6e09f000-1b71-426f-b349-2c528cba8584,Vodacom Bulls,97,Devon Williams,ACTIVE,6974,21687,outside-back,b314ec41-b6b0-4274-a98f-4a675628d202,Vodacom Bulls,6e09f000-1b71-426f-b349-2c528cba8584,97,stay,,,
e33c7a17-a675-46a9-b68c-be767cc211db,Northampton Saints,1400,Henry Lumley,ACTIVE,8111,901215,centre,9233192a-bfed-489b-b224-5c9e02f587de,Northampton Saints,e33c7a17-a675-46a9-b68c-be767cc211db,1400,stay,,,
3bb58f66-38c1-4f9c-adff-0ac33a01533b,Saracens,1500,Max Malins,ACTIVE,8191,22083,outside-back,9233192a-bfed-489b-b224-5c9e02f587de,Saracens,3bb58f66-38c1-4f9c-adff-0ac33a01533b,1500,stay,,,
5fdcc251-1a9e-40cf-9767-a5271ff4dbc0,Edinburgh Rugby,1950,Jack Brown,ACTIVE,8045,62429,outside-back,b314ec41-b6b0-4274-a98f-4a675628d202,Edinburgh Rugby,5fdcc251-1a9e-40cf-9767-a5271ff4dbc0,1950,stay,,,
3bb58f66-38c1-4f9c-adff-0ac33a01533b,Saracens,1500,Alex Lozowski,ACTIVE,6975,21695,centre,9233192a-bfed-489b-b224-5c9e02f587de,Sale Sharks,473a715d-80f5-4707-a8e2-52902fadc9bc,1450,move,https://en.wikipedia.org/wiki/List_of_2026%E2%80%9327_Premiership_Rugby_transfers ; https://all.rugby/transfers/premiership,Medium,
17751c9c-264e-464e-adc8-1468fd75dbef,Newcastle Red Bull,1350,Jacob Oliver,ACTIVE,7829,57047,hooker,9233192a-bfed-489b-b224-5c9e02f587de,Newcastle Red Bull,17751c9c-264e-464e-adc8-1468fd75dbef,1350,stay,,,
bdb20011-d913-4688-b8fa-38a2a96c22b2,Dragons RFC,3100,Aaron Wainwright,ACTIVE,7268,29440,loose-forward,b314ec41-b6b0-4274-a98f-4a675628d202,Leicester Tigers,ef455f5f-f067-4d29-ab67-f6e14b44a1e7,1250,move,https://en.wikipedia.org/wiki/List_of_2026%E2%80%9327_United_Rugby_Championship_transfers,Medium,
3bb58f66-38c1-4f9c-adff-0ac33a01533b,Saracens,1500,Nathan Michelow,ACTIVE,7880,57606,loose-forward,9233192a-bfed-489b-b224-5c9e02f587de,Saracens,3bb58f66-38c1-4f9c-adff-0ac33a01533b,1500,stay,,,
3bb58f66-38c1-4f9c-adff-0ac33a01533b,Saracens,1500,Tom Parton,ACTIVE,7066,23667,outside-back,9233192a-bfed-489b-b224-5c9e02f587de,Saracens,3bb58f66-38c1-4f9c-adff-0ac33a01533b,1500,stay,,,
3bb58f66-38c1-4f9c-adff-0ac33a01533b,Saracens,1500,Luke Davidson,ACTIVE,8276,901679,fly-half,9233192a-bfed-489b-b224-5c9e02f587de,Saracens,3bb58f66-38c1-4f9c-adff-0ac33a01533b,1500,stay,,,
17751c9c-264e-464e-adc8-1468fd75dbef,Newcastle Red Bull,1350,Charlie Turnbull,ACTIVE,8084,68054,loose-forward,9233192a-bfed-489b-b224-5c9e02f587de,Newcastle Red Bull,17751c9c-264e-464e-adc8-1468fd75dbef,1350,stay,,,
6fd77b22-06bc-49f7-8837-b213e335ec7a,Cardiff Rugby,2200,Tom Bowen,ACTIVE,7938,59286,outside-back,b314ec41-b6b0-4274-a98f-4a675628d202,Cardiff Rugby,6fd77b22-06bc-49f7-8837-b213e335ec7a,2200,stay,,,
5fdcc251-1a9e-40cf-9767-a5271ff4dbc0,Edinburgh Rugby,1950,Rob Carmichael,ACTIVE,7873,57547,lock,b314ec41-b6b0-4274-a98f-4a675628d202,Edinburgh Rugby,5fdcc251-1a9e-40cf-9767-a5271ff4dbc0,1950,stay,,,
9e46b555-7bd7-4113-9005-641caab27c3c,Ulster Rugby,2450,Tom McAllister,ACTIVE,8361,59526,prop,b314ec41-b6b0-4274-a98f-4a675628d202,Ulster Rugby,9e46b555-7bd7-4113-9005-641caab27c3c,2450,stay,,,
ca7c6d0f-7bef-4fad-8ac2-d202471fa122,Exeter Chiefs,84,Jack Forsythe,ACTIVE,7677,39802,loose-forward,9233192a-bfed-489b-b224-5c9e02f587de,,,,departed,https://en.wikipedia.org/wiki/List_of_2026%E2%80%9327_Premiership_Rugby_transfers ; https://all.rugby/transfers/premiership,Medium,To Cornish Pirates
ca7c6d0f-7bef-4fad-8ac2-d202471fa122,Exeter Chiefs,84,Iwan Jenkins,ACTIVE,7676,39793,fly-half,9233192a-bfed-489b-b224-5c9e02f587de,,,,departed,https://en.wikipedia.org/wiki/List_of_2026%E2%80%9327_Premiership_Rugby_transfers ; https://all.rugby/transfers/premiership,Medium,Released — destination TBC
3bb58f66-38c1-4f9c-adff-0ac33a01533b,Saracens,1500,Harry Wilson,ACTIVE,8269,27114,lock,9233192a-bfed-489b-b224-5c9e02f587de,Exeter Chiefs,ca7c6d0f-7bef-4fad-8ac2-d202471fa122,84,move,https://en.wikipedia.org/wiki/List_of_2026%E2%80%9327_Premiership_Rugby_transfers ; https://all.rugby/transfers/premiership,Medium,
3bb58f66-38c1-4f9c-adff-0ac33a01533b,Saracens,1500,Vilikesa Naira,ACTIVE,8272,56367,prop,9233192a-bfed-489b-b224-5c9e02f587de,Saracens,3bb58f66-38c1-4f9c-adff-0ac33a01533b,1500,stay,,,
3bb58f66-38c1-4f9c-adff-0ac33a01533b,Saracens,1500,Phil Brantingham,ACTIVE,7613,38663,prop,9233192a-bfed-489b-b224-5c9e02f587de,Saracens,3bb58f66-38c1-4f9c-adff-0ac33a01533b,1500,stay,,,
ef455f5f-f067-4d29-ab67-f6e14b44a1e7,Leicester Tigers,1250,Charlie Titcombe,ACTIVE,7728,43586,fly-half,9233192a-bfed-489b-b224-5c9e02f587de,Leicester Tigers,ef455f5f-f067-4d29-ab67-f6e14b44a1e7,1250,stay,,,
bdb20011-d913-4688-b8fa-38a2a96c22b2,Dragons RFC,3100,Aki Seiuli,ACTIVE,6889,20067,prop,b314ec41-b6b0-4274-a98f-4a675628d202,Dragons RFC,bdb20011-d913-4688-b8fa-38a2a96c22b2,3100,stay,,,
6e09f000-1b71-426f-b349-2c528cba8584,Vodacom Bulls,97,Cobus Wiese,ACTIVE,7144,25018,lock,b314ec41-b6b0-4274-a98f-4a675628d202,Vodacom Bulls,6e09f000-1b71-426f-b349-2c528cba8584,97,stay,,,
9e46b555-7bd7-4113-9005-641caab27c3c,Ulster Rugby,2450,Bradley McNamara,ACTIVE,8335,69310,outside-back,b314ec41-b6b0-4274-a98f-4a675628d202,Ulster Rugby,9e46b555-7bd7-4113-9005-641caab27c3c,2450,stay,,,
5fdcc251-1a9e-40cf-9767-a5271ff4dbc0,Edinburgh Rugby,1950,Jerry Blyth-Lafferty,ACTIVE,8329,58546,hooker,b314ec41-b6b0-4274-a98f-4a675628d202,Edinburgh Rugby,5fdcc251-1a9e-40cf-9767-a5271ff4dbc0,1950,stay,,,
d9f721ee-9da6-4aa0-8e98-22cf91afd251,Bristol Bears,1050,James Williams,ACTIVE,7267,29354,centre,9233192a-bfed-489b-b224-5c9e02f587de,Bristol Bears,d9f721ee-9da6-4aa0-8e98-22cf91afd251,1050,stay,,,
ca7c6d0f-7bef-4fad-8ac2-d202471fa122,Exeter Chiefs,84,Jack Yeandle,ACTIVE,6894,20270,hooker,9233192a-bfed-489b-b224-5c9e02f587de,Exeter Chiefs,ca7c6d0f-7bef-4fad-8ac2-d202471fa122,84,stay,,,
e33c7a17-a675-46a9-b68c-be767cc211db,Northampton Saints,1400,Ollie Scola,ACTIVE,8350,64470,prop,9233192a-bfed-489b-b224-5c9e02f587de,Northampton Saints,e33c7a17-a675-46a9-b68c-be767cc211db,1400,stay,,,
6fd77b22-06bc-49f7-8837-b213e335ec7a,Cardiff Rugby,2200,Teddy Williams,ACTIVE,7414,33845,lock,b314ec41-b6b0-4274-a98f-4a675628d202,Cardiff Rugby,6fd77b22-06bc-49f7-8837-b213e335ec7a,2200,stay,,,
b05b5971-dd90-44ae-999d-7bde3b2ebf96,Ospreys,3250,Connor Moyse,ACTIVE,8072,67972,outside-back,b314ec41-b6b0-4274-a98f-4a675628d202,,,,departed,https://en.wikipedia.org/wiki/List_of_2026%E2%80%9327_United_Rugby_Championship_transfers,Medium,To London Scottish
804c604a-08f9-4d6c-b74d-2936f9b370dc,Gloucester Rugby,1100,Will Joseph,ACTIVE,7552,37816,centre,9233192a-bfed-489b-b224-5c9e02f587de,Gloucester Rugby,804c604a-08f9-4d6c-b74d-2936f9b370dc,1100,stay,,,
41d2c944-4a5a-4de0-8eb4-e5b57835cff7,Connacht Rugby,3400,John Porch,ACTIVE,7077,23803,outside-back,b314ec41-b6b0-4274-a98f-4a675628d202,Connacht Rugby,41d2c944-4a5a-4de0-8eb4-e5b57835cff7,3400,stay,,,
6959008c-ebd2-49ed-b1db-29a124e3e922,Harlequins,1150,Jake Murray,ACTIVE,7801,55888,scrum-half,9233192a-bfed-489b-b224-5c9e02f587de,Exeter Chiefs,ca7c6d0f-7bef-4fad-8ac2-d202471fa122,84,move,https://en.wikipedia.org/wiki/List_of_2026%E2%80%9327_Premiership_Rugby_transfers ; https://all.rugby/transfers/premiership,Medium,
e33c7a17-a675-46a9-b68c-be767cc211db,Northampton Saints,1400,Luke Green,ACTIVE,7502,36470,prop,9233192a-bfed-489b-b224-5c9e02f587de,Northampton Saints,e33c7a17-a675-46a9-b68c-be767cc211db,1400,stay,,,
804c604a-08f9-4d6c-b74d-2936f9b370dc,Gloucester Rugby,1100,Dian Bleuler,ACTIVE,8311,34549,prop,9233192a-bfed-489b-b224-5c9e02f587de,Gloucester Rugby,804c604a-08f9-4d6c-b74d-2936f9b370dc,1100,stay,,High,Duplicate resolved: joined Gloucester from Sharks Oct 2025; on 26-27 squad. Dropped old Sharks row.
20aa34f7-3d7a-4cf4-be95-70ca236af7a0,Bath Rugby,1000,Alfie Barbeary,ACTIVE,7382,33221,loose-forward,9233192a-bfed-489b-b224-5c9e02f587de,Saracens,3bb58f66-38c1-4f9c-adff-0ac33a01533b,1500,move,https://en.wikipedia.org/wiki/List_of_2026%E2%80%9327_Premiership_Rugby_transfers ; https://all.rugby/transfers/premiership,Medium,
3bb58f66-38c1-4f9c-adff-0ac33a01533b,Saracens,1500,Alec Clarey,ACTIVE,7232,27524,prop,9233192a-bfed-489b-b224-5c9e02f587de,Saracens,3bb58f66-38c1-4f9c-adff-0ac33a01533b,1500,stay,,,
3bb58f66-38c1-4f9c-adff-0ac33a01533b,Saracens,1500,Jack Bracken,ACTIVE,7948,59425,centre,9233192a-bfed-489b-b224-5c9e02f587de,Saracens,3bb58f66-38c1-4f9c-adff-0ac33a01533b,1500,stay,,,
473a715d-80f5-4707-a8e2-52902fadc9bc,Sale Sharks,1450,Regan Grace,ACTIVE,8314,56571,outside-back,9233192a-bfed-489b-b224-5c9e02f587de,Sale Sharks,473a715d-80f5-4707-a8e2-52902fadc9bc,1450,stay,,,
41d2c944-4a5a-4de0-8eb4-e5b57835cff7,Connacht Rugby,3400,Daniel Ryan,ACTIVE,8323,65071,outside-back,b314ec41-b6b0-4274-a98f-4a675628d202,Connacht Rugby,41d2c944-4a5a-4de0-8eb4-e5b57835cff7,3400,stay,,,
ee3c51c4-b2f3-42ba-9434-37c4455d9276,DHL Stormers,99,Suleiman Hartzenberg,ACTIVE,7805,56183,centre,b314ec41-b6b0-4274-a98f-4a675628d202,DHL Stormers,ee3c51c4-b2f3-42ba-9434-37c4455d9276,99,stay,,,
e2ae68bd-54f2-4e38-89fc-53dcce5add02,Hollywoodbets Sharks,98,Dian Heunis,ACTIVE,7785,44325,prop,b314ec41-b6b0-4274-a98f-4a675628d202,Hollywoodbets Sharks,e2ae68bd-54f2-4e38-89fc-53dcce5add02,98,stay,,,
e2ae68bd-54f2-4e38-89fc-53dcce5add02,Hollywoodbets Sharks,98,Tiaan Fourie,ACTIVE,7634,38745,scrum-half,b314ec41-b6b0-4274-a98f-4a675628d202,Hollywoodbets Sharks,e2ae68bd-54f2-4e38-89fc-53dcce5add02,98,stay,,,
e33c7a17-a675-46a9-b68c-be767cc211db,Northampton Saints,1400,Rory Hutchinson,ACTIVE,6987,21757,centre,9233192a-bfed-489b-b224-5c9e02f587de,Northampton Saints,e33c7a17-a675-46a9-b68c-be767cc211db,1400,stay,,,
6959008c-ebd2-49ed-b1db-29a124e3e922,Harlequins,1150,Boris Wenger,ACTIVE,8188,56223,prop,9233192a-bfed-489b-b224-5c9e02f587de,Harlequins,6959008c-ebd2-49ed-b1db-29a124e3e922,1150,stay,,,
e33c7a17-a675-46a9-b68c-be767cc211db,Northampton Saints,1400,Charlie Ulcoq,ACTIVE,8369,925417,loose-forward,9233192a-bfed-489b-b224-5c9e02f587de,Northampton Saints,e33c7a17-a675-46a9-b68c-be767cc211db,1400,stay,,,
20aa34f7-3d7a-4cf4-be95-70ca236af7a0,Bath Rugby,1000,Sam Harris,ACTIVE,7818,56278,centre,9233192a-bfed-489b-b224-5c9e02f587de,Exeter Chiefs,ca7c6d0f-7bef-4fad-8ac2-d202471fa122,84,move,https://en.wikipedia.org/wiki/List_of_2026%E2%80%9327_Premiership_Rugby_transfers ; https://all.rugby/transfers/premiership,Medium,
ca7c6d0f-7bef-4fad-8ac2-d202471fa122,Exeter Chiefs,84,Ethan Burger,ACTIVE,7797,54589,prop,9233192a-bfed-489b-b224-5c9e02f587de,Exeter Chiefs,ca7c6d0f-7bef-4fad-8ac2-d202471fa122,84,stay,,,
ca7c6d0f-7bef-4fad-8ac2-d202471fa122,Exeter Chiefs,84,Joe Bailey,ACTIVE,7862,57383,lock,9233192a-bfed-489b-b224-5c9e02f587de,Exeter Chiefs,ca7c6d0f-7bef-4fad-8ac2-d202471fa122,84,stay,,,
3bb58f66-38c1-4f9c-adff-0ac33a01533b,Saracens,1500,Elliot Daly,ACTIVE,6821,18510,outside-back,9233192a-bfed-489b-b224-5c9e02f587de,Saracens,3bb58f66-38c1-4f9c-adff-0ac33a01533b,1500,stay,,,
3bb58f66-38c1-4f9c-adff-0ac33a01533b,Saracens,1500,Tim Swiel,ACTIVE,6942,21152,fly-half,9233192a-bfed-489b-b224-5c9e02f587de,Saracens,3bb58f66-38c1-4f9c-adff-0ac33a01533b,1500,stay,,,
b05b5971-dd90-44ae-999d-7bde3b2ebf96,Ospreys,3250,Evardi Boshoff,ACTIVE,7632,38720,centre,b314ec41-b6b0-4274-a98f-4a675628d202,Ospreys,b05b5971-dd90-44ae-999d-7bde3b2ebf96,3250,stay,,,
ee3c51c4-b2f3-42ba-9434-37c4455d9276,DHL Stormers,99,Markus Muller,ACTIVE,8378,65142,centre,b314ec41-b6b0-4274-a98f-4a675628d202,DHL Stormers,ee3c51c4-b2f3-42ba-9434-37c4455d9276,99,stay,,,
aebd3bc4-7445-44b7-beae-ded6ad3609bd,Zebre Parma,10650,Mirko Belloni,ACTIVE,8123,59818,outside-back,b314ec41-b6b0-4274-a98f-4a675628d202,Zebre Parma,aebd3bc4-7445-44b7-beae-ded6ad3609bd,10650,stay,,,
3bb58f66-38c1-4f9c-adff-0ac33a01533b,Saracens,1500,Olamide Sodeke,ACTIVE,7831,57049,lock,9233192a-bfed-489b-b224-5c9e02f587de,Saracens,3bb58f66-38c1-4f9c-adff-0ac33a01533b,1500,stay,,,
e33c7a17-a675-46a9-b68c-be767cc211db,Northampton Saints,1400,Henry Walker,ACTIVE,7210,27112,hooker,9233192a-bfed-489b-b224-5c9e02f587de,Northampton Saints,e33c7a17-a675-46a9-b68c-be767cc211db,1400,stay,,,
804c604a-08f9-4d6c-b74d-2936f9b370dc,Gloucester Rugby,1100,Max Llewellyn,ACTIVE,7279,29650,centre,9233192a-bfed-489b-b224-5c9e02f587de,Gloucester Rugby,804c604a-08f9-4d6c-b74d-2936f9b370dc,1100,stay,,,
473a715d-80f5-4707-a8e2-52902fadc9bc,Sale Sharks,1450,Le Roux Roets,ACTIVE,7091,24140,lock,9233192a-bfed-489b-b224-5c9e02f587de,Sale Sharks,473a715d-80f5-4707-a8e2-52902fadc9bc,1450,stay,,,
804c604a-08f9-4d6c-b74d-2936f9b370dc,Gloucester Rugby,1100,Nepo Laulala,ACTIVE,8128,19178,prop,9233192a-bfed-489b-b224-5c9e02f587de,,,,departed,https://en.wikipedia.org/wiki/List_of_2026%E2%80%9327_Premiership_Rugby_transfers ; https://all.rugby/transfers/premiership,Medium,Released — destination TBC
804c604a-08f9-4d6c-b74d-2936f9b370dc,Gloucester Rugby,1100,Lewis Ludlow,ACTIVE,6929,20889,loose-forward,9233192a-bfed-489b-b224-5c9e02f587de,Gloucester Rugby,804c604a-08f9-4d6c-b74d-2936f9b370dc,1100,stay,,,
804c604a-08f9-4d6c-b74d-2936f9b370dc,Gloucester Rugby,1100,Jack Singleton,ACTIVE,7105,24486,hooker,9233192a-bfed-489b-b224-5c9e02f587de,Gloucester Rugby,804c604a-08f9-4d6c-b74d-2936f9b370dc,1100,stay,,,
17751c9c-264e-464e-adc8-1468fd75dbef,Newcastle Red Bull,1350,Simon Benitez Cruz,ACTIVE,8263,58251,scrum-half,9233192a-bfed-489b-b224-5c9e02f587de,Newcastle Red Bull,17751c9c-264e-464e-adc8-1468fd75dbef,1350,stay,,,
ee3c51c4-b2f3-42ba-9434-37c4455d9276,DHL Stormers,99,Mfundo Ndhlovu,ACTIVE,8316,26873,outside-back,b314ec41-b6b0-4274-a98f-4a675628d202,DHL Stormers,ee3c51c4-b2f3-42ba-9434-37c4455d9276,99,stay,,,
b05b5971-dd90-44ae-999d-7bde3b2ebf96,Ospreys,3250,Liam Edwards,ACTIVE,7967,59813,lock,b314ec41-b6b0-4274-a98f-4a675628d202,Ospreys,b05b5971-dd90-44ae-999d-7bde3b2ebf96,3250,stay,,,
b05b5971-dd90-44ae-999d-7bde3b2ebf96,Ospreys,3250,Ryan Smith,ACTIVE,8169,34132,lock,b314ec41-b6b0-4274-a98f-4a675628d202,Ospreys,b05b5971-dd90-44ae-999d-7bde3b2ebf96,3250,stay,,,
6959008c-ebd2-49ed-b1db-29a124e3e922,Harlequins,1150,Chandler Cunningham-South,ACTIVE,7755,44072,loose-forward,9233192a-bfed-489b-b224-5c9e02f587de,Harlequins,6959008c-ebd2-49ed-b1db-29a124e3e922,1150,stay,,,
ee3c51c4-b2f3-42ba-9434-37c4455d9276,DHL Stormers,99,Ruhan Nel,ACTIVE,6938,20969,centre,b314ec41-b6b0-4274-a98f-4a675628d202,DHL Stormers,ee3c51c4-b2f3-42ba-9434-37c4455d9276,99,stay,,,
ca7c6d0f-7bef-4fad-8ac2-d202471fa122,Exeter Chiefs,84,Tom Cairns,ACTIVE,7548,37745,scrum-half,9233192a-bfed-489b-b224-5c9e02f587de,Exeter Chiefs,ca7c6d0f-7bef-4fad-8ac2-d202471fa122,84,stay,,,
6959008c-ebd2-49ed-b1db-29a124e3e922,Harlequins,1150,Tyrone Green,ACTIVE,7328,30951,outside-back,9233192a-bfed-489b-b224-5c9e02f587de,Harlequins,6959008c-ebd2-49ed-b1db-29a124e3e922,1150,stay,,,
804c604a-08f9-4d6c-b74d-2936f9b370dc,Gloucester Rugby,1100,Jack Reeves,ACTIVE,7339,31215,outside-back,9233192a-bfed-489b-b224-5c9e02f587de,Gloucester Rugby,804c604a-08f9-4d6c-b74d-2936f9b370dc,1100,stay,,,
e2ae68bd-54f2-4e38-89fc-53dcce5add02,Hollywoodbets Sharks,98,Mawande Mdanda,ACTIVE,7769,44196,prop,b314ec41-b6b0-4274-a98f-4a675628d202,Vodacom Bulls,6e09f000-1b71-426f-b349-2c528cba8584,97,move,https://en.wikipedia.org/wiki/List_of_2026%E2%80%9327_United_Rugby_Championship_transfers,Medium,
aebd3bc4-7445-44b7-beae-ded6ad3609bd,Zebre Parma,10650,Migael Prinsloo,ACTIVE,8282,924948,scrum-half,b314ec41-b6b0-4274-a98f-4a675628d202,Zebre Parma,aebd3bc4-7445-44b7-beae-ded6ad3609bd,10650,stay,,,
e2ae68bd-54f2-4e38-89fc-53dcce5add02,Hollywoodbets Sharks,98,Jeandre Labuschagne,ACTIVE,7631,38711,loose-forward,b314ec41-b6b0-4274-a98f-4a675628d202,Hollywoodbets Sharks,e2ae68bd-54f2-4e38-89fc-53dcce5add02,98,stay,,,
b05b5971-dd90-44ae-999d-7bde3b2ebf96,Ospreys,3250,Luke Davies,ACTIVE,7705,40075,scrum-half,b314ec41-b6b0-4274-a98f-4a675628d202,Ospreys,b05b5971-dd90-44ae-999d-7bde3b2ebf96,3250,stay,,,
41d2c944-4a5a-4de0-8eb4-e5b57835cff7,Connacht Rugby,3400,Finn Treacy,ACTIVE,8027,62058,centre,b314ec41-b6b0-4274-a98f-4a675628d202,Connacht Rugby,41d2c944-4a5a-4de0-8eb4-e5b57835cff7,3400,stay,,,
961763ec-e93a-42f8-a91e-f7fcb114c02c,Benetton Rugby,1850,Siua Maile,ACTIVE,7469,35331,hooker,b314ec41-b6b0-4274-a98f-4a675628d202,Benetton Rugby,961763ec-e93a-42f8-a91e-f7fcb114c02c,1850,stay,,,
aebd3bc4-7445-44b7-beae-ded6ad3609bd,Zebre Parma,10650,Malik Faissal,ACTIVE,8241,70173,outside-back,b314ec41-b6b0-4274-a98f-4a675628d202,Northampton Saints,e33c7a17-a675-46a9-b68c-be767cc211db,1400,move,https://en.wikipedia.org/wiki/List_of_2026%E2%80%9327_United_Rugby_Championship_transfers,High,
ee3c51c4-b2f3-42ba-9434-37c4455d9276,DHL Stormers,99,Hencus van Wyk,ACTIVE,8182,20591,prop,b314ec41-b6b0-4274-a98f-4a675628d202,DHL Stormers,ee3c51c4-b2f3-42ba-9434-37c4455d9276,99,stay,,,
3bb58f66-38c1-4f9c-adff-0ac33a01533b,Saracens,1500,Eroni Mawi,ACTIVE,7264,29306,prop,9233192a-bfed-489b-b224-5c9e02f587de,Saracens,3bb58f66-38c1-4f9c-adff-0ac33a01533b,1500,stay,,,
17751c9c-264e-464e-adc8-1468fd75dbef,Newcastle Red Bull,1350,Murray McCallum,ACTIVE,7028,22759,prop,9233192a-bfed-489b-b224-5c9e02f587de,Newcastle Red Bull,17751c9c-264e-464e-adc8-1468fd75dbef,1350,stay,,,
17751c9c-264e-464e-adc8-1468fd75dbef,Newcastle Red Bull,1350,Sam Stuart,ACTIVE,6866,19625,scrum-half,9233192a-bfed-489b-b224-5c9e02f587de,,,,departed,https://en.wikipedia.org/wiki/List_of_2026%E2%80%9327_Premiership_Rugby_transfers ; https://all.rugby/transfers/premiership,Medium,Released — destination TBC
17751c9c-264e-464e-adc8-1468fd75dbef,Newcastle Red Bull,1350,Marcus Tiffen,ACTIVE,7691,39847,loose-forward,9233192a-bfed-489b-b224-5c9e02f587de,Newcastle Red Bull,17751c9c-264e-464e-adc8-1468fd75dbef,1350,stay,,,
09c7ae37-447c-4020-9e2e-b5239ee2d58b,Scarlets,1700,Gabe McDonald,ACTIVE,8304,62076,centre,b314ec41-b6b0-4274-a98f-4a675628d202,Scarlets,09c7ae37-447c-4020-9e2e-b5239ee2d58b,1700,stay,,,
9e46b555-7bd7-4113-9005-641caab27c3c,Ulster Rugby,2450,Cormac Izuchukwu,ACTIVE,7459,34671,lock,b314ec41-b6b0-4274-a98f-4a675628d202,Ulster Rugby,9e46b555-7bd7-4113-9005-641caab27c3c,2450,stay,,,
aebd3bc4-7445-44b7-beae-ded6ad3609bd,Zebre Parma,10650,Juan Pitinari,ACTIVE,7789,44420,prop,b314ec41-b6b0-4274-a98f-4a675628d202,Zebre Parma,aebd3bc4-7445-44b7-beae-ded6ad3609bd,10650,stay,,,
af6ad454-5636-4711-be6d-1cb29078219a,Lions,63,Lubabalo Dobela,ACTIVE,7325,30942,fly-half,b314ec41-b6b0-4274-a98f-4a675628d202,,,,departed,https://en.wikipedia.org/wiki/List_of_2026%E2%80%9327_United_Rugby_Championship_transfers,Medium,To RC Narbonne
3bb58f66-38c1-4f9c-adff-0ac33a01533b,Saracens,1500,Louie Johnson,ACTIVE,7690,39846,fly-half,9233192a-bfed-489b-b224-5c9e02f587de,,,,departed,https://en.wikipedia.org/wiki/List_of_2026%E2%80%9327_Premiership_Rugby_transfers ; https://all.rugby/transfers/premiership,Medium,To Ealing Trailfinders
473a715d-80f5-4707-a8e2-52902fadc9bc,Sale Sharks,1450,Bevan Rodd,ACTIVE,7379,33133,prop,9233192a-bfed-489b-b224-5c9e02f587de,Sale Sharks,473a715d-80f5-4707-a8e2-52902fadc9bc,1450,stay,,,
ef455f5f-f067-4d29-ab67-f6e14b44a1e7,Leicester Tigers,1250,Gabriel Hamer-Webb,ACTIVE,7484,35624,outside-back,9233192a-bfed-489b-b224-5c9e02f587de,Leicester Tigers,ef455f5f-f067-4d29-ab67-f6e14b44a1e7,1250,stay,,,
d9f721ee-9da6-4aa0-8e98-22cf91afd251,Bristol Bears,1050,Tom Jordan,ACTIVE,7713,40459,centre,9233192a-bfed-489b-b224-5c9e02f587de,Bristol Bears,d9f721ee-9da6-4aa0-8e98-22cf91afd251,1050,stay,,,
d9f721ee-9da6-4aa0-8e98-22cf91afd251,Bristol Bears,1050,Pedro Rubiolo,ACTIVE,7581,38493,lock,9233192a-bfed-489b-b224-5c9e02f587de,Bristol Bears,d9f721ee-9da6-4aa0-8e98-22cf91afd251,1050,stay,,,
6fd77b22-06bc-49f7-8837-b213e335ec7a,Cardiff Rugby,2200,Evan Rees,ACTIVE,8358,69928,loose-forward,b314ec41-b6b0-4274-a98f-4a675628d202,Cardiff Rugby,6fd77b22-06bc-49f7-8837-b213e335ec7a,2200,stay,,,
ee3c51c4-b2f3-42ba-9434-37c4455d9276,DHL Stormers,99,Paul De Villiers,ACTIVE,7779,44291,loose-forward,b314ec41-b6b0-4274-a98f-4a675628d202,DHL Stormers,ee3c51c4-b2f3-42ba-9434-37c4455d9276,99,stay,,,
ee3c51c4-b2f3-42ba-9434-37c4455d9276,DHL Stormers,99,Jared Africa,ACTIVE,8221,57697,outside-back,b314ec41-b6b0-4274-a98f-4a675628d202,DHL Stormers,ee3c51c4-b2f3-42ba-9434-37c4455d9276,99,stay,,,
5fdcc251-1a9e-40cf-9767-a5271ff4dbc0,Edinburgh Rugby,1950,Ross McKnight,ACTIVE,8157,38607,outside-back,b314ec41-b6b0-4274-a98f-4a675628d202,Edinburgh Rugby,5fdcc251-1a9e-40cf-9767-a5271ff4dbc0,1950,stay,,,
e2ae68bd-54f2-4e38-89fc-53dcce5add02,Hollywoodbets Sharks,98,JJ Scheepers,ACTIVE,8287,38747,lock,b314ec41-b6b0-4274-a98f-4a675628d202,Hollywoodbets Sharks,e2ae68bd-54f2-4e38-89fc-53dcce5add02,98,stay,,,
d9f721ee-9da6-4aa0-8e98-22cf91afd251,Bristol Bears,1050,Benjamin Grondona,ACTIVE,7964,59710,loose-forward,9233192a-bfed-489b-b224-5c9e02f587de,Bristol Bears,d9f721ee-9da6-4aa0-8e98-22cf91afd251,1050,stay,,,
20aa34f7-3d7a-4cf4-be95-70ca236af7a0,Bath Rugby,1000,Max Pearce,ACTIVE,8341,57379,hooker,9233192a-bfed-489b-b224-5c9e02f587de,Cardiff Rugby,6fd77b22-06bc-49f7-8837-b213e335ec7a,2200,move,https://en.wikipedia.org/wiki/List_of_2026%E2%80%9327_Premiership_Rugby_transfers ; https://all.rugby/transfers/premiership,High,Duplicate resolved: Bath player on season-long loan to Cardiff for 26-27. Dropped pre-baked Cardiff row.
41d2c944-4a5a-4de0-8eb4-e5b57835cff7,Connacht Rugby,3400,Sean O'Brien,ACTIVE,7520,36702,loose-forward,b314ec41-b6b0-4274-a98f-4a675628d202,Connacht Rugby,41d2c944-4a5a-4de0-8eb4-e5b57835cff7,3400,stay,,,
5fdcc251-1a9e-40cf-9767-a5271ff4dbc0,Edinburgh Rugby,1950,Dylan Richardson,ACTIVE,7402,33666,hooker,b314ec41-b6b0-4274-a98f-4a675628d202,Edinburgh Rugby,5fdcc251-1a9e-40cf-9767-a5271ff4dbc0,1950,stay,,,
9e46b555-7bd7-4113-9005-641caab27c3c,Ulster Rugby,2450,Charlie Irvine,ACTIVE,7813,56264,lock,b314ec41-b6b0-4274-a98f-4a675628d202,Ulster Rugby,9e46b555-7bd7-4113-9005-641caab27c3c,2450,stay,,,
5fdcc251-1a9e-40cf-9767-a5271ff4dbc0,Edinburgh Rugby,1950,James Lang,ACTIVE,7171,25956,centre,b314ec41-b6b0-4274-a98f-4a675628d202,,,,departed,https://en.wikipedia.org/wiki/List_of_2026%E2%80%9327_United_Rugby_Championship_transfers,Medium,Released — destination TBC
17751c9c-264e-464e-adc8-1468fd75dbef,Newcastle Red Bull,1350,Jamie Hodgson,ACTIVE,7299,29892,lock,9233192a-bfed-489b-b224-5c9e02f587de,,,,departed,https://en.wikipedia.org/wiki/List_of_2026%E2%80%9327_Premiership_Rugby_transfers ; https://all.rugby/transfers/premiership,Medium,Released — destination TBC
17751c9c-264e-464e-adc8-1468fd75dbef,Newcastle Red Bull,1350,Bryn Gordon,ACTIVE,8372,60088,hooker,9233192a-bfed-489b-b224-5c9e02f587de,Newcastle Red Bull,17751c9c-264e-464e-adc8-1468fd75dbef,1350,stay,,,
6959008c-ebd2-49ed-b1db-29a124e3e922,Harlequins,1150,Guy Rogers,ACTIVE,8090,68063,outside-back,9233192a-bfed-489b-b224-5c9e02f587de,,,,departed,https://en.wikipedia.org/wiki/List_of_2026%E2%80%9327_Premiership_Rugby_transfers ; https://all.rugby/transfers/premiership,Medium,Released — destination TBC
ef455f5f-f067-4d29-ab67-f6e14b44a1e7,Leicester Tigers,1250,Tonga Kofe,ACTIVE,8255,62466,prop,9233192a-bfed-489b-b224-5c9e02f587de,Leicester Tigers,ef455f5f-f067-4d29-ab67-f6e14b44a1e7,1250,stay,,,
d9f721ee-9da6-4aa0-8e98-22cf91afd251,Bristol Bears,1050,Lovejoy Chawatama,ACTIVE,7235,27850,prop,9233192a-bfed-489b-b224-5c9e02f587de,Bristol Bears,d9f721ee-9da6-4aa0-8e98-22cf91afd251,1050,stay,,,
ef455f5f-f067-4d29-ab67-f6e14b44a1e7,Leicester Tigers,1250,Cameron Miell,ACTIVE,7991,61112,prop,9233192a-bfed-489b-b224-5c9e02f587de,,,,departed,https://en.wikipedia.org/wiki/List_of_2026%E2%80%9327_Premiership_Rugby_transfers ; https://all.rugby/transfers/premiership,Medium,To Worcester Warriors
6959008c-ebd2-49ed-b1db-29a124e3e922,Harlequins,1150,Conor Byrne,ACTIVE,7843,57074,outside-back,9233192a-bfed-489b-b224-5c9e02f587de,,,,departed,https://en.wikipedia.org/wiki/List_of_2026%E2%80%9327_Premiership_Rugby_transfers ; https://all.rugby/transfers/premiership,Medium,Released — destination TBC
6959008c-ebd2-49ed-b1db-29a124e3e922,Harlequins,1150,Nick David,ACTIVE,7252,28699,outside-back,9233192a-bfed-489b-b224-5c9e02f587de,Harlequins,6959008c-ebd2-49ed-b1db-29a124e3e922,1150,stay,,,
473a715d-80f5-4707-a8e2-52902fadc9bc,Sale Sharks,1450,Tom Davis,ACTIVE,8062,64635,hooker,9233192a-bfed-489b-b224-5c9e02f587de,Sale Sharks,473a715d-80f5-4707-a8e2-52902fadc9bc,1450,stay,,,
3bb58f66-38c1-4f9c-adff-0ac33a01533b,Saracens,1500,Eoghan Clarke,ACTIVE,8268,24788,hooker,9233192a-bfed-489b-b224-5c9e02f587de,Saracens,3bb58f66-38c1-4f9c-adff-0ac33a01533b,1500,stay,,High,"Duplicate resolved: left Munster for Saracens Jan 2025, extended into 26-27. Dropped old Munster row."
804c604a-08f9-4d6c-b74d-2936f9b370dc,Gloucester Rugby,1100,Arthur Clark,ACTIVE,7614,38665,lock,9233192a-bfed-489b-b224-5c9e02f587de,Gloucester Rugby,804c604a-08f9-4d6c-b74d-2936f9b370dc,1100,stay,,,
af6ad454-5636-4711-be6d-1cb29078219a,Lions,63,Kelly Mpeku,ACTIVE,7760,44168,centre,b314ec41-b6b0-4274-a98f-4a675628d202,Lions,af6ad454-5636-4711-be6d-1cb29078219a,63,stay,,,
804c604a-08f9-4d6c-b74d-2936f9b370dc,Gloucester Rugby,1100,Will Knight,ACTIVE,8312,901196,centre,9233192a-bfed-489b-b224-5c9e02f587de,Gloucester Rugby,804c604a-08f9-4d6c-b74d-2936f9b370dc,1100,stay,,,
3bb58f66-38c1-4f9c-adff-0ac33a01533b,Saracens,1500,Olly Hartley,ACTIVE,7673,39774,centre,9233192a-bfed-489b-b224-5c9e02f587de,Saracens,3bb58f66-38c1-4f9c-adff-0ac33a01533b,1500,stay,,,
ca7c6d0f-7bef-4fad-8ac2-d202471fa122,Exeter Chiefs,84,Martin Moloney,ACTIVE,7421,33859,loose-forward,9233192a-bfed-489b-b224-5c9e02f587de,Ulster Rugby,9e46b555-7bd7-4113-9005-641caab27c3c,2450,move,https://en.wikipedia.org/wiki/List_of_2026%E2%80%9327_Premiership_Rugby_transfers ; https://all.rugby/transfers/premiership,Medium,
ef455f5f-f067-4d29-ab67-f6e14b44a1e7,Leicester Tigers,1250,James Thompson,ACTIVE,8135,34752,lock,9233192a-bfed-489b-b224-5c9e02f587de,Leicester Tigers,ef455f5f-f067-4d29-ab67-f6e14b44a1e7,1250,stay,,,
20aa34f7-3d7a-4cf4-be95-70ca236af7a0,Bath Rugby,1000,Quinn Roux,ACTIVE,6859,19322,lock,9233192a-bfed-489b-b224-5c9e02f587de,Bath Rugby,20aa34f7-3d7a-4cf4-be95-70ca236af7a0,1000,stay,,,
473a715d-80f5-4707-a8e2-52902fadc9bc,Sale Sharks,1450,Ben Curry,ACTIVE,7178,25981,loose-forward,9233192a-bfed-489b-b224-5c9e02f587de,Sale Sharks,473a715d-80f5-4707-a8e2-52902fadc9bc,1450,stay,,,
6959008c-ebd2-49ed-b1db-29a124e3e922,Harlequins,1150,Harry Browne,ACTIVE,7854,57285,lock,9233192a-bfed-489b-b224-5c9e02f587de,Harlequins,6959008c-ebd2-49ed-b1db-29a124e3e922,1150,stay,,,
6959008c-ebd2-49ed-b1db-29a124e3e922,Harlequins,1150,Max Green,ACTIVE,8132,24580,scrum-half,9233192a-bfed-489b-b224-5c9e02f587de,,,,departed,https://en.wikipedia.org/wiki/List_of_2026%E2%80%9327_Premiership_Rugby_transfers ; https://all.rugby/transfers/premiership,Medium,To Oundle
8b15860f-dd5c-45c0-be1d-985e82f5e295,Munster Rugby,2150,Kieran Ryan,ACTIVE,7723,40585,prop,b314ec41-b6b0-4274-a98f-4a675628d202,Munster Rugby,8b15860f-dd5c-45c0-be1d-985e82f5e295,2150,stay,,,
b05b5971-dd90-44ae-999d-7bde3b2ebf96,Ospreys,3250,Rhys Thomas,ACTIVE,7514,36681,lock,b314ec41-b6b0-4274-a98f-4a675628d202,Ospreys,b05b5971-dd90-44ae-999d-7bde3b2ebf96,3250,stay,,,
6e09f000-1b71-426f-b349-2c528cba8584,Vodacom Bulls,97,Jan-Hendrik Wessels,ACTIVE,7541,37662,hooker,b314ec41-b6b0-4274-a98f-4a675628d202,Vodacom Bulls,6e09f000-1b71-426f-b349-2c528cba8584,97,stay,,,
6959008c-ebd2-49ed-b1db-29a124e3e922,Harlequins,1150,Rodrigo Isgro,ACTIVE,7446,34536,outside-back,9233192a-bfed-489b-b224-5c9e02f587de,Harlequins,6959008c-ebd2-49ed-b1db-29a124e3e922,1150,stay,,,
17751c9c-264e-464e-adc8-1468fd75dbef,Newcastle Red Bull,1350,James Elliott,ACTIVE,7341,31228,scrum-half,9233192a-bfed-489b-b224-5c9e02f587de,Newcastle Red Bull,17751c9c-264e-464e-adc8-1468fd75dbef,1350,stay,,,
09c7ae37-447c-4020-9e2e-b5239ee2d58b,Scarlets,1700,Joe Hawkins,ACTIVE,7532,36825,centre,b314ec41-b6b0-4274-a98f-4a675628d202,Scarlets,09c7ae37-447c-4020-9e2e-b5239ee2d58b,1700,stay,,,
e33c7a17-a675-46a9-b68c-be767cc211db,Northampton Saints,1400,Archie McParland,ACTIVE,7835,57055,scrum-half,9233192a-bfed-489b-b224-5c9e02f587de,Northampton Saints,e33c7a17-a675-46a9-b68c-be767cc211db,1400,stay,,,
d9f721ee-9da6-4aa0-8e98-22cf91afd251,Bristol Bears,1050,Fitz Harding,ACTIVE,7542,37670,loose-forward,9233192a-bfed-489b-b224-5c9e02f587de,Bristol Bears,d9f721ee-9da6-4aa0-8e98-22cf91afd251,1050,stay,,,
d9f721ee-9da6-4aa0-8e98-22cf91afd251,Bristol Bears,1050,Will Capon,ACTIVE,7317,30665,hooker,9233192a-bfed-489b-b224-5c9e02f587de,,,,departed,https://en.wikipedia.org/wiki/List_of_2026%E2%80%9327_Premiership_Rugby_transfers ; https://all.rugby/transfers/premiership,Medium,Released — destination TBC
d9f721ee-9da6-4aa0-8e98-22cf91afd251,Bristol Bears,1050,George Taylor,ACTIVE,8342,39739,lock,9233192a-bfed-489b-b224-5c9e02f587de,Bristol Bears,d9f721ee-9da6-4aa0-8e98-22cf91afd251,1050,stay,,,
e2ae68bd-54f2-4e38-89fc-53dcce5add02,Hollywoodbets Sharks,98,Le Roux Malan,ACTIVE,8289,40742,centre,b314ec41-b6b0-4274-a98f-4a675628d202,Cardiff Rugby,6fd77b22-06bc-49f7-8837-b213e335ec7a,2200,move,https://en.wikipedia.org/wiki/List_of_2026%E2%80%9327_United_Rugby_Championship_transfers,Medium,
e2ae68bd-54f2-4e38-89fc-53dcce5add02,Hollywoodbets Sharks,98,IG Prinsloo,ACTIVE,7187,26090,prop,b314ec41-b6b0-4274-a98f-4a675628d202,Hollywoodbets Sharks,e2ae68bd-54f2-4e38-89fc-53dcce5add02,98,stay,,,
41d2c944-4a5a-4de0-8eb4-e5b57835cff7,Connacht Rugby,3400,Charlie Ward,ACTIVE,7399,33658,prop,b314ec41-b6b0-4274-a98f-4a675628d202,Connacht Rugby,41d2c944-4a5a-4de0-8eb4-e5b57835cff7,3400,stay,,,
17751c9c-264e-464e-adc8-1468fd75dbef,Newcastle Red Bull,1350,Elliott Obatoyinbo,ACTIVE,7381,33218,outside-back,9233192a-bfed-489b-b224-5c9e02f587de,,,,departed,https://en.wikipedia.org/wiki/List_of_2026%E2%80%9327_Premiership_Rugby_transfers ; https://all.rugby/transfers/premiership,Medium,Released — destination TBC
41d2c944-4a5a-4de0-8eb4-e5b57835cff7,Connacht Rugby,3400,David Hawkshaw,ACTIVE,7124,24790,centre,b314ec41-b6b0-4274-a98f-4a675628d202,,,,departed,https://en.wikipedia.org/wiki/List_of_2026%E2%80%9327_United_Rugby_Championship_transfers,Medium,Released — destination TBC
6959008c-ebd2-49ed-b1db-29a124e3e922,Harlequins,1150,Jonny Law,ACTIVE,7431,33913,scrum-half,9233192a-bfed-489b-b224-5c9e02f587de,Harlequins,6959008c-ebd2-49ed-b1db-29a124e3e922,1150,stay,,,
e33c7a17-a675-46a9-b68c-be767cc211db,Northampton Saints,1400,George Furbank,ACTIVE,7170,25952,outside-back,9233192a-bfed-489b-b224-5c9e02f587de,Harlequins,6959008c-ebd2-49ed-b1db-29a124e3e922,1150,move,https://en.wikipedia.org/wiki/List_of_2026%E2%80%9327_Premiership_Rugby_transfers ; https://all.rugby/transfers/premiership,Medium,
e33c7a17-a675-46a9-b68c-be767cc211db,Northampton Saints,1400,George Smith,ACTIVE,7981,60571,lock,9233192a-bfed-489b-b224-5c9e02f587de,Northampton Saints,e33c7a17-a675-46a9-b68c-be767cc211db,1400,stay,,,
20aa34f7-3d7a-4cf4-be95-70ca236af7a0,Bath Rugby,1000,Ewan Richards,ACTIVE,7561,37954,loose-forward,9233192a-bfed-489b-b224-5c9e02f587de,Bath Rugby,20aa34f7-3d7a-4cf4-be95-70ca236af7a0,1000,stay,,,
804c604a-08f9-4d6c-b74d-2936f9b370dc,Gloucester Rugby,1100,Manaaki Boyle-Tiatia,ACTIVE,8365,55913,hooker,9233192a-bfed-489b-b224-5c9e02f587de,Gloucester Rugby,804c604a-08f9-4d6c-b74d-2936f9b370dc,1100,stay,,,
17751c9c-264e-464e-adc8-1468fd75dbef,Newcastle Red Bull,1350,Oscar Usher,ACTIVE,8112,901348,lock,9233192a-bfed-489b-b224-5c9e02f587de,Newcastle Red Bull,17751c9c-264e-464e-adc8-1468fd75dbef,1350,stay,,,
6e09f000-1b71-426f-b349-2c528cba8584,Vodacom Bulls,97,Philip-Albert van Niekerk,ACTIVE,8198,57142,centre,b314ec41-b6b0-4274-a98f-4a675628d202,Vodacom Bulls,6e09f000-1b71-426f-b349-2c528cba8584,97,stay,,,
b05b5971-dd90-44ae-999d-7bde3b2ebf96,Ospreys,3250,Morgan Morris,ACTIVE,7224,27360,loose-forward,b314ec41-b6b0-4274-a98f-4a675628d202,Ospreys,b05b5971-dd90-44ae-999d-7bde3b2ebf96,3250,stay,,,
17751c9c-264e-464e-adc8-1468fd75dbef,Newcastle Red Bull,1350,Connor Doherty,ACTIVE,7254,28717,centre,9233192a-bfed-489b-b224-5c9e02f587de,,,,departed,https://en.wikipedia.org/wiki/List_of_2026%E2%80%9327_Premiership_Rugby_transfers ; https://all.rugby/transfers/premiership,Medium,Released — destination TBC
ef455f5f-f067-4d29-ab67-f6e14b44a1e7,Leicester Tigers,1250,Emeka Ilione,ACTIVE,7616,38667,loose-forward,9233192a-bfed-489b-b224-5c9e02f587de,Leicester Tigers,ef455f5f-f067-4d29-ab67-f6e14b44a1e7,1250,stay,,,
17751c9c-264e-464e-adc8-1468fd75dbef,Newcastle Red Bull,1350,Tim Cardall,ACTIVE,7001,22052,lock,9233192a-bfed-489b-b224-5c9e02f587de,,,,departed,https://en.wikipedia.org/wiki/List_of_2026%E2%80%9327_Premiership_Rugby_transfers ; https://all.rugby/transfers/premiership,Medium,Released — destination TBC
ef455f5f-f067-4d29-ab67-f6e14b44a1e7,Leicester Tigers,1250,Charlie Bemand,ACTIVE,8099,69571,scrum-half,9233192a-bfed-489b-b224-5c9e02f587de,Leicester Tigers,ef455f5f-f067-4d29-ab67-f6e14b44a1e7,1250,stay,,,
6959008c-ebd2-49ed-b1db-29a124e3e922,Harlequins,1150,Bryn Bradley,ACTIVE,7697,39858,centre,9233192a-bfed-489b-b224-5c9e02f587de,Harlequins,6959008c-ebd2-49ed-b1db-29a124e3e922,1150,stay,,,
6959008c-ebd2-49ed-b1db-29a124e3e922,Harlequins,1150,Zach Carr,ACTIVE,7857,57290,loose-forward,9233192a-bfed-489b-b224-5c9e02f587de,Harlequins,6959008c-ebd2-49ed-b1db-29a124e3e922,1150,stay,,,
3bb58f66-38c1-4f9c-adff-0ac33a01533b,Saracens,1500,Theo Dan,ACTIVE,7503,36472,hooker,9233192a-bfed-489b-b224-5c9e02f587de,Saracens,3bb58f66-38c1-4f9c-adff-0ac33a01533b,1500,stay,,,
6959008c-ebd2-49ed-b1db-29a124e3e922,Harlequins,1150,Ollie Streeter,ACTIVE,8051,62675,prop,9233192a-bfed-489b-b224-5c9e02f587de,Harlequins,6959008c-ebd2-49ed-b1db-29a124e3e922,1150,stay,,,
6959008c-ebd2-49ed-b1db-29a124e3e922,Harlequins,1150,Ben Waghorn,ACTIVE,7858,57293,centre,9233192a-bfed-489b-b224-5c9e02f587de,Harlequins,6959008c-ebd2-49ed-b1db-29a124e3e922,1150,stay,,,
ee3c51c4-b2f3-42ba-9434-37c4455d9276,DHL Stormers,99,Leon Lyons,ACTIVE,7334,31060,prop,b314ec41-b6b0-4274-a98f-4a675628d202,DHL Stormers,ee3c51c4-b2f3-42ba-9434-37c4455d9276,99,stay,,,
d9f721ee-9da6-4aa0-8e98-22cf91afd251,Bristol Bears,1050,Max Pepper,ACTIVE,7995,61140,scrum-half,9233192a-bfed-489b-b224-5c9e02f587de,Bristol Bears,d9f721ee-9da6-4aa0-8e98-22cf91afd251,1050,stay,,,
e2ae68bd-54f2-4e38-89fc-53dcce5add02,Hollywoodbets Sharks,98,Simphiwe Ngobese,ACTIVE,8210,60251,prop,b314ec41-b6b0-4274-a98f-4a675628d202,Hollywoodbets Sharks,e2ae68bd-54f2-4e38-89fc-53dcce5add02,98,stay,,,
e2ae68bd-54f2-4e38-89fc-53dcce5add02,Hollywoodbets Sharks,98,Reniel Hugo,ACTIVE,7059,23574,lock,b314ec41-b6b0-4274-a98f-4a675628d202,Hollywoodbets Sharks,e2ae68bd-54f2-4e38-89fc-53dcce5add02,98,stay,,,
ef455f5f-f067-4d29-ab67-f6e14b44a1e7,Leicester Tigers,1250,Orlando Bailey,ACTIVE,7538,37586,fly-half,9233192a-bfed-489b-b224-5c9e02f587de,Leicester Tigers,ef455f5f-f067-4d29-ab67-f6e14b44a1e7,1250,stay,,,
d9f721ee-9da6-4aa0-8e98-22cf91afd251,Bristol Bears,1050,Steele Barker,ACTIVE,7980,60494,lock,9233192a-bfed-489b-b224-5c9e02f587de,,,,departed,https://en.wikipedia.org/wiki/List_of_2026%E2%80%9327_Premiership_Rugby_transfers ; https://all.rugby/transfers/premiership,Medium,To Cornish Pirates
ef455f5f-f067-4d29-ab67-f6e14b44a1e7,Leicester Tigers,1250,Ollie Hassell-Collins,ACTIVE,7257,28725,outside-back,9233192a-bfed-489b-b224-5c9e02f587de,Leicester Tigers,ef455f5f-f067-4d29-ab67-f6e14b44a1e7,1250,stay,,,
3bb58f66-38c1-4f9c-adff-0ac33a01533b,Saracens,1500,Alex O'Driscoll,ACTIVE,8273,57066,prop,9233192a-bfed-489b-b224-5c9e02f587de,Saracens,3bb58f66-38c1-4f9c-adff-0ac33a01533b,1500,stay,,,
473a715d-80f5-4707-a8e2-52902fadc9bc,Sale Sharks,1450,Sam Bedlow,ACTIVE,7004,22079,centre,9233192a-bfed-489b-b224-5c9e02f587de,Sale Sharks,473a715d-80f5-4707-a8e2-52902fadc9bc,1450,stay,,,
961763ec-e93a-42f8-a91e-f7fcb114c02c,Benetton Rugby,1850,Alessandro Garbisi,ACTIVE,7595,38627,scrum-half,b314ec41-b6b0-4274-a98f-4a675628d202,Benetton Rugby,961763ec-e93a-42f8-a91e-f7fcb114c02c,1850,stay,,,
9e46b555-7bd7-4113-9005-641caab27c3c,Ulster Rugby,2450,James McCormick,ACTIVE,7747,43919,hooker,b314ec41-b6b0-4274-a98f-4a675628d202,Ulster Rugby,9e46b555-7bd7-4113-9005-641caab27c3c,2450,stay,,,
b05b5971-dd90-44ae-999d-7bde3b2ebf96,Ospreys,3250,Keelan Giles,ACTIVE,7063,23625,outside-back,b314ec41-b6b0-4274-a98f-4a675628d202,Ospreys,b05b5971-dd90-44ae-999d-7bde3b2ebf96,3250,stay,,,
ee3c51c4-b2f3-42ba-9434-37c4455d9276,DHL Stormers,99,Marcel Theunissen,ACTIVE,7546,37683,loose-forward,b314ec41-b6b0-4274-a98f-4a675628d202,DHL Stormers,ee3c51c4-b2f3-42ba-9434-37c4455d9276,99,stay,,,
3d94bdf3-43ef-4dbb-951f-38d13d1b1e5f,Glasgow Warriors,1750,Sam Talakai,ACTIVE,6927,20842,prop,b314ec41-b6b0-4274-a98f-4a675628d202,Glasgow Warriors,3d94bdf3-43ef-4dbb-951f-38d13d1b1e5f,1750,stay,,,
ee3c51c4-b2f3-42ba-9434-37c4455d9276,DHL Stormers,99,JD Schickerling,ACTIVE,6982,21712,lock,b314ec41-b6b0-4274-a98f-4a675628d202,DHL Stormers,ee3c51c4-b2f3-42ba-9434-37c4455d9276,99,stay,,,
aebd3bc4-7445-44b7-beae-ded6ad3609bd,Zebre Parma,10650,David Odiase,ACTIVE,8121,43834,loose-forward,b314ec41-b6b0-4274-a98f-4a675628d202,Zebre Parma,aebd3bc4-7445-44b7-beae-ded6ad3609bd,10650,stay,,,
6e09f000-1b71-426f-b349-2c528cba8584,Vodacom Bulls,97,JJ Theron,ACTIVE,8196,60246,loose-forward,b314ec41-b6b0-4274-a98f-4a675628d202,Vodacom Bulls,6e09f000-1b71-426f-b349-2c528cba8584,97,stay,,,
3d94bdf3-43ef-4dbb-951f-38d13d1b1e5f,Glasgow Warriors,1750,Alex Craig,ACTIVE,7153,25291,lock,b314ec41-b6b0-4274-a98f-4a675628d202,Glasgow Warriors,3d94bdf3-43ef-4dbb-951f-38d13d1b1e5f,1750,stay,,,
09c7ae37-447c-4020-9e2e-b5239ee2d58b,Scarlets,1700,Gareth Davies,ACTIVE,6793,10155,scrum-half,b314ec41-b6b0-4274-a98f-4a675628d202,Scarlets,09c7ae37-447c-4020-9e2e-b5239ee2d58b,1700,stay,,,
d9f721ee-9da6-4aa0-8e98-22cf91afd251,Bristol Bears,1050,Harry Thacker,ACTIVE,6868,19634,hooker,9233192a-bfed-489b-b224-5c9e02f587de,Bristol Bears,d9f721ee-9da6-4aa0-8e98-22cf91afd251,1050,stay,,,
473a715d-80f5-4707-a8e2-52902fadc9bc,Sale Sharks,1450,Tadgh McElroy,ACTIVE,6785,24434,hooker,9233192a-bfed-489b-b224-5c9e02f587de,Sale Sharks,473a715d-80f5-4707-a8e2-52902fadc9bc,1450,stay,,,
d9f721ee-9da6-4aa0-8e98-22cf91afd251,Bristol Bears,1050,Oscar Lennon,ACTIVE,7711,40409,scrum-half,9233192a-bfed-489b-b224-5c9e02f587de,Bristol Bears,d9f721ee-9da6-4aa0-8e98-22cf91afd251,1050,stay,,,
d9f721ee-9da6-4aa0-8e98-22cf91afd251,Bristol Bears,1050,Gabriel Oghre,ACTIVE,7208,27101,hooker,9233192a-bfed-489b-b224-5c9e02f587de,Bristol Bears,d9f721ee-9da6-4aa0-8e98-22cf91afd251,1050,stay,,,
ef455f5f-f067-4d29-ab67-f6e14b44a1e7,Leicester Tigers,1250,Billy Searle,ACTIVE,8133,25852,fly-half,9233192a-bfed-489b-b224-5c9e02f587de,Leicester Tigers,ef455f5f-f067-4d29-ab67-f6e14b44a1e7,1250,stay,,,
ca7c6d0f-7bef-4fad-8ac2-d202471fa122,Exeter Chiefs,84,Immanuel Feyi-Waboso,ACTIVE,7580,38481,outside-back,9233192a-bfed-489b-b224-5c9e02f587de,Exeter Chiefs,ca7c6d0f-7bef-4fad-8ac2-d202471fa122,84,stay,,,
473a715d-80f5-4707-a8e2-52902fadc9bc,Sale Sharks,1450,Patrick Hogg,ACTIVE,8267,62371,lock,9233192a-bfed-489b-b224-5c9e02f587de,Sale Sharks,473a715d-80f5-4707-a8e2-52902fadc9bc,1450,stay,,,
473a715d-80f5-4707-a8e2-52902fadc9bc,Sale Sharks,1450,WillGriff John,ACTIVE,6826,18592,prop,9233192a-bfed-489b-b224-5c9e02f587de,,,,departed,https://en.wikipedia.org/wiki/List_of_2026%E2%80%9327_Premiership_Rugby_transfers ; https://all.rugby/transfers/premiership,Medium,Released — destination TBC
ef455f5f-f067-4d29-ab67-f6e14b44a1e7,Leicester Tigers,1250,Tarek Haffar,ACTIVE,7615,38666,prop,9233192a-bfed-489b-b224-5c9e02f587de,Leicester Tigers,ef455f5f-f067-4d29-ab67-f6e14b44a1e7,1250,stay,,,
ef455f5f-f067-4d29-ab67-f6e14b44a1e7,Leicester Tigers,1250,Jed Holloway,ACTIVE,6882,19820,lock,9233192a-bfed-489b-b224-5c9e02f587de,Leicester Tigers,ef455f5f-f067-4d29-ab67-f6e14b44a1e7,1250,stay,,,
ef455f5f-f067-4d29-ab67-f6e14b44a1e7,Leicester Tigers,1250,Joseph Woodward,ACTIVE,7800,55887,centre,9233192a-bfed-489b-b224-5c9e02f587de,Leicester Tigers,ef455f5f-f067-4d29-ab67-f6e14b44a1e7,1250,stay,,,
bdb20011-d913-4688-b8fa-38a2a96c22b2,Dragons RFC,3100,Ben Carter,ACTIVE,7506,36664,lock,b314ec41-b6b0-4274-a98f-4a675628d202,Dragons RFC,bdb20011-d913-4688-b8fa-38a2a96c22b2,3100,stay,,,
b05b5971-dd90-44ae-999d-7bde3b2ebf96,Ospreys,3250,Steffan Thomas,ACTIVE,7244,28286,prop,b314ec41-b6b0-4274-a98f-4a675628d202,Ospreys,b05b5971-dd90-44ae-999d-7bde3b2ebf96,3250,stay,,,
ee3c51c4-b2f3-42ba-9434-37c4455d9276,DHL Stormers,99,Lukhanyo Vokozela,ACTIVE,7662,39414,hooker,b314ec41-b6b0-4274-a98f-4a675628d202,DHL Stormers,ee3c51c4-b2f3-42ba-9434-37c4455d9276,99,stay,,,
41d2c944-4a5a-4de0-8eb4-e5b57835cff7,Connacht Rugby,3400,Matthew Devine,ACTIVE,7729,43647,scrum-half,b314ec41-b6b0-4274-a98f-4a675628d202,Ulster Rugby,9e46b555-7bd7-4113-9005-641caab27c3c,2450,move,https://en.wikipedia.org/wiki/List_of_2026%E2%80%9327_United_Rugby_Championship_transfers,Medium,
17751c9c-264e-464e-adc8-1468fd75dbef,Newcastle Red Bull,1350,Josh Hodge,ACTIVE,7376,33112,outside-back,9233192a-bfed-489b-b224-5c9e02f587de,Newcastle Red Bull,17751c9c-264e-464e-adc8-1468fd75dbef,1350,stay,,,
20aa34f7-3d7a-4cf4-be95-70ca236af7a0,Bath Rugby,1000,Ben Spencer,ACTIVE,6860,19376,scrum-half,9233192a-bfed-489b-b224-5c9e02f587de,Bath Rugby,20aa34f7-3d7a-4cf4-be95-70ca236af7a0,1000,stay,,,
20aa34f7-3d7a-4cf4-be95-70ca236af7a0,Bath Rugby,1000,Guy Pepper,ACTIVE,7689,39844,loose-forward,9233192a-bfed-489b-b224-5c9e02f587de,Bath Rugby,20aa34f7-3d7a-4cf4-be95-70ca236af7a0,1000,stay,,,
ca7c6d0f-7bef-4fad-8ac2-d202471fa122,Exeter Chiefs,84,Greg Fisilau,ACTIVE,7671,39768,loose-forward,9233192a-bfed-489b-b224-5c9e02f587de,Exeter Chiefs,ca7c6d0f-7bef-4fad-8ac2-d202471fa122,84,stay,,,
ca7c6d0f-7bef-4fad-8ac2-d202471fa122,Exeter Chiefs,84,Will Rigg,ACTIVE,7982,60589,centre,9233192a-bfed-489b-b224-5c9e02f587de,Newcastle Red Bull,17751c9c-264e-464e-adc8-1468fd75dbef,1350,move,https://en.wikipedia.org/wiki/List_of_2026%E2%80%9327_Premiership_Rugby_transfers ; https://all.rugby/transfers/premiership,Medium,
41d2c944-4a5a-4de0-8eb4-e5b57835cff7,Connacht Rugby,3400,Sam Gilbert,ACTIVE,8170,34474,outside-back,b314ec41-b6b0-4274-a98f-4a675628d202,Connacht Rugby,41d2c944-4a5a-4de0-8eb4-e5b57835cff7,3400,stay,,,
9e46b555-7bd7-4113-9005-641caab27c3c,Ulster Rugby,2450,Nathan Doak,ACTIVE,7392,33623,scrum-half,b314ec41-b6b0-4274-a98f-4a675628d202,Ulster Rugby,9e46b555-7bd7-4113-9005-641caab27c3c,2450,stay,,,
9e46b555-7bd7-4113-9005-641caab27c3c,Ulster Rugby,2450,Lorcan McLoughlin,ACTIVE,7756,44140,loose-forward,b314ec41-b6b0-4274-a98f-4a675628d202,,,,departed,https://en.wikipedia.org/wiki/List_of_2026%E2%80%9327_United_Rugby_Championship_transfers,Medium,Released — destination TBC
aebd3bc4-7445-44b7-beae-ded6ad3609bd,Zebre Parma,10650,Davide Ruggeri,ACTIVE,7313,30230,loose-forward,b314ec41-b6b0-4274-a98f-4a675628d202,Zebre Parma,aebd3bc4-7445-44b7-beae-ded6ad3609bd,10650,stay,,,
8b15860f-dd5c-45c0-be1d-985e82f5e295,Munster Rugby,2150,Niall Scannell,ACTIVE,6871,19651,hooker,b314ec41-b6b0-4274-a98f-4a675628d202,,,,retired,https://en.wikipedia.org/wiki/List_of_2026%E2%80%9327_United_Rugby_Championship_transfers,Medium,Retired
3d94bdf3-43ef-4dbb-951f-38d13d1b1e5f,Glasgow Warriors,1750,Jack Oliver,ACTIVE,8339,40582,scrum-half,b314ec41-b6b0-4274-a98f-4a675628d202,Glasgow Warriors,3d94bdf3-43ef-4dbb-951f-38d13d1b1e5f,1750,stay,,,
5fdcc251-1a9e-40cf-9767-a5271ff4dbc0,Edinburgh Rugby,1950,Duhan van der Merwe,ACTIVE,6992,21898,outside-back,b314ec41-b6b0-4274-a98f-4a675628d202,Edinburgh Rugby,5fdcc251-1a9e-40cf-9767-a5271ff4dbc0,1950,stay,,,
5fdcc251-1a9e-40cf-9767-a5271ff4dbc0,Edinburgh Rugby,1950,Grant Gilchrist,ACTIVE,6812,17125,lock,b314ec41-b6b0-4274-a98f-4a675628d202,Edinburgh Rugby,5fdcc251-1a9e-40cf-9767-a5271ff4dbc0,1950,stay,,,
e33c7a17-a675-46a9-b68c-be767cc211db,Northampton Saints,1400,James Pater,ACTIVE,8110,901194,outside-back,9233192a-bfed-489b-b224-5c9e02f587de,Northampton Saints,e33c7a17-a675-46a9-b68c-be767cc211db,1400,stay,,,
17751c9c-264e-464e-adc8-1468fd75dbef,Newcastle Red Bull,1350,Ollie Fletcher,ACTIVE,7692,39851,hooker,9233192a-bfed-489b-b224-5c9e02f587de,Newcastle Red Bull,17751c9c-264e-464e-adc8-1468fd75dbef,1350,stay,,,
3bb58f66-38c1-4f9c-adff-0ac33a01533b,Saracens,1500,Owen Farrell,ACTIVE,8183,9938,fly-half,9233192a-bfed-489b-b224-5c9e02f587de,Saracens,3bb58f66-38c1-4f9c-adff-0ac33a01533b,1500,stay,,,
9e46b555-7bd7-4113-9005-641caab27c3c,Ulster Rugby,2450,Jacob Boyd,ACTIVE,8017,62044,prop,b314ec41-b6b0-4274-a98f-4a675628d202,Ulster Rugby,9e46b555-7bd7-4113-9005-641caab27c3c,2450,stay,,,
3bb58f66-38c1-4f9c-adff-0ac33a01533b,Saracens,1500,Nick Isiekwe,ACTIVE,7213,27119,lock,9233192a-bfed-489b-b224-5c9e02f587de,Saracens,3bb58f66-38c1-4f9c-adff-0ac33a01533b,1500,stay,,,
dc118c04-038a-46e7-a805-298fbe0d2e66,Leinster Rugby,2300,Bobby Sheehan,ACTIVE,8298,36694,hooker,b314ec41-b6b0-4274-a98f-4a675628d202,Leinster Rugby,dc118c04-038a-46e7-a805-298fbe0d2e66,2300,stay,,,
3d94bdf3-43ef-4dbb-951f-38d13d1b1e5f,Glasgow Warriors,1750,Grant Stewart,ACTIVE,7263,29240,hooker,b314ec41-b6b0-4274-a98f-4a675628d202,Glasgow Warriors,3d94bdf3-43ef-4dbb-951f-38d13d1b1e5f,1750,stay,,,
17751c9c-264e-464e-adc8-1468fd75dbef,Newcastle Red Bull,1350,Isaac Keller,ACTIVE,7840,57067,prop,9233192a-bfed-489b-b224-5c9e02f587de,Newcastle Red Bull,17751c9c-264e-464e-adc8-1468fd75dbef,1350,stay,,,
e2ae68bd-54f2-4e38-89fc-53dcce5add02,Hollywoodbets Sharks,98,Jaco Williams,ACTIVE,8054,63351,outside-back,b314ec41-b6b0-4274-a98f-4a675628d202,Hollywoodbets Sharks,e2ae68bd-54f2-4e38-89fc-53dcce5add02,98,stay,,,
09c7ae37-447c-4020-9e2e-b5239ee2d58b,Scarlets,1700,Sam Costelow,ACTIVE,7413,33844,fly-half,b314ec41-b6b0-4274-a98f-4a675628d202,Scarlets,09c7ae37-447c-4020-9e2e-b5239ee2d58b,1700,stay,,,
6e09f000-1b71-426f-b349-2c528cba8584,Vodacom Bulls,97,Jacobus Grobbelaar,ACTIVE,7977,60250,lock,b314ec41-b6b0-4274-a98f-4a675628d202,Vodacom Bulls,6e09f000-1b71-426f-b349-2c528cba8584,97,stay,,,
e2ae68bd-54f2-4e38-89fc-53dcce5add02,Hollywoodbets Sharks,98,Grant Williams,ACTIVE,7283,29777,scrum-half,b314ec41-b6b0-4274-a98f-4a675628d202,,,,departed,https://en.wikipedia.org/wiki/List_of_2026%E2%80%9327_United_Rugby_Championship_transfers,Medium,To Kobelco Kobe Steelers
e2ae68bd-54f2-4e38-89fc-53dcce5add02,Hollywoodbets Sharks,98,Emmanuel Tshituka,ACTIVE,7565,37970,loose-forward,b314ec41-b6b0-4274-a98f-4a675628d202,Hollywoodbets Sharks,e2ae68bd-54f2-4e38-89fc-53dcce5add02,98,stay,,,
aebd3bc4-7445-44b7-beae-ded6ad3609bd,Zebre Parma,10650,Giampietro Ribaldi,ACTIVE,7579,38478,hooker,b314ec41-b6b0-4274-a98f-4a675628d202,Zebre Parma,aebd3bc4-7445-44b7-beae-ded6ad3609bd,10650,stay,,,
5fdcc251-1a9e-40cf-9767-a5271ff4dbc0,Edinburgh Rugby,1950,Marshall Sykes,ACTIVE,7312,30216,lock,b314ec41-b6b0-4274-a98f-4a675628d202,Edinburgh Rugby,5fdcc251-1a9e-40cf-9767-a5271ff4dbc0,1950,stay,,,
3d94bdf3-43ef-4dbb-951f-38d13d1b1e5f,Glasgow Warriors,1750,Ryan Burke,ACTIVE,8033,62091,lock,b314ec41-b6b0-4274-a98f-4a675628d202,Glasgow Warriors,3d94bdf3-43ef-4dbb-951f-38d13d1b1e5f,1750,stay,,,
09c7ae37-447c-4020-9e2e-b5239ee2d58b,Scarlets,1700,Callum Woolley,ACTIVE,8380,69921,outside-back,b314ec41-b6b0-4274-a98f-4a675628d202,Scarlets,09c7ae37-447c-4020-9e2e-b5239ee2d58b,1700,stay,,,
961763ec-e93a-42f8-a91e-f7fcb114c02c,Benetton Rugby,1850,Alessandro Izekor,ACTIVE,7494,36353,loose-forward,b314ec41-b6b0-4274-a98f-4a675628d202,Benetton Rugby,961763ec-e93a-42f8-a91e-f7fcb114c02c,1850,stay,,,
961763ec-e93a-42f8-a91e-f7fcb114c02c,Benetton Rugby,1850,Eli Snyman,ACTIVE,7141,25012,lock,b314ec41-b6b0-4274-a98f-4a675628d202,Ulster Rugby,9e46b555-7bd7-4113-9005-641caab27c3c,2450,move,https://en.wikipedia.org/wiki/List_of_2026%E2%80%9327_United_Rugby_Championship_transfers,Medium,
3d94bdf3-43ef-4dbb-951f-38d13d1b1e5f,Glasgow Warriors,1750,Gregor Brown,ACTIVE,7525,36714,loose-forward,b314ec41-b6b0-4274-a98f-4a675628d202,Glasgow Warriors,3d94bdf3-43ef-4dbb-951f-38d13d1b1e5f,1750,stay,,,
ee3c51c4-b2f3-42ba-9434-37c4455d9276,DHL Stormers,99,Ntuthuko Mchunu,ACTIVE,7567,37996,prop,b314ec41-b6b0-4274-a98f-4a675628d202,DHL Stormers,ee3c51c4-b2f3-42ba-9434-37c4455d9276,99,stay,,,
ee3c51c4-b2f3-42ba-9434-37c4455d9276,DHL Stormers,99,Dave Ewers,ACTIVE,6816,18233,loose-forward,b314ec41-b6b0-4274-a98f-4a675628d202,DHL Stormers,ee3c51c4-b2f3-42ba-9434-37c4455d9276,99,stay,,,
e2ae68bd-54f2-4e38-89fc-53dcce5add02,Hollywoodbets Sharks,98,Bryce Calvert,ACTIVE,7775,44283,hooker,b314ec41-b6b0-4274-a98f-4a675628d202,Hollywoodbets Sharks,e2ae68bd-54f2-4e38-89fc-53dcce5add02,98,stay,,,
961763ec-e93a-42f8-a91e-f7fcb114c02c,Benetton Rugby,1850,Samoa So'otala Fa'aso'o,ACTIVE,8154,21244,loose-forward,b314ec41-b6b0-4274-a98f-4a675628d202,Benetton Rugby,961763ec-e93a-42f8-a91e-f7fcb114c02c,1850,stay,,,
961763ec-e93a-42f8-a91e-f7fcb114c02c,Benetton Rugby,1850,Louis Lynagh,ACTIVE,7483,35623,outside-back,b314ec41-b6b0-4274-a98f-4a675628d202,Benetton Rugby,961763ec-e93a-42f8-a91e-f7fcb114c02c,1850,stay,,,
3bb58f66-38c1-4f9c-adff-0ac33a01533b,Saracens,1500,Reggie Hammick,ACTIVE,8078,67978,loose-forward,9233192a-bfed-489b-b224-5c9e02f587de,Saracens,3bb58f66-38c1-4f9c-adff-0ac33a01533b,1500,stay,,,
ee3c51c4-b2f3-42ba-9434-37c4455d9276,DHL Stormers,99,Sacha Feinberg-Mngomezulu,ACTIVE,7640,39074,fly-half,b314ec41-b6b0-4274-a98f-4a675628d202,DHL Stormers,ee3c51c4-b2f3-42ba-9434-37c4455d9276,99,stay,,,
ee3c51c4-b2f3-42ba-9434-37c4455d9276,DHL Stormers,99,Imad Khan,ACTIVE,7780,44293,scrum-half,b314ec41-b6b0-4274-a98f-4a675628d202,DHL Stormers,ee3c51c4-b2f3-42ba-9434-37c4455d9276,99,stay,,,
ee3c51c4-b2f3-42ba-9434-37c4455d9276,DHL Stormers,99,Sti Sithole,ACTIVE,6916,20648,prop,b314ec41-b6b0-4274-a98f-4a675628d202,DHL Stormers,ee3c51c4-b2f3-42ba-9434-37c4455d9276,99,stay,,,
e2ae68bd-54f2-4e38-89fc-53dcce5add02,Hollywoodbets Sharks,98,Phepsi Buthelezi,ACTIVE,7284,29780,loose-forward,b314ec41-b6b0-4274-a98f-4a675628d202,Hollywoodbets Sharks,e2ae68bd-54f2-4e38-89fc-53dcce5add02,98,stay,,,
3d94bdf3-43ef-4dbb-951f-38d13d1b1e5f,Glasgow Warriors,1750,Sione Vailanu,ACTIVE,7275,29595,loose-forward,b314ec41-b6b0-4274-a98f-4a675628d202,,,,departed,https://en.wikipedia.org/wiki/List_of_2026%E2%80%9327_United_Rugby_Championship_transfers,Medium,To Biarritz
9e46b555-7bd7-4113-9005-641caab27c3c,Ulster Rugby,2450,Ben Moxham,ACTIVE,7391,33620,outside-back,b314ec41-b6b0-4274-a98f-4a675628d202,,,,departed,https://en.wikipedia.org/wiki/List_of_2026%E2%80%9327_United_Rugby_Championship_transfers,Medium,Released — destination TBC
3d94bdf3-43ef-4dbb-951f-38d13d1b1e5f,Glasgow Warriors,1750,Fergus Watson,ACTIVE,8374,62103,outside-back,b314ec41-b6b0-4274-a98f-4a675628d202,Glasgow Warriors,3d94bdf3-43ef-4dbb-951f-38d13d1b1e5f,1750,stay,,,
6fd77b22-06bc-49f7-8837-b213e335ec7a,Cardiff Rugby,2200,Ethan Lloyd,ACTIVE,7628,38688,scrum-half,b314ec41-b6b0-4274-a98f-4a675628d202,Cardiff Rugby,6fd77b22-06bc-49f7-8837-b213e335ec7a,2200,stay,,,
961763ec-e93a-42f8-a91e-f7fcb114c02c,Benetton Rugby,1850,Jadin Kingi,ACTIVE,7826,56718,lock,b314ec41-b6b0-4274-a98f-4a675628d202,Benetton Rugby,961763ec-e93a-42f8-a91e-f7fcb114c02c,1850,stay,,,
bdb20011-d913-4688-b8fa-38a2a96c22b2,Dragons RFC,3100,Joseph Davies,ACTIVE,6946,21401,lock,b314ec41-b6b0-4274-a98f-4a675628d202,Dragons RFC,bdb20011-d913-4688-b8fa-38a2a96c22b2,3100,stay,,,
5fdcc251-1a9e-40cf-9767-a5271ff4dbc0,Edinburgh Rugby,1950,Cameron Scott,ACTIVE,7521,36705,fly-half,b314ec41-b6b0-4274-a98f-4a675628d202,Edinburgh Rugby,5fdcc251-1a9e-40cf-9767-a5271ff4dbc0,1950,stay,,,
20aa34f7-3d7a-4cf4-be95-70ca236af7a0,Bath Rugby,1000,Mikey Summerfield,ACTIVE,8244,39806,prop,9233192a-bfed-489b-b224-5c9e02f587de,,,,departed,https://en.wikipedia.org/wiki/List_of_2026%E2%80%9327_Premiership_Rugby_transfers ; https://all.rugby/transfers/premiership,Medium,To Ealing Trailfinders
3bb58f66-38c1-4f9c-adff-0ac33a01533b,Saracens,1500,Gareth Simpson,ACTIVE,7162,25471,scrum-half,9233192a-bfed-489b-b224-5c9e02f587de,,,,departed,https://en.wikipedia.org/wiki/List_of_2026%E2%80%9327_Premiership_Rugby_transfers ; https://all.rugby/transfers/premiership,Medium,To Ealing Trailfinders
6fd77b22-06bc-49f7-8837-b213e335ec7a,Cardiff Rugby,2200,Callum Sheedy,ACTIVE,7025,22743,fly-half,b314ec41-b6b0-4274-a98f-4a675628d202,Cardiff Rugby,6fd77b22-06bc-49f7-8837-b213e335ec7a,2200,stay,,,
961763ec-e93a-42f8-a91e-f7fcb114c02c,Benetton Rugby,1850,Marcos Gallorini,ACTIVE,7902,58420,prop,b314ec41-b6b0-4274-a98f-4a675628d202,Benetton Rugby,961763ec-e93a-42f8-a91e-f7fcb114c02c,1850,stay,,,
aebd3bc4-7445-44b7-beae-ded6ad3609bd,Zebre Parma,10650,Gonzalo Garcia,ACTIVE,7240,28242,scrum-half,b314ec41-b6b0-4274-a98f-4a675628d202,,,,departed,https://en.wikipedia.org/wiki/List_of_2026%E2%80%9327_United_Rugby_Championship_transfers,Medium,To Section Paloise
ee3c51c4-b2f3-42ba-9434-37c4455d9276,DHL Stormers,99,Wandile Mlaba,ACTIVE,8315,63404,loose-forward,b314ec41-b6b0-4274-a98f-4a675628d202,DHL Stormers,ee3c51c4-b2f3-42ba-9434-37c4455d9276,99,stay,,,
e2ae68bd-54f2-4e38-89fc-53dcce5add02,Hollywoodbets Sharks,98,Ethan Bester,ACTIVE,7848,57089,hooker,b314ec41-b6b0-4274-a98f-4a675628d202,Hollywoodbets Sharks,e2ae68bd-54f2-4e38-89fc-53dcce5add02,98,stay,,,
bdb20011-d913-4688-b8fa-38a2a96c22b2,Dragons RFC,3100,Ryan Woodman,ACTIVE,7736,43896,loose-forward,b314ec41-b6b0-4274-a98f-4a675628d202,Dragons RFC,bdb20011-d913-4688-b8fa-38a2a96c22b2,3100,stay,,,
6e09f000-1b71-426f-b349-2c528cba8584,Vodacom Bulls,97,Francois Klopper,ACTIVE,7282,29776,prop,b314ec41-b6b0-4274-a98f-4a675628d202,Vodacom Bulls,6e09f000-1b71-426f-b349-2c528cba8584,97,stay,,,
17751c9c-264e-464e-adc8-1468fd75dbef,Newcastle Red Bull,1350,Richard Palframan,ACTIVE,6895,20276,prop,9233192a-bfed-489b-b224-5c9e02f587de,Newcastle Red Bull,17751c9c-264e-464e-adc8-1468fd75dbef,1350,stay,,,
17751c9c-264e-464e-adc8-1468fd75dbef,Newcastle Red Bull,1350,John Hawkins,ACTIVE,7207,27100,loose-forward,9233192a-bfed-489b-b224-5c9e02f587de,,,,departed,https://en.wikipedia.org/wiki/List_of_2026%E2%80%9327_Premiership_Rugby_transfers ; https://all.rugby/transfers/premiership,Medium,To Worcester Warriors
20aa34f7-3d7a-4cf4-be95-70ca236af7a0,Bath Rugby,1000,Neil Le Roux,ACTIVE,7768,44186,scrum-half,9233192a-bfed-489b-b224-5c9e02f587de,Bath Rugby,20aa34f7-3d7a-4cf4-be95-70ca236af7a0,1000,stay,,,
3bb58f66-38c1-4f9c-adff-0ac33a01533b,Saracens,1500,Tom Willis,ACTIVE,7230,27397,loose-forward,9233192a-bfed-489b-b224-5c9e02f587de,,,,departed,https://en.wikipedia.org/wiki/List_of_2026%E2%80%9327_Premiership_Rugby_transfers ; https://all.rugby/transfers/premiership,Medium,To Bordeaux
9e46b555-7bd7-4113-9005-641caab27c3c,Ulster Rugby,2450,James McNabney,ACTIVE,7749,43921,loose-forward,b314ec41-b6b0-4274-a98f-4a675628d202,Ulster Rugby,9e46b555-7bd7-4113-9005-641caab27c3c,2450,stay,,,
961763ec-e93a-42f8-a91e-f7fcb114c02c,Benetton Rugby,1850,Tommaso Menoncello,ACTIVE,7550,37801,centre,b314ec41-b6b0-4274-a98f-4a675628d202,,,,departed,https://en.wikipedia.org/wiki/List_of_2026%E2%80%9327_United_Rugby_Championship_transfers,Medium,To Toulouse
e33c7a17-a675-46a9-b68c-be767cc211db,Northampton Saints,1400,Tom Lockett,ACTIVE,7682,39822,lock,9233192a-bfed-489b-b224-5c9e02f587de,Northampton Saints,e33c7a17-a675-46a9-b68c-be767cc211db,1400,stay,,,
3d94bdf3-43ef-4dbb-951f-38d13d1b1e5f,Glasgow Warriors,1750,Stafford McDowall,ACTIVE,7222,27309,centre,b314ec41-b6b0-4274-a98f-4a675628d202,Glasgow Warriors,3d94bdf3-43ef-4dbb-951f-38d13d1b1e5f,1750,stay,,,
5fdcc251-1a9e-40cf-9767-a5271ff4dbc0,Edinburgh Rugby,1950,Magnus Bradbury,ACTIVE,6962,21564,loose-forward,b314ec41-b6b0-4274-a98f-4a675628d202,Edinburgh Rugby,5fdcc251-1a9e-40cf-9767-a5271ff4dbc0,1950,stay,,,
3d94bdf3-43ef-4dbb-951f-38d13d1b1e5f,Glasgow Warriors,1750,Gregor Hiddleston,ACTIVE,7731,43876,hooker,b314ec41-b6b0-4274-a98f-4a675628d202,Glasgow Warriors,3d94bdf3-43ef-4dbb-951f-38d13d1b1e5f,1750,stay,,,
961763ec-e93a-42f8-a91e-f7fcb114c02c,Benetton Rugby,1850,Tomas Montilla,ACTIVE,8292,925199,hooker,b314ec41-b6b0-4274-a98f-4a675628d202,Benetton Rugby,961763ec-e93a-42f8-a91e-f7fcb114c02c,1850,stay,,,
3d94bdf3-43ef-4dbb-951f-38d13d1b1e5f,Glasgow Warriors,1750,Allan Dell,ACTIVE,6884,19866,prop,b314ec41-b6b0-4274-a98f-4a675628d202,Glasgow Warriors,3d94bdf3-43ef-4dbb-951f-38d13d1b1e5f,1750,stay,,,
e2ae68bd-54f2-4e38-89fc-53dcce5add02,Hollywoodbets Sharks,98,Lee-Marvin Mazibuko,ACTIVE,8206,25375,prop,b314ec41-b6b0-4274-a98f-4a675628d202,Hollywoodbets Sharks,e2ae68bd-54f2-4e38-89fc-53dcce5add02,98,stay,,,
8b15860f-dd5c-45c0-be1d-985e82f5e295,Munster Rugby,2150,Dan Kelly,ACTIVE,7526,36718,centre,b314ec41-b6b0-4274-a98f-4a675628d202,Munster Rugby,8b15860f-dd5c-45c0-be1d-985e82f5e295,2150,stay,,,
41d2c944-4a5a-4de0-8eb4-e5b57835cff7,Connacht Rugby,3400,Cian Prendergast,ACTIVE,7400,33661,loose-forward,b314ec41-b6b0-4274-a98f-4a675628d202,Connacht Rugby,41d2c944-4a5a-4de0-8eb4-e5b57835cff7,3400,stay,,,
ee3c51c4-b2f3-42ba-9434-37c4455d9276,DHL Stormers,99,Oliver Reid,ACTIVE,8213,901278,prop,b314ec41-b6b0-4274-a98f-4a675628d202,DHL Stormers,ee3c51c4-b2f3-42ba-9434-37c4455d9276,99,stay,,,
09c7ae37-447c-4020-9e2e-b5239ee2d58b,Scarlets,1700,Josh MacLeod,ACTIVE,7145,25019,loose-forward,b314ec41-b6b0-4274-a98f-4a675628d202,Scarlets,09c7ae37-447c-4020-9e2e-b5239ee2d58b,1700,stay,,,
3bb58f66-38c1-4f9c-adff-0ac33a01533b,Saracens,1500,Oscar Wilson,ACTIVE,7887,57624,centre,9233192a-bfed-489b-b224-5c9e02f587de,Saracens,3bb58f66-38c1-4f9c-adff-0ac33a01533b,1500,stay,,,
09c7ae37-447c-4020-9e2e-b5239ee2d58b,Scarlets,1700,Jake Ball,ACTIVE,8146,20155,lock,b314ec41-b6b0-4274-a98f-4a675628d202,,,,retired,https://en.wikipedia.org/wiki/List_of_2026%E2%80%9327_United_Rugby_Championship_transfers,Medium,Retired
ee3c51c4-b2f3-42ba-9434-37c4455d9276,DHL Stormers,99,Deon Fourie,ACTIVE,8107,8737,loose-forward,b314ec41-b6b0-4274-a98f-4a675628d202,DHL Stormers,ee3c51c4-b2f3-42ba-9434-37c4455d9276,99,stay,,,
e2ae68bd-54f2-4e38-89fc-53dcce5add02,Hollywoodbets Sharks,98,Jannes Potgieter,ACTIVE,7784,44324,loose-forward,b314ec41-b6b0-4274-a98f-4a675628d202,Hollywoodbets Sharks,e2ae68bd-54f2-4e38-89fc-53dcce5add02,98,stay,,,
17751c9c-264e-464e-adc8-1468fd75dbef,Newcastle Red Bull,1350,Alex Hearle,ACTIVE,7217,27145,centre,9233192a-bfed-489b-b224-5c9e02f587de,Newcastle Red Bull,17751c9c-264e-464e-adc8-1468fd75dbef,1350,stay,,,
17751c9c-264e-464e-adc8-1468fd75dbef,Newcastle Red Bull,1350,Harrison Obatoyinbo,ACTIVE,8258,37477,outside-back,9233192a-bfed-489b-b224-5c9e02f587de,Newcastle Red Bull,17751c9c-264e-464e-adc8-1468fd75dbef,1350,stay,,,
3d94bdf3-43ef-4dbb-951f-38d13d1b1e5f,Glasgow Warriors,1750,Rory Sutherland,ACTIVE,7008,22360,prop,b314ec41-b6b0-4274-a98f-4a675628d202,Glasgow Warriors,3d94bdf3-43ef-4dbb-951f-38d13d1b1e5f,1750,stay,,,
6fd77b22-06bc-49f7-8837-b213e335ec7a,Cardiff Rugby,2200,Josh Adams,ACTIVE,6954,21514,outside-back,b314ec41-b6b0-4274-a98f-4a675628d202,Cardiff Rugby,6fd77b22-06bc-49f7-8837-b213e335ec7a,2200,stay,,,
b05b5971-dd90-44ae-999d-7bde3b2ebf96,Ospreys,3250,James Fender,ACTIVE,7513,36678,lock,b314ec41-b6b0-4274-a98f-4a675628d202,,,,departed,https://en.wikipedia.org/wiki/List_of_2026%E2%80%9327_United_Rugby_Championship_transfers,Medium,To Grenoble
af6ad454-5636-4711-be6d-1cb29078219a,Lions,63,Tapiwa Mafura,ACTIVE,7201,26949,outside-back,b314ec41-b6b0-4274-a98f-4a675628d202,Lions,af6ad454-5636-4711-be6d-1cb29078219a,63,stay,,,
6e09f000-1b71-426f-b349-2c528cba8584,Vodacom Bulls,97,Akker van der Merwe,ACTIVE,6988,21792,hooker,b314ec41-b6b0-4274-a98f-4a675628d202,Vodacom Bulls,6e09f000-1b71-426f-b349-2c528cba8584,97,stay,,,
9e46b555-7bd7-4113-9005-641caab27c3c,Ulster Rugby,2450,Jonny Scott,ACTIVE,8103,69650,centre,b314ec41-b6b0-4274-a98f-4a675628d202,Ulster Rugby,9e46b555-7bd7-4113-9005-641caab27c3c,2450,stay,,,
9e46b555-7bd7-4113-9005-641caab27c3c,Ulster Rugby,2450,Josh Stevens,ACTIVE,8021,62049,loose-forward,b314ec41-b6b0-4274-a98f-4a675628d202,Ulster Rugby,9e46b555-7bd7-4113-9005-641caab27c3c,2450,stay,,,
6fd77b22-06bc-49f7-8837-b213e335ec7a,Cardiff Rugby,2200,Harri Wilde,ACTIVE,7942,59291,fly-half,b314ec41-b6b0-4274-a98f-4a675628d202,Cardiff Rugby,6fd77b22-06bc-49f7-8837-b213e335ec7a,2200,stay,,,
e2ae68bd-54f2-4e38-89fc-53dcce5add02,Hollywoodbets Sharks,98,Siya Ningiza,ACTIVE,7656,39269,loose-forward,b314ec41-b6b0-4274-a98f-4a675628d202,Hollywoodbets Sharks,e2ae68bd-54f2-4e38-89fc-53dcce5add02,98,stay,,,
af6ad454-5636-4711-be6d-1cb29078219a,Lions,63,Jaco Visagie,ACTIVE,6949,21420,hooker,b314ec41-b6b0-4274-a98f-4a675628d202,Lions,af6ad454-5636-4711-be6d-1cb29078219a,63,stay,,,
aebd3bc4-7445-44b7-beae-ded6ad3609bd,Zebre Parma,10650,Iacopo Bianchi,ACTIVE,7228,27374,loose-forward,b314ec41-b6b0-4274-a98f-4a675628d202,,,,departed,https://en.wikipedia.org/wiki/List_of_2026%E2%80%9327_United_Rugby_Championship_transfers,Medium,To Rugby Rovigo
5fdcc251-1a9e-40cf-9767-a5271ff4dbc0,Edinburgh Rugby,1950,Ewan Ashman,ACTIVE,7344,31235,hooker,b314ec41-b6b0-4274-a98f-4a675628d202,Edinburgh Rugby,5fdcc251-1a9e-40cf-9767-a5271ff4dbc0,1950,stay,,,
09c7ae37-447c-4020-9e2e-b5239ee2d58b,Scarlets,1700,Alec Hepburn,ACTIVE,6875,19661,prop,b314ec41-b6b0-4274-a98f-4a675628d202,Edinburgh Rugby,5fdcc251-1a9e-40cf-9767-a5271ff4dbc0,1950,move,https://en.wikipedia.org/wiki/List_of_2026%E2%80%9327_United_Rugby_Championship_transfers,Medium,
dc118c04-038a-46e7-a805-298fbe0d2e66,Leinster Rugby,2300,Diarmuid Mangan,ACTIVE,7788,44414,loose-forward,b314ec41-b6b0-4274-a98f-4a675628d202,Leinster Rugby,dc118c04-038a-46e7-a805-298fbe0d2e66,2300,stay,,,
6e09f000-1b71-426f-b349-2c528cba8584,Vodacom Bulls,97,JF van Heerden,ACTIVE,7922,58758,lock,b314ec41-b6b0-4274-a98f-4a675628d202,Vodacom Bulls,6e09f000-1b71-426f-b349-2c528cba8584,97,stay,,,
17751c9c-264e-464e-adc8-1468fd75dbef,Newcastle Red Bull,1350,Bryan Byrne,ACTIVE,6912,20569,hooker,9233192a-bfed-489b-b224-5c9e02f587de,Newcastle Red Bull,17751c9c-264e-464e-adc8-1468fd75dbef,1350,stay,,,
dc118c04-038a-46e7-a805-298fbe0d2e66,Leinster Rugby,2300,Conor O'Tighearnaigh,ACTIVE,7748,43920,lock,b314ec41-b6b0-4274-a98f-4a675628d202,Leinster Rugby,dc118c04-038a-46e7-a805-298fbe0d2e66,2300,stay,,,
5fdcc251-1a9e-40cf-9767-a5271ff4dbc0,Edinburgh Rugby,1950,Tom Dodd,ACTIVE,7175,25974,loose-forward,b314ec41-b6b0-4274-a98f-4a675628d202,Edinburgh Rugby,5fdcc251-1a9e-40cf-9767-a5271ff4dbc0,1950,stay,,,
41d2c944-4a5a-4de0-8eb4-e5b57835cff7,Connacht Rugby,3400,Jack Carty,ACTIVE,6879,19754,fly-half,b314ec41-b6b0-4274-a98f-4a675628d202,,,,retired,https://en.wikipedia.org/wiki/List_of_2026%E2%80%9327_United_Rugby_Championship_transfers,Medium,Retired
3d94bdf3-43ef-4dbb-951f-38d13d1b1e5f,Glasgow Warriors,1750,Sione Tuipulotu,ACTIVE,7048,23331,centre,b314ec41-b6b0-4274-a98f-4a675628d202,Glasgow Warriors,3d94bdf3-43ef-4dbb-951f-38d13d1b1e5f,1750,stay,,,
6fd77b22-06bc-49f7-8837-b213e335ec7a,Cardiff Rugby,2200,Mason Grady,ACTIVE,7531,36824,centre,b314ec41-b6b0-4274-a98f-4a675628d202,Cardiff Rugby,6fd77b22-06bc-49f7-8837-b213e335ec7a,2200,stay,,,
6fd77b22-06bc-49f7-8837-b213e335ec7a,Cardiff Rugby,2200,Dafydd Hughes,ACTIVE,7101,24471,hooker,b314ec41-b6b0-4274-a98f-4a675628d202,Cardiff Rugby,6fd77b22-06bc-49f7-8837-b213e335ec7a,2200,stay,,,
41d2c944-4a5a-4de0-8eb4-e5b57835cff7,Connacht Rugby,3400,Matt Victory,ACTIVE,8324,58409,hooker,b314ec41-b6b0-4274-a98f-4a675628d202,Connacht Rugby,41d2c944-4a5a-4de0-8eb4-e5b57835cff7,3400,stay,,,
3d94bdf3-43ef-4dbb-951f-38d13d1b1e5f,Glasgow Warriors,1750,Josh McKay,ACTIVE,7135,24954,outside-back,b314ec41-b6b0-4274-a98f-4a675628d202,Glasgow Warriors,3d94bdf3-43ef-4dbb-951f-38d13d1b1e5f,1750,stay,,,
ee3c51c4-b2f3-42ba-9434-37c4455d9276,DHL Stormers,99,Alex Groves,ACTIVE,8216,36856,lock,b314ec41-b6b0-4274-a98f-4a675628d202,Scarlets,09c7ae37-447c-4020-9e2e-b5239ee2d58b,1700,move,https://en.wikipedia.org/wiki/List_of_2026%E2%80%9327_United_Rugby_Championship_transfers,Medium,"Duplicate resolved: 25-26 Stormers, 26-27 Scarlets (Stormers OUT / Scarlets IN). Dropped spurious Sale row."
6959008c-ebd2-49ed-b1db-29a124e3e922,Harlequins,1150,Harry Williams,ACTIVE,8131,20445,prop,9233192a-bfed-489b-b224-5c9e02f587de,Harlequins,6959008c-ebd2-49ed-b1db-29a124e3e922,1150,stay,,,
3d94bdf3-43ef-4dbb-951f-38d13d1b1e5f,Glasgow Warriors,1750,Ally Miller,ACTIVE,7027,22748,loose-forward,b314ec41-b6b0-4274-a98f-4a675628d202,Glasgow Warriors,3d94bdf3-43ef-4dbb-951f-38d13d1b1e5f,1750,stay,,,
6e09f000-1b71-426f-b349-2c528cba8584,Vodacom Bulls,97,Stravino Jacobs,ACTIVE,7540,37661,outside-back,b314ec41-b6b0-4274-a98f-4a675628d202,Vodacom Bulls,6e09f000-1b71-426f-b349-2c528cba8584,97,stay,,,
3d94bdf3-43ef-4dbb-951f-38d13d1b1e5f,Glasgow Warriors,1750,Charlie Savala,ACTIVE,7358,32106,fly-half,b314ec41-b6b0-4274-a98f-4a675628d202,Glasgow Warriors,3d94bdf3-43ef-4dbb-951f-38d13d1b1e5f,1750,stay,,,
20aa34f7-3d7a-4cf4-be95-70ca236af7a0,Bath Rugby,1000,Tom Cowan,ACTIVE,7709,40101,loose-forward,9233192a-bfed-489b-b224-5c9e02f587de,Bath Rugby,20aa34f7-3d7a-4cf4-be95-70ca236af7a0,1000,stay,,,
e2ae68bd-54f2-4e38-89fc-53dcce5add02,Hollywoodbets Sharks,98,Willem van den Hever,ACTIVE,8212,64227,hooker,b314ec41-b6b0-4274-a98f-4a675628d202,Hollywoodbets Sharks,e2ae68bd-54f2-4e38-89fc-53dcce5add02,98,stay,,,
9e46b555-7bd7-4113-9005-641caab27c3c,Ulster Rugby,2450,Werner Kok,ACTIVE,6940,21009,outside-back,b314ec41-b6b0-4274-a98f-4a675628d202,Newcastle Red Bull,17751c9c-264e-464e-adc8-1468fd75dbef,1350,move,https://en.wikipedia.org/wiki/List_of_2026%E2%80%9327_United_Rugby_Championship_transfers,Medium,
6fd77b22-06bc-49f7-8837-b213e335ec7a,Cardiff Rugby,2200,Rhys Barratt,ACTIVE,7718,40567,prop,b314ec41-b6b0-4274-a98f-4a675628d202,Cardiff Rugby,6fd77b22-06bc-49f7-8837-b213e335ec7a,2200,stay,,,
6fd77b22-06bc-49f7-8837-b213e335ec7a,Cardiff Rugby,2200,Josh McNally,ACTIVE,7011,22568,lock,b314ec41-b6b0-4274-a98f-4a675628d202,Cardiff Rugby,6fd77b22-06bc-49f7-8837-b213e335ec7a,2200,stay,,,
e33c7a17-a675-46a9-b68c-be767cc211db,Northampton Saints,1400,Tommy Freeman,ACTIVE,7476,35530,outside-back,9233192a-bfed-489b-b224-5c9e02f587de,Northampton Saints,e33c7a17-a675-46a9-b68c-be767cc211db,1400,stay,,,
e33c7a17-a675-46a9-b68c-be767cc211db,Northampton Saints,1400,Archie Benson,ACTIVE,8060,64437,loose-forward,9233192a-bfed-489b-b224-5c9e02f587de,Northampton Saints,e33c7a17-a675-46a9-b68c-be767cc211db,1400,stay,,,
9e46b555-7bd7-4113-9005-641caab27c3c,Ulster Rugby,2450,James McKillop,ACTIVE,8046,62431,loose-forward,b314ec41-b6b0-4274-a98f-4a675628d202,Ulster Rugby,9e46b555-7bd7-4113-9005-641caab27c3c,2450,stay,,,
8b15860f-dd5c-45c0-be1d-985e82f5e295,Munster Rugby,2150,Edwin Edogbo,ACTIVE,7721,40578,lock,b314ec41-b6b0-4274-a98f-4a675628d202,Munster Rugby,8b15860f-dd5c-45c0-be1d-985e82f5e295,2150,stay,,,
dc118c04-038a-46e7-a805-298fbe0d2e66,Leinster Rugby,2300,Jordan Larmour,ACTIVE,7131,24814,outside-back,b314ec41-b6b0-4274-a98f-4a675628d202,Leinster Rugby,dc118c04-038a-46e7-a805-298fbe0d2e66,2300,stay,,,
dc118c04-038a-46e7-a805-298fbe0d2e66,Leinster Rugby,2300,Ciaran Mangan,ACTIVE,8299,59521,outside-back,b314ec41-b6b0-4274-a98f-4a675628d202,Leinster Rugby,dc118c04-038a-46e7-a805-298fbe0d2e66,2300,stay,,,
6fd77b22-06bc-49f7-8837-b213e335ec7a,Cardiff Rugby,2200,Joe Cowell,ACTIVE,7717,40564,prop,b314ec41-b6b0-4274-a98f-4a675628d202,Cardiff Rugby,6fd77b22-06bc-49f7-8837-b213e335ec7a,2200,stay,,,
d9f721ee-9da6-4aa0-8e98-22cf91afd251,Bristol Bears,1050,Paddy Pearce,ACTIVE,7918,58633,loose-forward,9233192a-bfed-489b-b224-5c9e02f587de,Bristol Bears,d9f721ee-9da6-4aa0-8e98-22cf91afd251,1050,stay,,,
17751c9c-264e-464e-adc8-1468fd75dbef,Newcastle Red Bull,1350,Philip van der Walt,ACTIVE,6800,11185,loose-forward,9233192a-bfed-489b-b224-5c9e02f587de,Newcastle Red Bull,17751c9c-264e-464e-adc8-1468fd75dbef,1350,stay,,,
20aa34f7-3d7a-4cf4-be95-70ca236af7a0,Bath Rugby,1000,Will Butt,ACTIVE,7351,31245,centre,9233192a-bfed-489b-b224-5c9e02f587de,Exeter Chiefs,ca7c6d0f-7bef-4fad-8ac2-d202471fa122,84,move,https://en.wikipedia.org/wiki/List_of_2026%E2%80%9327_Premiership_Rugby_transfers ; https://all.rugby/transfers/premiership,Medium,
ca7c6d0f-7bef-4fad-8ac2-d202471fa122,Exeter Chiefs,84,Finn Worley-Brady,ACTIVE,8003,61266,loose-forward,9233192a-bfed-489b-b224-5c9e02f587de,Exeter Chiefs,ca7c6d0f-7bef-4fad-8ac2-d202471fa122,84,stay,,,
e2ae68bd-54f2-4e38-89fc-53dcce5add02,Hollywoodbets Sharks,98,Ox Nche,ACTIVE,7053,23371,prop,b314ec41-b6b0-4274-a98f-4a675628d202,Hollywoodbets Sharks,e2ae68bd-54f2-4e38-89fc-53dcce5add02,98,stay,,,
961763ec-e93a-42f8-a91e-f7fcb114c02c,Benetton Rugby,1850,Giuliano Avaca,ACTIVE,7866,57520,scrum-half,b314ec41-b6b0-4274-a98f-4a675628d202,Benetton Rugby,961763ec-e93a-42f8-a91e-f7fcb114c02c,1850,stay,,,
9e46b555-7bd7-4113-9005-641caab27c3c,Ulster Rugby,2450,Aaron Sexton,ACTIVE,7397,33653,outside-back,b314ec41-b6b0-4274-a98f-4a675628d202,Ulster Rugby,9e46b555-7bd7-4113-9005-641caab27c3c,2450,stay,,,
ee3c51c4-b2f3-42ba-9434-37c4455d9276,DHL Stormers,99,Scarra Ntubeni,ACTIVE,6835,18689,hooker,b314ec41-b6b0-4274-a98f-4a675628d202,,,,retired,https://en.wikipedia.org/wiki/List_of_2026%E2%80%9327_United_Rugby_Championship_transfers,Medium,Retired
09c7ae37-447c-4020-9e2e-b5239ee2d58b,Scarlets,1700,Jarrod Taylor,ACTIVE,7661,39404,loose-forward,b314ec41-b6b0-4274-a98f-4a675628d202,,,,departed,https://en.wikipedia.org/wiki/List_of_2026%E2%80%9327_United_Rugby_Championship_transfers,Medium,To Ealing Trailfinders
09c7ae37-447c-4020-9e2e-b5239ee2d58b,Scarlets,1700,Josh Morse,ACTIVE,8331,58533,prop,b314ec41-b6b0-4274-a98f-4a675628d202,Scarlets,09c7ae37-447c-4020-9e2e-b5239ee2d58b,1700,stay,,,
3d94bdf3-43ef-4dbb-951f-38d13d1b1e5f,Glasgow Warriors,1750,Huw Jones,ACTIVE,7033,22794,centre,b314ec41-b6b0-4274-a98f-4a675628d202,,,,departed,https://en.wikipedia.org/wiki/List_of_2026%E2%80%9327_United_Rugby_Championship_transfers,Medium,To Toulon
6959008c-ebd2-49ed-b1db-29a124e3e922,Harlequins,1150,Lucas Friday,ACTIVE,7952,59430,scrum-half,9233192a-bfed-489b-b224-5c9e02f587de,Harlequins,6959008c-ebd2-49ed-b1db-29a124e3e922,1150,stay,,,
e33c7a17-a675-46a9-b68c-be767cc211db,Northampton Saints,1400,Sonny Tonga'uiha,ACTIVE,8061,64471,prop,9233192a-bfed-489b-b224-5c9e02f587de,Northampton Saints,e33c7a17-a675-46a9-b68c-be767cc211db,1400,stay,,,
ca7c6d0f-7bef-4fad-8ac2-d202471fa122,Exeter Chiefs,84,Campbell Ridl,ACTIVE,8001,61263,centre,9233192a-bfed-489b-b224-5c9e02f587de,Exeter Chiefs,ca7c6d0f-7bef-4fad-8ac2-d202471fa122,84,stay,,,
ca7c6d0f-7bef-4fad-8ac2-d202471fa122,Exeter Chiefs,84,Andrea Zambonin,ACTIVE,7460,34688,lock,9233192a-bfed-489b-b224-5c9e02f587de,Exeter Chiefs,ca7c6d0f-7bef-4fad-8ac2-d202471fa122,84,stay,,,
961763ec-e93a-42f8-a91e-f7fcb114c02c,Benetton Rugby,1850,Tomas Medina,ACTIVE,8355,63284,centre,b314ec41-b6b0-4274-a98f-4a675628d202,Benetton Rugby,961763ec-e93a-42f8-a91e-f7fcb114c02c,1850,stay,,,
8b15860f-dd5c-45c0-be1d-985e82f5e295,Munster Rugby,2150,Tony Butler,ACTIVE,7724,40589,fly-half,b314ec41-b6b0-4274-a98f-4a675628d202,,,,departed,https://en.wikipedia.org/wiki/List_of_2026%E2%80%9327_United_Rugby_Championship_transfers,Medium,Released — destination TBC
8b15860f-dd5c-45c0-be1d-985e82f5e295,Munster Rugby,2150,Danny Sheahan,ACTIVE,7892,58395,hooker,b314ec41-b6b0-4274-a98f-4a675628d202,Munster Rugby,8b15860f-dd5c-45c0-be1d-985e82f5e295,2150,stay,,,
dc118c04-038a-46e7-a805-298fbe0d2e66,Leinster Rugby,2300,Jamison Gibson-Park,ACTIVE,6891,20082,scrum-half,b314ec41-b6b0-4274-a98f-4a675628d202,Leinster Rugby,dc118c04-038a-46e7-a805-298fbe0d2e66,2300,stay,,,
aebd3bc4-7445-44b7-beae-ded6ad3609bd,Zebre Parma,10650,Guido Volpi,ACTIVE,7362,32709,loose-forward,b314ec41-b6b0-4274-a98f-4a675628d202,,,,departed,https://en.wikipedia.org/wiki/List_of_2026%E2%80%9327_United_Rugby_Championship_transfers,Medium,To Rugby Viadana
dc118c04-038a-46e7-a805-298fbe0d2e66,Leinster Rugby,2300,Joe McCarthy,ACTIVE,7518,36697,lock,b314ec41-b6b0-4274-a98f-4a675628d202,Leinster Rugby,dc118c04-038a-46e7-a805-298fbe0d2e66,2300,stay,,,
dc118c04-038a-46e7-a805-298fbe0d2e66,Leinster Rugby,2300,Scott Penny,ACTIVE,7385,33538,loose-forward,b314ec41-b6b0-4274-a98f-4a675628d202,Leinster Rugby,dc118c04-038a-46e7-a805-298fbe0d2e66,2300,stay,,,
6fd77b22-06bc-49f7-8837-b213e335ec7a,Cardiff Rugby,2200,Iwan Stephens,ACTIVE,7549,37747,outside-back,b314ec41-b6b0-4274-a98f-4a675628d202,Cardiff Rugby,6fd77b22-06bc-49f7-8837-b213e335ec7a,2200,stay,,,
e2ae68bd-54f2-4e38-89fc-53dcce5add02,Hollywoodbets Sharks,98,Litelihle Bester,ACTIVE,7845,57078,centre,b314ec41-b6b0-4274-a98f-4a675628d202,Hollywoodbets Sharks,e2ae68bd-54f2-4e38-89fc-53dcce5add02,98,stay,,,
dc118c04-038a-46e7-a805-298fbe0d2e66,Leinster Rugby,2300,Brian Deeny,ACTIVE,7401,33663,lock,b314ec41-b6b0-4274-a98f-4a675628d202,Leinster Rugby,dc118c04-038a-46e7-a805-298fbe0d2e66,2300,stay,,,
6fd77b22-06bc-49f7-8837-b213e335ec7a,Cardiff Rugby,2200,Javan Sebastian,ACTIVE,7012,22585,prop,b314ec41-b6b0-4274-a98f-4a675628d202,Cardiff Rugby,6fd77b22-06bc-49f7-8837-b213e335ec7a,2200,stay,,,
af6ad454-5636-4711-be6d-1cb29078219a,Lions,63,Boldwin Hansen,ACTIVE,7652,39242,outside-back,b314ec41-b6b0-4274-a98f-4a675628d202,Lions,af6ad454-5636-4711-be6d-1cb29078219a,63,stay,,,
e33c7a17-a675-46a9-b68c-be767cc211db,Northampton Saints,1400,Chunya Munga,ACTIVE,7491,36044,lock,9233192a-bfed-489b-b224-5c9e02f587de,Northampton Saints,e33c7a17-a675-46a9-b68c-be767cc211db,1400,stay,,,
20aa34f7-3d7a-4cf4-be95-70ca236af7a0,Bath Rugby,1000,Louie Hennessey,ACTIVE,8243,56580,centre,9233192a-bfed-489b-b224-5c9e02f587de,Bath Rugby,20aa34f7-3d7a-4cf4-be95-70ca236af7a0,1000,stay,,High,Duplicate resolved: Bath centre (Cardiff was a 24-25 loan); stays at Bath. Dropped old Cardiff row (malformed pid).
ef455f5f-f067-4d29-ab67-f6e14b44a1e7,Leicester Tigers,1250,Solomone Kata,ACTIVE,7493,36335,centre,9233192a-bfed-489b-b224-5c9e02f587de,Leicester Tigers,ef455f5f-f067-4d29-ab67-f6e14b44a1e7,1250,stay,,,
3bb58f66-38c1-4f9c-adff-0ac33a01533b,Saracens,1500,Tayo Adegbemile,ACTIVE,7969,60147,lock,9233192a-bfed-489b-b224-5c9e02f587de,Saracens,3bb58f66-38c1-4f9c-adff-0ac33a01533b,1500,stay,,,
e2ae68bd-54f2-4e38-89fc-53dcce5add02,Hollywoodbets Sharks,98,Hanro Jacobs,ACTIVE,7451,34556,prop,b314ec41-b6b0-4274-a98f-4a675628d202,Hollywoodbets Sharks,e2ae68bd-54f2-4e38-89fc-53dcce5add02,98,stay,,,
e2ae68bd-54f2-4e38-89fc-53dcce5add02,Hollywoodbets Sharks,98,Tian Meyer,ACTIVE,6814,17275,scrum-half,b314ec41-b6b0-4274-a98f-4a675628d202,Hollywoodbets Sharks,e2ae68bd-54f2-4e38-89fc-53dcce5add02,98,stay,,,
af6ad454-5636-4711-be6d-1cb29078219a,Lions,63,Eddie Davids,ACTIVE,8291,40706,prop,b314ec41-b6b0-4274-a98f-4a675628d202,Lions,af6ad454-5636-4711-be6d-1cb29078219a,63,stay,,,
20aa34f7-3d7a-4cf4-be95-70ca236af7a0,Bath Rugby,1000,Scott Kirk,ACTIVE,7860,57380,prop,9233192a-bfed-489b-b224-5c9e02f587de,Bath Rugby,20aa34f7-3d7a-4cf4-be95-70ca236af7a0,1000,stay,,,
6e09f000-1b71-426f-b349-2c528cba8584,Vodacom Bulls,97,Keagan Johannes,ACTIVE,7496,36453,scrum-half,b314ec41-b6b0-4274-a98f-4a675628d202,Vodacom Bulls,6e09f000-1b71-426f-b349-2c528cba8584,97,stay,,,
ef455f5f-f067-4d29-ab67-f6e14b44a1e7,Leicester Tigers,1250,Osian Thomas,ACTIVE,8367,62070,lock,9233192a-bfed-489b-b224-5c9e02f587de,Leicester Tigers,ef455f5f-f067-4d29-ab67-f6e14b44a1e7,1250,stay,,,
6959008c-ebd2-49ed-b1db-29a124e3e922,Harlequins,1150,Guido Petti,ACTIVE,8130,20779,lock,9233192a-bfed-489b-b224-5c9e02f587de,Harlequins,6959008c-ebd2-49ed-b1db-29a124e3e922,1150,stay,,,
17751c9c-264e-464e-adc8-1468fd75dbef,Newcastle Red Bull,1350,Stefan Coetzee,ACTIVE,8257,50008,outside-back,9233192a-bfed-489b-b224-5c9e02f587de,,,,departed,https://en.wikipedia.org/wiki/List_of_2026%E2%80%9327_Premiership_Rugby_transfers ; https://all.rugby/transfers/premiership,Medium,Released — destination TBC
17751c9c-264e-464e-adc8-1468fd75dbef,Newcastle Red Bull,1350,Jack Dickens,ACTIVE,8262,903438,scrum-half,9233192a-bfed-489b-b224-5c9e02f587de,Newcastle Red Bull,17751c9c-264e-464e-adc8-1468fd75dbef,1350,stay,,,
ef455f5f-f067-4d29-ab67-f6e14b44a1e7,Leicester Tigers,1250,Will Wand,ACTIVE,7983,60590,centre,9233192a-bfed-489b-b224-5c9e02f587de,Leicester Tigers,ef455f5f-f067-4d29-ab67-f6e14b44a1e7,1250,stay,,,
ee3c51c4-b2f3-42ba-9434-37c4455d9276,DHL Stormers,99,Dewaldt Duvenage,ACTIVE,6795,10216,scrum-half,b314ec41-b6b0-4274-a98f-4a675628d202,DHL Stormers,ee3c51c4-b2f3-42ba-9434-37c4455d9276,99,stay,,,
bdb20011-d913-4688-b8fa-38a2a96c22b2,Dragons RFC,3100,Levi Douglas,ACTIVE,8165,24422,lock,b314ec41-b6b0-4274-a98f-4a675628d202,Dragons RFC,bdb20011-d913-4688-b8fa-38a2a96c22b2,3100,stay,,,
bdb20011-d913-4688-b8fa-38a2a96c22b2,Dragons RFC,3100,George Roberts,ACTIVE,8327,60503,hooker,b314ec41-b6b0-4274-a98f-4a675628d202,Scarlets,09c7ae37-447c-4020-9e2e-b5239ee2d58b,1700,move,https://en.wikipedia.org/wiki/List_of_2026%E2%80%9327_United_Rugby_Championship_transfers,Medium,
9e46b555-7bd7-4113-9005-641caab27c3c,Ulster Rugby,2450,Jack Murphy,ACTIVE,8023,62053,fly-half,b314ec41-b6b0-4274-a98f-4a675628d202,Ulster Rugby,9e46b555-7bd7-4113-9005-641caab27c3c,2450,stay,,,
3d94bdf3-43ef-4dbb-951f-38d13d1b1e5f,Glasgow Warriors,1750,Johnny Matthews,ACTIVE,6976,21696,hooker,b314ec41-b6b0-4274-a98f-4a675628d202,,,,departed,https://en.wikipedia.org/wiki/List_of_2026%E2%80%9327_United_Rugby_Championship_transfers,Medium,To Montauban
09c7ae37-447c-4020-9e2e-b5239ee2d58b,Scarlets,1700,Marnus van der Merwe,ACTIVE,7154,25359,hooker,b314ec41-b6b0-4274-a98f-4a675628d202,Munster Rugby,8b15860f-dd5c-45c0-be1d-985e82f5e295,2150,move,https://en.wikipedia.org/wiki/List_of_2026%E2%80%9327_United_Rugby_Championship_transfers,Medium,
17751c9c-264e-464e-adc8-1468fd75dbef,Newcastle Red Bull,1350,Ben Douglas,ACTIVE,7803,55926,scrum-half,9233192a-bfed-489b-b224-5c9e02f587de,Newcastle Red Bull,17751c9c-264e-464e-adc8-1468fd75dbef,1350,stay,,,
af6ad454-5636-4711-be6d-1cb29078219a,Lions,63,Bathobele Hlekani,ACTIVE,7976,60247,loose-forward,b314ec41-b6b0-4274-a98f-4a675628d202,Lions,af6ad454-5636-4711-be6d-1cb29078219a,63,stay,,,
ef455f5f-f067-4d29-ab67-f6e14b44a1e7,Leicester Tigers,1250,John Stewart,ACTIVE,7637,38801,hooker,9233192a-bfed-489b-b224-5c9e02f587de,,,,departed,https://en.wikipedia.org/wiki/List_of_2026%E2%80%9327_Premiership_Rugby_transfers ; https://all.rugby/transfers/premiership,Medium,Released — destination TBC
ef455f5f-f067-4d29-ab67-f6e14b44a1e7,Leicester Tigers,1250,Tom Manz,ACTIVE,7675,39785,lock,9233192a-bfed-489b-b224-5c9e02f587de,Leicester Tigers,ef455f5f-f067-4d29-ab67-f6e14b44a1e7,1250,stay,,,
ca7c6d0f-7bef-4fad-8ac2-d202471fa122,Exeter Chiefs,84,Oscar Beckerleg,ACTIVE,7949,59427,lock,9233192a-bfed-489b-b224-5c9e02f587de,Exeter Chiefs,ca7c6d0f-7bef-4fad-8ac2-d202471fa122,84,stay,,,
6fd77b22-06bc-49f7-8837-b213e335ec7a,Cardiff Rugby,2200,Will Davies-King,ACTIVE,7330,30992,prop,b314ec41-b6b0-4274-a98f-4a675628d202,,,,departed,https://en.wikipedia.org/wiki/List_of_2026%E2%80%9327_United_Rugby_Championship_transfers,Medium,To Bedford Blues
ee3c51c4-b2f3-42ba-9434-37c4455d9276,DHL Stormers,99,JJ Kotze,ACTIVE,7545,37682,hooker,b314ec41-b6b0-4274-a98f-4a675628d202,DHL Stormers,ee3c51c4-b2f3-42ba-9434-37c4455d9276,99,stay,,,
bdb20011-d913-4688-b8fa-38a2a96c22b2,Dragons RFC,3100,Rio Dyer,ACTIVE,7293,29813,outside-back,b314ec41-b6b0-4274-a98f-4a675628d202,Dragons RFC,bdb20011-d913-4688-b8fa-38a2a96c22b2,3100,stay,,,
bdb20011-d913-4688-b8fa-38a2a96c22b2,Dragons RFC,3100,Codi Purnell,ACTIVE,8109,900951,prop,b314ec41-b6b0-4274-a98f-4a675628d202,Dragons RFC,bdb20011-d913-4688-b8fa-38a2a96c22b2,3100,stay,,,
6959008c-ebd2-49ed-b1db-29a124e3e922,Harlequins,1150,Stu Townsend,ACTIVE,6897,20366,scrum-half,9233192a-bfed-489b-b224-5c9e02f587de,Harlequins,6959008c-ebd2-49ed-b1db-29a124e3e922,1150,stay,,,
20aa34f7-3d7a-4cf4-be95-70ca236af7a0,Bath Rugby,1000,Arthur Green,ACTIVE,7795,54411,loose-forward,9233192a-bfed-489b-b224-5c9e02f587de,Bath Rugby,20aa34f7-3d7a-4cf4-be95-70ca236af7a0,1000,stay,,,
af6ad454-5636-4711-be6d-1cb29078219a,Lions,63,Morne Brandon,ACTIVE,7571,38186,hooker,b314ec41-b6b0-4274-a98f-4a675628d202,Lions,af6ad454-5636-4711-be6d-1cb29078219a,63,stay,,,
ca7c6d0f-7bef-4fad-8ac2-d202471fa122,Exeter Chiefs,84,Nick Lilley,ACTIVE,7974,60157,centre,9233192a-bfed-489b-b224-5c9e02f587de,Exeter Chiefs,ca7c6d0f-7bef-4fad-8ac2-d202471fa122,84,stay,,,
8b15860f-dd5c-45c0-be1d-985e82f5e295,Munster Rugby,2150,Gene O'Leary Kareem,ACTIVE,7960,59520,centre,b314ec41-b6b0-4274-a98f-4a675628d202,Munster Rugby,8b15860f-dd5c-45c0-be1d-985e82f5e295,2150,stay,,,
8b15860f-dd5c-45c0-be1d-985e82f5e295,Munster Rugby,2150,Tadhg Beirne,ACTIVE,6873,19657,lock,b314ec41-b6b0-4274-a98f-4a675628d202,Munster Rugby,8b15860f-dd5c-45c0-be1d-985e82f5e295,2150,stay,,,
3bb58f66-38c1-4f9c-adff-0ac33a01533b,Saracens,1500,Callum Braley,ACTIVE,6784,20448,scrum-half,9233192a-bfed-489b-b224-5c9e02f587de,Saracens,3bb58f66-38c1-4f9c-adff-0ac33a01533b,1500,stay,,,
17751c9c-264e-464e-adc8-1468fd75dbef,Newcastle Red Bull,1350,Cameron Hutchison,ACTIVE,7221,27308,centre,9233192a-bfed-489b-b224-5c9e02f587de,Newcastle Red Bull,17751c9c-264e-464e-adc8-1468fd75dbef,1350,stay,,,
ef455f5f-f067-4d29-ab67-f6e14b44a1e7,Leicester Tigers,1250,Archie van der Flier,ACTIVE,7985,60634,prop,9233192a-bfed-489b-b224-5c9e02f587de,Leicester Tigers,ef455f5f-f067-4d29-ab67-f6e14b44a1e7,1250,stay,,,
e33c7a17-a675-46a9-b68c-be767cc211db,Northampton Saints,1400,Josh Kemeny,ACTIVE,7315,30380,loose-forward,9233192a-bfed-489b-b224-5c9e02f587de,Northampton Saints,e33c7a17-a675-46a9-b68c-be767cc211db,1400,stay,,,
e33c7a17-a675-46a9-b68c-be767cc211db,Northampton Saints,1400,Alex Coles,ACTIVE,7377,33114,lock,9233192a-bfed-489b-b224-5c9e02f587de,Northampton Saints,e33c7a17-a675-46a9-b68c-be767cc211db,1400,stay,,,
09c7ae37-447c-4020-9e2e-b5239ee2d58b,Scarlets,1700,Louie Trevett,ACTIVE,7828,57046,prop,b314ec41-b6b0-4274-a98f-4a675628d202,Scarlets,09c7ae37-447c-4020-9e2e-b5239ee2d58b,1700,stay,,,
bdb20011-d913-4688-b8fa-38a2a96c22b2,Dragons RFC,3100,Angus O'Brien,ACTIVE,6971,21641,outside-back,b314ec41-b6b0-4274-a98f-4a675628d202,Dragons RFC,bdb20011-d913-4688-b8fa-38a2a96c22b2,3100,stay,,,
17751c9c-264e-464e-adc8-1468fd75dbef,Newcastle Red Bull,1350,Liam Williams,ACTIVE,6827,18613,outside-back,9233192a-bfed-489b-b224-5c9e02f587de,Newcastle Red Bull,17751c9c-264e-464e-adc8-1468fd75dbef,1350,stay,,,
aebd3bc4-7445-44b7-beae-ded6ad3609bd,Zebre Parma,10650,Martin Roger Farias,ACTIVE,8122,null,fly-half,b314ec41-b6b0-4274-a98f-4a675628d202,,,,departed,https://en.wikipedia.org/wiki/List_of_2026%E2%80%9327_United_Rugby_Championship_transfers,Medium,Released — destination TBC
af6ad454-5636-4711-be6d-1cb29078219a,Lions,63,Conraad van Vuuren,ACTIVE,7204,27073,prop,b314ec41-b6b0-4274-a98f-4a675628d202,Lions,af6ad454-5636-4711-be6d-1cb29078219a,63,stay,,,
af6ad454-5636-4711-be6d-1cb29078219a,Lions,63,Kade Wolhuter,ACTIVE,7543,37674,fly-half,b314ec41-b6b0-4274-a98f-4a675628d202,Lions,af6ad454-5636-4711-be6d-1cb29078219a,63,stay,,,
473a715d-80f5-4707-a8e2-52902fadc9bc,Sale Sharks,1450,Alex Wills,ACTIVE,7875,57559,outside-back,9233192a-bfed-489b-b224-5c9e02f587de,Sale Sharks,473a715d-80f5-4707-a8e2-52902fadc9bc,1450,stay,,,
6959008c-ebd2-49ed-b1db-29a124e3e922,Harlequins,1150,Josh Bellamy,ACTIVE,7953,59431,fly-half,9233192a-bfed-489b-b224-5c9e02f587de,Harlequins,6959008c-ebd2-49ed-b1db-29a124e3e922,1150,stay,,,
961763ec-e93a-42f8-a91e-f7fcb114c02c,Benetton Rugby,1850,Simone Ferrari,ACTIVE,6910,20533,prop,b314ec41-b6b0-4274-a98f-4a675628d202,Benetton Rugby,961763ec-e93a-42f8-a91e-f7fcb114c02c,1850,stay,,,
804c604a-08f9-4d6c-b74d-2936f9b370dc,Gloucester Rugby,1100,Caio James,ACTIVE,8048,62504,loose-forward,9233192a-bfed-489b-b224-5c9e02f587de,Gloucester Rugby,804c604a-08f9-4d6c-b74d-2936f9b370dc,1100,stay,,,
961763ec-e93a-42f8-a91e-f7fcb114c02c,Benetton Rugby,1850,Scott Scrafton,ACTIVE,6926,20764,lock,b314ec41-b6b0-4274-a98f-4a675628d202,,,,retired,https://en.wikipedia.org/wiki/List_of_2026%E2%80%9327_United_Rugby_Championship_transfers,Medium,Retired
6fd77b22-06bc-49f7-8837-b213e335ec7a,Cardiff Rugby,2200,Leigh Halfpenny,ACTIVE,8293,16273,outside-back,b314ec41-b6b0-4274-a98f-4a675628d202,,,,retired,https://en.wikipedia.org/wiki/List_of_2026%E2%80%9327_United_Rugby_Championship_transfers,Medium,Retired
6fd77b22-06bc-49f7-8837-b213e335ec7a,Cardiff Rugby,2200,Harri Millard,ACTIVE,7104,24482,centre,b314ec41-b6b0-4274-a98f-4a675628d202,Cardiff Rugby,6fd77b22-06bc-49f7-8837-b213e335ec7a,2200,stay,,,
41d2c944-4a5a-4de0-8eb4-e5b57835cff7,Connacht Rugby,3400,Shamus Hurley-Langton,ACTIVE,7539,37633,loose-forward,b314ec41-b6b0-4274-a98f-4a675628d202,Connacht Rugby,41d2c944-4a5a-4de0-8eb4-e5b57835cff7,3400,stay,,,
6959008c-ebd2-49ed-b1db-29a124e3e922,Harlequins,1150,Jack Doorey-Palmer,ACTIVE,7853,57284,hooker,9233192a-bfed-489b-b224-5c9e02f587de,Leicester Tigers,ef455f5f-f067-4d29-ab67-f6e14b44a1e7,1250,move,https://en.wikipedia.org/wiki/List_of_2026%E2%80%9327_Premiership_Rugby_transfers ; https://all.rugby/transfers/premiership,Medium,
ca7c6d0f-7bef-4fad-8ac2-d202471fa122,Exeter Chiefs,84,Harry Ascherl,ACTIVE,8249,35511,centre,9233192a-bfed-489b-b224-5c9e02f587de,,,,departed,https://en.wikipedia.org/wiki/List_of_2026%E2%80%9327_Premiership_Rugby_transfers ; https://all.rugby/transfers/premiership,Medium,To Cornish Pirates
473a715d-80f5-4707-a8e2-52902fadc9bc,Sale Sharks,1450,Jos Gilmore,ACTIVE,8037,62370,lock,9233192a-bfed-489b-b224-5c9e02f587de,Sale Sharks,473a715d-80f5-4707-a8e2-52902fadc9bc,1450,stay,,,
8b15860f-dd5c-45c0-be1d-985e82f5e295,Munster Rugby,2150,Thomas Ahern,ACTIVE,7458,34666,lock,b314ec41-b6b0-4274-a98f-4a675628d202,Munster Rugby,8b15860f-dd5c-45c0-be1d-985e82f5e295,2150,stay,,,
8b15860f-dd5c-45c0-be1d-985e82f5e295,Munster Rugby,2150,Gordon Wood,ACTIVE,8067,67746,centre,b314ec41-b6b0-4274-a98f-4a675628d202,Munster Rugby,8b15860f-dd5c-45c0-be1d-985e82f5e295,2150,stay,,,
aebd3bc4-7445-44b7-beae-ded6ad3609bd,Zebre Parma,10650,Simone Gesi,ACTIVE,7597,38633,outside-back,b314ec41-b6b0-4274-a98f-4a675628d202,Zebre Parma,aebd3bc4-7445-44b7-beae-ded6ad3609bd,10650,stay,,,
af6ad454-5636-4711-be6d-1cb29078219a,Lions,63,Manuel Rass,ACTIVE,7266,29327,centre,b314ec41-b6b0-4274-a98f-4a675628d202,Lions,af6ad454-5636-4711-be6d-1cb29078219a,63,stay,,,
af6ad454-5636-4711-be6d-1cb29078219a,Lions,63,Johnnre Stopforth,ACTIVE,7796,54569,lock,b314ec41-b6b0-4274-a98f-4a675628d202,Lions,af6ad454-5636-4711-be6d-1cb29078219a,63,stay,,,
6959008c-ebd2-49ed-b1db-29a124e3e922,Harlequins,1150,Sean Kerr,ACTIVE,7836,57059,centre,9233192a-bfed-489b-b224-5c9e02f587de,Harlequins,6959008c-ebd2-49ed-b1db-29a124e3e922,1150,stay,,,
ef455f5f-f067-4d29-ab67-f6e14b44a1e7,Leicester Tigers,1250,James O'Connor,ACTIVE,8134,9680,fly-half,9233192a-bfed-489b-b224-5c9e02f587de,,,,departed,https://en.wikipedia.org/wiki/List_of_2026%E2%80%9327_Premiership_Rugby_transfers ; https://all.rugby/transfers/premiership,Medium,Released — destination TBC
ca7c6d0f-7bef-4fad-8ac2-d202471fa122,Exeter Chiefs,84,Christ Tshiunza,ACTIVE,7624,38684,lock,9233192a-bfed-489b-b224-5c9e02f587de,Sale Sharks,473a715d-80f5-4707-a8e2-52902fadc9bc,1450,move,https://en.wikipedia.org/wiki/List_of_2026%E2%80%9327_Premiership_Rugby_transfers ; https://all.rugby/transfers/premiership,Medium,
ee3c51c4-b2f3-42ba-9434-37c4455d9276,DHL Stormers,99,Jurie Matthee,ACTIVE,7963,59669,fly-half,b314ec41-b6b0-4274-a98f-4a675628d202,DHL Stormers,ee3c51c4-b2f3-42ba-9434-37c4455d9276,99,stay,,,
ee3c51c4-b2f3-42ba-9434-37c4455d9276,DHL Stormers,99,Seabelo Senatla,ACTIVE,6921,20667,outside-back,b314ec41-b6b0-4274-a98f-4a675628d202,DHL Stormers,ee3c51c4-b2f3-42ba-9434-37c4455d9276,99,stay,,,
af6ad454-5636-4711-be6d-1cb29078219a,Lions,63,Dustyn Holmes,ACTIVE,7988,60721,outside-back,b314ec41-b6b0-4274-a98f-4a675628d202,Lions,af6ad454-5636-4711-be6d-1cb29078219a,63,stay,,,
ca7c6d0f-7bef-4fad-8ac2-d202471fa122,Exeter Chiefs,84,Tyler Bayley,ACTIVE,8248,903377,prop,9233192a-bfed-489b-b224-5c9e02f587de,Exeter Chiefs,ca7c6d0f-7bef-4fad-8ac2-d202471fa122,84,stay,,,
804c604a-08f9-4d6c-b74d-2936f9b370dc,Gloucester Rugby,1100,Kealan Freeman-Price,ACTIVE,8251,901202,hooker,9233192a-bfed-489b-b224-5c9e02f587de,Gloucester Rugby,804c604a-08f9-4d6c-b74d-2936f9b370dc,1100,stay,,,
804c604a-08f9-4d6c-b74d-2936f9b370dc,Gloucester Rugby,1100,Archie McArthur,ACTIVE,7670,39766,prop,9233192a-bfed-489b-b224-5c9e02f587de,Exeter Chiefs,ca7c6d0f-7bef-4fad-8ac2-d202471fa122,84,move,https://en.wikipedia.org/wiki/List_of_2026%E2%80%9327_Premiership_Rugby_transfers ; https://all.rugby/transfers/premiership,Medium,
9e46b555-7bd7-4113-9005-641caab27c3c,Ulster Rugby,2450,Cameron Doak,ACTIVE,7996,61241,prop,b314ec41-b6b0-4274-a98f-4a675628d202,Ulster Rugby,9e46b555-7bd7-4113-9005-641caab27c3c,2450,stay,,,
3d94bdf3-43ef-4dbb-951f-38d13d1b1e5f,Glasgow Warriors,1750,Ben Afshar,ACTIVE,7820,56286,scrum-half,b314ec41-b6b0-4274-a98f-4a675628d202,Glasgow Warriors,3d94bdf3-43ef-4dbb-951f-38d13d1b1e5f,1750,stay,,,
bdb20011-d913-4688-b8fa-38a2a96c22b2,Dragons RFC,3100,Luke Yendle,ACTIVE,7371,33079,prop,b314ec41-b6b0-4274-a98f-4a675628d202,,,,departed,https://en.wikipedia.org/wiki/List_of_2026%E2%80%9327_United_Rugby_Championship_transfers,Medium,Released — destination TBC
961763ec-e93a-42f8-a91e-f7fcb114c02c,Benetton Rugby,1850,Cristiano Tizzano,ACTIVE,8354,925610,scrum-half,b314ec41-b6b0-4274-a98f-4a675628d202,Benetton Rugby,961763ec-e93a-42f8-a91e-f7fcb114c02c,1850,stay,,,
b05b5971-dd90-44ae-999d-7bde3b2ebf96,Ospreys,3250,Reuben Morgan-Williams,ACTIVE,7062,23623,scrum-half,b314ec41-b6b0-4274-a98f-4a675628d202,Ospreys,b05b5971-dd90-44ae-999d-7bde3b2ebf96,3250,stay,,,
17751c9c-264e-464e-adc8-1468fd75dbef,Newcastle Red Bull,1350,John Kelly,ACTIVE,7979,60476,loose-forward,9233192a-bfed-489b-b224-5c9e02f587de,Newcastle Red Bull,17751c9c-264e-464e-adc8-1468fd75dbef,1350,stay,,,
20aa34f7-3d7a-4cf4-be95-70ca236af7a0,Bath Rugby,1000,Francois van Wyk,ACTIVE,6990,21855,prop,9233192a-bfed-489b-b224-5c9e02f587de,Connacht Rugby,41d2c944-4a5a-4de0-8eb4-e5b57835cff7,3400,move,https://en.wikipedia.org/wiki/List_of_2026%E2%80%9327_Premiership_Rugby_transfers ; https://all.rugby/transfers/premiership,Medium,
3bb58f66-38c1-4f9c-adff-0ac33a01533b,Saracens,1500,Ivan van Zyl,ACTIVE,7022,22731,scrum-half,9233192a-bfed-489b-b224-5c9e02f587de,Hollywoodbets Sharks,e2ae68bd-54f2-4e38-89fc-53dcce5add02,98,move,https://en.wikipedia.org/wiki/List_of_2026%E2%80%9327_Premiership_Rugby_transfers ; https://all.rugby/transfers/premiership,High,
e33c7a17-a675-46a9-b68c-be767cc211db,Northampton Saints,1400,Tom Litchfield,ACTIVE,7475,35526,centre,9233192a-bfed-489b-b224-5c9e02f587de,Northampton Saints,e33c7a17-a675-46a9-b68c-be767cc211db,1400,stay,,,
ee3c51c4-b2f3-42ba-9434-37c4455d9276,DHL Stormers,99,Clayton Blommetjies,ACTIVE,6796,10399,outside-back,b314ec41-b6b0-4274-a98f-4a675628d202,DHL Stormers,ee3c51c4-b2f3-42ba-9434-37c4455d9276,99,stay,,,
af6ad454-5636-4711-be6d-1cb29078219a,Lions,63,Haashim Pead,ACTIVE,8190,60240,scrum-half,b314ec41-b6b0-4274-a98f-4a675628d202,Lions,af6ad454-5636-4711-be6d-1cb29078219a,63,stay,,,
af6ad454-5636-4711-be6d-1cb29078219a,Lions,63,Asenathi Ntlabakanye,ACTIVE,7323,30938,prop,b314ec41-b6b0-4274-a98f-4a675628d202,Lions,af6ad454-5636-4711-be6d-1cb29078219a,63,stay,,,
6e09f000-1b71-426f-b349-2c528cba8584,Vodacom Bulls,97,Ruan Vermaak,ACTIVE,7205,27081,lock,b314ec41-b6b0-4274-a98f-4a675628d202,Vodacom Bulls,6e09f000-1b71-426f-b349-2c528cba8584,97,stay,,,
6e09f000-1b71-426f-b349-2c528cba8584,Vodacom Bulls,97,Ghudian Van Reenen,ACTIVE,7770,44199,loose-forward,b314ec41-b6b0-4274-a98f-4a675628d202,Vodacom Bulls,6e09f000-1b71-426f-b349-2c528cba8584,97,stay,,,
6e09f000-1b71-426f-b349-2c528cba8584,Vodacom Bulls,97,Zak Burger,ACTIVE,7329,30952,scrum-half,b314ec41-b6b0-4274-a98f-4a675628d202,Vodacom Bulls,6e09f000-1b71-426f-b349-2c528cba8584,97,stay,,,
804c604a-08f9-4d6c-b74d-2936f9b370dc,Gloucester Rugby,1100,George Barton,ACTIVE,7472,35517,fly-half,9233192a-bfed-489b-b224-5c9e02f587de,Gloucester Rugby,804c604a-08f9-4d6c-b74d-2936f9b370dc,1100,stay,,,
ef455f5f-f067-4d29-ab67-f6e14b44a1e7,Leicester Tigers,1250,Tubuna Maka,ACTIVE,8040,62375,prop,9233192a-bfed-489b-b224-5c9e02f587de,,,,departed,https://en.wikipedia.org/wiki/List_of_2026%E2%80%9327_Premiership_Rugby_transfers ; https://all.rugby/transfers/premiership,Medium,To Beziers
ef455f5f-f067-4d29-ab67-f6e14b44a1e7,Leicester Tigers,1250,Adam Radwan,ACTIVE,6786,25973,outside-back,9233192a-bfed-489b-b224-5c9e02f587de,Leicester Tigers,ef455f5f-f067-4d29-ab67-f6e14b44a1e7,1250,stay,,,
bdb20011-d913-4688-b8fa-38a2a96c22b2,Dragons RFC,3100,Tinus de Beer,ACTIVE,7057,23438,fly-half,b314ec41-b6b0-4274-a98f-4a675628d202,Dragons RFC,bdb20011-d913-4688-b8fa-38a2a96c22b2,3100,stay,,,
6e09f000-1b71-426f-b349-2c528cba8584,Vodacom Bulls,97,Sergeal Petersen,ACTIVE,6909,20527,outside-back,b314ec41-b6b0-4274-a98f-4a675628d202,Vodacom Bulls,6e09f000-1b71-426f-b349-2c528cba8584,97,stay,,,
6e09f000-1b71-426f-b349-2c528cba8584,Vodacom Bulls,97,Nama Xaba,ACTIVE,7156,25378,loose-forward,b314ec41-b6b0-4274-a98f-4a675628d202,Vodacom Bulls,6e09f000-1b71-426f-b349-2c528cba8584,97,stay,,,
3d94bdf3-43ef-4dbb-951f-38d13d1b1e5f,Glasgow Warriors,1750,Kerr Johnston,ACTIVE,7821,56287,outside-back,b314ec41-b6b0-4274-a98f-4a675628d202,Glasgow Warriors,3d94bdf3-43ef-4dbb-951f-38d13d1b1e5f,1750,stay,,,
aebd3bc4-7445-44b7-beae-ded6ad3609bd,Zebre Parma,10650,Nikolaj Varotto,ACTIVE,8283,901526,scrum-half,b314ec41-b6b0-4274-a98f-4a675628d202,Zebre Parma,aebd3bc4-7445-44b7-beae-ded6ad3609bd,10650,stay,,,
af6ad454-5636-4711-be6d-1cb29078219a,Lions,63,Marno Grobbelaar,ACTIVE,7761,44169,hooker,b314ec41-b6b0-4274-a98f-4a675628d202,Lions,af6ad454-5636-4711-be6d-1cb29078219a,63,stay,,,
e2ae68bd-54f2-4e38-89fc-53dcce5add02,Hollywoodbets Sharks,98,Braam Reyneke,ACTIVE,7654,39260,prop,b314ec41-b6b0-4274-a98f-4a675628d202,Hollywoodbets Sharks,e2ae68bd-54f2-4e38-89fc-53dcce5add02,98,stay,,,
dc118c04-038a-46e7-a805-298fbe0d2e66,Leinster Rugby,2300,Alex Soroka,ACTIVE,7519,36698,loose-forward,b314ec41-b6b0-4274-a98f-4a675628d202,Leinster Rugby,dc118c04-038a-46e7-a805-298fbe0d2e66,2300,stay,,,
804c604a-08f9-4d6c-b74d-2936f9b370dc,Gloucester Rugby,1100,Afolabi Fasogbon,ACTIVE,7876,57563,prop,9233192a-bfed-489b-b224-5c9e02f587de,Gloucester Rugby,804c604a-08f9-4d6c-b74d-2936f9b370dc,1100,stay,,,
5fdcc251-1a9e-40cf-9767-a5271ff4dbc0,Edinburgh Rugby,1950,Patrick Harrison,ACTIVE,7576,38275,hooker,b314ec41-b6b0-4274-a98f-4a675628d202,Edinburgh Rugby,5fdcc251-1a9e-40cf-9767-a5271ff4dbc0,1950,stay,,,
bdb20011-d913-4688-b8fa-38a2a96c22b2,Dragons RFC,3100,Nick Thomas,ACTIVE,7944,59296,lock,b314ec41-b6b0-4274-a98f-4a675628d202,Dragons RFC,bdb20011-d913-4688-b8fa-38a2a96c22b2,3100,stay,,,
bdb20011-d913-4688-b8fa-38a2a96c22b2,Dragons RFC,3100,Oli Burrows,ACTIVE,7620,38677,hooker,b314ec41-b6b0-4274-a98f-4a675628d202,Dragons RFC,bdb20011-d913-4688-b8fa-38a2a96c22b2,3100,stay,,,
af6ad454-5636-4711-be6d-1cb29078219a,Lions,63,Gianni Lombard,ACTIVE,7242,28268,fly-half,b314ec41-b6b0-4274-a98f-4a675628d202,Hollywoodbets Sharks,e2ae68bd-54f2-4e38-89fc-53dcce5add02,98,move,https://en.wikipedia.org/wiki/List_of_2026%E2%80%9327_United_Rugby_Championship_transfers,Medium,
aebd3bc4-7445-44b7-beae-ded6ad3609bd,Zebre Parma,10650,Jacopo Trulla,ACTIVE,7409,33830,outside-back,b314ec41-b6b0-4274-a98f-4a675628d202,Zebre Parma,aebd3bc4-7445-44b7-beae-ded6ad3609bd,10650,stay,,,
804c604a-08f9-4d6c-b74d-2936f9b370dc,Gloucester Rugby,1100,Jack Innard,ACTIVE,6947,21410,hooker,9233192a-bfed-489b-b224-5c9e02f587de,Gloucester Rugby,804c604a-08f9-4d6c-b74d-2936f9b370dc,1100,stay,,,
804c604a-08f9-4d6c-b74d-2936f9b370dc,Gloucester Rugby,1100,Rob Russell,ACTIVE,7423,33861,outside-back,9233192a-bfed-489b-b224-5c9e02f587de,,,,departed,https://en.wikipedia.org/wiki/List_of_2026%E2%80%9327_Premiership_Rugby_transfers ; https://all.rugby/transfers/premiership,Medium,Released — destination TBC
17751c9c-264e-464e-adc8-1468fd75dbef,Newcastle Red Bull,1350,Nicky Little,ACTIVE,8368,925798,prop,9233192a-bfed-489b-b224-5c9e02f587de,Newcastle Red Bull,17751c9c-264e-464e-adc8-1468fd75dbef,1350,stay,,,
20aa34f7-3d7a-4cf4-be95-70ca236af7a0,Bath Rugby,1000,Will Stuart,ACTIVE,7090,24121,prop,9233192a-bfed-489b-b224-5c9e02f587de,Bath Rugby,20aa34f7-3d7a-4cf4-be95-70ca236af7a0,1000,stay,,,
20aa34f7-3d7a-4cf4-be95-70ca236af7a0,Bath Rugby,1000,Beno Obano,ACTIVE,7039,22834,prop,9233192a-bfed-489b-b224-5c9e02f587de,Bath Rugby,20aa34f7-3d7a-4cf4-be95-70ca236af7a0,1000,stay,,,
ee3c51c4-b2f3-42ba-9434-37c4455d9276,DHL Stormers,99,Alistair Vermaak,ACTIVE,6936,20959,prop,b314ec41-b6b0-4274-a98f-4a675628d202,DHL Stormers,ee3c51c4-b2f3-42ba-9434-37c4455d9276,99,stay,,,
6959008c-ebd2-49ed-b1db-29a124e3e922,Harlequins,1150,Jonny Green,ACTIVE,7855,57286,lock,9233192a-bfed-489b-b224-5c9e02f587de,Harlequins,6959008c-ebd2-49ed-b1db-29a124e3e922,1150,stay,,,
804c604a-08f9-4d6c-b74d-2936f9b370dc,Gloucester Rugby,1100,James Venter,ACTIVE,7197,26823,loose-forward,9233192a-bfed-489b-b224-5c9e02f587de,Gloucester Rugby,804c604a-08f9-4d6c-b74d-2936f9b370dc,1100,stay,,,
aebd3bc4-7445-44b7-beae-ded6ad3609bd,Zebre Parma,10650,Ion Neculai,ACTIVE,7515,36684,prop,b314ec41-b6b0-4274-a98f-4a675628d202,Northampton Saints,e33c7a17-a675-46a9-b68c-be767cc211db,1400,move,https://en.wikipedia.org/wiki/List_of_2026%E2%80%9327_United_Rugby_Championship_transfers,High,
41d2c944-4a5a-4de0-8eb4-e5b57835cff7,Connacht Rugby,3400,Oisin Dowling,ACTIVE,7127,24799,lock,b314ec41-b6b0-4274-a98f-4a675628d202,,,,departed,https://en.wikipedia.org/wiki/List_of_2026%E2%80%9327_United_Rugby_Championship_transfers,Medium,Released — destination TBC
6fd77b22-06bc-49f7-8837-b213e335ec7a,Cardiff Rugby,2200,Ieuan Davies,ACTIVE,8158,46121,scrum-half,b314ec41-b6b0-4274-a98f-4a675628d202,Cardiff Rugby,6fd77b22-06bc-49f7-8837-b213e335ec7a,2200,stay,,,
09c7ae37-447c-4020-9e2e-b5239ee2d58b,Scarlets,1700,Tristan Davies,ACTIVE,7626,38686,loose-forward,b314ec41-b6b0-4274-a98f-4a675628d202,Scarlets,09c7ae37-447c-4020-9e2e-b5239ee2d58b,1700,stay,,,
ee3c51c4-b2f3-42ba-9434-37c4455d9276,DHL Stormers,99,Steven Kitshoff,ACTIVE,6840,18756,prop,b314ec41-b6b0-4274-a98f-4a675628d202,DHL Stormers,ee3c51c4-b2f3-42ba-9434-37c4455d9276,99,stay,,,
aebd3bc4-7445-44b7-beae-ded6ad3609bd,Zebre Parma,10650,David Sisi,ACTIVE,6822,18522,lock,b314ec41-b6b0-4274-a98f-4a675628d202,Zebre Parma,aebd3bc4-7445-44b7-beae-ded6ad3609bd,10650,stay,,,
bdb20011-d913-4688-b8fa-38a2a96c22b2,Dragons RFC,3100,Jordan Morris,ACTIVE,8328,62092,prop,b314ec41-b6b0-4274-a98f-4a675628d202,Dragons RFC,bdb20011-d913-4688-b8fa-38a2a96c22b2,3100,stay,,,
3bb58f66-38c1-4f9c-adff-0ac33a01533b,Saracens,1500,Charlie West,ACTIVE,8275,60355,loose-forward,9233192a-bfed-489b-b224-5c9e02f587de,Saracens,3bb58f66-38c1-4f9c-adff-0ac33a01533b,1500,stay,,,
473a715d-80f5-4707-a8e2-52902fadc9bc,Sale Sharks,1450,Tom Roebuck,ACTIVE,7348,31241,outside-back,9233192a-bfed-489b-b224-5c9e02f587de,Sale Sharks,473a715d-80f5-4707-a8e2-52902fadc9bc,1450,stay,,,
d9f721ee-9da6-4aa0-8e98-22cf91afd251,Bristol Bears,1050,Santiago Grondona,ACTIVE,7320,30915,loose-forward,9233192a-bfed-489b-b224-5c9e02f587de,,,,departed,https://en.wikipedia.org/wiki/List_of_2026%E2%80%9327_Premiership_Rugby_transfers ; https://all.rugby/transfers/premiership,Medium,To Pau
aebd3bc4-7445-44b7-beae-ded6ad3609bd,Zebre Parma,10650,Paolo Buonfiglio,ACTIVE,6956,21525,prop,b314ec41-b6b0-4274-a98f-4a675628d202,Zebre Parma,aebd3bc4-7445-44b7-beae-ded6ad3609bd,10650,stay,,,
6e09f000-1b71-426f-b349-2c528cba8584,Vodacom Bulls,97,Wilco Louw,ACTIVE,6981,21708,prop,b314ec41-b6b0-4274-a98f-4a675628d202,DHL Stormers,ee3c51c4-b2f3-42ba-9434-37c4455d9276,99,move,https://en.wikipedia.org/wiki/List_of_2026%E2%80%9327_United_Rugby_Championship_transfers,Medium,
6e09f000-1b71-426f-b349-2c528cba8584,Vodacom Bulls,97,Ruan Nortje,ACTIVE,7326,30946,lock,b314ec41-b6b0-4274-a98f-4a675628d202,,,,departed,https://en.wikipedia.org/wiki/List_of_2026%E2%80%9327_United_Rugby_Championship_transfers,Medium,To Kubota Spears
961763ec-e93a-42f8-a91e-f7fcb114c02c,Benetton Rugby,1850,Federico Ruzza,ACTIVE,6958,21537,lock,b314ec41-b6b0-4274-a98f-4a675628d202,Benetton Rugby,961763ec-e93a-42f8-a91e-f7fcb114c02c,1850,stay,,,
af6ad454-5636-4711-be6d-1cb29078219a,Lions,63,Franco Marais,ACTIVE,6886,19964,hooker,b314ec41-b6b0-4274-a98f-4a675628d202,,,,retired,https://en.wikipedia.org/wiki/List_of_2026%E2%80%9327_United_Rugby_Championship_transfers,Medium,Retired
bdb20011-d913-4688-b8fa-38a2a96c22b2,Dragons RFC,3100,Morgan Lloyd,ACTIVE,7738,43903,scrum-half,b314ec41-b6b0-4274-a98f-4a675628d202,Dragons RFC,bdb20011-d913-4688-b8fa-38a2a96c22b2,3100,stay,,,
473a715d-80f5-4707-a8e2-52902fadc9bc,Sale Sharks,1450,Tristan Woodman,ACTIVE,7917,58632,loose-forward,9233192a-bfed-489b-b224-5c9e02f587de,Sale Sharks,473a715d-80f5-4707-a8e2-52902fadc9bc,1450,stay,,,
e33c7a17-a675-46a9-b68c-be767cc211db,Northampton Saints,1400,Tom West,ACTIVE,7043,23273,prop,9233192a-bfed-489b-b224-5c9e02f587de,Newcastle Red Bull,17751c9c-264e-464e-adc8-1468fd75dbef,1350,move,https://en.wikipedia.org/wiki/List_of_2026%E2%80%9327_Premiership_Rugby_transfers ; https://all.rugby/transfers/premiership,Medium,
804c604a-08f9-4d6c-b74d-2936f9b370dc,Gloucester Rugby,1100,Deian Gwynne,ACTIVE,8047,62502,loose-forward,9233192a-bfed-489b-b224-5c9e02f587de,Gloucester Rugby,804c604a-08f9-4d6c-b74d-2936f9b370dc,1100,stay,,,
9e46b555-7bd7-4113-9005-641caab27c3c,Ulster Rugby,2450,Marcus Rea,ACTIVE,7128,24802,loose-forward,b314ec41-b6b0-4274-a98f-4a675628d202,,,,departed,https://en.wikipedia.org/wiki/List_of_2026%E2%80%9327_United_Rugby_Championship_transfers,Medium,Released — destination TBC
af6ad454-5636-4711-be6d-1cb29078219a,Lions,63,Eduan Keyter,ACTIVE,7193,26185,outside-back,b314ec41-b6b0-4274-a98f-4a675628d202,Lions,af6ad454-5636-4711-be6d-1cb29078219a,63,stay,,,
41d2c944-4a5a-4de0-8eb4-e5b57835cff7,Connacht Rugby,3400,Sean Walsh,ACTIVE,8325,64675,centre,b314ec41-b6b0-4274-a98f-4a675628d202,Connacht Rugby,41d2c944-4a5a-4de0-8eb4-e5b57835cff7,3400,stay,,,
af6ad454-5636-4711-be6d-1cb29078219a,Lions,63,Rynhardt Jonker,ACTIVE,7574,38205,centre,b314ec41-b6b0-4274-a98f-4a675628d202,Lions,af6ad454-5636-4711-be6d-1cb29078219a,63,stay,,,
af6ad454-5636-4711-be6d-1cb29078219a,Lions,63,Bronson Mills,ACTIVE,7763,44171,centre,b314ec41-b6b0-4274-a98f-4a675628d202,Lions,af6ad454-5636-4711-be6d-1cb29078219a,63,stay,,,
dc118c04-038a-46e7-a805-298fbe0d2e66,Leinster Rugby,2300,Jimmy O'Brien,ACTIVE,7079,23917,outside-back,b314ec41-b6b0-4274-a98f-4a675628d202,Leinster Rugby,dc118c04-038a-46e7-a805-298fbe0d2e66,2300,stay,,,
ee3c51c4-b2f3-42ba-9434-37c4455d9276,DHL Stormers,99,Connor Evans,ACTIVE,7704,40033,lock,b314ec41-b6b0-4274-a98f-4a675628d202,DHL Stormers,ee3c51c4-b2f3-42ba-9434-37c4455d9276,99,stay,,,
804c604a-08f9-4d6c-b74d-2936f9b370dc,Gloucester Rugby,1100,Caolan Englefield,ACTIVE,7479,35545,scrum-half,9233192a-bfed-489b-b224-5c9e02f587de,Gloucester Rugby,804c604a-08f9-4d6c-b74d-2936f9b370dc,1100,stay,,,
d9f721ee-9da6-4aa0-8e98-22cf91afd251,Bristol Bears,1050,Steven Luatua,ACTIVE,6820,18506,loose-forward,9233192a-bfed-489b-b224-5c9e02f587de,Bristol Bears,d9f721ee-9da6-4aa0-8e98-22cf91afd251,1050,stay,,,
e33c7a17-a675-46a9-b68c-be767cc211db,Northampton Saints,1400,James Martin,ACTIVE,8145,60592,outside-back,9233192a-bfed-489b-b224-5c9e02f587de,Northampton Saints,e33c7a17-a675-46a9-b68c-be767cc211db,1400,stay,,,
e33c7a17-a675-46a9-b68c-be767cc211db,Northampton Saints,1400,Jonny Weimann,ACTIVE,8044,62380,scrum-half,9233192a-bfed-489b-b224-5c9e02f587de,Northampton Saints,e33c7a17-a675-46a9-b68c-be767cc211db,1400,stay,,,
3bb58f66-38c1-4f9c-adff-0ac33a01533b,Saracens,1500,Hugh Tizard,ACTIVE,7374,33101,lock,9233192a-bfed-489b-b224-5c9e02f587de,Saracens,3bb58f66-38c1-4f9c-adff-0ac33a01533b,1500,stay,,,
3bb58f66-38c1-4f9c-adff-0ac33a01533b,Saracens,1500,Marcus Street,ACTIVE,8270,27139,prop,9233192a-bfed-489b-b224-5c9e02f587de,Saracens,3bb58f66-38c1-4f9c-adff-0ac33a01533b,1500,stay,,,
17751c9c-264e-464e-adc8-1468fd75dbef,Newcastle Red Bull,1350,Sebastian de Chaves,ACTIVE,6808,17103,lock,9233192a-bfed-489b-b224-5c9e02f587de,,,,departed,https://en.wikipedia.org/wiki/List_of_2026%E2%80%9327_Premiership_Rugby_transfers ; https://all.rugby/transfers/premiership,Medium,Released — destination TBC
17751c9c-264e-464e-adc8-1468fd75dbef,Newcastle Red Bull,1350,Eduardo Bello,ACTIVE,7049,23349,prop,9233192a-bfed-489b-b224-5c9e02f587de,Ulster Rugby,9e46b555-7bd7-4113-9005-641caab27c3c,2450,move,https://en.wikipedia.org/wiki/List_of_2026%E2%80%9327_Premiership_Rugby_transfers ; https://all.rugby/transfers/premiership,Medium,
3d94bdf3-43ef-4dbb-951f-38d13d1b1e5f,Glasgow Warriors,1750,Rory Darge,ACTIVE,7308,30035,loose-forward,b314ec41-b6b0-4274-a98f-4a675628d202,Glasgow Warriors,3d94bdf3-43ef-4dbb-951f-38d13d1b1e5f,1750,stay,,,
bdb20011-d913-4688-b8fa-38a2a96c22b2,Dragons RFC,3100,Jared Rosser,ACTIVE,7150,25245,outside-back,b314ec41-b6b0-4274-a98f-4a675628d202,Dragons RFC,bdb20011-d913-4688-b8fa-38a2a96c22b2,3100,stay,,,
6e09f000-1b71-426f-b349-2c528cba8584,Vodacom Bulls,97,Kabelo Mokoena,ACTIVE,7557,37868,outside-back,b314ec41-b6b0-4274-a98f-4a675628d202,Vodacom Bulls,6e09f000-1b71-426f-b349-2c528cba8584,97,stay,,,
af6ad454-5636-4711-be6d-1cb29078219a,Lions,63,Likhona Finca,ACTIVE,8224,63416,centre,b314ec41-b6b0-4274-a98f-4a675628d202,Lions,af6ad454-5636-4711-be6d-1cb29078219a,63,stay,,,
ca7c6d0f-7bef-4fad-8ac2-d202471fa122,Exeter Chiefs,84,Khwezi Mona,ACTIVE,8245,23576,prop,9233192a-bfed-489b-b224-5c9e02f587de,,,,departed,https://en.wikipedia.org/wiki/List_of_2026%E2%80%9327_Premiership_Rugby_transfers ; https://all.rugby/transfers/premiership,Medium,Duplicate resolved: 25-26 Exeter; released (destination TBC). Dropped old Sharks row.
41d2c944-4a5a-4de0-8eb4-e5b57835cff7,Connacht Rugby,3400,Finlay Bealham,ACTIVE,6832,18676,prop,b314ec41-b6b0-4274-a98f-4a675628d202,Connacht Rugby,41d2c944-4a5a-4de0-8eb4-e5b57835cff7,3400,stay,,,
af6ad454-5636-4711-be6d-1cb29078219a,Lions,63,Ruben Schoeman,ACTIVE,7194,26199,lock,b314ec41-b6b0-4274-a98f-4a675628d202,,,,departed,https://en.wikipedia.org/wiki/List_of_2026%E2%80%9327_United_Rugby_Championship_transfers,Medium,To RC Narbonne
dc118c04-038a-46e7-a805-298fbe0d2e66,Leinster Rugby,2300,Josh Ericson,ACTIVE,8300,67857,loose-forward,b314ec41-b6b0-4274-a98f-4a675628d202,Leinster Rugby,dc118c04-038a-46e7-a805-298fbe0d2e66,2300,stay,,,
3d94bdf3-43ef-4dbb-951f-38d13d1b1e5f,Glasgow Warriors,1750,Matt Fagerson,ACTIVE,7203,26974,loose-forward,b314ec41-b6b0-4274-a98f-4a675628d202,Glasgow Warriors,3d94bdf3-43ef-4dbb-951f-38d13d1b1e5f,1750,stay,,,
ee3c51c4-b2f3-42ba-9434-37c4455d9276,DHL Stormers,99,Adre Smith,ACTIVE,7160,25437,lock,b314ec41-b6b0-4274-a98f-4a675628d202,DHL Stormers,ee3c51c4-b2f3-42ba-9434-37c4455d9276,99,stay,,,
ee3c51c4-b2f3-42ba-9434-37c4455d9276,DHL Stormers,99,Hendre Stassen,ACTIVE,7186,26088,loose-forward,b314ec41-b6b0-4274-a98f-4a675628d202,DHL Stormers,ee3c51c4-b2f3-42ba-9434-37c4455d9276,99,stay,,,
17751c9c-264e-464e-adc8-1468fd75dbef,Newcastle Red Bull,1350,Amanaki Mafi,ACTIVE,8139,22615,loose-forward,9233192a-bfed-489b-b224-5c9e02f587de,,,,departed,https://en.wikipedia.org/wiki/List_of_2026%E2%80%9327_Premiership_Rugby_transfers ; https://all.rugby/transfers/premiership,Medium,Released — destination TBC
bdb20011-d913-4688-b8fa-38a2a96c22b2,Dragons RFC,3100,Harry Beddall,ACTIVE,7945,59299,loose-forward,b314ec41-b6b0-4274-a98f-4a675628d202,Dragons RFC,bdb20011-d913-4688-b8fa-38a2a96c22b2,3100,stay,,,
af6ad454-5636-4711-be6d-1cb29078219a,Lions,63,Ruan Venter,ACTIVE,7650,39232,loose-forward,b314ec41-b6b0-4274-a98f-4a675628d202,Lions,af6ad454-5636-4711-be6d-1cb29078219a,63,stay,,,
d9f721ee-9da6-4aa0-8e98-22cf91afd251,Bristol Bears,1050,Harry Randall,ACTIVE,7114,24732,scrum-half,9233192a-bfed-489b-b224-5c9e02f587de,Bristol Bears,d9f721ee-9da6-4aa0-8e98-22cf91afd251,1050,stay,,,
20aa34f7-3d7a-4cf4-be95-70ca236af7a0,Bath Rugby,1000,Jasper Spandler,ACTIVE,7685,39833,hooker,9233192a-bfed-489b-b224-5c9e02f587de,Bath Rugby,20aa34f7-3d7a-4cf4-be95-70ca236af7a0,1000,stay,,,
8b15860f-dd5c-45c0-be1d-985e82f5e295,Munster Rugby,2150,Michael Ala'alatoa,ACTIVE,8333,21998,prop,b314ec41-b6b0-4274-a98f-4a675628d202,Munster Rugby,8b15860f-dd5c-45c0-be1d-985e82f5e295,2150,stay,,,
8b15860f-dd5c-45c0-be1d-985e82f5e295,Munster Rugby,2150,Sean Edogbo,ACTIVE,8020,62048,loose-forward,b314ec41-b6b0-4274-a98f-4a675628d202,Munster Rugby,8b15860f-dd5c-45c0-be1d-985e82f5e295,2150,stay,,,
9e46b555-7bd7-4113-9005-641caab27c3c,Ulster Rugby,2450,Bryn Ward,ACTIVE,8019,62047,loose-forward,b314ec41-b6b0-4274-a98f-4a675628d202,Ulster Rugby,9e46b555-7bd7-4113-9005-641caab27c3c,2450,stay,,,
804c604a-08f9-4d6c-b74d-2936f9b370dc,Gloucester Rugby,1100,Will Trenholm,ACTIVE,7695,39856,loose-forward,9233192a-bfed-489b-b224-5c9e02f587de,Gloucester Rugby,804c604a-08f9-4d6c-b74d-2936f9b370dc,1100,stay,,,
804c604a-08f9-4d6c-b74d-2936f9b370dc,Gloucester Rugby,1100,Josh Basham,ACTIVE,8126,28722,loose-forward,9233192a-bfed-489b-b224-5c9e02f587de,,,,departed,https://en.wikipedia.org/wiki/List_of_2026%E2%80%9327_Premiership_Rugby_transfers ; https://all.rugby/transfers/premiership,Medium,Released — destination TBC
ef455f5f-f067-4d29-ab67-f6e14b44a1e7,Leicester Tigers,1250,Cameron Henderson,ACTIVE,7406,33705,lock,9233192a-bfed-489b-b224-5c9e02f587de,Leicester Tigers,ef455f5f-f067-4d29-ab67-f6e14b44a1e7,1250,stay,,,
3bb58f66-38c1-4f9c-adff-0ac33a01533b,Saracens,1500,Max Eke,ACTIVE,7886,57621,loose-forward,9233192a-bfed-489b-b224-5c9e02f587de,Saracens,3bb58f66-38c1-4f9c-adff-0ac33a01533b,1500,stay,,,
17751c9c-264e-464e-adc8-1468fd75dbef,Newcastle Red Bull,1350,Freddie Lockwood,ACTIVE,7555,37833,loose-forward,9233192a-bfed-489b-b224-5c9e02f587de,,,,departed,https://en.wikipedia.org/wiki/List_of_2026%E2%80%9327_Premiership_Rugby_transfers ; https://all.rugby/transfers/premiership,Medium,Released — destination TBC
20aa34f7-3d7a-4cf4-be95-70ca236af7a0,Bath Rugby,1000,Max Ojomoh,ACTIVE,7482,35588,centre,9233192a-bfed-489b-b224-5c9e02f587de,Bath Rugby,20aa34f7-3d7a-4cf4-be95-70ca236af7a0,1000,stay,,,
ca7c6d0f-7bef-4fad-8ac2-d202471fa122,Exeter Chiefs,84,Dafydd Jenkins,ACTIVE,7622,38682,lock,9233192a-bfed-489b-b224-5c9e02f587de,Exeter Chiefs,ca7c6d0f-7bef-4fad-8ac2-d202471fa122,84,stay,,,
3d94bdf3-43ef-4dbb-951f-38d13d1b1e5f,Glasgow Warriors,1750,Tavi Tuipulotu,ACTIVE,8148,35814,centre,b314ec41-b6b0-4274-a98f-4a675628d202,Glasgow Warriors,3d94bdf3-43ef-4dbb-951f-38d13d1b1e5f,1750,stay,,,
20aa34f7-3d7a-4cf4-be95-70ca236af7a0,Bath Rugby,1000,Tom de Glanville,ACTIVE,7350,31243,outside-back,9233192a-bfed-489b-b224-5c9e02f587de,Bath Rugby,20aa34f7-3d7a-4cf4-be95-70ca236af7a0,1000,stay,,,
20aa34f7-3d7a-4cf4-be95-70ca236af7a0,Bath Rugby,1000,George Timmins,ACTIVE,7950,59428,loose-forward,9233192a-bfed-489b-b224-5c9e02f587de,Bath Rugby,20aa34f7-3d7a-4cf4-be95-70ca236af7a0,1000,stay,,,
ca7c6d0f-7bef-4fad-8ac2-d202471fa122,Exeter Chiefs,84,Charlie Chapman,ACTIVE,7251,28680,scrum-half,9233192a-bfed-489b-b224-5c9e02f587de,,,,departed,https://en.wikipedia.org/wiki/List_of_2026%E2%80%9327_Premiership_Rugby_transfers ; https://all.rugby/transfers/premiership,Medium,To Worcester Warriors
d9f721ee-9da6-4aa0-8e98-22cf91afd251,Bristol Bears,1050,Will Ramply,ACTIVE,8118,70293,lock,9233192a-bfed-489b-b224-5c9e02f587de,Bristol Bears,d9f721ee-9da6-4aa0-8e98-22cf91afd251,1050,stay,,,
17751c9c-264e-464e-adc8-1468fd75dbef,Newcastle Red Bull,1350,Adam Scott,ACTIVE,8013,61983,lock,9233192a-bfed-489b-b224-5c9e02f587de,Newcastle Red Bull,17751c9c-264e-464e-adc8-1468fd75dbef,1350,stay,,,
17751c9c-264e-464e-adc8-1468fd75dbef,Newcastle Red Bull,1350,Sammy Arnold,ACTIVE,6935,20939,centre,9233192a-bfed-489b-b224-5c9e02f587de,Newcastle Red Bull,17751c9c-264e-464e-adc8-1468fd75dbef,1350,stay,,,
17751c9c-264e-464e-adc8-1468fd75dbef,Newcastle Red Bull,1350,Oliver Spencer,ACTIVE,7994,61139,outside-back,9233192a-bfed-489b-b224-5c9e02f587de,Newcastle Red Bull,17751c9c-264e-464e-adc8-1468fd75dbef,1350,stay,,,
dc118c04-038a-46e7-a805-298fbe0d2e66,Leinster Rugby,2300,Alan Spicer,ACTIVE,8018,62046,lock,b314ec41-b6b0-4274-a98f-4a675628d202,Leinster Rugby,dc118c04-038a-46e7-a805-298fbe0d2e66,2300,stay,,,
9e46b555-7bd7-4113-9005-641caab27c3c,Ulster Rugby,2450,Jacob Stockdale,ACTIVE,7035,22806,outside-back,b314ec41-b6b0-4274-a98f-4a675628d202,Ulster Rugby,9e46b555-7bd7-4113-9005-641caab27c3c,2450,stay,,,
af6ad454-5636-4711-be6d-1cb29078219a,Lions,63,Dylan Sjoblom,ACTIVE,7962,59584,lock,b314ec41-b6b0-4274-a98f-4a675628d202,Lions,af6ad454-5636-4711-be6d-1cb29078219a,63,stay,,,
bdb20011-d913-4688-b8fa-38a2a96c22b2,Dragons RFC,3100,Ewan Rosser,ACTIVE,7510,36673,outside-back,b314ec41-b6b0-4274-a98f-4a675628d202,,,,departed,https://en.wikipedia.org/wiki/List_of_2026%E2%80%9327_United_Rugby_Championship_transfers,Medium,To Pontypool
bdb20011-d913-4688-b8fa-38a2a96c22b2,Dragons RFC,3100,Joe Westwood,ACTIVE,7744,43912,centre,b314ec41-b6b0-4274-a98f-4a675628d202,Dragons RFC,bdb20011-d913-4688-b8fa-38a2a96c22b2,3100,stay,,,
473a715d-80f5-4707-a8e2-52902fadc9bc,Sale Sharks,1450,George Ford,ACTIVE,6798,11041,fly-half,9233192a-bfed-489b-b224-5c9e02f587de,Sale Sharks,473a715d-80f5-4707-a8e2-52902fadc9bc,1450,stay,,,
473a715d-80f5-4707-a8e2-52902fadc9bc,Sale Sharks,1450,Osian Roberts,ACTIVE,7940,59288,centre,9233192a-bfed-489b-b224-5c9e02f587de,Sale Sharks,473a715d-80f5-4707-a8e2-52902fadc9bc,1450,stay,,,
d9f721ee-9da6-4aa0-8e98-22cf91afd251,Bristol Bears,1050,Matias Moroni,ACTIVE,8285,18838,centre,9233192a-bfed-489b-b224-5c9e02f587de,Bristol Bears,d9f721ee-9da6-4aa0-8e98-22cf91afd251,1050,stay,,,
d9f721ee-9da6-4aa0-8e98-22cf91afd251,Bristol Bears,1050,Viliame Mata,ACTIVE,7092,24151,loose-forward,9233192a-bfed-489b-b224-5c9e02f587de,Bristol Bears,d9f721ee-9da6-4aa0-8e98-22cf91afd251,1050,stay,,,
3d94bdf3-43ef-4dbb-951f-38d13d1b1e5f,Glasgow Warriors,1750,Max Williamson,ACTIVE,7588,38593,lock,b314ec41-b6b0-4274-a98f-4a675628d202,Glasgow Warriors,3d94bdf3-43ef-4dbb-951f-38d13d1b1e5f,1750,stay,,,
bdb20011-d913-4688-b8fa-38a2a96c22b2,Dragons RFC,3100,Wyn Jones,ACTIVE,6945,21355,prop,b314ec41-b6b0-4274-a98f-4a675628d202,Dragons RFC,bdb20011-d913-4688-b8fa-38a2a96c22b2,3100,stay,,,
ee3c51c4-b2f3-42ba-9434-37c4455d9276,DHL Stormers,99,Leolin Zas,ACTIVE,7055,23379,outside-back,b314ec41-b6b0-4274-a98f-4a675628d202,DHL Stormers,ee3c51c4-b2f3-42ba-9434-37c4455d9276,99,stay,,,
41d2c944-4a5a-4de0-8eb4-e5b57835cff7,Connacht Rugby,3400,Sam Illo,ACTIVE,7605,38648,prop,b314ec41-b6b0-4274-a98f-4a675628d202,Connacht Rugby,41d2c944-4a5a-4de0-8eb4-e5b57835cff7,3400,stay,,,
9e46b555-7bd7-4113-9005-641caab27c3c,Ulster Rugby,2450,Rob Lyttle,ACTIVE,7083,23950,centre,b314ec41-b6b0-4274-a98f-4a675628d202,Ulster Rugby,9e46b555-7bd7-4113-9005-641caab27c3c,2450,stay,,,
af6ad454-5636-4711-be6d-1cb29078219a,Lions,63,Sibabalwe Mahashe,ACTIVE,8317,57083,loose-forward,b314ec41-b6b0-4274-a98f-4a675628d202,Lions,af6ad454-5636-4711-be6d-1cb29078219a,63,stay,,,
8b15860f-dd5c-45c0-be1d-985e82f5e295,Munster Rugby,2150,Sean O'Brien,ACTIVE,7298,29864,centre,b314ec41-b6b0-4274-a98f-4a675628d202,Munster Rugby,8b15860f-dd5c-45c0-be1d-985e82f5e295,2150,stay,,,
e2ae68bd-54f2-4e38-89fc-53dcce5add02,Hollywoodbets Sharks,98,Marnus Potgieter,ACTIVE,7454,34562,outside-back,b314ec41-b6b0-4274-a98f-4a675628d202,Hollywoodbets Sharks,e2ae68bd-54f2-4e38-89fc-53dcce5add02,98,stay,,,
3d94bdf3-43ef-4dbb-951f-38d13d1b1e5f,Glasgow Warriors,1750,Adam Hastings,ACTIVE,7065,23665,fly-half,b314ec41-b6b0-4274-a98f-4a675628d202,,,,departed,https://en.wikipedia.org/wiki/List_of_2026%E2%80%9327_United_Rugby_Championship_transfers,Medium,To Montpellier
3d94bdf3-43ef-4dbb-951f-38d13d1b1e5f,Glasgow Warriors,1750,Joe Roberts,ACTIVE,8050,62552,hooker,b314ec41-b6b0-4274-a98f-4a675628d202,Glasgow Warriors,3d94bdf3-43ef-4dbb-951f-38d13d1b1e5f,1750,stay,,,
6e09f000-1b71-426f-b349-2c528cba8584,Vodacom Bulls,97,Chris Smit,ACTIVE,7467,34964,centre,b314ec41-b6b0-4274-a98f-4a675628d202,Vodacom Bulls,6e09f000-1b71-426f-b349-2c528cba8584,97,stay,,,
3d94bdf3-43ef-4dbb-951f-38d13d1b1e5f,Glasgow Warriors,1750,Patrick Schickerling,ACTIVE,7528,36758,prop,b314ec41-b6b0-4274-a98f-4a675628d202,Glasgow Warriors,3d94bdf3-43ef-4dbb-951f-38d13d1b1e5f,1750,stay,,,
aebd3bc4-7445-44b7-beae-ded6ad3609bd,Zebre Parma,10650,Alessandro Fusco,ACTIVE,7311,30073,scrum-half,b314ec41-b6b0-4274-a98f-4a675628d202,Zebre Parma,aebd3bc4-7445-44b7-beae-ded6ad3609bd,10650,stay,,,
bdb20011-d913-4688-b8fa-38a2a96c22b2,Dragons RFC,3100,Harri Ackerman,ACTIVE,7914,58547,centre,b314ec41-b6b0-4274-a98f-4a675628d202,Dragons RFC,bdb20011-d913-4688-b8fa-38a2a96c22b2,3100,stay,,,
bdb20011-d913-4688-b8fa-38a2a96c22b2,Dragons RFC,3100,Harry Wilson,ACTIVE,7492,36082,centre,b314ec41-b6b0-4274-a98f-4a675628d202,Dragons RFC,bdb20011-d913-4688-b8fa-38a2a96c22b2,3100,stay,,,
e33c7a17-a675-46a9-b68c-be767cc211db,Northampton Saints,1400,Craig Wright,ACTIVE,7825,56685,hooker,9233192a-bfed-489b-b224-5c9e02f587de,Northampton Saints,e33c7a17-a675-46a9-b68c-be767cc211db,1400,stay,,,
e33c7a17-a675-46a9-b68c-be767cc211db,Northampton Saints,1400,James Ramm,ACTIVE,7233,27694,outside-back,9233192a-bfed-489b-b224-5c9e02f587de,Northampton Saints,e33c7a17-a675-46a9-b68c-be767cc211db,1400,stay,,,
473a715d-80f5-4707-a8e2-52902fadc9bc,Sale Sharks,1450,Ben Bamber,ACTIVE,7664,39736,lock,9233192a-bfed-489b-b224-5c9e02f587de,Sale Sharks,473a715d-80f5-4707-a8e2-52902fadc9bc,1450,stay,,,
d9f721ee-9da6-4aa0-8e98-22cf91afd251,Bristol Bears,1050,Kofi Cripps,ACTIVE,7672,39770,loose-forward,9233192a-bfed-489b-b224-5c9e02f587de,Bristol Bears,d9f721ee-9da6-4aa0-8e98-22cf91afd251,1050,stay,,,
aebd3bc4-7445-44b7-beae-ded6ad3609bd,Zebre Parma,10650,Giacomo Da Re,ACTIVE,7408,33827,fly-half,b314ec41-b6b0-4274-a98f-4a675628d202,Zebre Parma,aebd3bc4-7445-44b7-beae-ded6ad3609bd,10650,stay,,,
473a715d-80f5-4707-a8e2-52902fadc9bc,Sale Sharks,1450,Seb Kelly,ACTIVE,8038,62372,loose-forward,9233192a-bfed-489b-b224-5c9e02f587de,Sale Sharks,473a715d-80f5-4707-a8e2-52902fadc9bc,1450,stay,,,
bdb20011-d913-4688-b8fa-38a2a96c22b2,Dragons RFC,3100,Dylan Kelleher-Griffiths,ACTIVE,7910,58531,prop,b314ec41-b6b0-4274-a98f-4a675628d202,Dragons RFC,bdb20011-d913-4688-b8fa-38a2a96c22b2,3100,stay,,,
961763ec-e93a-42f8-a91e-f7fcb114c02c,Benetton Rugby,1850,Onisi Ratave,ACTIVE,7638,38867,outside-back,b314ec41-b6b0-4274-a98f-4a675628d202,Benetton Rugby,961763ec-e93a-42f8-a91e-f7fcb114c02c,1850,stay,,,
b05b5971-dd90-44ae-999d-7bde3b2ebf96,Ospreys,3250,Jack Walsh,ACTIVE,7365,32867,fly-half,b314ec41-b6b0-4274-a98f-4a675628d202,,,,departed,https://en.wikipedia.org/wiki/List_of_2026%E2%80%9327_United_Rugby_Championship_transfers,Medium,To Montauban
bdb20011-d913-4688-b8fa-38a2a96c22b2,Dragons RFC,3100,Fetuli Paea,ACTIVE,7206,27088,centre,b314ec41-b6b0-4274-a98f-4a675628d202,Dragons RFC,bdb20011-d913-4688-b8fa-38a2a96c22b2,3100,stay,,,
b05b5971-dd90-44ae-999d-7bde3b2ebf96,Ospreys,3250,Gareth Thomas,ACTIVE,6883,19851,prop,b314ec41-b6b0-4274-a98f-4a675628d202,Ospreys,b05b5971-dd90-44ae-999d-7bde3b2ebf96,3250,stay,,,
dc118c04-038a-46e7-a805-298fbe0d2e66,Leinster Rugby,2300,Andrew Sparrow,ACTIVE,8227,62045,prop,b314ec41-b6b0-4274-a98f-4a675628d202,Leinster Rugby,dc118c04-038a-46e7-a805-298fbe0d2e66,2300,stay,,,
bdb20011-d913-4688-b8fa-38a2a96c22b2,Dragons RFC,3100,Owain James,ACTIVE,7943,59295,prop,b314ec41-b6b0-4274-a98f-4a675628d202,Dragons RFC,bdb20011-d913-4688-b8fa-38a2a96c22b2,3100,stay,,,
41d2c944-4a5a-4de0-8eb4-e5b57835cff7,Connacht Rugby,3400,Harry West,ACTIVE,7822,56463,fly-half,b314ec41-b6b0-4274-a98f-4a675628d202,Connacht Rugby,41d2c944-4a5a-4de0-8eb4-e5b57835cff7,3400,stay,,,
af6ad454-5636-4711-be6d-1cb29078219a,Lions,63,Renzo Du Plessis,ACTIVE,7708,40090,loose-forward,b314ec41-b6b0-4274-a98f-4a675628d202,Lions,af6ad454-5636-4711-be6d-1cb29078219a,63,stay,,,
dc118c04-038a-46e7-a805-298fbe0d2e66,Leinster Rugby,2300,Josh van der Flier,ACTIVE,6878,19751,loose-forward,b314ec41-b6b0-4274-a98f-4a675628d202,Leinster Rugby,dc118c04-038a-46e7-a805-298fbe0d2e66,2300,stay,,,
8b15860f-dd5c-45c0-be1d-985e82f5e295,Munster Rugby,2150,Paddy Patterson,ACTIVE,7132,24819,scrum-half,b314ec41-b6b0-4274-a98f-4a675628d202,,,,departed,https://en.wikipedia.org/wiki/List_of_2026%E2%80%9327_United_Rugby_Championship_transfers,Medium,Released — destination TBC
6fd77b22-06bc-49f7-8837-b213e335ec7a,Cardiff Rugby,2200,Tom Cottle,ACTIVE,8321,62499,lock,b314ec41-b6b0-4274-a98f-4a675628d202,Cardiff Rugby,6fd77b22-06bc-49f7-8837-b213e335ec7a,2200,stay,,,
bdb20011-d913-4688-b8fa-38a2a96c22b2,Dragons RFC,3100,Brodie Coghlan,ACTIVE,7507,36667,hooker,b314ec41-b6b0-4274-a98f-4a675628d202,Dragons RFC,bdb20011-d913-4688-b8fa-38a2a96c22b2,3100,stay,,,
6959008c-ebd2-49ed-b1db-29a124e3e922,Harlequins,1150,Tom Humphreys,ACTIVE,7931,59131,outside-back,9233192a-bfed-489b-b224-5c9e02f587de,,,,departed,https://en.wikipedia.org/wiki/List_of_2026%E2%80%9327_Premiership_Rugby_transfers ; https://all.rugby/transfers/premiership,Medium,Released — destination TBC
20aa34f7-3d7a-4cf4-be95-70ca236af7a0,Bath Rugby,1000,Will Jeanes,ACTIVE,7823,56579,lock,9233192a-bfed-489b-b224-5c9e02f587de,Bath Rugby,20aa34f7-3d7a-4cf4-be95-70ca236af7a0,1000,stay,,,
ca7c6d0f-7bef-4fad-8ac2-d202471fa122,Exeter Chiefs,84,Ethan Roots,ACTIVE,7465,34938,loose-forward,9233192a-bfed-489b-b224-5c9e02f587de,Exeter Chiefs,ca7c6d0f-7bef-4fad-8ac2-d202471fa122,84,stay,,,
473a715d-80f5-4707-a8e2-52902fadc9bc,Sale Sharks,1450,Rekeiti Ma'asi-White,ACTIVE,7674,39776,centre,9233192a-bfed-489b-b224-5c9e02f587de,Sale Sharks,473a715d-80f5-4707-a8e2-52902fadc9bc,1450,stay,,,
bdb20011-d913-4688-b8fa-38a2a96c22b2,Dragons RFC,3100,Elliot Dee,ACTIVE,6899,20436,hooker,b314ec41-b6b0-4274-a98f-4a675628d202,Dragons RFC,bdb20011-d913-4688-b8fa-38a2a96c22b2,3100,stay,,,
ca7c6d0f-7bef-4fad-8ac2-d202471fa122,Exeter Chiefs,84,Tom Wyatt,ACTIVE,7485,35627,outside-back,9233192a-bfed-489b-b224-5c9e02f587de,Exeter Chiefs,ca7c6d0f-7bef-4fad-8ac2-d202471fa122,84,stay,,,
ca7c6d0f-7bef-4fad-8ac2-d202471fa122,Exeter Chiefs,84,Tom Burton,ACTIVE,7838,57061,outside-back,9233192a-bfed-489b-b224-5c9e02f587de,Exeter Chiefs,ca7c6d0f-7bef-4fad-8ac2-d202471fa122,84,stay,,,
ca7c6d0f-7bef-4fad-8ac2-d202471fa122,Exeter Chiefs,84,Ben Coen,ACTIVE,8056,63891,fly-half,9233192a-bfed-489b-b224-5c9e02f587de,Exeter Chiefs,ca7c6d0f-7bef-4fad-8ac2-d202471fa122,84,stay,,,
ca7c6d0f-7bef-4fad-8ac2-d202471fa122,Exeter Chiefs,84,Bachuki Tchumbadze,ACTIVE,8172,61611,prop,9233192a-bfed-489b-b224-5c9e02f587de,Exeter Chiefs,ca7c6d0f-7bef-4fad-8ac2-d202471fa122,84,stay,,,
3bb58f66-38c1-4f9c-adff-0ac33a01533b,Saracens,1500,Angus Hall,ACTIVE,7972,60155,centre,9233192a-bfed-489b-b224-5c9e02f587de,Saracens,3bb58f66-38c1-4f9c-adff-0ac33a01533b,1500,stay,,,
ca7c6d0f-7bef-4fad-8ac2-d202471fa122,Exeter Chiefs,84,Kian Gentry,ACTIVE,7701,39945,centre,9233192a-bfed-489b-b224-5c9e02f587de,,,,departed,https://en.wikipedia.org/wiki/List_of_2026%E2%80%9327_Premiership_Rugby_transfers ; https://all.rugby/transfers/premiership,Medium,Released — destination TBC
dc118c04-038a-46e7-a805-298fbe0d2e66,Leinster Rugby,2300,Hugh Cooney,ACTIVE,7904,58428,centre,b314ec41-b6b0-4274-a98f-4a675628d202,Leinster Rugby,dc118c04-038a-46e7-a805-298fbe0d2e66,2300,stay,,,
dc118c04-038a-46e7-a805-298fbe0d2e66,Leinster Rugby,2300,Ronan Kelleher,ACTIVE,7117,24772,hooker,b314ec41-b6b0-4274-a98f-4a675628d202,Leinster Rugby,dc118c04-038a-46e7-a805-298fbe0d2e66,2300,stay,,,
961763ec-e93a-42f8-a91e-f7fcb114c02c,Benetton Rugby,1850,Tomas Albornoz,ACTIVE,7238,28237,fly-half,b314ec41-b6b0-4274-a98f-4a675628d202,Benetton Rugby,961763ec-e93a-42f8-a91e-f7fcb114c02c,1850,stay,,,
3d94bdf3-43ef-4dbb-951f-38d13d1b1e5f,Glasgow Warriors,1750,Kyle Steyn,ACTIVE,7248,28595,outside-back,b314ec41-b6b0-4274-a98f-4a675628d202,Glasgow Warriors,3d94bdf3-43ef-4dbb-951f-38d13d1b1e5f,1750,stay,,,
5fdcc251-1a9e-40cf-9767-a5271ff4dbc0,Edinburgh Rugby,1950,Darcy Graham,ACTIVE,7096,24457,outside-back,b314ec41-b6b0-4274-a98f-4a675628d202,Edinburgh Rugby,5fdcc251-1a9e-40cf-9767-a5271ff4dbc0,1950,stay,,,
8b15860f-dd5c-45c0-be1d-985e82f5e295,Munster Rugby,2150,Tom Wood,ACTIVE,8360,64673,fly-half,b314ec41-b6b0-4274-a98f-4a675628d202,Munster Rugby,8b15860f-dd5c-45c0-be1d-985e82f5e295,2150,stay,,,
473a715d-80f5-4707-a8e2-52902fadc9bc,Sale Sharks,1450,Luke James,ACTIVE,7255,28718,outside-back,9233192a-bfed-489b-b224-5c9e02f587de,Sale Sharks,473a715d-80f5-4707-a8e2-52902fadc9bc,1450,stay,,,
bdb20011-d913-4688-b8fa-38a2a96c22b2,Dragons RFC,3100,Harrison Keddie,ACTIVE,6996,22005,loose-forward,b314ec41-b6b0-4274-a98f-4a675628d202,Dragons RFC,bdb20011-d913-4688-b8fa-38a2a96c22b2,3100,stay,,,
473a715d-80f5-4707-a8e2-52902fadc9bc,Sale Sharks,1450,Luke Cowan-Dickie,ACTIVE,6857,19240,hooker,9233192a-bfed-489b-b224-5c9e02f587de,Sale Sharks,473a715d-80f5-4707-a8e2-52902fadc9bc,1450,stay,,,
8b15860f-dd5c-45c0-be1d-985e82f5e295,Munster Rugby,2150,Josh Wycherley,ACTIVE,7375,33111,prop,b314ec41-b6b0-4274-a98f-4a675628d202,Munster Rugby,8b15860f-dd5c-45c0-be1d-985e82f5e295,2150,stay,,,
bdb20011-d913-4688-b8fa-38a2a96c22b2,Dragons RFC,3100,Evan Minto,ACTIVE,7946,59300,loose-forward,b314ec41-b6b0-4274-a98f-4a675628d202,Dragons RFC,bdb20011-d913-4688-b8fa-38a2a96c22b2,3100,stay,,,
8b15860f-dd5c-45c0-be1d-985e82f5e295,Munster Rugby,2150,Ronan Foxe,ACTIVE,7900,58416,prop,b314ec41-b6b0-4274-a98f-4a675628d202,Munster Rugby,8b15860f-dd5c-45c0-be1d-985e82f5e295,2150,stay,,,
3d94bdf3-43ef-4dbb-951f-38d13d1b1e5f,Glasgow Warriors,1750,Duncan Munn,ACTIVE,7733,43884,centre,b314ec41-b6b0-4274-a98f-4a675628d202,Glasgow Warriors,3d94bdf3-43ef-4dbb-951f-38d13d1b1e5f,1750,stay,,,
6e09f000-1b71-426f-b349-2c528cba8584,Vodacom Bulls,97,Henry Immelman,ACTIVE,6787,26984,outside-back,b314ec41-b6b0-4274-a98f-4a675628d202,,,,departed,https://en.wikipedia.org/wiki/List_of_2026%E2%80%9327_United_Rugby_Championship_transfers,Medium,To Cheetahs
41d2c944-4a5a-4de0-8eb4-e5b57835cff7,Connacht Rugby,3400,Peter Dooley,ACTIVE,6907,20496,prop,b314ec41-b6b0-4274-a98f-4a675628d202,Leinster Rugby,dc118c04-038a-46e7-a805-298fbe0d2e66,2300,move,https://en.wikipedia.org/wiki/List_of_2026%E2%80%9327_United_Rugby_Championship_transfers,Medium,
09c7ae37-447c-4020-9e2e-b5239ee2d58b,Scarlets,1700,Osian Williams,ACTIVE,8281,69924,lock,b314ec41-b6b0-4274-a98f-4a675628d202,Scarlets,09c7ae37-447c-4020-9e2e-b5239ee2d58b,1700,stay,,,
e2ae68bd-54f2-4e38-89fc-53dcce5add02,Hollywoodbets Sharks,98,Deon Slabbert,ACTIVE,7725,40700,lock,b314ec41-b6b0-4274-a98f-4a675628d202,Hollywoodbets Sharks,e2ae68bd-54f2-4e38-89fc-53dcce5add02,98,stay,,,
6e09f000-1b71-426f-b349-2c528cba8584,Vodacom Bulls,97,Siphosethu Mnebelele,ACTIVE,8193,60253,hooker,b314ec41-b6b0-4274-a98f-4a675628d202,Hollywoodbets Sharks,e2ae68bd-54f2-4e38-89fc-53dcce5add02,98,move,https://en.wikipedia.org/wiki/List_of_2026%E2%80%9327_United_Rugby_Championship_transfers,Medium,
473a715d-80f5-4707-a8e2-52902fadc9bc,Sale Sharks,1450,Gurshwin Nikhole Wehr,ACTIVE,8351,53472,outside-back,9233192a-bfed-489b-b224-5c9e02f587de,,,,unknown,https://en.wikipedia.org/wiki/List_of_2026%E2%80%9327_Premiership_Rugby_transfers ; https://all.rugby/transfers/premiership,Low,Duplicate resolved: Sale short-term deal expired Feb 2026; 26-27 club unconfirmed (likely departed). Dropped Stormers null-pid row.
6959008c-ebd2-49ed-b1db-29a124e3e922,Harlequins,1150,Mattias Woollard,ACTIVE,8088,68060,lock,9233192a-bfed-489b-b224-5c9e02f587de,,,,departed,https://en.wikipedia.org/wiki/List_of_2026%E2%80%9327_Premiership_Rugby_transfers ; https://all.rugby/transfers/premiership,Medium,Released — destination TBC
af6ad454-5636-4711-be6d-1cb29078219a,Lions,63,Izan Esterhuizen,ACTIVE,7572,38188,loose-forward,b314ec41-b6b0-4274-a98f-4a675628d202,Lions,af6ad454-5636-4711-be6d-1cb29078219a,63,stay,,,
bdb20011-d913-4688-b8fa-38a2a96c22b2,Dragons RFC,3100,Niall Armstrong,ACTIVE,7986,60640,scrum-half,b314ec41-b6b0-4274-a98f-4a675628d202,,,,departed,https://en.wikipedia.org/wiki/List_of_2026%E2%80%9327_United_Rugby_Championship_transfers,Medium,Released — destination TBC
e2ae68bd-54f2-4e38-89fc-53dcce5add02,Hollywoodbets Sharks,98,Phikolomzi Sobahle,ACTIVE,8208,54930,outside-back,b314ec41-b6b0-4274-a98f-4a675628d202,Hollywoodbets Sharks,e2ae68bd-54f2-4e38-89fc-53dcce5add02,98,stay,,,
e2ae68bd-54f2-4e38-89fc-53dcce5add02,Hollywoodbets Sharks,98,Francois Venter,ACTIVE,6811,17116,centre,b314ec41-b6b0-4274-a98f-4a675628d202,,,,retired,https://en.wikipedia.org/wiki/List_of_2026%E2%80%9327_United_Rugby_Championship_transfers,Medium,Retired
9e46b555-7bd7-4113-9005-641caab27c3c,Ulster Rugby,2450,John Andrew,ACTIVE,6906,20491,hooker,b314ec41-b6b0-4274-a98f-4a675628d202,,,,departed,https://en.wikipedia.org/wiki/List_of_2026%E2%80%9327_United_Rugby_Championship_transfers,Medium,Released — destination TBC
09c7ae37-447c-4020-9e2e-b5239ee2d58b,Scarlets,1700,Macs Page,ACTIVE,8030,62075,centre,b314ec41-b6b0-4274-a98f-4a675628d202,Scarlets,09c7ae37-447c-4020-9e2e-b5239ee2d58b,1700,stay,,,
6e09f000-1b71-426f-b349-2c528cba8584,Vodacom Bulls,97,Mihlali Mosi,ACTIVE,7633,38723,loose-forward,b314ec41-b6b0-4274-a98f-4a675628d202,Vodacom Bulls,6e09f000-1b71-426f-b349-2c528cba8584,97,stay,,,
ee3c51c4-b2f3-42ba-9434-37c4455d9276,DHL Stormers,99,Dylan Maart,ACTIVE,8290,64110,outside-back,b314ec41-b6b0-4274-a98f-4a675628d202,Vodacom Bulls,6e09f000-1b71-426f-b349-2c528cba8584,97,move,https://en.wikipedia.org/wiki/List_of_2026%E2%80%9327_United_Rugby_Championship_transfers,Medium,
5fdcc251-1a9e-40cf-9767-a5271ff4dbc0,Edinburgh Rugby,1950,Angus Williams,ACTIVE,7364,32777,prop,b314ec41-b6b0-4274-a98f-4a675628d202,,,,departed,https://en.wikipedia.org/wiki/List_of_2026%E2%80%9327_United_Rugby_Championship_transfers,Medium,Released — destination TBC
6e09f000-1b71-426f-b349-2c528cba8584,Vodacom Bulls,97,Handre Pollard,ACTIVE,6885,19888,fly-half,b314ec41-b6b0-4274-a98f-4a675628d202,Vodacom Bulls,6e09f000-1b71-426f-b349-2c528cba8584,97,stay,,,
8b15860f-dd5c-45c0-be1d-985e82f5e295,Munster Rugby,2150,Andrew Smith,ACTIVE,7395,33650,outside-back,b314ec41-b6b0-4274-a98f-4a675628d202,,,,departed,https://en.wikipedia.org/wiki/List_of_2026%E2%80%9327_United_Rugby_Championship_transfers,Medium,To Eastern Suburbs
af6ad454-5636-4711-be6d-1cb29078219a,Lions,63,Stian de Bruyn,ACTIVE,7765,44173,prop,b314ec41-b6b0-4274-a98f-4a675628d202,Lions,af6ad454-5636-4711-be6d-1cb29078219a,63,stay,,,
ee3c51c4-b2f3-42ba-9434-37c4455d9276,DHL Stormers,99,Ben-Jason Dixon,ACTIVE,7324,30939,loose-forward,b314ec41-b6b0-4274-a98f-4a675628d202,DHL Stormers,ee3c51c4-b2f3-42ba-9434-37c4455d9276,99,stay,,,
bdb20011-d913-4688-b8fa-38a2a96c22b2,Dragons RFC,3100,Shane Lewis-Hughes,ACTIVE,7102,24475,loose-forward,b314ec41-b6b0-4274-a98f-4a675628d202,Dragons RFC,bdb20011-d913-4688-b8fa-38a2a96c22b2,3100,stay,,,
3d94bdf3-43ef-4dbb-951f-38d13d1b1e5f,Glasgow Warriors,1750,Macenzzie Duncan,ACTIVE,7665,39744,loose-forward,b314ec41-b6b0-4274-a98f-4a675628d202,Glasgow Warriors,3d94bdf3-43ef-4dbb-951f-38d13d1b1e5f,1750,stay,,,
bdb20011-d913-4688-b8fa-38a2a96c22b2,Dragons RFC,3100,Sam Scarfe,ACTIVE,7912,58534,hooker,b314ec41-b6b0-4274-a98f-4a675628d202,Dragons RFC,bdb20011-d913-4688-b8fa-38a2a96c22b2,3100,stay,,,
e2ae68bd-54f2-4e38-89fc-53dcce5add02,Hollywoodbets Sharks,98,Thomas Dyer,ACTIVE,7846,57087,lock,b314ec41-b6b0-4274-a98f-4a675628d202,Hollywoodbets Sharks,e2ae68bd-54f2-4e38-89fc-53dcce5add02,98,stay,,,
dc118c04-038a-46e7-a805-298fbe0d2e66,Leinster Rugby,2300,Stephen Smyth,ACTIVE,8016,62043,hooker,b314ec41-b6b0-4274-a98f-4a675628d202,Leinster Rugby,dc118c04-038a-46e7-a805-298fbe0d2e66,2300,stay,,,
09c7ae37-447c-4020-9e2e-b5239ee2d58b,Scarlets,1700,Eddie James,ACTIVE,7629,38691,centre,b314ec41-b6b0-4274-a98f-4a675628d202,Scarlets,09c7ae37-447c-4020-9e2e-b5239ee2d58b,1700,stay,,,
e2ae68bd-54f2-4e38-89fc-53dcce5add02,Hollywoodbets Sharks,98,Jaden Hendrikse,ACTIVE,7449,34553,scrum-half,b314ec41-b6b0-4274-a98f-4a675628d202,Hollywoodbets Sharks,e2ae68bd-54f2-4e38-89fc-53dcce5add02,98,stay,,,
e2ae68bd-54f2-4e38-89fc-53dcce5add02,Hollywoodbets Sharks,98,Jordan Hendrikse,ACTIVE,7573,38189,fly-half,b314ec41-b6b0-4274-a98f-4a675628d202,Hollywoodbets Sharks,e2ae68bd-54f2-4e38-89fc-53dcce5add02,98,stay,,,
aebd3bc4-7445-44b7-beae-ded6ad3609bd,Zebre Parma,10650,Shilo Klein,ACTIVE,8336,34447,hooker,b314ec41-b6b0-4274-a98f-4a675628d202,,,,departed,https://en.wikipedia.org/wiki/List_of_2026%E2%80%9327_United_Rugby_Championship_transfers,Medium,Released — destination TBC
961763ec-e93a-42f8-a91e-f7fcb114c02c,Benetton Rugby,1850,Mirco Spagnolo,ACTIVE,7596,38632,prop,b314ec41-b6b0-4274-a98f-4a675628d202,Benetton Rugby,961763ec-e93a-42f8-a91e-f7fcb114c02c,1850,stay,,,
b05b5971-dd90-44ae-999d-7bde3b2ebf96,Ospreys,3250,Ben Warren,ACTIVE,7411,33839,prop,b314ec41-b6b0-4274-a98f-4a675628d202,Ospreys,b05b5971-dd90-44ae-999d-7bde3b2ebf96,3250,stay,,,
9e46b555-7bd7-4113-9005-641caab27c3c,Ulster Rugby,2450,Wilhelm de Klerk,ACTIVE,8026,62057,centre,b314ec41-b6b0-4274-a98f-4a675628d202,Ulster Rugby,9e46b555-7bd7-4113-9005-641caab27c3c,2450,stay,,,
8b15860f-dd5c-45c0-be1d-985e82f5e295,Munster Rugby,2150,John Hodnett,ACTIVE,7420,33856,loose-forward,b314ec41-b6b0-4274-a98f-4a675628d202,Munster Rugby,8b15860f-dd5c-45c0-be1d-985e82f5e295,2150,stay,,,
3d94bdf3-43ef-4dbb-951f-38d13d1b1e5f,Glasgow Warriors,1750,Seb Stephen,ACTIVE,8058,63910,hooker,b314ec41-b6b0-4274-a98f-4a675628d202,Glasgow Warriors,3d94bdf3-43ef-4dbb-951f-38d13d1b1e5f,1750,stay,,,
aebd3bc4-7445-44b7-beae-ded6ad3609bd,Zebre Parma,10650,Giacomo Ferrari,ACTIVE,7592,38620,loose-forward,b314ec41-b6b0-4274-a98f-4a675628d202,Zebre Parma,aebd3bc4-7445-44b7-beae-ded6ad3609bd,10650,stay,,,
5fdcc251-1a9e-40cf-9767-a5271ff4dbc0,Edinburgh Rugby,1950,Sam Skinner,ACTIVE,7013,22627,lock,b314ec41-b6b0-4274-a98f-4a675628d202,,,,departed,https://en.wikipedia.org/wiki/List_of_2026%E2%80%9327_United_Rugby_Championship_transfers,Medium,Released — destination TBC
aebd3bc4-7445-44b7-beae-ded6ad3609bd,Zebre Parma,10650,Lorenzo Pani,ACTIVE,7593,38622,outside-back,b314ec41-b6b0-4274-a98f-4a675628d202,Zebre Parma,aebd3bc4-7445-44b7-beae-ded6ad3609bd,10650,stay,,,
961763ec-e93a-42f8-a91e-f7fcb114c02c,Benetton Rugby,1850,Malakai Fekitoa,ACTIVE,6888,20059,centre,b314ec41-b6b0-4274-a98f-4a675628d202,,,,departed,https://en.wikipedia.org/wiki/List_of_2026%E2%80%9327_United_Rugby_Championship_transfers,Medium,To Beziers
ee3c51c4-b2f3-42ba-9434-37c4455d9276,DHL Stormers,99,Courtnall Skosan,ACTIVE,6849,18918,outside-back,b314ec41-b6b0-4274-a98f-4a675628d202,DHL Stormers,ee3c51c4-b2f3-42ba-9434-37c4455d9276,99,stay,,,
09c7ae37-447c-4020-9e2e-b5239ee2d58b,Scarlets,1700,Billy McBryde,ACTIVE,8359,24480,fly-half,b314ec41-b6b0-4274-a98f-4a675628d202,Scarlets,09c7ae37-447c-4020-9e2e-b5239ee2d58b,1700,stay,,,
5fdcc251-1a9e-40cf-9767-a5271ff4dbc0,Edinburgh Rugby,1950,Pierre Schoeman,ACTIVE,6983,21713,prop,b314ec41-b6b0-4274-a98f-4a675628d202,Edinburgh Rugby,5fdcc251-1a9e-40cf-9767-a5271ff4dbc0,1950,stay,,,
aebd3bc4-7445-44b7-beae-ded6ad3609bd,Zebre Parma,10650,Martin Roger,ACTIVE,8240,33771,fly-half,b314ec41-b6b0-4274-a98f-4a675628d202,Zebre Parma,aebd3bc4-7445-44b7-beae-ded6ad3609bd,10650,stay,,,
aebd3bc4-7445-44b7-beae-ded6ad3609bd,Zebre Parma,10650,Ben Cambriani,ACTIVE,7378,33117,outside-back,b314ec41-b6b0-4274-a98f-4a675628d202,Zebre Parma,aebd3bc4-7445-44b7-beae-ded6ad3609bd,10650,stay,,,
09c7ae37-447c-4020-9e2e-b5239ee2d58b,Scarlets,1700,Jac Davies,ACTIVE,7915,58549,outside-back,b314ec41-b6b0-4274-a98f-4a675628d202,Scarlets,09c7ae37-447c-4020-9e2e-b5239ee2d58b,1700,stay,,,
ee3c51c4-b2f3-42ba-9434-37c4455d9276,DHL Stormers,99,Hacjivah Dayimani,ACTIVE,8353,26814,loose-forward,b314ec41-b6b0-4274-a98f-4a675628d202,DHL Stormers,ee3c51c4-b2f3-42ba-9434-37c4455d9276,99,stay,,,
961763ec-e93a-42f8-a91e-f7fcb114c02c,Benetton Rugby,1850,Paolo Odogwu,ACTIVE,7074,23746,outside-back,b314ec41-b6b0-4274-a98f-4a675628d202,Benetton Rugby,961763ec-e93a-42f8-a91e-f7fcb114c02c,1850,stay,,,
3d94bdf3-43ef-4dbb-951f-38d13d1b1e5f,Glasgow Warriors,1750,Jack Dempsey,ACTIVE,6922,20716,loose-forward,b314ec41-b6b0-4274-a98f-4a675628d202,,,,departed,https://en.wikipedia.org/wiki/List_of_2026%E2%80%9327_United_Rugby_Championship_transfers,Medium,To Toshiba Brave Lupus
3d94bdf3-43ef-4dbb-951f-38d13d1b1e5f,Glasgow Warriors,1750,Scott Cummings,ACTIVE,7029,22764,lock,b314ec41-b6b0-4274-a98f-4a675628d202,Glasgow Warriors,3d94bdf3-43ef-4dbb-951f-38d13d1b1e5f,1750,stay,,,
ee3c51c4-b2f3-42ba-9434-37c4455d9276,DHL Stormers,99,Clinton Swart,ACTIVE,8215,23644,fly-half,b314ec41-b6b0-4274-a98f-4a675628d202,DHL Stormers,ee3c51c4-b2f3-42ba-9434-37c4455d9276,99,stay,,,
aebd3bc4-7445-44b7-beae-ded6ad3609bd,Zebre Parma,10650,Bautista Stavile,ACTIVE,7148,25106,loose-forward,b314ec41-b6b0-4274-a98f-4a675628d202,Zebre Parma,aebd3bc4-7445-44b7-beae-ded6ad3609bd,10650,stay,,,
9e46b555-7bd7-4113-9005-641caab27c3c,Ulster Rugby,2450,Zac Solomon,ACTIVE,7907,58437,hooker,b314ec41-b6b0-4274-a98f-4a675628d202,Ulster Rugby,9e46b555-7bd7-4113-9005-641caab27c3c,2450,stay,,,
20aa34f7-3d7a-4cf4-be95-70ca236af7a0,Bath Rugby,1000,Tyler Offiah,ACTIVE,8052,62677,outside-back,9233192a-bfed-489b-b224-5c9e02f587de,Bath Rugby,20aa34f7-3d7a-4cf4-be95-70ca236af7a0,1000,stay,,,
b05b5971-dd90-44ae-999d-7bde3b2ebf96,Ospreys,3250,Max Nagy,ACTIVE,7582,38522,outside-back,b314ec41-b6b0-4274-a98f-4a675628d202,,,,departed,https://en.wikipedia.org/wiki/List_of_2026%E2%80%9327_United_Rugby_Championship_transfers,Medium,To Ealing Trailfinders
e2ae68bd-54f2-4e38-89fc-53dcce5add02,Hollywoodbets Sharks,98,Tinotenda Mavesere,ACTIVE,7706,40081,loose-forward,b314ec41-b6b0-4274-a98f-4a675628d202,Hollywoodbets Sharks,e2ae68bd-54f2-4e38-89fc-53dcce5add02,98,stay,,,
e2ae68bd-54f2-4e38-89fc-53dcce5add02,Hollywoodbets Sharks,98,Christie Grobbelaar,ACTIVE,8204,36383,centre,b314ec41-b6b0-4274-a98f-4a675628d202,Hollywoodbets Sharks,e2ae68bd-54f2-4e38-89fc-53dcce5add02,98,stay,,,
9e46b555-7bd7-4113-9005-641caab27c3c,Ulster Rugby,2450,Ethan McIlroy,ACTIVE,7389,33617,outside-back,b314ec41-b6b0-4274-a98f-4a675628d202,Ulster Rugby,9e46b555-7bd7-4113-9005-641caab27c3c,2450,stay,,,
3d94bdf3-43ef-4dbb-951f-38d13d1b1e5f,Glasgow Warriors,1750,Jamie Bhatti,ACTIVE,6869,19643,prop,b314ec41-b6b0-4274-a98f-4a675628d202,Bath Rugby,20aa34f7-3d7a-4cf4-be95-70ca236af7a0,1000,move,https://en.wikipedia.org/wiki/List_of_2026%E2%80%9327_United_Rugby_Championship_transfers,High,
9e46b555-7bd7-4113-9005-641caab27c3c,Ulster Rugby,2450,Ben McFarlane,ACTIVE,8076,67976,outside-back,b314ec41-b6b0-4274-a98f-4a675628d202,Ulster Rugby,9e46b555-7bd7-4113-9005-641caab27c3c,2450,stay,,,
bdb20011-d913-4688-b8fa-38a2a96c22b2,Dragons RFC,3100,Scott Williams,ACTIVE,6802,15007,centre,b314ec41-b6b0-4274-a98f-4a675628d202,Dragons RFC,bdb20011-d913-4688-b8fa-38a2a96c22b2,3100,stay,,,
bdb20011-d913-4688-b8fa-38a2a96c22b2,Dragons RFC,3100,Matthew Screech,ACTIVE,6828,18616,lock,b314ec41-b6b0-4274-a98f-4a675628d202,Dragons RFC,bdb20011-d913-4688-b8fa-38a2a96c22b2,3100,stay,,,
6fd77b22-06bc-49f7-8837-b213e335ec7a,Cardiff Rugby,2200,Sam Wainwright,ACTIVE,7294,29814,prop,b314ec41-b6b0-4274-a98f-4a675628d202,Cardiff Rugby,6fd77b22-06bc-49f7-8837-b213e335ec7a,2200,stay,,,
5fdcc251-1a9e-40cf-9767-a5271ff4dbc0,Edinburgh Rugby,1950,Ollie Blyth-Lafferty,ACTIVE,8296,62090,prop,b314ec41-b6b0-4274-a98f-4a675628d202,Edinburgh Rugby,5fdcc251-1a9e-40cf-9767-a5271ff4dbc0,1950,stay,,,
5fdcc251-1a9e-40cf-9767-a5271ff4dbc0,Edinburgh Rugby,1950,Mikey Jones,ACTIVE,7586,38588,prop,b314ec41-b6b0-4274-a98f-4a675628d202,,,,departed,https://en.wikipedia.org/wiki/List_of_2026%E2%80%9327_United_Rugby_Championship_transfers,Medium,Released — destination TBC
5fdcc251-1a9e-40cf-9767-a5271ff4dbc0,Edinburgh Rugby,1950,Hamish Watson,INACTIVE,6830,18640,loose-forward,b314ec41-b6b0-4274-a98f-4a675628d202,,,,departed,https://en.wikipedia.org/wiki/List_of_2026%E2%80%9327_United_Rugby_Championship_transfers,High,Duplicate resolved: Edinburgh player; departed to Castres (France). Dropped spurious Leicester row.
41d2c944-4a5a-4de0-8eb4-e5b57835cff7,Connacht Rugby,3400,Niall Murray,ACTIVE,7422,33860,lock,b314ec41-b6b0-4274-a98f-4a675628d202,Connacht Rugby,41d2c944-4a5a-4de0-8eb4-e5b57835cff7,3400,stay,,,
aebd3bc4-7445-44b7-beae-ded6ad3609bd,Zebre Parma,10650,Giovanni Quattrini,ACTIVE,7809,56250,hooker,b314ec41-b6b0-4274-a98f-4a675628d202,Zebre Parma,aebd3bc4-7445-44b7-beae-ded6ad3609bd,10650,stay,,,
dc118c04-038a-46e7-a805-298fbe0d2e66,Leinster Rugby,2300,Billy Corrigan,ACTIVE,7961,59527,lock,b314ec41-b6b0-4274-a98f-4a675628d202,Leinster Rugby,dc118c04-038a-46e7-a805-298fbe0d2e66,2300,stay,,,
e2ae68bd-54f2-4e38-89fc-53dcce5add02,Hollywoodbets Sharks,98,Trevor Nyakane,ACTIVE,6853,19115,prop,b314ec41-b6b0-4274-a98f-4a675628d202,Hollywoodbets Sharks,e2ae68bd-54f2-4e38-89fc-53dcce5add02,98,stay,,,
e2ae68bd-54f2-4e38-89fc-53dcce5add02,Hollywoodbets Sharks,98,Fez Mbatha,ACTIVE,7403,33667,hooker,b314ec41-b6b0-4274-a98f-4a675628d202,Hollywoodbets Sharks,e2ae68bd-54f2-4e38-89fc-53dcce5add02,98,stay,,,
8b15860f-dd5c-45c0-be1d-985e82f5e295,Munster Rugby,2150,John Ryan,ACTIVE,6862,19386,prop,b314ec41-b6b0-4274-a98f-4a675628d202,,,,retired,https://en.wikipedia.org/wiki/List_of_2026%E2%80%9327_United_Rugby_Championship_transfers,Medium,Retired
6fd77b22-06bc-49f7-8837-b213e335ec7a,Cardiff Rugby,2200,James Botham,ACTIVE,7165,25821,loose-forward,b314ec41-b6b0-4274-a98f-4a675628d202,Cardiff Rugby,6fd77b22-06bc-49f7-8837-b213e335ec7a,2200,stay,,,
e33c7a17-a675-46a9-b68c-be767cc211db,Northampton Saints,1400,Emeka Atuanya,ACTIVE,7680,39816,lock,9233192a-bfed-489b-b224-5c9e02f587de,,,,departed,https://en.wikipedia.org/wiki/List_of_2026%E2%80%9327_Premiership_Rugby_transfers ; https://all.rugby/transfers/premiership,Medium,To Ealing Trailfinders
804c604a-08f9-4d6c-b74d-2936f9b370dc,Gloucester Rugby,1100,Jake Morris,ACTIVE,7250,28678,outside-back,9233192a-bfed-489b-b224-5c9e02f587de,,,,departed,https://en.wikipedia.org/wiki/List_of_2026%E2%80%9327_Premiership_Rugby_transfers ; https://all.rugby/transfers/premiership,Medium,To Ealing Trailfinders
804c604a-08f9-4d6c-b74d-2936f9b370dc,Gloucester Rugby,1100,Val Rapava-Ruskin,ACTIVE,7044,23280,prop,9233192a-bfed-489b-b224-5c9e02f587de,Gloucester Rugby,804c604a-08f9-4d6c-b74d-2936f9b370dc,1100,stay,,,
473a715d-80f5-4707-a8e2-52902fadc9bc,Sale Sharks,1450,Yande Nkonge,ACTIVE,7921,58669,loose-forward,9233192a-bfed-489b-b224-5c9e02f587de,Sale Sharks,473a715d-80f5-4707-a8e2-52902fadc9bc,1450,stay,,,
9e46b555-7bd7-4113-9005-641caab27c3c,Ulster Rugby,2450,Rob Herring,ACTIVE,6807,17050,hooker,b314ec41-b6b0-4274-a98f-4a675628d202,Ulster Rugby,9e46b555-7bd7-4113-9005-641caab27c3c,2450,stay,,,
e2ae68bd-54f2-4e38-89fc-53dcce5add02,Hollywoodbets Sharks,98,Ceano Everson,ACTIVE,8202,63353,scrum-half,b314ec41-b6b0-4274-a98f-4a675628d202,Hollywoodbets Sharks,e2ae68bd-54f2-4e38-89fc-53dcce5add02,98,stay,,,
961763ec-e93a-42f8-a91e-f7fcb114c02c,Benetton Rugby,1850,Giulio Marini,ACTIVE,7808,56248,loose-forward,b314ec41-b6b0-4274-a98f-4a675628d202,Benetton Rugby,961763ec-e93a-42f8-a91e-f7fcb114c02c,1850,stay,,,
dc118c04-038a-46e7-a805-298fbe0d2e66,Leinster Rugby,2300,Caspar Gabriel,ACTIVE,8069,67960,fly-half,b314ec41-b6b0-4274-a98f-4a675628d202,Leinster Rugby,dc118c04-038a-46e7-a805-298fbe0d2e66,2300,stay,,,
e2ae68bd-54f2-4e38-89fc-53dcce5add02,Hollywoodbets Sharks,98,Coetzee Le Roux,ACTIVE,7783,44322,lock,b314ec41-b6b0-4274-a98f-4a675628d202,Hollywoodbets Sharks,e2ae68bd-54f2-4e38-89fc-53dcce5add02,98,stay,,,
aebd3bc4-7445-44b7-beae-ded6ad3609bd,Zebre Parma,10650,Samuele Mirenzi,ACTIVE,8032,62086,lock,b314ec41-b6b0-4274-a98f-4a675628d202,Zebre Parma,aebd3bc4-7445-44b7-beae-ded6ad3609bd,10650,stay,,,
09c7ae37-447c-4020-9e2e-b5239ee2d58b,Scarlets,1700,Tom Rogers,ACTIVE,7276,29598,outside-back,b314ec41-b6b0-4274-a98f-4a675628d202,Ospreys,b05b5971-dd90-44ae-999d-7bde3b2ebf96,3250,move,https://en.wikipedia.org/wiki/List_of_2026%E2%80%9327_United_Rugby_Championship_transfers,High,
3d94bdf3-43ef-4dbb-951f-38d13d1b1e5f,Glasgow Warriors,1750,Kyle Rowe,ACTIVE,7300,29893,outside-back,b314ec41-b6b0-4274-a98f-4a675628d202,Glasgow Warriors,3d94bdf3-43ef-4dbb-951f-38d13d1b1e5f,1750,stay,,,
aebd3bc4-7445-44b7-beae-ded6ad3609bd,Zebre Parma,10650,Giovanni Licata,ACTIVE,7149,25141,loose-forward,b314ec41-b6b0-4274-a98f-4a675628d202,Zebre Parma,aebd3bc4-7445-44b7-beae-ded6ad3609bd,10650,stay,,,
dc118c04-038a-46e7-a805-298fbe0d2e66,Leinster Rugby,2300,Alex Usanov,ACTIVE,8014,62040,prop,b314ec41-b6b0-4274-a98f-4a675628d202,Leinster Rugby,dc118c04-038a-46e7-a805-298fbe0d2e66,2300,stay,,,
bdb20011-d913-4688-b8fa-38a2a96c22b2,Dragons RFC,3100,Oli Andrew,ACTIVE,7740,43908,outside-back,b314ec41-b6b0-4274-a98f-4a675628d202,Dragons RFC,bdb20011-d913-4688-b8fa-38a2a96c22b2,3100,stay,,,
17751c9c-264e-464e-adc8-1468fd75dbef,Newcastle Red Bull,1350,Connor Hancock,ACTIVE,8082,68052,prop,9233192a-bfed-489b-b224-5c9e02f587de,Newcastle Red Bull,17751c9c-264e-464e-adc8-1468fd75dbef,1350,stay,,,
17751c9c-264e-464e-adc8-1468fd75dbef,Newcastle Red Bull,1350,Hame Faiva,ACTIVE,8256,20761,hooker,9233192a-bfed-489b-b224-5c9e02f587de,,,,retired,https://en.wikipedia.org/wiki/List_of_2026%E2%80%9327_Premiership_Rugby_transfers ; https://all.rugby/transfers/premiership,Medium,Retired
dc118c04-038a-46e7-a805-298fbe0d2e66,Leinster Rugby,2300,Joshua Kenny,ACTIVE,8279,69865,outside-back,b314ec41-b6b0-4274-a98f-4a675628d202,Leinster Rugby,dc118c04-038a-46e7-a805-298fbe0d2e66,2300,stay,,,
e2ae68bd-54f2-4e38-89fc-53dcce5add02,Hollywoodbets Sharks,98,Cebo Dlamini,ACTIVE,8203,39244,prop,b314ec41-b6b0-4274-a98f-4a675628d202,Sale Sharks,473a715d-80f5-4707-a8e2-52902fadc9bc,1450,move,https://en.wikipedia.org/wiki/List_of_2026%E2%80%9327_United_Rugby_Championship_transfers,High,
9e46b555-7bd7-4113-9005-641caab27c3c,Ulster Rugby,2450,Tom Stewart,ACTIVE,7393,33630,hooker,b314ec41-b6b0-4274-a98f-4a675628d202,Ulster Rugby,9e46b555-7bd7-4113-9005-641caab27c3c,2450,stay,,,
9e46b555-7bd7-4113-9005-641caab27c3c,Ulster Rugby,2450,Sam Crean,ACTIVE,7380,33134,prop,b314ec41-b6b0-4274-a98f-4a675628d202,Ulster Rugby,9e46b555-7bd7-4113-9005-641caab27c3c,2450,stay,,,
6e09f000-1b71-426f-b349-2c528cba8584,Vodacom Bulls,97,Khutha Mchunu,ACTIVE,8195,25464,prop,b314ec41-b6b0-4274-a98f-4a675628d202,Vodacom Bulls,6e09f000-1b71-426f-b349-2c528cba8584,97,stay,,,
804c604a-08f9-4d6c-b74d-2936f9b370dc,Gloucester Rugby,1100,Jack Cotgreave,ACTIVE,8105,70135,outside-back,9233192a-bfed-489b-b224-5c9e02f587de,Gloucester Rugby,804c604a-08f9-4d6c-b74d-2936f9b370dc,1100,stay,,,
8b15860f-dd5c-45c0-be1d-985e82f5e295,Munster Rugby,2150,Dylan Hicks,ACTIVE,7959,59518,fly-half,b314ec41-b6b0-4274-a98f-4a675628d202,Munster Rugby,8b15860f-dd5c-45c0-be1d-985e82f5e295,2150,stay,,,
bdb20011-d913-4688-b8fa-38a2a96c22b2,Dragons RFC,3100,Barny Langton,ACTIVE,8011,61314,lock,b314ec41-b6b0-4274-a98f-4a675628d202,Dragons RFC,bdb20011-d913-4688-b8fa-38a2a96c22b2,3100,stay,,,
e2ae68bd-54f2-4e38-89fc-53dcce5add02,Hollywoodbets Sharks,98,Andre Esterhuizen,ACTIVE,6952,21468,centre,b314ec41-b6b0-4274-a98f-4a675628d202,Hollywoodbets Sharks,e2ae68bd-54f2-4e38-89fc-53dcce5add02,98,stay,,,
af6ad454-5636-4711-be6d-1cb29078219a,Lions,63,JC Pretorius,ACTIVE,7426,33872,loose-forward,b314ec41-b6b0-4274-a98f-4a675628d202,Lions,af6ad454-5636-4711-be6d-1cb29078219a,63,stay,,,
aebd3bc4-7445-44b7-beae-ded6ad3609bd,Zebre Parma,10650,Leonard Krumov,ACTIVE,7030,22776,lock,b314ec41-b6b0-4274-a98f-4a675628d202,Zebre Parma,aebd3bc4-7445-44b7-beae-ded6ad3609bd,10650,stay,,,
bdb20011-d913-4688-b8fa-38a2a96c22b2,Dragons RFC,3100,Mackenzie Martin,ACTIVE,7811,56258,loose-forward,b314ec41-b6b0-4274-a98f-4a675628d202,Dragons RFC,bdb20011-d913-4688-b8fa-38a2a96c22b2,3100,stay,,,
ee3c51c4-b2f3-42ba-9434-37c4455d9276,DHL Stormers,99,Oli Kebble,ACTIVE,8214,19875,prop,b314ec41-b6b0-4274-a98f-4a675628d202,DHL Stormers,ee3c51c4-b2f3-42ba-9434-37c4455d9276,99,stay,,,
e2ae68bd-54f2-4e38-89fc-53dcce5add02,Hollywoodbets Sharks,98,Aphelele Fassi,ACTIVE,7356,31813,outside-back,b314ec41-b6b0-4274-a98f-4a675628d202,,,,departed,https://en.wikipedia.org/wiki/List_of_2026%E2%80%9327_United_Rugby_Championship_transfers,Medium,To Toshiba Brave Lupus
8b15860f-dd5c-45c0-be1d-985e82f5e295,Munster Rugby,2150,Ethan Coughlan,ACTIVE,7722,40579,scrum-half,b314ec41-b6b0-4274-a98f-4a675628d202,Munster Rugby,8b15860f-dd5c-45c0-be1d-985e82f5e295,2150,stay,,,
aebd3bc4-7445-44b7-beae-ded6ad3609bd,Zebre Parma,10650,Muhamed Hasa,ACTIVE,7530,36795,prop,b314ec41-b6b0-4274-a98f-4a675628d202,Zebre Parma,aebd3bc4-7445-44b7-beae-ded6ad3609bd,10650,stay,,,
aebd3bc4-7445-44b7-beae-ded6ad3609bd,Zebre Parma,10650,Matteo Nocera,ACTIVE,7296,29823,prop,b314ec41-b6b0-4274-a98f-4a675628d202,Zebre Parma,aebd3bc4-7445-44b7-beae-ded6ad3609bd,10650,stay,,,
5fdcc251-1a9e-40cf-9767-a5271ff4dbc0,Edinburgh Rugby,1950,Glen Young,ACTIVE,6930,20897,lock,b314ec41-b6b0-4274-a98f-4a675628d202,Edinburgh Rugby,5fdcc251-1a9e-40cf-9767-a5271ff4dbc0,1950,stay,,,
5fdcc251-1a9e-40cf-9767-a5271ff4dbc0,Edinburgh Rugby,1950,Wes Goosen,ACTIVE,7007,22139,outside-back,b314ec41-b6b0-4274-a98f-4a675628d202,Edinburgh Rugby,5fdcc251-1a9e-40cf-9767-a5271ff4dbc0,1950,stay,,,
09c7ae37-447c-4020-9e2e-b5239ee2d58b,Scarlets,1700,Johnny Williams,ACTIVE,6999,22036,centre,b314ec41-b6b0-4274-a98f-4a675628d202,Scarlets,09c7ae37-447c-4020-9e2e-b5239ee2d58b,1700,stay,,,
09c7ae37-447c-4020-9e2e-b5239ee2d58b,Scarlets,1700,Iori Badham,ACTIVE,8302,69922,outside-back,b314ec41-b6b0-4274-a98f-4a675628d202,Scarlets,09c7ae37-447c-4020-9e2e-b5239ee2d58b,1700,stay,,,
b05b5971-dd90-44ae-999d-7bde3b2ebf96,Ospreys,3250,Luke Scully,ACTIVE,7353,31251,fly-half,b314ec41-b6b0-4274-a98f-4a675628d202,,,,departed,https://en.wikipedia.org/wiki/List_of_2026%E2%80%9327_United_Rugby_Championship_transfers,Medium,To Swansea
e2ae68bd-54f2-4e38-89fc-53dcce5add02,Hollywoodbets Sharks,98,Edwill van der Merwe,ACTIVE,7142,25014,outside-back,b314ec41-b6b0-4274-a98f-4a675628d202,Hollywoodbets Sharks,e2ae68bd-54f2-4e38-89fc-53dcce5add02,98,stay,,,
aebd3bc4-7445-44b7-beae-ded6ad3609bd,Zebre Parma,10650,Enrico Lucchin,ACTIVE,7032,22781,centre,b314ec41-b6b0-4274-a98f-4a675628d202,,,,retired,https://en.wikipedia.org/wiki/List_of_2026%E2%80%9327_United_Rugby_Championship_transfers,Medium,Retired
5fdcc251-1a9e-40cf-9767-a5271ff4dbc0,Edinburgh Rugby,1950,Connor Boyle,ACTIVE,7314,30264,loose-forward,b314ec41-b6b0-4274-a98f-4a675628d202,Edinburgh Rugby,5fdcc251-1a9e-40cf-9767-a5271ff4dbc0,1950,stay,,,
af6ad454-5636-4711-be6d-1cb29078219a,Lions,63,Morgan Naude,ACTIVE,7355,31583,prop,b314ec41-b6b0-4274-a98f-4a675628d202,Lions,af6ad454-5636-4711-be6d-1cb29078219a,63,stay,,,
aebd3bc4-7445-44b7-beae-ded6ad3609bd,Zebre Parma,10650,Giovanni Montemauri,ACTIVE,7925,58921,fly-half,b314ec41-b6b0-4274-a98f-4a675628d202,Zebre Parma,aebd3bc4-7445-44b7-beae-ded6ad3609bd,10650,stay,,,
473a715d-80f5-4707-a8e2-52902fadc9bc,Sale Sharks,1450,Patreece Bell,ACTIVE,8007,61276,prop,9233192a-bfed-489b-b224-5c9e02f587de,Sale Sharks,473a715d-80f5-4707-a8e2-52902fadc9bc,1450,stay,,,
473a715d-80f5-4707-a8e2-52902fadc9bc,Sale Sharks,1450,Nye Thomas,ACTIVE,7687,39840,scrum-half,9233192a-bfed-489b-b224-5c9e02f587de,,,,departed,https://en.wikipedia.org/wiki/List_of_2026%E2%80%9327_Premiership_Rugby_transfers ; https://all.rugby/transfers/premiership,Medium,Released — destination TBC
ca7c6d0f-7bef-4fad-8ac2-d202471fa122,Exeter Chiefs,84,Will Haydon-Wood,ACTIVE,7504,36473,fly-half,9233192a-bfed-489b-b224-5c9e02f587de,Exeter Chiefs,ca7c6d0f-7bef-4fad-8ac2-d202471fa122,84,stay,,,
ee3c51c4-b2f3-42ba-9434-37c4455d9276,DHL Stormers,99,Jonathan Roche,ACTIVE,7781,44319,centre,b314ec41-b6b0-4274-a98f-4a675628d202,DHL Stormers,ee3c51c4-b2f3-42ba-9434-37c4455d9276,99,stay,,,
09c7ae37-447c-4020-9e2e-b5239ee2d58b,Scarlets,1700,Harri O'Connor,ACTIVE,7511,36676,prop,b314ec41-b6b0-4274-a98f-4a675628d202,Scarlets,09c7ae37-447c-4020-9e2e-b5239ee2d58b,1700,stay,,,
3bb58f66-38c1-4f9c-adff-0ac33a01533b,Saracens,1500,Kennedy Sylvester,ACTIVE,8079,67979,lock,9233192a-bfed-489b-b224-5c9e02f587de,Saracens,3bb58f66-38c1-4f9c-adff-0ac33a01533b,1500,stay,,,
5fdcc251-1a9e-40cf-9767-a5271ff4dbc0,Edinburgh Rugby,1950,Hector Patterson,ACTIVE,8376,61317,scrum-half,b314ec41-b6b0-4274-a98f-4a675628d202,Edinburgh Rugby,5fdcc251-1a9e-40cf-9767-a5271ff4dbc0,1950,stay,,,
dc118c04-038a-46e7-a805-298fbe0d2e66,Leinster Rugby,2300,Liam Molony,ACTIVE,7926,59038,loose-forward,b314ec41-b6b0-4274-a98f-4a675628d202,Leinster Rugby,dc118c04-038a-46e7-a805-298fbe0d2e66,2300,stay,,,
e2ae68bd-54f2-4e38-89fc-53dcce5add02,Hollywoodbets Sharks,98,Zekhethelo Siyaya,ACTIVE,8375,65140,outside-back,b314ec41-b6b0-4274-a98f-4a675628d202,Hollywoodbets Sharks,e2ae68bd-54f2-4e38-89fc-53dcce5add02,98,stay,,,
17751c9c-264e-464e-adc8-1468fd75dbef,Newcastle Red Bull,1350,Fergus Lee-Warner,ACTIVE,8186,29332,loose-forward,9233192a-bfed-489b-b224-5c9e02f587de,,,,departed,https://en.wikipedia.org/wiki/List_of_2026%E2%80%9327_Premiership_Rugby_transfers ; https://all.rugby/transfers/premiership,Medium,To Grenoble
e2ae68bd-54f2-4e38-89fc-53dcce5add02,Hollywoodbets Sharks,98,Luan Giliomee,ACTIVE,8352,901453,fly-half,b314ec41-b6b0-4274-a98f-4a675628d202,Vodacom Bulls,6e09f000-1b71-426f-b349-2c528cba8584,97,move,https://en.wikipedia.org/wiki/List_of_2026%E2%80%9327_United_Rugby_Championship_transfers,Medium,
41d2c944-4a5a-4de0-8eb4-e5b57835cff7,Connacht Rugby,3400,Bundee Aki,ACTIVE,6854,19132,centre,b314ec41-b6b0-4274-a98f-4a675628d202,Connacht Rugby,41d2c944-4a5a-4de0-8eb4-e5b57835cff7,3400,stay,,,
ca7c6d0f-7bef-4fad-8ac2-d202471fa122,Exeter Chiefs,84,Stephen Varney,ACTIVE,8175,35522,scrum-half,9233192a-bfed-489b-b224-5c9e02f587de,Exeter Chiefs,ca7c6d0f-7bef-4fad-8ac2-d202471fa122,84,stay,,,
ca7c6d0f-7bef-4fad-8ac2-d202471fa122,Exeter Chiefs,84,Ehren Painter,ACTIVE,7287,29801,prop,9233192a-bfed-489b-b224-5c9e02f587de,Exeter Chiefs,ca7c6d0f-7bef-4fad-8ac2-d202471fa122,84,stay,,,
dc118c04-038a-46e7-a805-298fbe0d2e66,Leinster Rugby,2300,Charlie Tector,ACTIVE,7750,43922,fly-half,b314ec41-b6b0-4274-a98f-4a675628d202,Leinster Rugby,dc118c04-038a-46e7-a805-298fbe0d2e66,2300,stay,,,
b05b5971-dd90-44ae-999d-7bde3b2ebf96,Ospreys,3250,Marco de Witt,ACTIVE,8334,39167,loose-forward,b314ec41-b6b0-4274-a98f-4a675628d202,Ospreys,b05b5971-dd90-44ae-999d-7bde3b2ebf96,3250,stay,,,
b05b5971-dd90-44ae-999d-7bde3b2ebf96,Ospreys,3250,Matholwch Iorwerth-Scott,ACTIVE,8070,67970,prop,b314ec41-b6b0-4274-a98f-4a675628d202,Ospreys,b05b5971-dd90-44ae-999d-7bde3b2ebf96,3250,stay,,,
6e09f000-1b71-426f-b349-2c528cba8584,Vodacom Bulls,97,Jean Erasmus,ACTIVE,8194,60257,prop,b314ec41-b6b0-4274-a98f-4a675628d202,Vodacom Bulls,6e09f000-1b71-426f-b349-2c528cba8584,97,stay,,,
473a715d-80f5-4707-a8e2-52902fadc9bc,Sale Sharks,1450,Will Wootton,ACTIVE,7842,57071,scrum-half,9233192a-bfed-489b-b224-5c9e02f587de,Sale Sharks,473a715d-80f5-4707-a8e2-52902fadc9bc,1450,stay,,,
dc118c04-038a-46e7-a805-298fbe0d2e66,Leinster Rugby,2300,Jerry Cahir,ACTIVE,8226,68582,prop,b314ec41-b6b0-4274-a98f-4a675628d202,Connacht Rugby,41d2c944-4a5a-4de0-8eb4-e5b57835cff7,3400,move,https://en.wikipedia.org/wiki/List_of_2026%E2%80%9327_United_Rugby_Championship_transfers,Medium,
804c604a-08f9-4d6c-b74d-2936f9b370dc,Gloucester Rugby,1100,Josiah Edwards-Giraud,ACTIVE,8252,69551,outside-back,9233192a-bfed-489b-b224-5c9e02f587de,Gloucester Rugby,804c604a-08f9-4d6c-b74d-2936f9b370dc,1100,stay,,,
3d94bdf3-43ef-4dbb-951f-38d13d1b1e5f,Glasgow Warriors,1750,Jamie Dobie,ACTIVE,7489,35689,scrum-half,b314ec41-b6b0-4274-a98f-4a675628d202,Glasgow Warriors,3d94bdf3-43ef-4dbb-951f-38d13d1b1e5f,1750,stay,,,
9e46b555-7bd7-4113-9005-641caab27c3c,Ulster Rugby,2450,Eric O'Sullivan,ACTIVE,7093,24435,prop,b314ec41-b6b0-4274-a98f-4a675628d202,Ulster Rugby,9e46b555-7bd7-4113-9005-641caab27c3c,2450,stay,,,
9e46b555-7bd7-4113-9005-641caab27c3c,Ulster Rugby,2450,Conor McKee,ACTIVE,7394,33637,scrum-half,b314ec41-b6b0-4274-a98f-4a675628d202,Ulster Rugby,9e46b555-7bd7-4113-9005-641caab27c3c,2450,stay,,,
41d2c944-4a5a-4de0-8eb4-e5b57835cff7,Connacht Rugby,3400,Shayne Bolton,ACTIVE,7703,39948,outside-back,b314ec41-b6b0-4274-a98f-4a675628d202,Connacht Rugby,41d2c944-4a5a-4de0-8eb4-e5b57835cff7,3400,stay,,,
bdb20011-d913-4688-b8fa-38a2a96c22b2,Dragons RFC,3100,Huw Anderson,ACTIVE,7966,59812,outside-back,b314ec41-b6b0-4274-a98f-4a675628d202,Dragons RFC,bdb20011-d913-4688-b8fa-38a2a96c22b2,3100,stay,,,
804c604a-08f9-4d6c-b74d-2936f9b370dc,Gloucester Rugby,1100,Ollie Thorley,ACTIVE,6948,21412,outside-back,9233192a-bfed-489b-b224-5c9e02f587de,Gloucester Rugby,804c604a-08f9-4d6c-b74d-2936f9b370dc,1100,stay,,,
b05b5971-dd90-44ae-999d-7bde3b2ebf96,Ospreys,3250,Ross Moriarty,ACTIVE,8168,20012,loose-forward,b314ec41-b6b0-4274-a98f-4a675628d202,Ospreys,b05b5971-dd90-44ae-999d-7bde3b2ebf96,3250,stay,,,
09c7ae37-447c-4020-9e2e-b5239ee2d58b,Scarlets,1700,Fletcher Anderson,ACTIVE,8301,57247,loose-forward,b314ec41-b6b0-4274-a98f-4a675628d202,Scarlets,09c7ae37-447c-4020-9e2e-b5239ee2d58b,1700,stay,,,
09c7ae37-447c-4020-9e2e-b5239ee2d58b,Scarlets,1700,Ellis Mee,ACTIVE,7984,60604,outside-back,b314ec41-b6b0-4274-a98f-4a675628d202,Scarlets,09c7ae37-447c-4020-9e2e-b5239ee2d58b,1700,stay,,,
6e09f000-1b71-426f-b349-2c528cba8584,Vodacom Bulls,97,Stedman Gans,ACTIVE,7139,25006,centre,b314ec41-b6b0-4274-a98f-4a675628d202,Vodacom Bulls,6e09f000-1b71-426f-b349-2c528cba8584,97,stay,,,
3bb58f66-38c1-4f9c-adff-0ac33a01533b,Saracens,1500,Nick Tompkins,ACTIVE,6887,20025,centre,9233192a-bfed-489b-b224-5c9e02f587de,Saracens,3bb58f66-38c1-4f9c-adff-0ac33a01533b,1500,stay,,,
8b15860f-dd5c-45c0-be1d-985e82f5e295,Munster Rugby,2150,Luke Murphy,ACTIVE,7958,59515,loose-forward,b314ec41-b6b0-4274-a98f-4a675628d202,Munster Rugby,8b15860f-dd5c-45c0-be1d-985e82f5e295,2150,stay,,,
b05b5971-dd90-44ae-999d-7bde3b2ebf96,Ospreys,3250,Dan Gemine,ACTIVE,8098,69517,lock,b314ec41-b6b0-4274-a98f-4a675628d202,Ospreys,b05b5971-dd90-44ae-999d-7bde3b2ebf96,3250,stay,,,
e33c7a17-a675-46a9-b68c-be767cc211db,Northampton Saints,1400,Fraser Dingwall,ACTIVE,7179,26003,centre,9233192a-bfed-489b-b224-5c9e02f587de,Northampton Saints,e33c7a17-a675-46a9-b68c-be767cc211db,1400,stay,,,
ca7c6d0f-7bef-4fad-8ac2-d202471fa122,Exeter Chiefs,84,Olly Woodburn,ACTIVE,6856,19218,outside-back,9233192a-bfed-489b-b224-5c9e02f587de,Exeter Chiefs,ca7c6d0f-7bef-4fad-8ac2-d202471fa122,84,stay,,,
ee3c51c4-b2f3-42ba-9434-37c4455d9276,DHL Stormers,99,Stefan Ungerer,ACTIVE,6919,20659,scrum-half,b314ec41-b6b0-4274-a98f-4a675628d202,DHL Stormers,ee3c51c4-b2f3-42ba-9434-37c4455d9276,99,stay,,,
9e46b555-7bd7-4113-9005-641caab27c3c,Ulster Rugby,2450,Bryan O'Connor,ACTIVE,7332,31017,prop,b314ec41-b6b0-4274-a98f-4a675628d202,,,,departed,https://en.wikipedia.org/wiki/List_of_2026%E2%80%9327_United_Rugby_Championship_transfers,Medium,Released — destination TBC
dc118c04-038a-46e7-a805-298fbe0d2e66,Leinster Rugby,2300,Garry Ringrose,ACTIVE,6961,21560,centre,b314ec41-b6b0-4274-a98f-4a675628d202,Leinster Rugby,dc118c04-038a-46e7-a805-298fbe0d2e66,2300,stay,,,
dc118c04-038a-46e7-a805-298fbe0d2e66,Leinster Rugby,2300,Luke McGrath,ACTIVE,6874,19659,scrum-half,b314ec41-b6b0-4274-a98f-4a675628d202,,,,departed,https://en.wikipedia.org/wiki/List_of_2026%E2%80%9327_United_Rugby_Championship_transfers,Medium,To Perpignan
41d2c944-4a5a-4de0-8eb4-e5b57835cff7,Connacht Rugby,3400,Temi Lasisi,ACTIVE,7601,38643,prop,b314ec41-b6b0-4274-a98f-4a675628d202,,,,departed,https://en.wikipedia.org/wiki/List_of_2026%E2%80%9327_United_Rugby_Championship_transfers,Medium,Released — destination TBC
3d94bdf3-43ef-4dbb-951f-38d13d1b1e5f,Glasgow Warriors,1750,Angus Fraser,ACTIVE,7428,33890,hooker,b314ec41-b6b0-4274-a98f-4a675628d202,Glasgow Warriors,3d94bdf3-43ef-4dbb-951f-38d13d1b1e5f,1750,stay,,,
6fd77b22-06bc-49f7-8837-b213e335ec7a,Cardiff Rugby,2200,Ioan Emanuel,ACTIVE,8159,60474,prop,b314ec41-b6b0-4274-a98f-4a675628d202,Cardiff Rugby,6fd77b22-06bc-49f7-8837-b213e335ec7a,2200,stay,,,
8b15860f-dd5c-45c0-be1d-985e82f5e295,Munster Rugby,2150,Jack Crowley,ACTIVE,7388,33614,fly-half,b314ec41-b6b0-4274-a98f-4a675628d202,Munster Rugby,8b15860f-dd5c-45c0-be1d-985e82f5e295,2150,stay,,,
41d2c944-4a5a-4de0-8eb4-e5b57835cff7,Connacht Rugby,3400,Eoin de Buitlear,ACTIVE,7603,38645,hooker,b314ec41-b6b0-4274-a98f-4a675628d202,Connacht Rugby,41d2c944-4a5a-4de0-8eb4-e5b57835cff7,3400,stay,,,
ef455f5f-f067-4d29-ab67-f6e14b44a1e7,Leicester Tigers,1250,Jack van Poortvliet,ACTIVE,7486,35629,scrum-half,9233192a-bfed-489b-b224-5c9e02f587de,Leicester Tigers,ef455f5f-f067-4d29-ab67-f6e14b44a1e7,1250,stay,,,
ef455f5f-f067-4d29-ab67-f6e14b44a1e7,Leicester Tigers,1250,Hanro Liebenberg,ACTIVE,7020,22728,loose-forward,9233192a-bfed-489b-b224-5c9e02f587de,Vodacom Bulls,6e09f000-1b71-426f-b349-2c528cba8584,97,move,https://en.wikipedia.org/wiki/List_of_2026%E2%80%9327_Premiership_Rugby_transfers ; https://all.rugby/transfers/premiership,Medium,
ca7c6d0f-7bef-4fad-8ac2-d202471fa122,Exeter Chiefs,84,Alfie Bell,ACTIVE,7669,39765,lock,9233192a-bfed-489b-b224-5c9e02f587de,,,,departed,https://en.wikipedia.org/wiki/List_of_2026%E2%80%9327_Premiership_Rugby_transfers ; https://all.rugby/transfers/premiership,Medium,Released — destination TBC
9e46b555-7bd7-4113-9005-641caab27c3c,Ulster Rugby,2450,Jake Flannery,ACTIVE,7419,33854,fly-half,b314ec41-b6b0-4274-a98f-4a675628d202,Ulster Rugby,9e46b555-7bd7-4113-9005-641caab27c3c,2450,stay,,,
9e46b555-7bd7-4113-9005-641caab27c3c,Ulster Rugby,2450,Sean Reffell,ACTIVE,7273,29582,loose-forward,b314ec41-b6b0-4274-a98f-4a675628d202,,,,departed,https://en.wikipedia.org/wiki/List_of_2026%E2%80%9327_United_Rugby_Championship_transfers,Medium,Released — destination TBC
8b15860f-dd5c-45c0-be1d-985e82f5e295,Munster Rugby,2150,Michael Milne,ACTIVE,7126,24793,prop,b314ec41-b6b0-4274-a98f-4a675628d202,Munster Rugby,8b15860f-dd5c-45c0-be1d-985e82f5e295,2150,stay,,,
473a715d-80f5-4707-a8e2-52902fadc9bc,Sale Sharks,1450,Ellis Causey,ACTIVE,8005,61274,lock,9233192a-bfed-489b-b224-5c9e02f587de,Sale Sharks,473a715d-80f5-4707-a8e2-52902fadc9bc,1450,stay,,,
473a715d-80f5-4707-a8e2-52902fadc9bc,Sale Sharks,1450,Will Riley,ACTIVE,7919,58634,loose-forward,9233192a-bfed-489b-b224-5c9e02f587de,Sale Sharks,473a715d-80f5-4707-a8e2-52902fadc9bc,1450,stay,,,
6959008c-ebd2-49ed-b1db-29a124e3e922,Harlequins,1150,Stephan Lewies,ACTIVE,6944,21243,lock,9233192a-bfed-489b-b224-5c9e02f587de,Hollywoodbets Sharks,e2ae68bd-54f2-4e38-89fc-53dcce5add02,98,move,https://en.wikipedia.org/wiki/List_of_2026%E2%80%9327_Premiership_Rugby_transfers ; https://all.rugby/transfers/premiership,Medium,
6959008c-ebd2-49ed-b1db-29a124e3e922,Harlequins,1150,Titi Lamositele,ACTIVE,6941,21149,prop,9233192a-bfed-489b-b224-5c9e02f587de,Harlequins,6959008c-ebd2-49ed-b1db-29a124e3e922,1150,stay,,,
17751c9c-264e-464e-adc8-1468fd75dbef,Newcastle Red Bull,1350,Joe Davis,ACTIVE,8036,62368,scrum-half,9233192a-bfed-489b-b224-5c9e02f587de,Newcastle Red Bull,17751c9c-264e-464e-adc8-1468fd75dbef,1350,stay,,,
b05b5971-dd90-44ae-999d-7bde3b2ebf96,Ospreys,3250,Evan Hill,ACTIVE,8235,59811,lock,b314ec41-b6b0-4274-a98f-4a675628d202,Ospreys,b05b5971-dd90-44ae-999d-7bde3b2ebf96,3250,stay,,,
b05b5971-dd90-44ae-999d-7bde3b2ebf96,Ospreys,3250,Ethan Lewis,ACTIVE,6904,20474,hooker,b314ec41-b6b0-4274-a98f-4a675628d202,Ospreys,b05b5971-dd90-44ae-999d-7bde3b2ebf96,3250,stay,,,
bdb20011-d913-4688-b8fa-38a2a96c22b2,Dragons RFC,3100,Chris Coleman,ACTIVE,7223,27356,prop,b314ec41-b6b0-4274-a98f-4a675628d202,Dragons RFC,bdb20011-d913-4688-b8fa-38a2a96c22b2,3100,stay,,,
961763ec-e93a-42f8-a91e-f7fcb114c02c,Benetton Rugby,1850,Ivan Nemer,ACTIVE,7536,37215,prop,b314ec41-b6b0-4274-a98f-4a675628d202,Benetton Rugby,961763ec-e93a-42f8-a91e-f7fcb114c02c,1850,stay,,,
e2ae68bd-54f2-4e38-89fc-53dcce5add02,Hollywoodbets Sharks,98,Makazole Mapimpi,ACTIVE,7164,25773,outside-back,b314ec41-b6b0-4274-a98f-4a675628d202,Hollywoodbets Sharks,e2ae68bd-54f2-4e38-89fc-53dcce5add02,98,stay,,,
8b15860f-dd5c-45c0-be1d-985e82f5e295,Munster Rugby,2150,Ben O'Donovan,ACTIVE,8377,63244,scrum-half,b314ec41-b6b0-4274-a98f-4a675628d202,Munster Rugby,8b15860f-dd5c-45c0-be1d-985e82f5e295,2150,stay,,,
6fd77b22-06bc-49f7-8837-b213e335ec7a,Cardiff Rugby,2200,Lucas de la Rua,ACTIVE,7924,58918,loose-forward,b314ec41-b6b0-4274-a98f-4a675628d202,Cardiff Rugby,6fd77b22-06bc-49f7-8837-b213e335ec7a,2200,stay,,,
8b15860f-dd5c-45c0-be1d-985e82f5e295,Munster Rugby,2150,JJ Hanrahan,ACTIVE,6834,18680,fly-half,b314ec41-b6b0-4274-a98f-4a675628d202,Munster Rugby,8b15860f-dd5c-45c0-be1d-985e82f5e295,2150,stay,,,
8b15860f-dd5c-45c0-be1d-985e82f5e295,Munster Rugby,2150,Thaakir Abrahams,ACTIVE,7447,34548,outside-back,b314ec41-b6b0-4274-a98f-4a675628d202,Vodacom Bulls,6e09f000-1b71-426f-b349-2c528cba8584,97,move,https://en.wikipedia.org/wiki/List_of_2026%E2%80%9327_United_Rugby_Championship_transfers,Medium,
ee3c51c4-b2f3-42ba-9434-37c4455d9276,DHL Stormers,99,Warrick Gelant,ACTIVE,6985,21718,outside-back,b314ec41-b6b0-4274-a98f-4a675628d202,DHL Stormers,ee3c51c4-b2f3-42ba-9434-37c4455d9276,99,stay,,,
6e09f000-1b71-426f-b349-2c528cba8584,Vodacom Bulls,97,Willie le Roux,ACTIVE,6876,19709,outside-back,b314ec41-b6b0-4274-a98f-4a675628d202,Vodacom Bulls,6e09f000-1b71-426f-b349-2c528cba8584,97,stay,,,
6fd77b22-06bc-49f7-8837-b213e335ec7a,Cardiff Rugby,2200,Osian Darwin-Lewis,ACTIVE,8278,69932,centre,b314ec41-b6b0-4274-a98f-4a675628d202,Cardiff Rugby,6fd77b22-06bc-49f7-8837-b213e335ec7a,2200,stay,,,
8b15860f-dd5c-45c0-be1d-985e82f5e295,Munster Rugby,2150,Ben O'Connor,ACTIVE,8010,61313,outside-back,b314ec41-b6b0-4274-a98f-4a675628d202,Munster Rugby,8b15860f-dd5c-45c0-be1d-985e82f5e295,2150,stay,,,
961763ec-e93a-42f8-a91e-f7fcb114c02c,Benetton Rugby,1850,Leonardo Marin,ACTIVE,7598,38637,fly-half,b314ec41-b6b0-4274-a98f-4a675628d202,Benetton Rugby,961763ec-e93a-42f8-a91e-f7fcb114c02c,1850,stay,,,
8b15860f-dd5c-45c0-be1d-985e82f5e295,Munster Rugby,2150,Shay McCarthy,ACTIVE,7816,56272,outside-back,b314ec41-b6b0-4274-a98f-4a675628d202,Munster Rugby,8b15860f-dd5c-45c0-be1d-985e82f5e295,2150,stay,,,
dc118c04-038a-46e7-a805-298fbe0d2e66,Leinster Rugby,2300,Caelan Doris,ACTIVE,7120,24778,loose-forward,b314ec41-b6b0-4274-a98f-4a675628d202,Leinster Rugby,dc118c04-038a-46e7-a805-298fbe0d2e66,2300,stay,,,
dc118c04-038a-46e7-a805-298fbe0d2e66,Leinster Rugby,2300,Hugo McLaughlin,ACTIVE,8025,62055,outside-back,b314ec41-b6b0-4274-a98f-4a675628d202,Leinster Rugby,dc118c04-038a-46e7-a805-298fbe0d2e66,2300,stay,,,
ca7c6d0f-7bef-4fad-8ac2-d202471fa122,Exeter Chiefs,84,Sol Moody,ACTIVE,8000,61262,hooker,9233192a-bfed-489b-b224-5c9e02f587de,Bristol Bears,d9f721ee-9da6-4aa0-8e98-22cf91afd251,1050,move,https://en.wikipedia.org/wiki/List_of_2026%E2%80%9327_Premiership_Rugby_transfers ; https://all.rugby/transfers/premiership,Medium,
e33c7a17-a675-46a9-b68c-be767cc211db,Northampton Saints,1400,Tom Pearson,ACTIVE,7678,39808,loose-forward,9233192a-bfed-489b-b224-5c9e02f587de,Northampton Saints,e33c7a17-a675-46a9-b68c-be767cc211db,1400,stay,,,
e33c7a17-a675-46a9-b68c-be767cc211db,Northampton Saints,1400,JJ van der Mescht,ACTIVE,8144,29778,lock,9233192a-bfed-489b-b224-5c9e02f587de,Northampton Saints,e33c7a17-a675-46a9-b68c-be767cc211db,1400,stay,,,
e33c7a17-a675-46a9-b68c-be767cc211db,Northampton Saints,1400,Anthony Belleau,ACTIVE,8142,23345,fly-half,9233192a-bfed-489b-b224-5c9e02f587de,Northampton Saints,e33c7a17-a675-46a9-b68c-be767cc211db,1400,stay,,,
17751c9c-264e-464e-adc8-1468fd75dbef,Newcastle Red Bull,1350,Sam Waugh,ACTIVE,8260,903039,outside-back,9233192a-bfed-489b-b224-5c9e02f587de,,,,departed,https://en.wikipedia.org/wiki/List_of_2026%E2%80%9327_Premiership_Rugby_transfers ; https://all.rugby/transfers/premiership,Medium,Released — destination TBC
6fd77b22-06bc-49f7-8837-b213e335ec7a,Cardiff Rugby,2200,Rory Jennings,ACTIVE,6998,22029,centre,b314ec41-b6b0-4274-a98f-4a675628d202,,,,departed,https://en.wikipedia.org/wiki/List_of_2026%E2%80%9327_United_Rugby_Championship_transfers,Medium,To Rosslyn Park
ef455f5f-f067-4d29-ab67-f6e14b44a1e7,Leicester Tigers,1250,Ale Loman,ACTIVE,8254,69258,prop,9233192a-bfed-489b-b224-5c9e02f587de,Leicester Tigers,ef455f5f-f067-4d29-ab67-f6e14b44a1e7,1250,stay,,,
ef455f5f-f067-4d29-ab67-f6e14b44a1e7,Leicester Tigers,1250,Wilf McCarthy,ACTIVE,8138,null,centre,9233192a-bfed-489b-b224-5c9e02f587de,Leicester Tigers,ef455f5f-f067-4d29-ab67-f6e14b44a1e7,1250,stay,,,
ef455f5f-f067-4d29-ab67-f6e14b44a1e7,Leicester Tigers,1250,Joe Heyes,ACTIVE,7286,29799,prop,9233192a-bfed-489b-b224-5c9e02f587de,Leicester Tigers,ef455f5f-f067-4d29-ab67-f6e14b44a1e7,1250,stay,,,
8b15860f-dd5c-45c0-be1d-985e82f5e295,Munster Rugby,2150,Mark Donnelly,ACTIVE,7602,38644,prop,b314ec41-b6b0-4274-a98f-4a675628d202,Munster Rugby,8b15860f-dd5c-45c0-be1d-985e82f5e295,2150,stay,,,
8b15860f-dd5c-45c0-be1d-985e82f5e295,Munster Rugby,2150,Alex Nankivell,ACTIVE,7061,23613,centre,b314ec41-b6b0-4274-a98f-4a675628d202,Munster Rugby,8b15860f-dd5c-45c0-be1d-985e82f5e295,2150,stay,,,
6fd77b22-06bc-49f7-8837-b213e335ec7a,Cardiff Rugby,2200,Ed Byrne,ACTIVE,6923,20753,prop,b314ec41-b6b0-4274-a98f-4a675628d202,,,,departed,https://en.wikipedia.org/wiki/List_of_2026%E2%80%9327_United_Rugby_Championship_transfers,Medium,Released — destination TBC
af6ad454-5636-4711-be6d-1cb29078219a,Lions,63,Sam Francis,ACTIVE,7766,44174,fly-half,b314ec41-b6b0-4274-a98f-4a675628d202,Lions,af6ad454-5636-4711-be6d-1cb29078219a,63,stay,,,
ee3c51c4-b2f3-42ba-9434-37c4455d9276,DHL Stormers,99,Keketso Morabe,ACTIVE,7707,40083,loose-forward,b314ec41-b6b0-4274-a98f-4a675628d202,DHL Stormers,ee3c51c4-b2f3-42ba-9434-37c4455d9276,99,stay,,,
e2ae68bd-54f2-4e38-89fc-53dcce5add02,Hollywoodbets Sharks,98,Yaw Penxe,ACTIVE,7147,25059,outside-back,b314ec41-b6b0-4274-a98f-4a675628d202,Hollywoodbets Sharks,e2ae68bd-54f2-4e38-89fc-53dcce5add02,98,stay,,,
8b15860f-dd5c-45c0-be1d-985e82f5e295,Munster Rugby,2150,Craig Casey,ACTIVE,7418,33852,scrum-half,b314ec41-b6b0-4274-a98f-4a675628d202,Munster Rugby,8b15860f-dd5c-45c0-be1d-985e82f5e295,2150,stay,,,
8b15860f-dd5c-45c0-be1d-985e82f5e295,Munster Rugby,2150,Ruadhan Quinn,ACTIVE,7851,57260,loose-forward,b314ec41-b6b0-4274-a98f-4a675628d202,Munster Rugby,8b15860f-dd5c-45c0-be1d-985e82f5e295,2150,stay,,,
b05b5971-dd90-44ae-999d-7bde3b2ebf96,Ospreys,3250,Keillen Cullen,ACTIVE,8232,903073,fly-half,b314ec41-b6b0-4274-a98f-4a675628d202,Ospreys,b05b5971-dd90-44ae-999d-7bde3b2ebf96,3250,stay,,,
804c604a-08f9-4d6c-b74d-2936f9b370dc,Gloucester Rugby,1100,Hugh Bokenham,ACTIVE,8124,32081,loose-forward,9233192a-bfed-489b-b224-5c9e02f587de,,,,departed,https://en.wikipedia.org/wiki/List_of_2026%E2%80%9327_Premiership_Rugby_transfers ; https://all.rugby/transfers/premiership,Medium,To Cornish Pirates
aebd3bc4-7445-44b7-beae-ded6ad3609bd,Zebre Parma,10650,Matteo Canali,ACTIVE,7295,29822,lock,b314ec41-b6b0-4274-a98f-4a675628d202,Zebre Parma,aebd3bc4-7445-44b7-beae-ded6ad3609bd,10650,stay,,,
5fdcc251-1a9e-40cf-9767-a5271ff4dbc0,Edinburgh Rugby,1950,Harri Morris,ACTIVE,7585,38579,hooker,b314ec41-b6b0-4274-a98f-4a675628d202,Edinburgh Rugby,5fdcc251-1a9e-40cf-9767-a5271ff4dbc0,1950,stay,,,
41d2c944-4a5a-4de0-8eb4-e5b57835cff7,Connacht Rugby,3400,John Devine,ACTIVE,7896,58412,centre,b314ec41-b6b0-4274-a98f-4a675628d202,Connacht Rugby,41d2c944-4a5a-4de0-8eb4-e5b57835cff7,3400,stay,,,
961763ec-e93a-42f8-a91e-f7fcb114c02c,Benetton Rugby,1850,Sebastian Negri,ACTIVE,6957,21534,loose-forward,b314ec41-b6b0-4274-a98f-4a675628d202,Benetton Rugby,961763ec-e93a-42f8-a91e-f7fcb114c02c,1850,stay,,,
3d94bdf3-43ef-4dbb-951f-38d13d1b1e5f,Glasgow Warriors,1750,George Horne,ACTIVE,6969,21630,scrum-half,b314ec41-b6b0-4274-a98f-4a675628d202,Glasgow Warriors,3d94bdf3-43ef-4dbb-951f-38d13d1b1e5f,1750,stay,,,
3d94bdf3-43ef-4dbb-951f-38d13d1b1e5f,Glasgow Warriors,1750,Richie Gray,ACTIVE,6803,16250,lock,b314ec41-b6b0-4274-a98f-4a675628d202,Glasgow Warriors,3d94bdf3-43ef-4dbb-951f-38d13d1b1e5f,1750,stay,,,
3bb58f66-38c1-4f9c-adff-0ac33a01533b,Saracens,1500,Marco Riccioni,ACTIVE,7089,24112,prop,9233192a-bfed-489b-b224-5c9e02f587de,,,,departed,https://en.wikipedia.org/wiki/List_of_2026%E2%80%9327_Premiership_Rugby_transfers ; https://all.rugby/transfers/premiership,Medium,To Perpignan
3bb58f66-38c1-4f9c-adff-0ac33a01533b,Saracens,1500,Tietie Tuimauga,ACTIVE,8271,31660,prop,9233192a-bfed-489b-b224-5c9e02f587de,Saracens,3bb58f66-38c1-4f9c-adff-0ac33a01533b,1500,stay,,,
6959008c-ebd2-49ed-b1db-29a124e3e922,Harlequins,1150,Kieran Treadwell,ACTIVE,6963,21591,lock,9233192a-bfed-489b-b224-5c9e02f587de,Harlequins,6959008c-ebd2-49ed-b1db-29a124e3e922,1150,stay,,,
804c604a-08f9-4d6c-b74d-2936f9b370dc,Gloucester Rugby,1100,Ben Loader,ACTIVE,7258,28726,outside-back,9233192a-bfed-489b-b224-5c9e02f587de,Gloucester Rugby,804c604a-08f9-4d6c-b74d-2936f9b370dc,1100,stay,,,
6fd77b22-06bc-49f7-8837-b213e335ec7a,Cardiff Rugby,2200,Keiron Assiratti,ACTIVE,7086,24078,prop,b314ec41-b6b0-4274-a98f-4a675628d202,Cardiff Rugby,6fd77b22-06bc-49f7-8837-b213e335ec7a,2200,stay,,,
ee3c51c4-b2f3-42ba-9434-37c4455d9276,DHL Stormers,99,Andre-Hugo Venter,ACTIVE,7583,38577,hooker,b314ec41-b6b0-4274-a98f-4a675628d202,DHL Stormers,ee3c51c4-b2f3-42ba-9434-37c4455d9276,99,stay,,,
e2ae68bd-54f2-4e38-89fc-53dcce5add02,Hollywoodbets Sharks,98,Jason Jenkins,ACTIVE,7019,22727,lock,b314ec41-b6b0-4274-a98f-4a675628d202,Hollywoodbets Sharks,e2ae68bd-54f2-4e38-89fc-53dcce5add02,98,stay,,,
9e46b555-7bd7-4113-9005-641caab27c3c,Ulster Rugby,2450,Jude Postlethwaite,ACTIVE,7612,38661,centre,b314ec41-b6b0-4274-a98f-4a675628d202,Ulster Rugby,9e46b555-7bd7-4113-9005-641caab27c3c,2450,stay,,,
9e46b555-7bd7-4113-9005-641caab27c3c,Ulster Rugby,2450,Ben Carson,ACTIVE,7390,33619,centre,b314ec41-b6b0-4274-a98f-4a675628d202,Ulster Rugby,9e46b555-7bd7-4113-9005-641caab27c3c,2450,stay,,,
5fdcc251-1a9e-40cf-9767-a5271ff4dbc0,Edinburgh Rugby,1950,Harry Paterson,ACTIVE,7529,36794,outside-back,b314ec41-b6b0-4274-a98f-4a675628d202,Edinburgh Rugby,5fdcc251-1a9e-40cf-9767-a5271ff4dbc0,1950,stay,,,
804c604a-08f9-4d6c-b74d-2936f9b370dc,Gloucester Rugby,1100,Kirill Gotovtsev,ACTIVE,7269,29506,prop,9233192a-bfed-489b-b224-5c9e02f587de,,,,retired,https://en.wikipedia.org/wiki/List_of_2026%E2%80%9327_Premiership_Rugby_transfers ; https://all.rugby/transfers/premiership,Medium,Retired
af6ad454-5636-4711-be6d-1cb29078219a,Lions,63,Jarod Cairns,ACTIVE,7649,39214,loose-forward,b314ec41-b6b0-4274-a98f-4a675628d202,Lions,af6ad454-5636-4711-be6d-1cb29078219a,63,stay,,,
6e09f000-1b71-426f-b349-2c528cba8584,Vodacom Bulls,97,Paul de Wet,ACTIVE,7200,26911,scrum-half,b314ec41-b6b0-4274-a98f-4a675628d202,Vodacom Bulls,6e09f000-1b71-426f-b349-2c528cba8584,97,stay,,,
9e46b555-7bd7-4113-9005-641caab27c3c,Ulster Rugby,2450,James Hume,ACTIVE,7121,24783,centre,b314ec41-b6b0-4274-a98f-4a675628d202,Ulster Rugby,9e46b555-7bd7-4113-9005-641caab27c3c,2450,stay,,,
804c604a-08f9-4d6c-b74d-2936f9b370dc,Gloucester Rugby,1100,Olly Allport,ACTIVE,8053,62680,loose-forward,9233192a-bfed-489b-b224-5c9e02f587de,Gloucester Rugby,804c604a-08f9-4d6c-b74d-2936f9b370dc,1100,stay,,,
804c604a-08f9-4d6c-b74d-2936f9b370dc,Gloucester Rugby,1100,Freddie Stevens,ACTIVE,8309,925041,loose-forward,9233192a-bfed-489b-b224-5c9e02f587de,Gloucester Rugby,804c604a-08f9-4d6c-b74d-2936f9b370dc,1100,stay,,,
d9f721ee-9da6-4aa0-8e98-22cf91afd251,Bristol Bears,1050,Jack Bates,ACTIVE,7470,35512,outside-back,9233192a-bfed-489b-b224-5c9e02f587de,Bristol Bears,d9f721ee-9da6-4aa0-8e98-22cf91afd251,1050,stay,,,
17751c9c-264e-464e-adc8-1468fd75dbef,Newcastle Red Bull,1350,Nathan Greenwood,ACTIVE,7874,57550,outside-back,9233192a-bfed-489b-b224-5c9e02f587de,Newcastle Red Bull,17751c9c-264e-464e-adc8-1468fd75dbef,1350,stay,,,
b05b5971-dd90-44ae-999d-7bde3b2ebf96,Ospreys,3250,Efan Daniel,ACTIVE,7619,38676,hooker,b314ec41-b6b0-4274-a98f-4a675628d202,Ospreys,b05b5971-dd90-44ae-999d-7bde3b2ebf96,3250,stay,,,
9e46b555-7bd7-4113-9005-641caab27c3c,Ulster Rugby,2450,Tom Brigg,ACTIVE,8034,62316,loose-forward,b314ec41-b6b0-4274-a98f-4a675628d202,Ulster Rugby,9e46b555-7bd7-4113-9005-641caab27c3c,2450,stay,,,
e2ae68bd-54f2-4e38-89fc-53dcce5add02,Hollywoodbets Sharks,98,Ethan Hooker,ACTIVE,7786,44326,centre,b314ec41-b6b0-4274-a98f-4a675628d202,Hollywoodbets Sharks,e2ae68bd-54f2-4e38-89fc-53dcce5add02,98,stay,,,
aebd3bc4-7445-44b7-beae-ded6ad3609bd,Zebre Parma,10650,Alessandro Gesi,ACTIVE,7807,56246,outside-back,b314ec41-b6b0-4274-a98f-4a675628d202,Zebre Parma,aebd3bc4-7445-44b7-beae-ded6ad3609bd,10650,stay,,,
17751c9c-264e-464e-adc8-1468fd75dbef,Newcastle Red Bull,1350,George Bolam,ACTIVE,8383,925316,lock,9233192a-bfed-489b-b224-5c9e02f587de,Newcastle Red Bull,17751c9c-264e-464e-adc8-1468fd75dbef,1350,stay,,,
af6ad454-5636-4711-be6d-1cb29078219a,Lions,63,Reinhard Nothnagel,ACTIVE,7159,25436,lock,b314ec41-b6b0-4274-a98f-4a675628d202,Lions,af6ad454-5636-4711-be6d-1cb29078219a,63,stay,,,
5fdcc251-1a9e-40cf-9767-a5271ff4dbc0,Edinburgh Rugby,1950,Findlay Thomson,ACTIVE,7916,58562,centre,b314ec41-b6b0-4274-a98f-4a675628d202,Edinburgh Rugby,5fdcc251-1a9e-40cf-9767-a5271ff4dbc0,1950,stay,,,
b05b5971-dd90-44ae-999d-7bde3b2ebf96,Ospreys,3250,Scott Whitlock,ACTIVE,8073,67973,scrum-half,b314ec41-b6b0-4274-a98f-4a675628d202,Ospreys,b05b5971-dd90-44ae-999d-7bde3b2ebf96,3250,stay,,,
dc118c04-038a-46e7-a805-298fbe0d2e66,Leinster Rugby,2300,Harry Byrne,ACTIVE,6788,29855,fly-half,b314ec41-b6b0-4274-a98f-4a675628d202,Leinster Rugby,dc118c04-038a-46e7-a805-298fbe0d2e66,2300,stay,,,
b05b5971-dd90-44ae-999d-7bde3b2ebf96,Ospreys,3250,Harri Williams,ACTIVE,8167,38695,scrum-half,b314ec41-b6b0-4274-a98f-4a675628d202,Ospreys,b05b5971-dd90-44ae-999d-7bde3b2ebf96,3250,stay,,,
41d2c944-4a5a-4de0-8eb4-e5b57835cff7,Connacht Rugby,3400,Mack Hansen,ACTIVE,7234,27777,outside-back,b314ec41-b6b0-4274-a98f-4a675628d202,Connacht Rugby,41d2c944-4a5a-4de0-8eb4-e5b57835cff7,3400,stay,,,
af6ad454-5636-4711-be6d-1cb29078219a,Lions,63,Richard Kriel,ACTIVE,7569,38179,outside-back,b314ec41-b6b0-4274-a98f-4a675628d202,Lions,af6ad454-5636-4711-be6d-1cb29078219a,63,stay,,,
dc118c04-038a-46e7-a805-298fbe0d2e66,Leinster Rugby,2300,Oliver Coffey,ACTIVE,8022,62050,scrum-half,b314ec41-b6b0-4274-a98f-4a675628d202,Leinster Rugby,dc118c04-038a-46e7-a805-298fbe0d2e66,2300,stay,,,
17751c9c-264e-464e-adc8-1468fd75dbef,Newcastle Red Bull,1350,Jamie Clark,ACTIVE,8384,35838,prop,9233192a-bfed-489b-b224-5c9e02f587de,,,,departed,https://en.wikipedia.org/wiki/List_of_2026%E2%80%9327_Premiership_Rugby_transfers ; https://all.rugby/transfers/premiership,Medium,To Cornish Pirates
20aa34f7-3d7a-4cf4-be95-70ca236af7a0,Bath Rugby,1000,Ciaran Donoghue,ACTIVE,7710,40398,outside-back,9233192a-bfed-489b-b224-5c9e02f587de,Bath Rugby,20aa34f7-3d7a-4cf4-be95-70ca236af7a0,1000,stay,,,
20aa34f7-3d7a-4cf4-be95-70ca236af7a0,Bath Rugby,1000,Tom Dunn,ACTIVE,6898,20387,hooker,9233192a-bfed-489b-b224-5c9e02f587de,Bath Rugby,20aa34f7-3d7a-4cf4-be95-70ca236af7a0,1000,stay,,,
ef455f5f-f067-4d29-ab67-f6e14b44a1e7,Leicester Tigers,1250,Finn Theobald-Thomas,ACTIVE,7679,39813,hooker,9233192a-bfed-489b-b224-5c9e02f587de,Leicester Tigers,ef455f5f-f067-4d29-ab67-f6e14b44a1e7,1250,stay,,,
ef455f5f-f067-4d29-ab67-f6e14b44a1e7,Leicester Tigers,1250,Owen Popple,ACTIVE,8100,69572,prop,9233192a-bfed-489b-b224-5c9e02f587de,Leicester Tigers,ef455f5f-f067-4d29-ab67-f6e14b44a1e7,1250,stay,,,
9e46b555-7bd7-4113-9005-641caab27c3c,Ulster Rugby,2450,Tom O'Toole,ACTIVE,7118,24773,prop,b314ec41-b6b0-4274-a98f-4a675628d202,Ulster Rugby,9e46b555-7bd7-4113-9005-641caab27c3c,2450,stay,,,
6e09f000-1b71-426f-b349-2c528cba8584,Vodacom Bulls,97,Johan Grobbelaar,ACTIVE,7188,26091,hooker,b314ec41-b6b0-4274-a98f-4a675628d202,Vodacom Bulls,6e09f000-1b71-426f-b349-2c528cba8584,97,stay,,,
961763ec-e93a-42f8-a91e-f7fcb114c02c,Benetton Rugby,1850,Matt Gallagher,ACTIVE,7015,22643,outside-back,b314ec41-b6b0-4274-a98f-4a675628d202,Benetton Rugby,961763ec-e93a-42f8-a91e-f7fcb114c02c,1850,stay,,,
8b15860f-dd5c-45c0-be1d-985e82f5e295,Munster Rugby,2150,Jack O'Donoghue,ACTIVE,6924,20755,loose-forward,b314ec41-b6b0-4274-a98f-4a675628d202,Munster Rugby,8b15860f-dd5c-45c0-be1d-985e82f5e295,2150,stay,,,
17751c9c-264e-464e-adc8-1468fd75dbef,Newcastle Red Bull,1350,Adam Brocklebank,ACTIVE,7088,24106,prop,9233192a-bfed-489b-b224-5c9e02f587de,Newcastle Red Bull,17751c9c-264e-464e-adc8-1468fd75dbef,1350,stay,,,
bdb20011-d913-4688-b8fa-38a2a96c22b2,Dragons RFC,3100,Seb Davies,ACTIVE,6997,22014,lock,b314ec41-b6b0-4274-a98f-4a675628d202,Dragons RFC,bdb20011-d913-4688-b8fa-38a2a96c22b2,3100,stay,,,
ee3c51c4-b2f3-42ba-9434-37c4455d9276,DHL Stormers,99,Gary Porter,ACTIVE,7182,26062,lock,b314ec41-b6b0-4274-a98f-4a675628d202,DHL Stormers,ee3c51c4-b2f3-42ba-9434-37c4455d9276,99,stay,,,
41d2c944-4a5a-4de0-8eb4-e5b57835cff7,Connacht Rugby,3400,Denis Buckley,ACTIVE,6805,16937,prop,b314ec41-b6b0-4274-a98f-4a675628d202,,,,departed,https://en.wikipedia.org/wiki/List_of_2026%E2%80%9327_United_Rugby_Championship_transfers,Medium,Released — destination TBC
41d2c944-4a5a-4de0-8eb4-e5b57835cff7,Connacht Rugby,3400,Adam McBurney,ACTIVE,7040,22845,hooker,b314ec41-b6b0-4274-a98f-4a675628d202,Connacht Rugby,41d2c944-4a5a-4de0-8eb4-e5b57835cff7,3400,stay,,,
6e09f000-1b71-426f-b349-2c528cba8584,Vodacom Bulls,97,Jeandre Rudolph,ACTIVE,8178,25252,loose-forward,b314ec41-b6b0-4274-a98f-4a675628d202,Vodacom Bulls,6e09f000-1b71-426f-b349-2c528cba8584,97,stay,,,
41d2c944-4a5a-4de0-8eb4-e5b57835cff7,Connacht Rugby,3400,Hugh Gavin,ACTIVE,7897,58413,centre,b314ec41-b6b0-4274-a98f-4a675628d202,Connacht Rugby,41d2c944-4a5a-4de0-8eb4-e5b57835cff7,3400,stay,,,
961763ec-e93a-42f8-a91e-f7fcb114c02c,Benetton Rugby,1850,Filippo Drago,ACTIVE,8277,38618,centre,b314ec41-b6b0-4274-a98f-4a675628d202,Benetton Rugby,961763ec-e93a-42f8-a91e-f7fcb114c02c,1850,stay,,,
8b15860f-dd5c-45c0-be1d-985e82f5e295,Munster Rugby,2150,Diarmuid Barron,ACTIVE,7115,24750,hooker,b314ec41-b6b0-4274-a98f-4a675628d202,Munster Rugby,8b15860f-dd5c-45c0-be1d-985e82f5e295,2150,stay,,,
5fdcc251-1a9e-40cf-9767-a5271ff4dbc0,Edinburgh Rugby,1950,Freddy Douglas,ACTIVE,7989,61071,loose-forward,b314ec41-b6b0-4274-a98f-4a675628d202,Edinburgh Rugby,5fdcc251-1a9e-40cf-9767-a5271ff4dbc0,1950,stay,,,
6e09f000-1b71-426f-b349-2c528cba8584,Vodacom Bulls,97,Cornel Smit,ACTIVE,7158,25406,centre,b314ec41-b6b0-4274-a98f-4a675628d202,Vodacom Bulls,6e09f000-1b71-426f-b349-2c528cba8584,97,stay,,,
ee3c51c4-b2f3-42ba-9434-37c4455d9276,DHL Stormers,99,Asad Moos,ACTIVE,8219,57159,scrum-half,b314ec41-b6b0-4274-a98f-4a675628d202,Lions,af6ad454-5636-4711-be6d-1cb29078219a,63,move,https://en.wikipedia.org/wiki/List_of_2026%E2%80%9327_United_Rugby_Championship_transfers,Medium,
6e09f000-1b71-426f-b349-2c528cba8584,Vodacom Bulls,97,Kurt-Lee Arendse,ACTIVE,7437,34084,outside-back,b314ec41-b6b0-4274-a98f-4a675628d202,,,,departed,https://en.wikipedia.org/wiki/List_of_2026%E2%80%9327_United_Rugby_Championship_transfers,Medium,To Sagamihara
dc118c04-038a-46e7-a805-298fbe0d2e66,Leinster Rugby,2300,Paddy McCarthy,ACTIVE,7894,58408,prop,b314ec41-b6b0-4274-a98f-4a675628d202,Leinster Rugby,dc118c04-038a-46e7-a805-298fbe0d2e66,2300,stay,,,
b05b5971-dd90-44ae-999d-7bde3b2ebf96,Ospreys,3250,Owen Erasmus,ACTIVE,8074,67974,fly-half,b314ec41-b6b0-4274-a98f-4a675628d202,Ospreys,b05b5971-dd90-44ae-999d-7bde3b2ebf96,3250,stay,,,
d9f721ee-9da6-4aa0-8e98-22cf91afd251,Bristol Bears,1050,Luka Ivanishvili,ACTIVE,8117,43932,loose-forward,9233192a-bfed-489b-b224-5c9e02f587de,Bristol Bears,d9f721ee-9da6-4aa0-8e98-22cf91afd251,1050,stay,,,
d9f721ee-9da6-4aa0-8e98-22cf91afd251,Bristol Bears,1050,Evan Morris,ACTIVE,8306,925058,outside-back,9233192a-bfed-489b-b224-5c9e02f587de,Bristol Bears,d9f721ee-9da6-4aa0-8e98-22cf91afd251,1050,stay,,,
6959008c-ebd2-49ed-b1db-29a124e3e922,Harlequins,1150,Alex Dombrandt,ACTIVE,7225,27361,loose-forward,9233192a-bfed-489b-b224-5c9e02f587de,Harlequins,6959008c-ebd2-49ed-b1db-29a124e3e922,1150,stay,,,
09c7ae37-447c-4020-9e2e-b5239ee2d58b,Scarlets,1700,Kemsley Mathias,ACTIVE,7290,29809,prop,b314ec41-b6b0-4274-a98f-4a675628d202,Scarlets,09c7ae37-447c-4020-9e2e-b5239ee2d58b,1700,stay,,,
e2ae68bd-54f2-4e38-89fc-53dcce5add02,Hollywoodbets Sharks,98,Matt Romao,ACTIVE,8207,63347,loose-forward,b314ec41-b6b0-4274-a98f-4a675628d202,Hollywoodbets Sharks,e2ae68bd-54f2-4e38-89fc-53dcce5add02,98,stay,,,
dc118c04-038a-46e7-a805-298fbe0d2e66,Leinster Rugby,2300,Niall Smyth,ACTIVE,8068,67959,prop,b314ec41-b6b0-4274-a98f-4a675628d202,Leinster Rugby,dc118c04-038a-46e7-a805-298fbe0d2e66,2300,stay,,,
dc118c04-038a-46e7-a805-298fbe0d2e66,Leinster Rugby,2300,Andrew Osborne,ACTIVE,7927,59039,outside-back,b314ec41-b6b0-4274-a98f-4a675628d202,Leinster Rugby,dc118c04-038a-46e7-a805-298fbe0d2e66,2300,stay,,,
3d94bdf3-43ef-4dbb-951f-38d13d1b1e5f,Glasgow Warriors,1750,Alex Samuel,ACTIVE,7587,38592,lock,b314ec41-b6b0-4274-a98f-4a675628d202,Glasgow Warriors,3d94bdf3-43ef-4dbb-951f-38d13d1b1e5f,1750,stay,,,
e2ae68bd-54f2-4e38-89fc-53dcce5add02,Hollywoodbets Sharks,98,Vincent Tshituka,ACTIVE,7359,32198,loose-forward,b314ec41-b6b0-4274-a98f-4a675628d202,Hollywoodbets Sharks,e2ae68bd-54f2-4e38-89fc-53dcce5add02,98,stay,,,
17751c9c-264e-464e-adc8-1468fd75dbef,Newcastle Red Bull,1350,Boeta Chamberlain,ACTIVE,7462,34867,fly-half,9233192a-bfed-489b-b224-5c9e02f587de,Lions,af6ad454-5636-4711-be6d-1cb29078219a,63,move,https://en.wikipedia.org/wiki/List_of_2026%E2%80%9327_Premiership_Rugby_transfers ; https://all.rugby/transfers/premiership,Medium,
ef455f5f-f067-4d29-ab67-f6e14b44a1e7,Leicester Tigers,1250,Joaquin Moro,ACTIVE,8136,63898,loose-forward,9233192a-bfed-489b-b224-5c9e02f587de,Leicester Tigers,ef455f5f-f067-4d29-ab67-f6e14b44a1e7,1250,stay,,,
d9f721ee-9da6-4aa0-8e98-22cf91afd251,Bristol Bears,1050,Jimmy Halliwell,ACTIVE,7883,57612,prop,9233192a-bfed-489b-b224-5c9e02f587de,Bristol Bears,d9f721ee-9da6-4aa0-8e98-22cf91afd251,1050,stay,,,
d9f721ee-9da6-4aa0-8e98-22cf91afd251,Bristol Bears,1050,Richard Lane,ACTIVE,6850,19074,outside-back,9233192a-bfed-489b-b224-5c9e02f587de,,,,departed,https://en.wikipedia.org/wiki/List_of_2026%E2%80%9327_Premiership_Rugby_transfers ; https://all.rugby/transfers/premiership,Medium,Released — destination TBC
d9f721ee-9da6-4aa0-8e98-22cf91afd251,Bristol Bears,1050,Tomas Gwilliam,ACTIVE,8308,39748,hooker,9233192a-bfed-489b-b224-5c9e02f587de,Bristol Bears,d9f721ee-9da6-4aa0-8e98-22cf91afd251,1050,stay,,,
20aa34f7-3d7a-4cf4-be95-70ca236af7a0,Bath Rugby,1000,Harvey Cuckson,ACTIVE,7804,55931,lock,9233192a-bfed-489b-b224-5c9e02f587de,Scarlets,09c7ae37-447c-4020-9e2e-b5239ee2d58b,1700,move,https://en.wikipedia.org/wiki/List_of_2026%E2%80%9327_Premiership_Rugby_transfers ; https://all.rugby/transfers/premiership,Medium,"Duplicate resolved: 25-26 Bath, 26-27 Scarlets (Bath OUT / Scarlets IN). Dropped pre-baked Scarlets row."
6fd77b22-06bc-49f7-8837-b213e335ec7a,Cardiff Rugby,2200,Rory Thornton,ACTIVE,6967,21615,lock,b314ec41-b6b0-4274-a98f-4a675628d202,Cardiff Rugby,6fd77b22-06bc-49f7-8837-b213e335ec7a,2200,stay,,,
af6ad454-5636-4711-be6d-1cb29078219a,Lions,63,Janco Uys,ACTIVE,8318,37990,hooker,b314ec41-b6b0-4274-a98f-4a675628d202,Lions,af6ad454-5636-4711-be6d-1cb29078219a,63,stay,,,
41d2c944-4a5a-4de0-8eb4-e5b57835cff7,Connacht Rugby,3400,Caolin Blade,ACTIVE,6989,21848,scrum-half,b314ec41-b6b0-4274-a98f-4a675628d202,Connacht Rugby,41d2c944-4a5a-4de0-8eb4-e5b57835cff7,3400,stay,,,
b05b5971-dd90-44ae-999d-7bde3b2ebf96,Ospreys,3250,Dan Edwards,ACTIVE,7739,43905,fly-half,b314ec41-b6b0-4274-a98f-4a675628d202,Ospreys,b05b5971-dd90-44ae-999d-7bde3b2ebf96,3250,stay,,,
3d94bdf3-43ef-4dbb-951f-38d13d1b1e5f,Glasgow Warriors,1750,Nathan McBeth,ACTIVE,7301,29897,prop,b314ec41-b6b0-4274-a98f-4a675628d202,Glasgow Warriors,3d94bdf3-43ef-4dbb-951f-38d13d1b1e5f,1750,stay,,,
bdb20011-d913-4688-b8fa-38a2a96c22b2,Dragons RFC,3100,Nathan Evans,ACTIVE,7621,38679,prop,b314ec41-b6b0-4274-a98f-4a675628d202,Dragons RFC,bdb20011-d913-4688-b8fa-38a2a96c22b2,3100,stay,,,
b05b5971-dd90-44ae-999d-7bde3b2ebf96,Ospreys,3250,Rhys Davies,ACTIVE,7291,29811,lock,b314ec41-b6b0-4274-a98f-4a675628d202,Ospreys,b05b5971-dd90-44ae-999d-7bde3b2ebf96,3250,stay,,,
6fd77b22-06bc-49f7-8837-b213e335ec7a,Cardiff Rugby,2200,Johan Mulder,ACTIVE,7635,38748,scrum-half,b314ec41-b6b0-4274-a98f-4a675628d202,Cardiff Rugby,6fd77b22-06bc-49f7-8837-b213e335ec7a,2200,stay,,,
6fd77b22-06bc-49f7-8837-b213e335ec7a,Cardiff Rugby,2200,Aled Davies,ACTIVE,6861,19384,scrum-half,b314ec41-b6b0-4274-a98f-4a675628d202,Cardiff Rugby,6fd77b22-06bc-49f7-8837-b213e335ec7a,2200,stay,,,
e2ae68bd-54f2-4e38-89fc-53dcce5add02,Hollywoodbets Sharks,98,Vusi Simphiwe Moyo,ACTIVE,8211,65151,fly-half,b314ec41-b6b0-4274-a98f-4a675628d202,Hollywoodbets Sharks,e2ae68bd-54f2-4e38-89fc-53dcce5add02,98,stay,,,
e2ae68bd-54f2-4e38-89fc-53dcce5add02,Hollywoodbets Sharks,98,Nick Hatton,ACTIVE,7777,44287,loose-forward,b314ec41-b6b0-4274-a98f-4a675628d202,Hollywoodbets Sharks,e2ae68bd-54f2-4e38-89fc-53dcce5add02,98,stay,,,
aebd3bc4-7445-44b7-beae-ded6ad3609bd,Zebre Parma,10650,Bruno Vallesi,ACTIVE,7955,59445,prop,b314ec41-b6b0-4274-a98f-4a675628d202,Zebre Parma,aebd3bc4-7445-44b7-beae-ded6ad3609bd,10650,stay,,,
6e09f000-1b71-426f-b349-2c528cba8584,Vodacom Bulls,97,Reinhardt Ludwig,ACTIVE,7570,38180,lock,b314ec41-b6b0-4274-a98f-4a675628d202,Vodacom Bulls,6e09f000-1b71-426f-b349-2c528cba8584,97,stay,,,
6e09f000-1b71-426f-b349-2c528cba8584,Vodacom Bulls,97,Canan Moodie,ACTIVE,7643,39135,outside-back,b314ec41-b6b0-4274-a98f-4a675628d202,Vodacom Bulls,6e09f000-1b71-426f-b349-2c528cba8584,97,stay,,,
9e46b555-7bd7-4113-9005-641caab27c3c,Ulster Rugby,2450,Ethan Graham,ACTIVE,7906,58435,outside-back,b314ec41-b6b0-4274-a98f-4a675628d202,Ulster Rugby,9e46b555-7bd7-4113-9005-641caab27c3c,2450,stay,,,
e2ae68bd-54f2-4e38-89fc-53dcce5add02,Hollywoodbets Sharks,98,Ruan Dreyer,ACTIVE,6810,17109,prop,b314ec41-b6b0-4274-a98f-4a675628d202,Hollywoodbets Sharks,e2ae68bd-54f2-4e38-89fc-53dcce5add02,98,stay,,,
9e46b555-7bd7-4113-9005-641caab27c3c,Ulster Rugby,2450,Rory McGuire,ACTIVE,7746,43918,prop,b314ec41-b6b0-4274-a98f-4a675628d202,,,,departed,https://en.wikipedia.org/wiki/List_of_2026%E2%80%9327_United_Rugby_Championship_transfers,Medium,Released — destination TBC
8b15860f-dd5c-45c0-be1d-985e82f5e295,Munster Rugby,2150,Lee Barron,ACTIVE,7604,38646,hooker,b314ec41-b6b0-4274-a98f-4a675628d202,Munster Rugby,8b15860f-dd5c-45c0-be1d-985e82f5e295,2150,stay,,,
b05b5971-dd90-44ae-999d-7bde3b2ebf96,Ospreys,3250,Huw Owen-Sutton,ACTIVE,7727,43548,lock,b314ec41-b6b0-4274-a98f-4a675628d202,Ospreys,b05b5971-dd90-44ae-999d-7bde3b2ebf96,3250,stay,,,
b05b5971-dd90-44ae-999d-7bde3b2ebf96,Ospreys,3250,Daniel Kasende,ACTIVE,7547,37688,outside-back,b314ec41-b6b0-4274-a98f-4a675628d202,Lions,af6ad454-5636-4711-be6d-1cb29078219a,63,move,https://en.wikipedia.org/wiki/List_of_2026%E2%80%9327_United_Rugby_Championship_transfers,Medium,
17751c9c-264e-464e-adc8-1468fd75dbef,Newcastle Red Bull,1350,Hugh O'Sullivan,ACTIVE,7122,24785,scrum-half,9233192a-bfed-489b-b224-5c9e02f587de,Newcastle Red Bull,17751c9c-264e-464e-adc8-1468fd75dbef,1350,stay,,,
20aa34f7-3d7a-4cf4-be95-70ca236af7a0,Bath Rugby,1000,Finn Russell,ACTIVE,6870,19647,fly-half,9233192a-bfed-489b-b224-5c9e02f587de,Bath Rugby,20aa34f7-3d7a-4cf4-be95-70ca236af7a0,1000,stay,,,
3bb58f66-38c1-4f9c-adff-0ac33a01533b,Saracens,1500,Tobias Elliott,ACTIVE,7879,57605,outside-back,9233192a-bfed-489b-b224-5c9e02f587de,Saracens,3bb58f66-38c1-4f9c-adff-0ac33a01533b,1500,stay,,,
473a715d-80f5-4707-a8e2-52902fadc9bc,Sale Sharks,1450,Wills Austin,ACTIVE,6792,62066,hooker,9233192a-bfed-489b-b224-5c9e02f587de,Sale Sharks,473a715d-80f5-4707-a8e2-52902fadc9bc,1450,stay,,High,"Duplicate resolved: Sale academy hooker; Dragons was a loan, returned to Sale. Dropped loan Dragons row."
3bb58f66-38c1-4f9c-adff-0ac33a01533b,Saracens,1500,James Hadfield,ACTIVE,8008,61277,hooker,9233192a-bfed-489b-b224-5c9e02f587de,Saracens,3bb58f66-38c1-4f9c-adff-0ac33a01533b,1500,stay,,,
41d2c944-4a5a-4de0-8eb4-e5b57835cff7,Connacht Rugby,3400,Sean Jansen,ACTIVE,7790,44433,loose-forward,b314ec41-b6b0-4274-a98f-4a675628d202,Connacht Rugby,41d2c944-4a5a-4de0-8eb4-e5b57835cff7,3400,stay,,,
961763ec-e93a-42f8-a91e-f7fcb114c02c,Benetton Rugby,1850,Giosue Zilocchi,ACTIVE,7107,24557,prop,b314ec41-b6b0-4274-a98f-4a675628d202,Benetton Rugby,961763ec-e93a-42f8-a91e-f7fcb114c02c,1850,stay,,,
af6ad454-5636-4711-be6d-1cb29078219a,Lions,63,Etienne Oosthuizen,ACTIVE,6877,19735,lock,b314ec41-b6b0-4274-a98f-4a675628d202,Lions,af6ad454-5636-4711-be6d-1cb29078219a,63,stay,,,
e33c7a17-a675-46a9-b68c-be767cc211db,Northampton Saints,1400,Danilo Fischetti,ACTIVE,7227,27370,prop,9233192a-bfed-489b-b224-5c9e02f587de,Northampton Saints,e33c7a17-a675-46a9-b68c-be767cc211db,1400,stay,,,
3bb58f66-38c1-4f9c-adff-0ac33a01533b,Saracens,1500,Fraser Balmain,ACTIVE,6824,18544,prop,9233192a-bfed-489b-b224-5c9e02f587de,Saracens,3bb58f66-38c1-4f9c-adff-0ac33a01533b,1500,stay,,,
ca7c6d0f-7bef-4fad-8ac2-d202471fa122,Exeter Chiefs,84,Jimmy Roots,ACTIVE,7490,35707,prop,9233192a-bfed-489b-b224-5c9e02f587de,Exeter Chiefs,ca7c6d0f-7bef-4fad-8ac2-d202471fa122,84,stay,,,
8b15860f-dd5c-45c0-be1d-985e82f5e295,Munster Rugby,2150,Shane Daly,ACTIVE,7084,24006,outside-back,b314ec41-b6b0-4274-a98f-4a675628d202,Munster Rugby,8b15860f-dd5c-45c0-be1d-985e82f5e295,2150,stay,,,
3d94bdf3-43ef-4dbb-951f-38d13d1b1e5f,Glasgow Warriors,1750,Zander Fagerson,ACTIVE,6986,21753,prop,b314ec41-b6b0-4274-a98f-4a675628d202,Glasgow Warriors,3d94bdf3-43ef-4dbb-951f-38d13d1b1e5f,1750,stay,,,
6fd77b22-06bc-49f7-8837-b213e335ec7a,Cardiff Rugby,2200,Alun Lawrence,ACTIVE,7288,29804,loose-forward,b314ec41-b6b0-4274-a98f-4a675628d202,Cardiff Rugby,6fd77b22-06bc-49f7-8837-b213e335ec7a,2200,stay,,,
bdb20011-d913-4688-b8fa-38a2a96c22b2,Dragons RFC,3100,Che Hope,ACTIVE,7812,56259,scrum-half,b314ec41-b6b0-4274-a98f-4a675628d202,Dragons RFC,bdb20011-d913-4688-b8fa-38a2a96c22b2,3100,stay,,,
b05b5971-dd90-44ae-999d-7bde3b2ebf96,Ospreys,3250,Morgan Morse,ACTIVE,7737,43901,loose-forward,b314ec41-b6b0-4274-a98f-4a675628d202,Ospreys,b05b5971-dd90-44ae-999d-7bde3b2ebf96,3250,stay,,,
ca7c6d0f-7bef-4fad-8ac2-d202471fa122,Exeter Chiefs,84,Orson James,ACTIVE,7884,57613,scrum-half,9233192a-bfed-489b-b224-5c9e02f587de,,,,departed,https://en.wikipedia.org/wiki/List_of_2026%E2%80%9327_Premiership_Rugby_transfers ; https://all.rugby/transfers/premiership,Medium,To Cornish Pirates
ca7c6d0f-7bef-4fad-8ac2-d202471fa122,Exeter Chiefs,84,Tamati Tua,ACTIVE,7192,26163,centre,9233192a-bfed-489b-b224-5c9e02f587de,,,,departed,https://en.wikipedia.org/wiki/List_of_2026%E2%80%9327_Premiership_Rugby_transfers ; https://all.rugby/transfers/premiership,Medium,To Black Rams Tokyo
af6ad454-5636-4711-be6d-1cb29078219a,Lions,63,Nico Steyn,ACTIVE,7648,39211,scrum-half,b314ec41-b6b0-4274-a98f-4a675628d202,Lions,af6ad454-5636-4711-be6d-1cb29078219a,63,stay,,,
dc118c04-038a-46e7-a805-298fbe0d2e66,Leinster Rugby,2300,Tadhg Furlong,ACTIVE,6838,18727,prop,b314ec41-b6b0-4274-a98f-4a675628d202,Leinster Rugby,dc118c04-038a-46e7-a805-298fbe0d2e66,2300,stay,,,
dc118c04-038a-46e7-a805-298fbe0d2e66,Leinster Rugby,2300,Ciaran Frawley,ACTIVE,7130,24813,fly-half,b314ec41-b6b0-4274-a98f-4a675628d202,Connacht Rugby,41d2c944-4a5a-4de0-8eb4-e5b57835cff7,3400,move,https://en.wikipedia.org/wiki/List_of_2026%E2%80%9327_United_Rugby_Championship_transfers,Medium,
6fd77b22-06bc-49f7-8837-b213e335ec7a,Cardiff Rugby,2200,Alex Mann,ACTIVE,7623,38683,loose-forward,b314ec41-b6b0-4274-a98f-4a675628d202,Cardiff Rugby,6fd77b22-06bc-49f7-8837-b213e335ec7a,2200,stay,,,
e2ae68bd-54f2-4e38-89fc-53dcce5add02,Hollywoodbets Sharks,98,Corne Rahl,ACTIVE,7655,39265,lock,b314ec41-b6b0-4274-a98f-4a675628d202,Hollywoodbets Sharks,e2ae68bd-54f2-4e38-89fc-53dcce5add02,98,stay,,,
5fdcc251-1a9e-40cf-9767-a5271ff4dbc0,Edinburgh Rugby,1950,Charlie McCaig,ACTIVE,7827,56767,centre,b314ec41-b6b0-4274-a98f-4a675628d202,Edinburgh Rugby,5fdcc251-1a9e-40cf-9767-a5271ff4dbc0,1950,stay,,,
6e09f000-1b71-426f-b349-2c528cba8584,Vodacom Bulls,97,Joe van Zyl,ACTIVE,7464,34878,hooker,b314ec41-b6b0-4274-a98f-4a675628d202,Vodacom Bulls,6e09f000-1b71-426f-b349-2c528cba8584,97,stay,,,
8b15860f-dd5c-45c0-be1d-985e82f5e295,Munster Rugby,2150,Gavin Coombes,ACTIVE,7095,24446,loose-forward,b314ec41-b6b0-4274-a98f-4a675628d202,Munster Rugby,8b15860f-dd5c-45c0-be1d-985e82f5e295,2150,stay,,,
af6ad454-5636-4711-be6d-1cb29078219a,Lions,63,Tiaan Wessels,ACTIVE,7762,44170,lock,b314ec41-b6b0-4274-a98f-4a675628d202,Lions,af6ad454-5636-4711-be6d-1cb29078219a,63,stay,,,
ee3c51c4-b2f3-42ba-9434-37c4455d9276,DHL Stormers,99,Sako Makata,ACTIVE,8223,34035,outside-back,b314ec41-b6b0-4274-a98f-4a675628d202,DHL Stormers,ee3c51c4-b2f3-42ba-9434-37c4455d9276,99,stay,,,
6e09f000-1b71-426f-b349-2c528cba8584,Vodacom Bulls,97,Jacques van Rooyen,ACTIVE,6939,20974,prop,b314ec41-b6b0-4274-a98f-4a675628d202,Vodacom Bulls,6e09f000-1b71-426f-b349-2c528cba8584,97,stay,,,
961763ec-e93a-42f8-a91e-f7fcb114c02c,Benetton Rugby,1850,Richie Asiata,ACTIVE,8153,24968,hooker,b314ec41-b6b0-4274-a98f-4a675628d202,Benetton Rugby,961763ec-e93a-42f8-a91e-f7fcb114c02c,1850,stay,,,
6fd77b22-06bc-49f7-8837-b213e335ec7a,Cardiff Rugby,2200,Ioan Lloyd,ACTIVE,7340,31217,fly-half,b314ec41-b6b0-4274-a98f-4a675628d202,Cardiff Rugby,6fd77b22-06bc-49f7-8837-b213e335ec7a,2200,stay,,,
961763ec-e93a-42f8-a91e-f7fcb114c02c,Benetton Rugby,1850,Niccolo Cannone,ACTIVE,7236,27864,lock,b314ec41-b6b0-4274-a98f-4a675628d202,Benetton Rugby,961763ec-e93a-42f8-a91e-f7fcb114c02c,1850,stay,,,
6959008c-ebd2-49ed-b1db-29a124e3e922,Harlequins,1150,Will Evans,ACTIVE,7073,23742,loose-forward,9233192a-bfed-489b-b224-5c9e02f587de,Harlequins,6959008c-ebd2-49ed-b1db-29a124e3e922,1150,stay,,,
6959008c-ebd2-49ed-b1db-29a124e3e922,Harlequins,1150,Joe Jones,ACTIVE,8370,22740,prop,9233192a-bfed-489b-b224-5c9e02f587de,,,,departed,https://en.wikipedia.org/wiki/List_of_2026%E2%80%9327_Premiership_Rugby_transfers ; https://all.rugby/transfers/premiership,Medium,To Worcester Warriors
6959008c-ebd2-49ed-b1db-29a124e3e922,Harlequins,1150,Ethan Clarke,ACTIVE,7852,57283,prop,9233192a-bfed-489b-b224-5c9e02f587de,Harlequins,6959008c-ebd2-49ed-b1db-29a124e3e922,1150,stay,,,
6959008c-ebd2-49ed-b1db-29a124e3e922,Harlequins,1150,Ludo Kolade,ACTIVE,7859,57294,centre,9233192a-bfed-489b-b224-5c9e02f587de,Harlequins,6959008c-ebd2-49ed-b1db-29a124e3e922,1150,stay,,,
8b15860f-dd5c-45c0-be1d-985e82f5e295,Munster Rugby,2150,Michael Foy,ACTIVE,8057,63901,loose-forward,b314ec41-b6b0-4274-a98f-4a675628d202,Munster Rugby,8b15860f-dd5c-45c0-be1d-985e82f5e295,2150,stay,,,
af6ad454-5636-4711-be6d-1cb29078219a,Lions,63,Francke Horn,ACTIVE,7450,34554,loose-forward,b314ec41-b6b0-4274-a98f-4a675628d202,Lions,af6ad454-5636-4711-be6d-1cb29078219a,63,stay,,,
41d2c944-4a5a-4de0-8eb4-e5b57835cff7,Connacht Rugby,3400,Ben Murphy,ACTIVE,7522,36707,scrum-half,b314ec41-b6b0-4274-a98f-4a675628d202,Connacht Rugby,41d2c944-4a5a-4de0-8eb4-e5b57835cff7,3400,stay,,,
e2ae68bd-54f2-4e38-89fc-53dcce5add02,Hollywoodbets Sharks,98,Simphiwe Matanzima,ACTIVE,7190,26094,prop,b314ec41-b6b0-4274-a98f-4a675628d202,Hollywoodbets Sharks,e2ae68bd-54f2-4e38-89fc-53dcce5add02,98,stay,,,
3d94bdf3-43ef-4dbb-951f-38d13d1b1e5f,Glasgow Warriors,1750,Duncan Weir,ACTIVE,6801,11190,fly-half,b314ec41-b6b0-4274-a98f-4a675628d202,,,,retired,https://en.wikipedia.org/wiki/List_of_2026%E2%80%9327_United_Rugby_Championship_transfers,Medium,Retired
41d2c944-4a5a-4de0-8eb4-e5b57835cff7,Connacht Rugby,3400,Jack Aungier,ACTIVE,7297,29856,prop,b314ec41-b6b0-4274-a98f-4a675628d202,Munster Rugby,8b15860f-dd5c-45c0-be1d-985e82f5e295,2150,move,https://en.wikipedia.org/wiki/List_of_2026%E2%80%9327_United_Rugby_Championship_transfers,Medium,
8b15860f-dd5c-45c0-be1d-985e82f5e295,Munster Rugby,2150,Calvin Nash,ACTIVE,7129,24804,outside-back,b314ec41-b6b0-4274-a98f-4a675628d202,Munster Rugby,8b15860f-dd5c-45c0-be1d-985e82f5e295,2150,stay,,,
6e09f000-1b71-426f-b349-2c528cba8584,Vodacom Bulls,97,Harold Vorster,ACTIVE,6937,20967,centre,b314ec41-b6b0-4274-a98f-4a675628d202,Vodacom Bulls,6e09f000-1b71-426f-b349-2c528cba8584,97,stay,,,
5fdcc251-1a9e-40cf-9767-a5271ff4dbc0,Edinburgh Rugby,1950,Ben Muncaster,ACTIVE,7578,38477,loose-forward,b314ec41-b6b0-4274-a98f-4a675628d202,Edinburgh Rugby,5fdcc251-1a9e-40cf-9767-a5271ff4dbc0,1950,stay,,,
5fdcc251-1a9e-40cf-9767-a5271ff4dbc0,Edinburgh Rugby,1950,Finlay Doyle,ACTIVE,8156,62104,outside-back,b314ec41-b6b0-4274-a98f-4a675628d202,Edinburgh Rugby,5fdcc251-1a9e-40cf-9767-a5271ff4dbc0,1950,stay,,,
41d2c944-4a5a-4de0-8eb4-e5b57835cff7,Connacht Rugby,3400,Josh O'Connor,ACTIVE,7611,38659,outside-back,b314ec41-b6b0-4274-a98f-4a675628d202,Connacht Rugby,41d2c944-4a5a-4de0-8eb4-e5b57835cff7,3400,stay,,,
6959008c-ebd2-49ed-b1db-29a124e3e922,Harlequins,1150,Pedro Delgado,ACTIVE,8189,68542,prop,9233192a-bfed-489b-b224-5c9e02f587de,Harlequins,6959008c-ebd2-49ed-b1db-29a124e3e922,1150,stay,,,
5fdcc251-1a9e-40cf-9767-a5271ff4dbc0,Edinburgh Rugby,1950,Matt Currie,ACTIVE,7527,36720,centre,b314ec41-b6b0-4274-a98f-4a675628d202,Edinburgh Rugby,5fdcc251-1a9e-40cf-9767-a5271ff4dbc0,1950,stay,,,
41d2c944-4a5a-4de0-8eb4-e5b57835cff7,Connacht Rugby,3400,Josh Ioane,ACTIVE,7056,23390,fly-half,b314ec41-b6b0-4274-a98f-4a675628d202,Connacht Rugby,41d2c944-4a5a-4de0-8eb4-e5b57835cff7,3400,stay,,,
961763ec-e93a-42f8-a91e-f7fcb114c02c,Benetton Rugby,1850,Thomas Gallo,ACTIVE,7444,34532,prop,b314ec41-b6b0-4274-a98f-4a675628d202,,,,departed,https://en.wikipedia.org/wiki/List_of_2026%E2%80%9327_United_Rugby_Championship_transfers,Medium,To Lyon
b05b5971-dd90-44ae-999d-7bde3b2ebf96,Ospreys,3250,Dewi Lake,ACTIVE,7289,29806,hooker,b314ec41-b6b0-4274-a98f-4a675628d202,Gloucester Rugby,804c604a-08f9-4d6c-b74d-2936f9b370dc,1100,move,https://en.wikipedia.org/wiki/List_of_2026%E2%80%9327_United_Rugby_Championship_transfers,Medium,
b05b5971-dd90-44ae-999d-7bde3b2ebf96,Ospreys,3250,Dylan James,ACTIVE,8237,62505,prop,b314ec41-b6b0-4274-a98f-4a675628d202,Ospreys,b05b5971-dd90-44ae-999d-7bde3b2ebf96,3250,stay,,,
e2ae68bd-54f2-4e38-89fc-53dcce5add02,Hollywoodbets Sharks,98,Marvin Orie,ACTIVE,8179,19879,lock,b314ec41-b6b0-4274-a98f-4a675628d202,,,,departed,https://en.wikipedia.org/wiki/List_of_2026%E2%80%9327_United_Rugby_Championship_transfers,Medium,Released — destination TBC
af6ad454-5636-4711-be6d-1cb29078219a,Lions,63,Angelo Davids,ACTIVE,7440,34373,outside-back,b314ec41-b6b0-4274-a98f-4a675628d202,Lions,af6ad454-5636-4711-be6d-1cb29078219a,63,stay,,,
ee3c51c4-b2f3-42ba-9434-37c4455d9276,DHL Stormers,99,Frans Malherbe,ACTIVE,6836,18690,prop,b314ec41-b6b0-4274-a98f-4a675628d202,DHL Stormers,ee3c51c4-b2f3-42ba-9434-37c4455d9276,99,stay,,,
961763ec-e93a-42f8-a91e-f7fcb114c02c,Benetton Rugby,1850,Rhyno Smith,ACTIVE,7151,25246,outside-back,b314ec41-b6b0-4274-a98f-4a675628d202,Benetton Rugby,961763ec-e93a-42f8-a91e-f7fcb114c02c,1850,stay,,,
8b15860f-dd5c-45c0-be1d-985e82f5e295,Munster Rugby,2150,Alex Kendellen,ACTIVE,7387,33608,loose-forward,b314ec41-b6b0-4274-a98f-4a675628d202,Munster Rugby,8b15860f-dd5c-45c0-be1d-985e82f5e295,2150,stay,,,
af6ad454-5636-4711-be6d-1cb29078219a,Lions,63,Ruhan Straeuli,ACTIVE,7564,37969,loose-forward,b314ec41-b6b0-4274-a98f-4a675628d202,Lions,af6ad454-5636-4711-be6d-1cb29078219a,63,stay,,,
dc118c04-038a-46e7-a805-298fbe0d2e66,Leinster Rugby,2300,Tommy O'Brien,ACTIVE,7125,24791,outside-back,b314ec41-b6b0-4274-a98f-4a675628d202,Leinster Rugby,dc118c04-038a-46e7-a805-298fbe0d2e66,2300,stay,,,
b05b5971-dd90-44ae-999d-7bde3b2ebf96,Ospreys,3250,Ben Evans,ACTIVE,8234,903104,outside-back,b314ec41-b6b0-4274-a98f-4a675628d202,Ospreys,b05b5971-dd90-44ae-999d-7bde3b2ebf96,3250,stay,,,
b05b5971-dd90-44ae-999d-7bde3b2ebf96,Ospreys,3250,Ieuan Cornelius,ACTIVE,8097,69182,outside-back,b314ec41-b6b0-4274-a98f-4a675628d202,,,,departed,https://en.wikipedia.org/wiki/List_of_2026%E2%80%9327_United_Rugby_Championship_transfers,Medium,To RGC 1404
b05b5971-dd90-44ae-999d-7bde3b2ebf96,Ospreys,3250,Tom Florence,ACTIVE,7630,38692,centre,b314ec41-b6b0-4274-a98f-4a675628d202,,,,departed,https://en.wikipedia.org/wiki/List_of_2026%E2%80%9327_United_Rugby_Championship_transfers,Medium,To Ealing Trailfinders
aebd3bc4-7445-44b7-beae-ded6ad3609bd,Zebre Parma,10650,Luca Morisi,ACTIVE,6837,18699,centre,b314ec41-b6b0-4274-a98f-4a675628d202,,,,retired,https://en.wikipedia.org/wiki/List_of_2026%E2%80%9327_United_Rugby_Championship_transfers,Medium,Retired
961763ec-e93a-42f8-a91e-f7fcb114c02c,Benetton Rugby,1850,Riccardo Favretto,ACTIVE,7516,36686,lock,b314ec41-b6b0-4274-a98f-4a675628d202,Benetton Rugby,961763ec-e93a-42f8-a91e-f7fcb114c02c,1850,stay,,,
e33c7a17-a675-46a9-b68c-be767cc211db,Northampton Saints,1400,Cleopas Kundiona,ACTIVE,8143,37736,prop,9233192a-bfed-489b-b224-5c9e02f587de,Northampton Saints,e33c7a17-a675-46a9-b68c-be767cc211db,1400,stay,,,
e33c7a17-a675-46a9-b68c-be767cc211db,Northampton Saints,1400,Ed Prowse,ACTIVE,7683,39824,lock,9233192a-bfed-489b-b224-5c9e02f587de,Northampton Saints,e33c7a17-a675-46a9-b68c-be767cc211db,1400,stay,,,
e33c7a17-a675-46a9-b68c-be767cc211db,Northampton Saints,1400,Iakopo Petelo-Mapu,ACTIVE,7384,33484,loose-forward,9233192a-bfed-489b-b224-5c9e02f587de,Northampton Saints,e33c7a17-a675-46a9-b68c-be767cc211db,1400,stay,,,
e33c7a17-a675-46a9-b68c-be767cc211db,Northampton Saints,1400,Aidan Pugh,ACTIVE,8140,925167,scrum-half,9233192a-bfed-489b-b224-5c9e02f587de,Northampton Saints,e33c7a17-a675-46a9-b68c-be767cc211db,1400,stay,,High,"Duplicate resolved: exact same-club duplicate; kept ACTIVE row, dropped INACTIVE row."
3bb58f66-38c1-4f9c-adff-0ac33a01533b,Saracens,1500,Charlie Reynolds-West,ACTIVE,7881,57608,outside-back,9233192a-bfed-489b-b224-5c9e02f587de,Saracens,3bb58f66-38c1-4f9c-adff-0ac33a01533b,1500,stay,,,
473a715d-80f5-4707-a8e2-52902fadc9bc,Sale Sharks,1450,Frank Chatterton,ACTIVE,8092,68139,loose-forward,9233192a-bfed-489b-b224-5c9e02f587de,Sale Sharks,473a715d-80f5-4707-a8e2-52902fadc9bc,1450,stay,,,
6959008c-ebd2-49ed-b1db-29a124e3e922,Harlequins,1150,Jack Kenningham,ACTIVE,7354,31258,loose-forward,9233192a-bfed-489b-b224-5c9e02f587de,Harlequins,6959008c-ebd2-49ed-b1db-29a124e3e922,1150,stay,,,
8b15860f-dd5c-45c0-be1d-985e82f5e295,Munster Rugby,2150,Conor Bartley,ACTIVE,8095,68526,prop,b314ec41-b6b0-4274-a98f-4a675628d202,,,,departed,https://en.wikipedia.org/wiki/List_of_2026%E2%80%9327_United_Rugby_Championship_transfers,Medium,Released — destination TBC
e2ae68bd-54f2-4e38-89fc-53dcce5add02,Hollywoodbets Sharks,98,Tiaan Swanepoel,ACTIVE,7183,26065,fly-half,b314ec41-b6b0-4274-a98f-4a675628d202,Hollywoodbets Sharks,e2ae68bd-54f2-4e38-89fc-53dcce5add02,98,stay,,,
af6ad454-5636-4711-be6d-1cb29078219a,Lions,63,Sivu Mabece,ACTIVE,7772,44201,prop,b314ec41-b6b0-4274-a98f-4a675628d202,Lions,af6ad454-5636-4711-be6d-1cb29078219a,63,stay,,,
b05b5971-dd90-44ae-999d-7bde3b2ebf96,Ospreys,3250,Luke Morgan,ACTIVE,6865,19617,outside-back,b314ec41-b6b0-4274-a98f-4a675628d202,Ospreys,b05b5971-dd90-44ae-999d-7bde3b2ebf96,3250,stay,,,
b05b5971-dd90-44ae-999d-7bde3b2ebf96,Ospreys,3250,Phil Cokanasiga,ACTIVE,7478,35544,centre,b314ec41-b6b0-4274-a98f-4a675628d202,Gloucester Rugby,804c604a-08f9-4d6c-b74d-2936f9b370dc,1100,move,https://en.wikipedia.org/wiki/List_of_2026%E2%80%9327_United_Rugby_Championship_transfers,Medium,
b05b5971-dd90-44ae-999d-7bde3b2ebf96,Ospreys,3250,James Ratti,ACTIVE,7110,24591,loose-forward,b314ec41-b6b0-4274-a98f-4a675628d202,Ospreys,b05b5971-dd90-44ae-999d-7bde3b2ebf96,3250,stay,,,
8b15860f-dd5c-45c0-be1d-985e82f5e295,Munster Rugby,2150,Fineen Wycherley,ACTIVE,7229,27383,lock,b314ec41-b6b0-4274-a98f-4a675628d202,Munster Rugby,8b15860f-dd5c-45c0-be1d-985e82f5e295,2150,stay,,,
9e46b555-7bd7-4113-9005-641caab27c3c,Ulster Rugby,2450,David McCann,ACTIVE,7383,33468,loose-forward,b314ec41-b6b0-4274-a98f-4a675628d202,Ulster Rugby,9e46b555-7bd7-4113-9005-641caab27c3c,2450,stay,,,
ee3c51c4-b2f3-42ba-9434-37c4455d9276,DHL Stormers,99,Thomas Bursey,ACTIVE,7639,39030,scrum-half,b314ec41-b6b0-4274-a98f-4a675628d202,DHL Stormers,ee3c51c4-b2f3-42ba-9434-37c4455d9276,99,stay,,,
aebd3bc4-7445-44b7-beae-ded6ad3609bd,Zebre Parma,10650,Giulio Bertaccini,ACTIVE,7456,34572,centre,b314ec41-b6b0-4274-a98f-4a675628d202,Zebre Parma,aebd3bc4-7445-44b7-beae-ded6ad3609bd,10650,stay,,,
9e46b555-7bd7-4113-9005-641caab27c3c,Ulster Rugby,2450,Harry Sheridan,ACTIVE,7607,38650,lock,b314ec41-b6b0-4274-a98f-4a675628d202,Ulster Rugby,9e46b555-7bd7-4113-9005-641caab27c3c,2450,stay,,,
41d2c944-4a5a-4de0-8eb4-e5b57835cff7,Connacht Rugby,3400,Albert Linder,ACTIVE,8326,65028,scrum-half,b314ec41-b6b0-4274-a98f-4a675628d202,Connacht Rugby,41d2c944-4a5a-4de0-8eb4-e5b57835cff7,3400,stay,,,
9e46b555-7bd7-4113-9005-641caab27c3c,Ulster Rugby,2450,Lukas Kenny,ACTIVE,8075,67975,outside-back,b314ec41-b6b0-4274-a98f-4a675628d202,Ulster Rugby,9e46b555-7bd7-4113-9005-641caab27c3c,2450,stay,,,
3d94bdf3-43ef-4dbb-951f-38d13d1b1e5f,Glasgow Warriors,1750,Murphy Walker,ACTIVE,7304,29913,prop,b314ec41-b6b0-4274-a98f-4a675628d202,Glasgow Warriors,3d94bdf3-43ef-4dbb-951f-38d13d1b1e5f,1750,stay,,,
3d94bdf3-43ef-4dbb-951f-38d13d1b1e5f,Glasgow Warriors,1750,Kerr Yule,ACTIVE,8242,58560,centre,b314ec41-b6b0-4274-a98f-4a675628d202,Glasgow Warriors,3d94bdf3-43ef-4dbb-951f-38d13d1b1e5f,1750,stay,,,
3d94bdf3-43ef-4dbb-951f-38d13d1b1e5f,Glasgow Warriors,1750,Matthew Urwin,ACTIVE,8364,62100,fly-half,b314ec41-b6b0-4274-a98f-4a675628d202,Glasgow Warriors,3d94bdf3-43ef-4dbb-951f-38d13d1b1e5f,1750,stay,,,
ee3c51c4-b2f3-42ba-9434-37c4455d9276,DHL Stormers,99,Corne Weilbach,ACTIVE,7659,39401,prop,b314ec41-b6b0-4274-a98f-4a675628d202,Saracens,3bb58f66-38c1-4f9c-adff-0ac33a01533b,1500,move,https://en.wikipedia.org/wiki/List_of_2026%E2%80%9327_United_Rugby_Championship_transfers,Medium,
20aa34f7-3d7a-4cf4-be95-70ca236af7a0,Bath Rugby,1000,Santiago Carreras,ACTIVE,7239,28238,outside-back,9233192a-bfed-489b-b224-5c9e02f587de,Bath Rugby,20aa34f7-3d7a-4cf4-be95-70ca236af7a0,1000,stay,,,
09c7ae37-447c-4020-9e2e-b5239ee2d58b,Scarlets,1700,Dane Blacker,ACTIVE,7166,25825,scrum-half,b314ec41-b6b0-4274-a98f-4a675628d202,Scarlets,09c7ae37-447c-4020-9e2e-b5239ee2d58b,1700,stay,,,
09c7ae37-447c-4020-9e2e-b5239ee2d58b,Scarlets,1700,Tomi Lewis,ACTIVE,7280,29653,outside-back,b314ec41-b6b0-4274-a98f-4a675628d202,Scarlets,09c7ae37-447c-4020-9e2e-b5239ee2d58b,1700,stay,,,
ee3c51c4-b2f3-42ba-9434-37c4455d9276,DHL Stormers,99,Jean-Luc du Plessis,ACTIVE,6984,21717,fly-half,b314ec41-b6b0-4274-a98f-4a675628d202,DHL Stormers,ee3c51c4-b2f3-42ba-9434-37c4455d9276,99,stay,,,
20aa34f7-3d7a-4cf4-be95-70ca236af7a0,Bath Rugby,1000,Jaco Coetzee,ACTIVE,7181,26059,loose-forward,9233192a-bfed-489b-b224-5c9e02f587de,Bath Rugby,20aa34f7-3d7a-4cf4-be95-70ca236af7a0,1000,stay,,,
ca7c6d0f-7bef-4fad-8ac2-d202471fa122,Exeter Chiefs,84,Luke Evans,ACTIVE,8247,70242,lock,9233192a-bfed-489b-b224-5c9e02f587de,Exeter Chiefs,ca7c6d0f-7bef-4fad-8ac2-d202471fa122,84,stay,,,
ee3c51c4-b2f3-42ba-9434-37c4455d9276,DHL Stormers,99,Salmaan Moerat,ACTIVE,7243,28269,lock,b314ec41-b6b0-4274-a98f-4a675628d202,,,,departed,https://en.wikipedia.org/wiki/List_of_2026%E2%80%9327_United_Rugby_Championship_transfers,Medium,To La Rochelle
ee3c51c4-b2f3-42ba-9434-37c4455d9276,DHL Stormers,99,Cobus Reinach,ACTIVE,8181,19122,scrum-half,b314ec41-b6b0-4274-a98f-4a675628d202,DHL Stormers,ee3c51c4-b2f3-42ba-9434-37c4455d9276,99,stay,,,
e2ae68bd-54f2-4e38-89fc-53dcce5add02,Hollywoodbets Sharks,98,Jean Smith,ACTIVE,7798,55839,fly-half,b314ec41-b6b0-4274-a98f-4a675628d202,Benetton Rugby,961763ec-e93a-42f8-a91e-f7fcb114c02c,1850,move,https://en.wikipedia.org/wiki/List_of_2026%E2%80%9327_United_Rugby_Championship_transfers,Medium,
41d2c944-4a5a-4de0-8eb4-e5b57835cff7,Connacht Rugby,3400,Colm Reilly,ACTIVE,7416,33850,scrum-half,b314ec41-b6b0-4274-a98f-4a675628d202,Connacht Rugby,41d2c944-4a5a-4de0-8eb4-e5b57835cff7,3400,stay,,,
961763ec-e93a-42f8-a91e-f7fcb114c02c,Benetton Rugby,1850,Mattia Midena,ACTIVE,8357,59447,lock,b314ec41-b6b0-4274-a98f-4a675628d202,Benetton Rugby,961763ec-e93a-42f8-a91e-f7fcb114c02c,1850,stay,,,
af6ad454-5636-4711-be6d-1cb29078219a,Lions,63,Luca Ribbens,ACTIVE,7782,44321,lock,b314ec41-b6b0-4274-a98f-4a675628d202,Lions,af6ad454-5636-4711-be6d-1cb29078219a,63,stay,,,
3bb58f66-38c1-4f9c-adff-0ac33a01533b,Saracens,1500,Finn Bloomer,ACTIVE,8077,67977,prop,9233192a-bfed-489b-b224-5c9e02f587de,Saracens,3bb58f66-38c1-4f9c-adff-0ac33a01533b,1500,stay,,,
af6ad454-5636-4711-be6d-1cb29078219a,Lions,63,Rabz Maxwane,ACTIVE,7134,24841,outside-back,b314ec41-b6b0-4274-a98f-4a675628d202,Lions,af6ad454-5636-4711-be6d-1cb29078219a,63,stay,,,
dc118c04-038a-46e7-a805-298fbe0d2e66,Leinster Rugby,2300,James Lowe,ACTIVE,6890,20076,outside-back,b314ec41-b6b0-4274-a98f-4a675628d202,,,,departed,https://en.wikipedia.org/wiki/List_of_2026%E2%80%9327_United_Rugby_Championship_transfers,Medium,To Tokyo Sungoliath
af6ad454-5636-4711-be6d-1cb29078219a,Lions,63,Morne van den Berg,ACTIVE,7195,26815,scrum-half,b314ec41-b6b0-4274-a98f-4a675628d202,Lions,af6ad454-5636-4711-be6d-1cb29078219a,63,stay,,,
af6ad454-5636-4711-be6d-1cb29078219a,Lions,63,Erich Cronje,ACTIVE,7191,26099,centre,b314ec41-b6b0-4274-a98f-4a675628d202,Lions,af6ad454-5636-4711-be6d-1cb29078219a,63,stay,,,
dc118c04-038a-46e7-a805-298fbe0d2e66,Leinster Rugby,2300,Jamie Osborne,ACTIVE,7560,37941,outside-back,b314ec41-b6b0-4274-a98f-4a675628d202,Leinster Rugby,dc118c04-038a-46e7-a805-298fbe0d2e66,2300,stay,,,
9e46b555-7bd7-4113-9005-641caab27c3c,Ulster Rugby,2450,James Humphreys,ACTIVE,7609,38657,fly-half,b314ec41-b6b0-4274-a98f-4a675628d202,,,,departed,https://en.wikipedia.org/wiki/List_of_2026%E2%80%9327_United_Rugby_Championship_transfers,Medium,To Ealing Trailfinders
b05b5971-dd90-44ae-999d-7bde3b2ebf96,Ospreys,3250,Kieran Hardy,ACTIVE,7016,22648,scrum-half,b314ec41-b6b0-4274-a98f-4a675628d202,Ospreys,b05b5971-dd90-44ae-999d-7bde3b2ebf96,3250,stay,,,
b05b5971-dd90-44ae-999d-7bde3b2ebf96,Ospreys,3250,Keiran Williams,ACTIVE,7103,24481,centre,b314ec41-b6b0-4274-a98f-4a675628d202,Ospreys,b05b5971-dd90-44ae-999d-7bde3b2ebf96,3250,stay,,,
e2ae68bd-54f2-4e38-89fc-53dcce5add02,Hollywoodbets Sharks,98,Diego Appollis,ACTIVE,7463,34875,centre,b314ec41-b6b0-4274-a98f-4a675628d202,Hollywoodbets Sharks,e2ae68bd-54f2-4e38-89fc-53dcce5add02,98,stay,,,
8b15860f-dd5c-45c0-be1d-985e82f5e295,Munster Rugby,2150,Diarmuid Kilgallen,ACTIVE,7524,36712,outside-back,b314ec41-b6b0-4274-a98f-4a675628d202,Munster Rugby,8b15860f-dd5c-45c0-be1d-985e82f5e295,2150,stay,,,
8b15860f-dd5c-45c0-be1d-985e82f5e295,Munster Rugby,2150,Darragh McSweeney,ACTIVE,7720,40577,prop,b314ec41-b6b0-4274-a98f-4a675628d202,Munster Rugby,8b15860f-dd5c-45c0-be1d-985e82f5e295,2150,stay,,,
9e46b555-7bd7-4113-9005-641caab27c3c,Ulster Rugby,2450,Henry Walker,ACTIVE,8015,62042,hooker,b314ec41-b6b0-4274-a98f-4a675628d202,Ulster Rugby,9e46b555-7bd7-4113-9005-641caab27c3c,2450,stay,,,
3bb58f66-38c1-4f9c-adff-0ac33a01533b,Saracens,1500,Samson Adejimi,ACTIVE,7667,39756,hooker,9233192a-bfed-489b-b224-5c9e02f587de,Saracens,3bb58f66-38c1-4f9c-adff-0ac33a01533b,1500,stay,,,
dc118c04-038a-46e7-a805-298fbe0d2e66,Leinster Rugby,2300,Gus McCarthy,ACTIVE,7899,58415,hooker,b314ec41-b6b0-4274-a98f-4a675628d202,Leinster Rugby,dc118c04-038a-46e7-a805-298fbe0d2e66,2300,stay,,,
e2ae68bd-54f2-4e38-89fc-53dcce5add02,Hollywoodbets Sharks,98,Vincent Koch,ACTIVE,7006,22099,prop,b314ec41-b6b0-4274-a98f-4a675628d202,Hollywoodbets Sharks,e2ae68bd-54f2-4e38-89fc-53dcce5add02,98,stay,,,
aebd3bc4-7445-44b7-beae-ded6ad3609bd,Zebre Parma,10650,Samuele Taddei,ACTIVE,7730,43831,prop,b314ec41-b6b0-4274-a98f-4a675628d202,Zebre Parma,aebd3bc4-7445-44b7-beae-ded6ad3609bd,10650,stay,,,
961763ec-e93a-42f8-a91e-f7fcb114c02c,Benetton Rugby,1850,Nicholas Gasperini,ACTIVE,8152,58421,hooker,b314ec41-b6b0-4274-a98f-4a675628d202,Benetton Rugby,961763ec-e93a-42f8-a91e-f7fcb114c02c,1850,stay,,,
b05b5971-dd90-44ae-999d-7bde3b2ebf96,Ospreys,3250,Tom Botha,ACTIVE,6893,20151,prop,b314ec41-b6b0-4274-a98f-4a675628d202,Ospreys,b05b5971-dd90-44ae-999d-7bde3b2ebf96,3250,stay,,,
3d94bdf3-43ef-4dbb-951f-38d13d1b1e5f,Glasgow Warriors,1750,Ollie Smith,ACTIVE,7405,33697,outside-back,b314ec41-b6b0-4274-a98f-4a675628d202,Glasgow Warriors,3d94bdf3-43ef-4dbb-951f-38d13d1b1e5f,1750,stay,,,
6fd77b22-06bc-49f7-8837-b213e335ec7a,Cardiff Rugby,2200,Jacob Beetham,ACTIVE,7512,36677,outside-back,b314ec41-b6b0-4274-a98f-4a675628d202,Cardiff Rugby,6fd77b22-06bc-49f7-8837-b213e335ec7a,2200,stay,,,
09c7ae37-447c-4020-9e2e-b5239ee2d58b,Scarlets,1700,Dan Davis,ACTIVE,7277,29600,loose-forward,b314ec41-b6b0-4274-a98f-4a675628d202,Scarlets,09c7ae37-447c-4020-9e2e-b5239ee2d58b,1700,stay,,,
e33c7a17-a675-46a9-b68c-be767cc211db,Northampton Saints,1400,Fin Smith,ACTIVE,7562,37960,fly-half,9233192a-bfed-489b-b224-5c9e02f587de,Northampton Saints,e33c7a17-a675-46a9-b68c-be767cc211db,1400,stay,,,
e33c7a17-a675-46a9-b68c-be767cc211db,Northampton Saints,1400,Aiden Ainsworth-Cave,ACTIVE,8035,62367,loose-forward,9233192a-bfed-489b-b224-5c9e02f587de,Northampton Saints,e33c7a17-a675-46a9-b68c-be767cc211db,1400,stay,,,
804c604a-08f9-4d6c-b74d-2936f9b370dc,Gloucester Rugby,1100,William Butler,ACTIVE,7076,23756,centre,9233192a-bfed-489b-b224-5c9e02f587de,,,,departed,https://en.wikipedia.org/wiki/List_of_2026%E2%80%9327_Premiership_Rugby_transfers ; https://all.rugby/transfers/premiership,Medium,To London Scottish
3d94bdf3-43ef-4dbb-951f-38d13d1b1e5f,Glasgow Warriors,1750,Dan Lancaster,ACTIVE,8147,38673,fly-half,b314ec41-b6b0-4274-a98f-4a675628d202,Glasgow Warriors,3d94bdf3-43ef-4dbb-951f-38d13d1b1e5f,1750,stay,,,
5fdcc251-1a9e-40cf-9767-a5271ff4dbc0,Edinburgh Rugby,1950,Callum Hunter-Hill,ACTIVE,7099,24460,lock,b314ec41-b6b0-4274-a98f-4a675628d202,Edinburgh Rugby,5fdcc251-1a9e-40cf-9767-a5271ff4dbc0,1950,stay,,,
09c7ae37-447c-4020-9e2e-b5239ee2d58b,Scarlets,1700,Blair Murray,ACTIVE,7368,32980,outside-back,b314ec41-b6b0-4274-a98f-4a675628d202,Scarlets,09c7ae37-447c-4020-9e2e-b5239ee2d58b,1700,stay,,,
09c7ae37-447c-4020-9e2e-b5239ee2d58b,Scarlets,1700,Joe Roberts,ACTIVE,7434,33954,centre,b314ec41-b6b0-4274-a98f-4a675628d202,Scarlets,09c7ae37-447c-4020-9e2e-b5239ee2d58b,1700,stay,,,
961763ec-e93a-42f8-a91e-f7fcb114c02c,Benetton Rugby,1850,Bautista Bernasconi,ACTIVE,7577,38307,hooker,b314ec41-b6b0-4274-a98f-4a675628d202,Benetton Rugby,961763ec-e93a-42f8-a91e-f7fcb114c02c,1850,stay,,,
961763ec-e93a-42f8-a91e-f7fcb114c02c,Benetton Rugby,1850,Lorenzo Cannone,ACTIVE,7517,36688,loose-forward,b314ec41-b6b0-4274-a98f-4a675628d202,Benetton Rugby,961763ec-e93a-42f8-a91e-f7fcb114c02c,1850,stay,,,
b05b5971-dd90-44ae-999d-7bde3b2ebf96,Ospreys,3250,Ben Roberts,ACTIVE,8238,903115,lock,b314ec41-b6b0-4274-a98f-4a675628d202,Ospreys,b05b5971-dd90-44ae-999d-7bde3b2ebf96,3250,stay,,,
b05b5971-dd90-44ae-999d-7bde3b2ebf96,Ospreys,3250,Gwilym Evans,ACTIVE,8233,40563,loose-forward,b314ec41-b6b0-4274-a98f-4a675628d202,Ospreys,b05b5971-dd90-44ae-999d-7bde3b2ebf96,3250,stay,,,
b05b5971-dd90-44ae-999d-7bde3b2ebf96,Ospreys,3250,Freddie Chapman,ACTIVE,7911,58532,prop,b314ec41-b6b0-4274-a98f-4a675628d202,Ospreys,b05b5971-dd90-44ae-999d-7bde3b2ebf96,3250,stay,,,
961763ec-e93a-42f8-a91e-f7fcb114c02c,Benetton Rugby,1850,Andy Uren,ACTIVE,7137,24983,scrum-half,b314ec41-b6b0-4274-a98f-4a675628d202,Benetton Rugby,961763ec-e93a-42f8-a91e-f7fcb114c02c,1850,stay,,,
dc118c04-038a-46e7-a805-298fbe0d2e66,Leinster Rugby,2300,Jack Boyle,ACTIVE,7600,38642,prop,b314ec41-b6b0-4274-a98f-4a675628d202,Leinster Rugby,dc118c04-038a-46e7-a805-298fbe0d2e66,2300,stay,,,
e2ae68bd-54f2-4e38-89fc-53dcce5add02,Hollywoodbets Sharks,98,Bradley Davids,ACTIVE,7657,39270,scrum-half,b314ec41-b6b0-4274-a98f-4a675628d202,Hollywoodbets Sharks,e2ae68bd-54f2-4e38-89fc-53dcce5add02,98,stay,,,
41d2c944-4a5a-4de0-8eb4-e5b57835cff7,Connacht Rugby,3400,Joe Joyce,ACTIVE,6964,21604,lock,b314ec41-b6b0-4274-a98f-4a675628d202,Gloucester Rugby,804c604a-08f9-4d6c-b74d-2936f9b370dc,1100,move,https://en.wikipedia.org/wiki/List_of_2026%E2%80%9327_United_Rugby_Championship_transfers,Medium,
41d2c944-4a5a-4de0-8eb4-e5b57835cff7,Connacht Rugby,3400,Chay Mullins,ACTIVE,7471,35515,outside-back,b314ec41-b6b0-4274-a98f-4a675628d202,Ulster Rugby,9e46b555-7bd7-4113-9005-641caab27c3c,2450,move,https://en.wikipedia.org/wiki/List_of_2026%E2%80%9327_United_Rugby_Championship_transfers,Medium,
09c7ae37-447c-4020-9e2e-b5239ee2d58b,Scarlets,1700,Harry Thomas,ACTIVE,8228,62065,hooker,b314ec41-b6b0-4274-a98f-4a675628d202,Scarlets,09c7ae37-447c-4020-9e2e-b5239ee2d58b,1700,stay,,,
09c7ae37-447c-4020-9e2e-b5239ee2d58b,Scarlets,1700,Archie Hughes,ACTIVE,7754,44019,scrum-half,b314ec41-b6b0-4274-a98f-4a675628d202,Scarlets,09c7ae37-447c-4020-9e2e-b5239ee2d58b,1700,stay,,,
961763ec-e93a-42f8-a91e-f7fcb114c02c,Benetton Rugby,1850,Josh Flook,ACTIVE,8150,32110,centre,b314ec41-b6b0-4274-a98f-4a675628d202,Benetton Rugby,961763ec-e93a-42f8-a91e-f7fcb114c02c,1850,stay,,,
af6ad454-5636-4711-be6d-1cb29078219a,Lions,63,Henco van Wyk,ACTIVE,7646,39203,centre,b314ec41-b6b0-4274-a98f-4a675628d202,Lions,af6ad454-5636-4711-be6d-1cb29078219a,63,stay,,,
9e46b555-7bd7-4113-9005-641caab27c3c,Ulster Rugby,2450,Stuart McCloskey,ACTIVE,6970,21638,centre,b314ec41-b6b0-4274-a98f-4a675628d202,Ulster Rugby,9e46b555-7bd7-4113-9005-641caab27c3c,2450,stay,,,
ee3c51c4-b2f3-42ba-9434-37c4455d9276,DHL Stormers,99,Riley Norton,ACTIVE,8218,60393,lock,b314ec41-b6b0-4274-a98f-4a675628d202,DHL Stormers,ee3c51c4-b2f3-42ba-9434-37c4455d9276,99,stay,,,
b05b5971-dd90-44ae-999d-7bde3b2ebf96,Ospreys,3250,Lewis Lloyd,ACTIVE,7920,58666,hooker,b314ec41-b6b0-4274-a98f-4a675628d202,Ospreys,b05b5971-dd90-44ae-999d-7bde3b2ebf96,3250,stay,,,
9e46b555-7bd7-4113-9005-641caab27c3c,Ulster Rugby,2450,Matthew Dalton,ACTIVE,7119,24774,lock,b314ec41-b6b0-4274-a98f-4a675628d202,,,,departed,https://en.wikipedia.org/wiki/List_of_2026%E2%80%9327_United_Rugby_Championship_transfers,Medium,To Kobelco Kobe Steelers
ef455f5f-f067-4d29-ab67-f6e14b44a1e7,Leicester Tigers,1250,Jamie Blamire,ACTIVE,7219,27294,hooker,9233192a-bfed-489b-b224-5c9e02f587de,Leicester Tigers,ef455f5f-f067-4d29-ab67-f6e14b44a1e7,1250,stay,,,
ef455f5f-f067-4d29-ab67-f6e14b44a1e7,Leicester Tigers,1250,Finn Carnduff,ACTIVE,7799,55886,loose-forward,9233192a-bfed-489b-b224-5c9e02f587de,Leicester Tigers,ef455f5f-f067-4d29-ab67-f6e14b44a1e7,1250,stay,,,
dc118c04-038a-46e7-a805-298fbe0d2e66,Leinster Rugby,2300,Dan Sheehan,ACTIVE,7331,31014,hooker,b314ec41-b6b0-4274-a98f-4a675628d202,Leinster Rugby,dc118c04-038a-46e7-a805-298fbe0d2e66,2300,stay,,,
17751c9c-264e-464e-adc8-1468fd75dbef,Newcastle Red Bull,1350,Max Clark,ACTIVE,6932,20910,centre,9233192a-bfed-489b-b224-5c9e02f587de,,,,departed,https://en.wikipedia.org/wiki/List_of_2026%E2%80%9327_Premiership_Rugby_transfers ; https://all.rugby/transfers/premiership,Medium,Released — destination TBC
20aa34f7-3d7a-4cf4-be95-70ca236af7a0,Bath Rugby,1000,Austin Emens,ACTIVE,8012,61657,centre,9233192a-bfed-489b-b224-5c9e02f587de,Bath Rugby,20aa34f7-3d7a-4cf4-be95-70ca236af7a0,1000,stay,,,
dc118c04-038a-46e7-a805-298fbe0d2e66,Leinster Rugby,2300,Ivan Soroka,ACTIVE,7237,28086,prop,b314ec41-b6b0-4274-a98f-4a675628d202,Leinster Rugby,dc118c04-038a-46e7-a805-298fbe0d2e66,2300,stay,,,
09c7ae37-447c-4020-9e2e-b5239ee2d58b,Scarlets,1700,Taine Plumtree,ACTIVE,7441,34449,loose-forward,b314ec41-b6b0-4274-a98f-4a675628d202,Scarlets,09c7ae37-447c-4020-9e2e-b5239ee2d58b,1700,stay,,,
6fd77b22-06bc-49f7-8837-b213e335ec7a,Cardiff Rugby,2200,Taine Basham,ACTIVE,7285,29789,loose-forward,b314ec41-b6b0-4274-a98f-4a675628d202,Cardiff Rugby,6fd77b22-06bc-49f7-8837-b213e335ec7a,2200,stay,,,
6fd77b22-06bc-49f7-8837-b213e335ec7a,Cardiff Rugby,2200,Liam Belcher,ACTIVE,7017,22675,hooker,b314ec41-b6b0-4274-a98f-4a675628d202,Cardiff Rugby,6fd77b22-06bc-49f7-8837-b213e335ec7a,2200,stay,,,
961763ec-e93a-42f8-a91e-f7fcb114c02c,Benetton Rugby,1850,Ignacio Mendy,ACTIVE,7319,30904,outside-back,b314ec41-b6b0-4274-a98f-4a675628d202,Benetton Rugby,961763ec-e93a-42f8-a91e-f7fcb114c02c,1850,stay,,,
ee3c51c4-b2f3-42ba-9434-37c4455d9276,DHL Stormers,99,Vernon Matongo,ACTIVE,7700,39876,prop,b314ec41-b6b0-4274-a98f-4a675628d202,DHL Stormers,ee3c51c4-b2f3-42ba-9434-37c4455d9276,99,stay,,,
961763ec-e93a-42f8-a91e-f7fcb114c02c,Benetton Rugby,1850,Federico Zanandrea,ACTIVE,7956,59454,centre,b314ec41-b6b0-4274-a98f-4a675628d202,Benetton Rugby,961763ec-e93a-42f8-a91e-f7fcb114c02c,1850,stay,,,
af6ad454-5636-4711-be6d-1cb29078219a,Lions,63,Sibabalo Qoma,ACTIVE,7155,25362,loose-forward,b314ec41-b6b0-4274-a98f-4a675628d202,Lions,af6ad454-5636-4711-be6d-1cb29078219a,63,stay,,,
ee3c51c4-b2f3-42ba-9434-37c4455d9276,DHL Stormers,99,Kyle Smith,ACTIVE,8222,60394,fly-half,b314ec41-b6b0-4274-a98f-4a675628d202,DHL Stormers,ee3c51c4-b2f3-42ba-9434-37c4455d9276,99,stay,,,
e2ae68bd-54f2-4e38-89fc-53dcce5add02,Hollywoodbets Sharks,98,Eduan Swart,ACTIVE,8205,37860,hooker,b314ec41-b6b0-4274-a98f-4a675628d202,Hollywoodbets Sharks,e2ae68bd-54f2-4e38-89fc-53dcce5add02,98,stay,,,
aebd3bc4-7445-44b7-beae-ded6ad3609bd,Zebre Parma,10650,Giacomo Milano,ACTIVE,7957,59461,loose-forward,b314ec41-b6b0-4274-a98f-4a675628d202,Zebre Parma,aebd3bc4-7445-44b7-beae-ded6ad3609bd,10650,stay,,,
6e09f000-1b71-426f-b349-2c528cba8584,Vodacom Bulls,97,Gerhard Steenekamp,ACTIVE,7189,26092,prop,b314ec41-b6b0-4274-a98f-4a675628d202,Vodacom Bulls,6e09f000-1b71-426f-b349-2c528cba8584,97,stay,,,
6e09f000-1b71-426f-b349-2c528cba8584,Vodacom Bulls,97,Cameron Hanekom,ACTIVE,7642,39134,loose-forward,b314ec41-b6b0-4274-a98f-4a675628d202,Vodacom Bulls,6e09f000-1b71-426f-b349-2c528cba8584,97,stay,,,
6e09f000-1b71-426f-b349-2c528cba8584,Vodacom Bulls,97,Muller Uys,ACTIVE,7247,28376,loose-forward,b314ec41-b6b0-4274-a98f-4a675628d202,Vodacom Bulls,6e09f000-1b71-426f-b349-2c528cba8584,97,stay,,,
961763ec-e93a-42f8-a91e-f7fcb114c02c,Benetton Rugby,1850,Nelson Casartelli,ACTIVE,8356,59463,loose-forward,b314ec41-b6b0-4274-a98f-4a675628d202,Benetton Rugby,961763ec-e93a-42f8-a91e-f7fcb114c02c,1850,stay,,,
bdb20011-d913-4688-b8fa-38a2a96c22b2,Dragons RFC,3100,James Benjamin,ACTIVE,6902,20465,hooker,b314ec41-b6b0-4274-a98f-4a675628d202,,,,retired,https://en.wikipedia.org/wiki/List_of_2026%E2%80%9327_United_Rugby_Championship_transfers,Medium,Retired
b05b5971-dd90-44ae-999d-7bde3b2ebf96,Ospreys,3250,Sam Parry,ACTIVE,6829,18619,hooker,b314ec41-b6b0-4274-a98f-4a675628d202,Ospreys,b05b5971-dd90-44ae-999d-7bde3b2ebf96,3250,stay,,,
473a715d-80f5-4707-a8e2-52902fadc9bc,Sale Sharks,1450,Dom Hanson,ACTIVE,7973,60156,scrum-half,9233192a-bfed-489b-b224-5c9e02f587de,Sale Sharks,473a715d-80f5-4707-a8e2-52902fadc9bc,1450,stay,,,
09c7ae37-447c-4020-9e2e-b5239ee2d58b,Scarlets,1700,Ioan Jones,ACTIVE,7839,57062,outside-back,b314ec41-b6b0-4274-a98f-4a675628d202,Scarlets,09c7ae37-447c-4020-9e2e-b5239ee2d58b,1700,stay,,,
af6ad454-5636-4711-be6d-1cb29078219a,Lions,63,SJ Kotze,ACTIVE,7759,44162,prop,b314ec41-b6b0-4274-a98f-4a675628d202,Lions,af6ad454-5636-4711-be6d-1cb29078219a,63,stay,,,
804c604a-08f9-4d6c-b74d-2936f9b370dc,Gloucester Rugby,1100,Ross Byrne,ACTIVE,6959,21546,fly-half,9233192a-bfed-489b-b224-5c9e02f587de,Gloucester Rugby,804c604a-08f9-4d6c-b74d-2936f9b370dc,1100,stay,,,
ef455f5f-f067-4d29-ab67-f6e14b44a1e7,Leicester Tigers,1250,Corne Beets,ACTIVE,7773,44206,loose-forward,9233192a-bfed-489b-b224-5c9e02f587de,Leicester Tigers,ef455f5f-f067-4d29-ab67-f6e14b44a1e7,1250,stay,,,
3bb58f66-38c1-4f9c-adff-0ac33a01533b,Saracens,1500,Harvey Beaton,ACTIVE,7499,36467,prop,9233192a-bfed-489b-b224-5c9e02f587de,Saracens,3bb58f66-38c1-4f9c-adff-0ac33a01533b,1500,stay,,,
d9f721ee-9da6-4aa0-8e98-22cf91afd251,Bristol Bears,1050,John Edwards,ACTIVE,8307,925162,loose-forward,9233192a-bfed-489b-b224-5c9e02f587de,,,,departed,https://en.wikipedia.org/wiki/List_of_2026%E2%80%9327_Premiership_Rugby_transfers ; https://all.rugby/transfers/premiership,Medium,Released — destination TBC
6e09f000-1b71-426f-b349-2c528cba8584,Vodacom Bulls,97,Katlego Letebele,ACTIVE,7767,44184,centre,b314ec41-b6b0-4274-a98f-4a675628d202,Vodacom Bulls,6e09f000-1b71-426f-b349-2c528cba8584,97,stay,,,
6e09f000-1b71-426f-b349-2c528cba8584,Vodacom Bulls,97,Sibongile Novuka,ACTIVE,7641,39080,outside-back,b314ec41-b6b0-4274-a98f-4a675628d202,Vodacom Bulls,6e09f000-1b71-426f-b349-2c528cba8584,97,stay,,,
6fd77b22-06bc-49f7-8837-b213e335ec7a,Cardiff Rugby,2200,Matty Young,ACTIVE,8031,62081,outside-back,b314ec41-b6b0-4274-a98f-4a675628d202,Cardiff Rugby,6fd77b22-06bc-49f7-8837-b213e335ec7a,2200,stay,,,
e2ae68bd-54f2-4e38-89fc-53dcce5add02,Hollywoodbets Sharks,98,Gerbrandt Grobler,ACTIVE,6914,20583,lock,b314ec41-b6b0-4274-a98f-4a675628d202,Hollywoodbets Sharks,e2ae68bd-54f2-4e38-89fc-53dcce5add02,98,stay,,,
aebd3bc4-7445-44b7-beae-ded6ad3609bd,Zebre Parma,10650,Alessandro Ortombina,ACTIVE,8120,43841,lock,b314ec41-b6b0-4274-a98f-4a675628d202,Zebre Parma,aebd3bc4-7445-44b7-beae-ded6ad3609bd,10650,stay,,,
aebd3bc4-7445-44b7-beae-ded6ad3609bd,Zebre Parma,10650,Thomas Dominguez,ACTIVE,8009,61288,scrum-half,b314ec41-b6b0-4274-a98f-4a675628d202,Zebre Parma,aebd3bc4-7445-44b7-beae-ded6ad3609bd,10650,stay,,,
5fdcc251-1a9e-40cf-9767-a5271ff4dbc0,Edinburgh Rugby,1950,Tom Currie,ACTIVE,7990,61072,loose-forward,b314ec41-b6b0-4274-a98f-4a675628d202,Edinburgh Rugby,5fdcc251-1a9e-40cf-9767-a5271ff4dbc0,1950,stay,,,
961763ec-e93a-42f8-a91e-f7fcb114c02c,Benetton Rugby,1850,John Bryant,ACTIVE,8149,35979,loose-forward,b314ec41-b6b0-4274-a98f-4a675628d202,Benetton Rugby,961763ec-e93a-42f8-a91e-f7fcb114c02c,1850,stay,,,
8b15860f-dd5c-45c0-be1d-985e82f5e295,Munster Rugby,2150,Jean Kleyn,ACTIVE,6966,21613,lock,b314ec41-b6b0-4274-a98f-4a675628d202,Gloucester Rugby,804c604a-08f9-4d6c-b74d-2936f9b370dc,1100,move,https://en.wikipedia.org/wiki/List_of_2026%E2%80%9327_United_Rugby_Championship_transfers,Medium,
dc118c04-038a-46e7-a805-298fbe0d2e66,Leinster Rugby,2300,Jack Conan,ACTIVE,6872,19654,loose-forward,b314ec41-b6b0-4274-a98f-4a675628d202,Leinster Rugby,dc118c04-038a-46e7-a805-298fbe0d2e66,2300,stay,,,
6e09f000-1b71-426f-b349-2c528cba8584,Vodacom Bulls,97,Sebastian Lombard,ACTIVE,7645,39180,prop,b314ec41-b6b0-4274-a98f-4a675628d202,Vodacom Bulls,6e09f000-1b71-426f-b349-2c528cba8584,97,stay,,,
dc118c04-038a-46e7-a805-298fbe0d2e66,Leinster Rugby,2300,Ruben Moloney,ACTIVE,8055,63878,outside-back,b314ec41-b6b0-4274-a98f-4a675628d202,Leinster Rugby,dc118c04-038a-46e7-a805-298fbe0d2e66,2300,stay,,,
b05b5971-dd90-44ae-999d-7bde3b2ebf96,Ospreys,3250,Cori Lewis-Jenkins,ACTIVE,8071,67971,outside-back,b314ec41-b6b0-4274-a98f-4a675628d202,Ospreys,b05b5971-dd90-44ae-999d-7bde3b2ebf96,3250,stay,,,
6e09f000-1b71-426f-b349-2c528cba8584,Vodacom Bulls,97,Jan Serfontein,ACTIVE,8177,19874,centre,b314ec41-b6b0-4274-a98f-4a675628d202,,,,retired,https://en.wikipedia.org/wiki/List_of_2026%E2%80%9327_United_Rugby_Championship_transfers,Medium,Retired
6e09f000-1b71-426f-b349-2c528cba8584,Vodacom Bulls,97,Dylan Smith,ACTIVE,7024,22736,prop,b314ec41-b6b0-4274-a98f-4a675628d202,Vodacom Bulls,6e09f000-1b71-426f-b349-2c528cba8584,97,stay,,,
09c7ae37-447c-4020-9e2e-b5239ee2d58b,Scarlets,1700,Ryan Elias,ACTIVE,6950,21427,hooker,b314ec41-b6b0-4274-a98f-4a675628d202,Scarlets,09c7ae37-447c-4020-9e2e-b5239ee2d58b,1700,stay,,,
09c7ae37-447c-4020-9e2e-b5239ee2d58b,Scarlets,1700,Kirby Myhill,ACTIVE,8229,18615,hooker,b314ec41-b6b0-4274-a98f-4a675628d202,Scarlets,09c7ae37-447c-4020-9e2e-b5239ee2d58b,1700,stay,,,
af6ad454-5636-4711-be6d-1cb29078219a,Lions,63,Juan Schoeman,ACTIVE,6844,18899,prop,b314ec41-b6b0-4274-a98f-4a675628d202,Lions,af6ad454-5636-4711-be6d-1cb29078219a,63,stay,,,
b05b5971-dd90-44ae-999d-7bde3b2ebf96,Ospreys,3250,Owen Watkin,ACTIVE,7026,22744,centre,b314ec41-b6b0-4274-a98f-4a675628d202,Ospreys,b05b5971-dd90-44ae-999d-7bde3b2ebf96,3250,stay,,,
5fdcc251-1a9e-40cf-9767-a5271ff4dbc0,Edinburgh Rugby,1950,James Whitcombe,ACTIVE,7500,36468,prop,b314ec41-b6b0-4274-a98f-4a675628d202,Edinburgh Rugby,5fdcc251-1a9e-40cf-9767-a5271ff4dbc0,1950,stay,,,
9e46b555-7bd7-4113-9005-641caab27c3c,Ulster Rugby,2450,Sam Berman,ACTIVE,7901,58419,centre,b314ec41-b6b0-4274-a98f-4a675628d202,Ulster Rugby,9e46b555-7bd7-4113-9005-641caab27c3c,2450,stay,,,
6fd77b22-06bc-49f7-8837-b213e335ec7a,Cardiff Rugby,2200,Ben Thomas,ACTIVE,7167,25826,centre,b314ec41-b6b0-4274-a98f-4a675628d202,Cardiff Rugby,6fd77b22-06bc-49f7-8837-b213e335ec7a,2200,stay,,,
6fd77b22-06bc-49f7-8837-b213e335ec7a,Cardiff Rugby,2200,Dan Thomas,ACTIVE,6867,19633,loose-forward,b314ec41-b6b0-4274-a98f-4a675628d202,Cardiff Rugby,6fd77b22-06bc-49f7-8837-b213e335ec7a,2200,stay,,,
ca7c6d0f-7bef-4fad-8ac2-d202471fa122,Exeter Chiefs,84,Henry Slade,ACTIVE,6852,19087,centre,9233192a-bfed-489b-b224-5c9e02f587de,Exeter Chiefs,ca7c6d0f-7bef-4fad-8ac2-d202471fa122,84,stay,,,
aebd3bc4-7445-44b7-beae-ded6ad3609bd,Zebre Parma,10650,Dylan De Leeuw,ACTIVE,7660,39402,lock,b314ec41-b6b0-4274-a98f-4a675628d202,Zebre Parma,aebd3bc4-7445-44b7-beae-ded6ad3609bd,10650,stay,,,
473a715d-80f5-4707-a8e2-52902fadc9bc,Sale Sharks,1450,Reuben Logan,ACTIVE,7934,59136,loose-forward,9233192a-bfed-489b-b224-5c9e02f587de,Sale Sharks,473a715d-80f5-4707-a8e2-52902fadc9bc,1450,stay,,,
473a715d-80f5-4707-a8e2-52902fadc9bc,Sale Sharks,1450,Sam Dugdale,ACTIVE,7345,31236,loose-forward,9233192a-bfed-489b-b224-5c9e02f587de,Sale Sharks,473a715d-80f5-4707-a8e2-52902fadc9bc,1450,stay,,,
5fdcc251-1a9e-40cf-9767-a5271ff4dbc0,Edinburgh Rugby,1950,Piers O'Conor,ACTIVE,7002,22062,centre,b314ec41-b6b0-4274-a98f-4a675628d202,Edinburgh Rugby,5fdcc251-1a9e-40cf-9767-a5271ff4dbc0,1950,stay,,,
5fdcc251-1a9e-40cf-9767-a5271ff4dbc0,Edinburgh Rugby,1950,D'Arcy Rae,ACTIVE,6901,20462,prop,b314ec41-b6b0-4274-a98f-4a675628d202,Edinburgh Rugby,5fdcc251-1a9e-40cf-9767-a5271ff4dbc0,1950,stay,,,
5fdcc251-1a9e-40cf-9767-a5271ff4dbc0,Edinburgh Rugby,1950,Ben White,ACTIVE,8155,23744,scrum-half,b314ec41-b6b0-4274-a98f-4a675628d202,Edinburgh Rugby,5fdcc251-1a9e-40cf-9767-a5271ff4dbc0,1950,stay,,,
473a715d-80f5-4707-a8e2-52902fadc9bc,Sale Sharks,1450,James Harper,ACTIVE,7575,38239,prop,9233192a-bfed-489b-b224-5c9e02f587de,Newcastle Red Bull,17751c9c-264e-464e-adc8-1468fd75dbef,1350,move,https://en.wikipedia.org/wiki/List_of_2026%E2%80%9327_Premiership_Rugby_transfers ; https://all.rugby/transfers/premiership,Medium,
6e09f000-1b71-426f-b349-2c528cba8584,Vodacom Bulls,97,Jaco van der Walt,ACTIVE,7005,22094,fly-half,b314ec41-b6b0-4274-a98f-4a675628d202,Vodacom Bulls,6e09f000-1b71-426f-b349-2c528cba8584,97,stay,,,
961763ec-e93a-42f8-a91e-f7fcb114c02c,Benetton Rugby,1850,Manuel Zuliani,ACTIVE,7436,34007,loose-forward,b314ec41-b6b0-4274-a98f-4a675628d202,Benetton Rugby,961763ec-e93a-42f8-a91e-f7fcb114c02c,1850,stay,,,
09c7ae37-447c-4020-9e2e-b5239ee2d58b,Scarlets,1700,Henry Thomas,ACTIVE,6818,18495,prop,b314ec41-b6b0-4274-a98f-4a675628d202,Scarlets,09c7ae37-447c-4020-9e2e-b5239ee2d58b,1700,stay,,,
aebd3bc4-7445-44b7-beae-ded6ad3609bd,Zebre Parma,10650,Patricio Baronio Gauna,ACTIVE,7050,23354,scrum-half,b314ec41-b6b0-4274-a98f-4a675628d202,Zebre Parma,aebd3bc4-7445-44b7-beae-ded6ad3609bd,10650,stay,,,
5fdcc251-1a9e-40cf-9767-a5271ff4dbc0,Edinburgh Rugby,1950,Paul Hill,ACTIVE,6955,21517,prop,b314ec41-b6b0-4274-a98f-4a675628d202,Edinburgh Rugby,5fdcc251-1a9e-40cf-9767-a5271ff4dbc0,1950,stay,,,
5fdcc251-1a9e-40cf-9767-a5271ff4dbc0,Edinburgh Rugby,1950,Luke Crosbie,ACTIVE,7098,24459,loose-forward,b314ec41-b6b0-4274-a98f-4a675628d202,Edinburgh Rugby,5fdcc251-1a9e-40cf-9767-a5271ff4dbc0,1950,stay,,,
41d2c944-4a5a-4de0-8eb4-e5b57835cff7,Connacht Rugby,3400,Fiachna Barrett,ACTIVE,7895,58410,prop,b314ec41-b6b0-4274-a98f-4a675628d202,Connacht Rugby,41d2c944-4a5a-4de0-8eb4-e5b57835cff7,3400,stay,,,
41d2c944-4a5a-4de0-8eb4-e5b57835cff7,Connacht Rugby,3400,Billy Bohan,ACTIVE,8322,68938,prop,b314ec41-b6b0-4274-a98f-4a675628d202,Connacht Rugby,41d2c944-4a5a-4de0-8eb4-e5b57835cff7,3400,stay,,,
e33c7a17-a675-46a9-b68c-be767cc211db,Northampton Saints,1400,Toby Thame,ACTIVE,7824,56684,centre,9233192a-bfed-489b-b224-5c9e02f587de,Northampton Saints,e33c7a17-a675-46a9-b68c-be767cc211db,1400,stay,,,
473a715d-80f5-4707-a8e2-52902fadc9bc,Sale Sharks,1450,Simon McIntyre,ACTIVE,6817,18362,prop,9233192a-bfed-489b-b224-5c9e02f587de,Sale Sharks,473a715d-80f5-4707-a8e2-52902fadc9bc,1450,stay,,,
473a715d-80f5-4707-a8e2-52902fadc9bc,Sale Sharks,1450,Huw Davies,ACTIVE,7871,57543,loose-forward,9233192a-bfed-489b-b224-5c9e02f587de,,,,departed,https://en.wikipedia.org/wiki/List_of_2026%E2%80%9327_Premiership_Rugby_transfers ; https://all.rugby/transfers/premiership,Medium,Released — destination TBC
e33c7a17-a675-46a9-b68c-be767cc211db,Northampton Saints,1400,Curtis Langdon,ACTIVE,7068,23669,hooker,9233192a-bfed-489b-b224-5c9e02f587de,Northampton Saints,e33c7a17-a675-46a9-b68c-be767cc211db,1400,stay,,,
e33c7a17-a675-46a9-b68c-be767cc211db,Northampton Saints,1400,Gavin Thornbury,ACTIVE,6908,20505,lock,9233192a-bfed-489b-b224-5c9e02f587de,Northampton Saints,e33c7a17-a675-46a9-b68c-be767cc211db,1400,stay,,,
aebd3bc4-7445-44b7-beae-ded6ad3609bd,Zebre Parma,10650,Luca Rizzoli,ACTIVE,7594,38625,prop,b314ec41-b6b0-4274-a98f-4a675628d202,Zebre Parma,aebd3bc4-7445-44b7-beae-ded6ad3609bd,10650,stay,,,
17751c9c-264e-464e-adc8-1468fd75dbef,Newcastle Red Bull,1350,Tom Christie,ACTIVE,8185,27498,loose-forward,9233192a-bfed-489b-b224-5c9e02f587de,Newcastle Red Bull,17751c9c-264e-464e-adc8-1468fd75dbef,1350,stay,,,
17751c9c-264e-464e-adc8-1468fd75dbef,Newcastle Red Bull,1350,George McGuigan,ACTIVE,6858,19282,hooker,9233192a-bfed-489b-b224-5c9e02f587de,Newcastle Red Bull,17751c9c-264e-464e-adc8-1468fd75dbef,1350,stay,,,
ef455f5f-f067-4d29-ab67-f6e14b44a1e7,Leicester Tigers,1250,Olly Cracknell,ACTIVE,6972,21647,loose-forward,9233192a-bfed-489b-b224-5c9e02f587de,Leicester Tigers,ef455f5f-f067-4d29-ab67-f6e14b44a1e7,1250,stay,,,
3bb58f66-38c1-4f9c-adff-0ac33a01533b,Saracens,1500,Josh Hallett,ACTIVE,7480,35555,centre,9233192a-bfed-489b-b224-5c9e02f587de,Saracens,3bb58f66-38c1-4f9c-adff-0ac33a01533b,1500,stay,,,
8b15860f-dd5c-45c0-be1d-985e82f5e295,Munster Rugby,2150,Evan O'Connell,ACTIVE,7888,57667,lock,b314ec41-b6b0-4274-a98f-4a675628d202,Munster Rugby,8b15860f-dd5c-45c0-be1d-985e82f5e295,2150,stay,,,
af6ad454-5636-4711-be6d-1cb29078219a,Lions,63,Jacques-Louis Du Toit,ACTIVE,7653,39243,hooker,b314ec41-b6b0-4274-a98f-4a675628d202,Lions,af6ad454-5636-4711-be6d-1cb29078219a,63,stay,,,
dc118c04-038a-46e7-a805-298fbe0d2e66,Leinster Rugby,2300,Hugo Keenan,ACTIVE,7078,23914,outside-back,b314ec41-b6b0-4274-a98f-4a675628d202,Leinster Rugby,dc118c04-038a-46e7-a805-298fbe0d2e66,2300,stay,,,
dc118c04-038a-46e7-a805-298fbe0d2e66,Leinster Rugby,2300,Sam Prendergast,ACTIVE,7815,56271,fly-half,b314ec41-b6b0-4274-a98f-4a675628d202,Leinster Rugby,dc118c04-038a-46e7-a805-298fbe0d2e66,2300,stay,,,
9e46b555-7bd7-4113-9005-641caab27c3c,Ulster Rugby,2450,Stewart Moore,ACTIVE,7367,32892,centre,b314ec41-b6b0-4274-a98f-4a675628d202,Ulster Rugby,9e46b555-7bd7-4113-9005-641caab27c3c,2450,stay,,,
9e46b555-7bd7-4113-9005-641caab27c3c,Ulster Rugby,2450,Iain Henderson,ACTIVE,6833,18677,lock,b314ec41-b6b0-4274-a98f-4a675628d202,Ulster Rugby,9e46b555-7bd7-4113-9005-641caab27c3c,2450,stay,,,
6fd77b22-06bc-49f7-8837-b213e335ec7a,Cardiff Rugby,2200,Steffan Emanuel,ACTIVE,7941,59289,centre,b314ec41-b6b0-4274-a98f-4a675628d202,Cardiff Rugby,6fd77b22-06bc-49f7-8837-b213e335ec7a,2200,stay,,,
6fd77b22-06bc-49f7-8837-b213e335ec7a,Cardiff Rugby,2200,Danny Southworth,ACTIVE,7373,33088,prop,b314ec41-b6b0-4274-a98f-4a675628d202,Cardiff Rugby,6fd77b22-06bc-49f7-8837-b213e335ec7a,2200,stay,,,
961763ec-e93a-42f8-a91e-f7fcb114c02c,Benetton Rugby,1850,Jacob Umaga,ACTIVE,7169,25842,fly-half,b314ec41-b6b0-4274-a98f-4a675628d202,Benetton Rugby,961763ec-e93a-42f8-a91e-f7fcb114c02c,1850,stay,,,
b05b5971-dd90-44ae-999d-7bde3b2ebf96,Ospreys,3250,Lewis Edwards,ACTIVE,8049,62513,outside-back,b314ec41-b6b0-4274-a98f-4a675628d202,Ospreys,b05b5971-dd90-44ae-999d-7bde3b2ebf96,3250,stay,,,
6959008c-ebd2-49ed-b1db-29a124e3e922,Harlequins,1150,Cassius Cleaves,ACTIVE,7698,39860,outside-back,9233192a-bfed-489b-b224-5c9e02f587de,Harlequins,6959008c-ebd2-49ed-b1db-29a124e3e922,1150,stay,,,
3bb58f66-38c1-4f9c-adff-0ac33a01533b,Saracens,1500,Charlie Bracken,ACTIVE,7802,55891,scrum-half,9233192a-bfed-489b-b224-5c9e02f587de,Saracens,3bb58f66-38c1-4f9c-adff-0ac33a01533b,1500,stay,,,
d9f721ee-9da6-4aa0-8e98-22cf91afd251,Bristol Bears,1050,Joe Owen,ACTIVE,7864,57385,lock,9233192a-bfed-489b-b224-5c9e02f587de,Bristol Bears,d9f721ee-9da6-4aa0-8e98-22cf91afd251,1050,stay,,,
6959008c-ebd2-49ed-b1db-29a124e3e922,Harlequins,1150,Marcus Smith,ACTIVE,7180,26046,fly-half,9233192a-bfed-489b-b224-5c9e02f587de,Harlequins,6959008c-ebd2-49ed-b1db-29a124e3e922,1150,stay,,,
6959008c-ebd2-49ed-b1db-29a124e3e922,Harlequins,1150,George Turner,ACTIVE,8129,19642,hooker,9233192a-bfed-489b-b224-5c9e02f587de,Newcastle Red Bull,17751c9c-264e-464e-adc8-1468fd75dbef,1350,move,https://en.wikipedia.org/wiki/List_of_2026%E2%80%9327_Premiership_Rugby_transfers ; https://all.rugby/transfers/premiership,Medium,
6959008c-ebd2-49ed-b1db-29a124e3e922,Harlequins,1150,Joe Launchbury,ACTIVE,6825,18571,lock,9233192a-bfed-489b-b224-5c9e02f587de,,,,retired,https://en.wikipedia.org/wiki/List_of_2026%E2%80%9327_Premiership_Rugby_transfers ; https://all.rugby/transfers/premiership,Medium,Retired
e33c7a17-a675-46a9-b68c-be767cc211db,Northampton Saints,1400,Edoardo Todaro,ACTIVE,8264,70179,centre,9233192a-bfed-489b-b224-5c9e02f587de,Northampton Saints,e33c7a17-a675-46a9-b68c-be767cc211db,1400,stay,,,
17751c9c-264e-464e-adc8-1468fd75dbef,Newcastle Red Bull,1350,Ethan Grayson,ACTIVE,7474,35525,outside-back,9233192a-bfed-489b-b224-5c9e02f587de,Newcastle Red Bull,17751c9c-264e-464e-adc8-1468fd75dbef,1350,stay,,,
17751c9c-264e-464e-adc8-1468fd75dbef,Newcastle Red Bull,1350,Callum Hancock,ACTIVE,8081,68051,prop,9233192a-bfed-489b-b224-5c9e02f587de,Newcastle Red Bull,17751c9c-264e-464e-adc8-1468fd75dbef,1350,stay,,,
ca7c6d0f-7bef-4fad-8ac2-d202471fa122,Exeter Chiefs,84,Zack Wimbush,ACTIVE,7861,57382,centre,9233192a-bfed-489b-b224-5c9e02f587de,Exeter Chiefs,ca7c6d0f-7bef-4fad-8ac2-d202471fa122,84,stay,,,
3bb58f66-38c1-4f9c-adff-0ac33a01533b,Saracens,1500,Barnaby Merrett,ACTIVE,7834,57053,loose-forward,9233192a-bfed-489b-b224-5c9e02f587de,Saracens,3bb58f66-38c1-4f9c-adff-0ac33a01533b,1500,stay,,,
473a715d-80f5-4707-a8e2-52902fadc9bc,Sale Sharks,1450,Joe Carpenter,ACTIVE,7501,36469,outside-back,9233192a-bfed-489b-b224-5c9e02f587de,Sale Sharks,473a715d-80f5-4707-a8e2-52902fadc9bc,1450,stay,,,
6fd77b22-06bc-49f7-8837-b213e335ec7a,Cardiff Rugby,2200,Theo Cabango,ACTIVE,7719,40569,outside-back,b314ec41-b6b0-4274-a98f-4a675628d202,Cardiff Rugby,6fd77b22-06bc-49f7-8837-b213e335ec7a,2200,stay,,,
8b15860f-dd5c-45c0-be1d-985e82f5e295,Munster Rugby,2150,Mike Haley,ACTIVE,6911,20567,outside-back,b314ec41-b6b0-4274-a98f-4a675628d202,Munster Rugby,8b15860f-dd5c-45c0-be1d-985e82f5e295,2150,stay,,,
8b15860f-dd5c-45c0-be1d-985e82f5e295,Munster Rugby,2150,George Hadden,ACTIVE,7814,56266,prop,b314ec41-b6b0-4274-a98f-4a675628d202,Munster Rugby,8b15860f-dd5c-45c0-be1d-985e82f5e295,2150,stay,,,
41d2c944-4a5a-4de0-8eb4-e5b57835cff7,Connacht Rugby,3400,Byron Ralston,ACTIVE,7163,25519,centre,b314ec41-b6b0-4274-a98f-4a675628d202,Connacht Rugby,41d2c944-4a5a-4de0-8eb4-e5b57835cff7,3400,stay,,,
af6ad454-5636-4711-be6d-1cb29078219a,Lions,63,RF Schoeman,ACTIVE,7758,44160,prop,b314ec41-b6b0-4274-a98f-4a675628d202,Lions,af6ad454-5636-4711-be6d-1cb29078219a,63,stay,,,
dc118c04-038a-46e7-a805-298fbe0d2e66,Leinster Rugby,2300,Fintan Gunne,ACTIVE,7908,58443,scrum-half,b314ec41-b6b0-4274-a98f-4a675628d202,Leinster Rugby,dc118c04-038a-46e7-a805-298fbe0d2e66,2300,stay,,,
dc118c04-038a-46e7-a805-298fbe0d2e66,Leinster Rugby,2300,Robbie Henshaw,ACTIVE,6892,20115,centre,b314ec41-b6b0-4274-a98f-4a675628d202,Leinster Rugby,dc118c04-038a-46e7-a805-298fbe0d2e66,2300,stay,,,
ca7c6d0f-7bef-4fad-8ac2-d202471fa122,Exeter Chiefs,84,Rusiate Tuima,ACTIVE,7433,33935,loose-forward,9233192a-bfed-489b-b224-5c9e02f587de,Newcastle Red Bull,17751c9c-264e-464e-adc8-1468fd75dbef,1350,move,https://en.wikipedia.org/wiki/List_of_2026%E2%80%9327_Premiership_Rugby_transfers ; https://all.rugby/transfers/premiership,Medium,
ca7c6d0f-7bef-4fad-8ac2-d202471fa122,Exeter Chiefs,84,Dan John,ACTIVE,7508,36670,outside-back,9233192a-bfed-489b-b224-5c9e02f587de,Ospreys,b05b5971-dd90-44ae-999d-7bde3b2ebf96,3250,move,https://en.wikipedia.org/wiki/List_of_2026%E2%80%9327_Premiership_Rugby_transfers ; https://all.rugby/transfers/premiership,High,
ca7c6d0f-7bef-4fad-8ac2-d202471fa122,Exeter Chiefs,84,Tom Gulley,ACTIVE,8091,68130,prop,9233192a-bfed-489b-b224-5c9e02f587de,Exeter Chiefs,ca7c6d0f-7bef-4fad-8ac2-d202471fa122,84,stay,,,
473a715d-80f5-4707-a8e2-52902fadc9bc,Sale Sharks,1450,Tye Raymont,ACTIVE,7933,59134,prop,9233192a-bfed-489b-b224-5c9e02f587de,Sale Sharks,473a715d-80f5-4707-a8e2-52902fadc9bc,1450,stay,,,
473a715d-80f5-4707-a8e2-52902fadc9bc,Sale Sharks,1450,Marius Louw,ACTIVE,7111,24632,centre,9233192a-bfed-489b-b224-5c9e02f587de,Sale Sharks,473a715d-80f5-4707-a8e2-52902fadc9bc,1450,stay,,,
e2ae68bd-54f2-4e38-89fc-53dcce5add02,Hollywoodbets Sharks,98,Ross Braude,ACTIVE,8209,38154,scrum-half,b314ec41-b6b0-4274-a98f-4a675628d202,Hollywoodbets Sharks,e2ae68bd-54f2-4e38-89fc-53dcce5add02,98,stay,,,
6e09f000-1b71-426f-b349-2c528cba8584,Vodacom Bulls,97,Nizaam Carr,ACTIVE,6847,18905,loose-forward,b314ec41-b6b0-4274-a98f-4a675628d202,Vodacom Bulls,6e09f000-1b71-426f-b349-2c528cba8584,97,stay,,,
961763ec-e93a-42f8-a91e-f7fcb114c02c,Benetton Rugby,1850,Nicolas Roger,ACTIVE,8319,34542,fly-half,b314ec41-b6b0-4274-a98f-4a675628d202,,,,departed,https://en.wikipedia.org/wiki/List_of_2026%E2%80%9327_United_Rugby_Championship_transfers,Medium,To Dogos XV
b05b5971-dd90-44ae-999d-7bde3b2ebf96,Ospreys,3250,Jac Morgan,ACTIVE,7412,33843,loose-forward,b314ec41-b6b0-4274-a98f-4a675628d202,Gloucester Rugby,804c604a-08f9-4d6c-b74d-2936f9b370dc,1100,move,https://en.wikipedia.org/wiki/List_of_2026%E2%80%9327_United_Rugby_Championship_transfers,Medium,
b05b5971-dd90-44ae-999d-7bde3b2ebf96,Ospreys,3250,Ryan Conbeer,ACTIVE,7214,27134,outside-back,b314ec41-b6b0-4274-a98f-4a675628d202,,,,departed,https://en.wikipedia.org/wiki/List_of_2026%E2%80%9327_United_Rugby_Championship_transfers,Medium,To Bridgend Ravens
e2ae68bd-54f2-4e38-89fc-53dcce5add02,Hollywoodbets Sharks,98,Siya Masuku,ACTIVE,7198,26826,fly-half,b314ec41-b6b0-4274-a98f-4a675628d202,Hollywoodbets Sharks,e2ae68bd-54f2-4e38-89fc-53dcce5add02,98,stay,,,
aebd3bc4-7445-44b7-beae-ded6ad3609bd,Zebre Parma,10650,Simone Brisighella,ACTIVE,7903,58423,fly-half,b314ec41-b6b0-4274-a98f-4a675628d202,Zebre Parma,aebd3bc4-7445-44b7-beae-ded6ad3609bd,10650,stay,,,
5fdcc251-1a9e-40cf-9767-a5271ff4dbc0,Edinburgh Rugby,1950,Ben Vellacott,ACTIVE,6928,20875,scrum-half,b314ec41-b6b0-4274-a98f-4a675628d202,Edinburgh Rugby,5fdcc251-1a9e-40cf-9767-a5271ff4dbc0,1950,stay,,,
41d2c944-4a5a-4de0-8eb4-e5b57835cff7,Connacht Rugby,3400,David O'Connor,ACTIVE,7034,22802,lock,b314ec41-b6b0-4274-a98f-4a675628d202,Connacht Rugby,41d2c944-4a5a-4de0-8eb4-e5b57835cff7,3400,stay,,,
09c7ae37-447c-4020-9e2e-b5239ee2d58b,Scarlets,1700,Sam Lousi,ACTIVE,7018,22726,lock,b314ec41-b6b0-4274-a98f-4a675628d202,Scarlets,09c7ae37-447c-4020-9e2e-b5239ee2d58b,1700,stay,,,
bdb20011-d913-4688-b8fa-38a2a96c22b2,Dragons RFC,3100,Jac Lloyd,ACTIVE,8164,39741,fly-half,b314ec41-b6b0-4274-a98f-4a675628d202,Dragons RFC,bdb20011-d913-4688-b8fa-38a2a96c22b2,3100,stay,,,
6e09f000-1b71-426f-b349-2c528cba8584,Vodacom Bulls,97,Mpilo Gumede,ACTIVE,7448,34552,loose-forward,b314ec41-b6b0-4274-a98f-4a675628d202,Vodacom Bulls,6e09f000-1b71-426f-b349-2c528cba8584,97,stay,,,
6e09f000-1b71-426f-b349-2c528cba8584,Vodacom Bulls,97,Etienne Janeke,ACTIVE,8286,38906,prop,b314ec41-b6b0-4274-a98f-4a675628d202,Vodacom Bulls,6e09f000-1b71-426f-b349-2c528cba8584,97,stay,,,
804c604a-08f9-4d6c-b74d-2936f9b370dc,Gloucester Rugby,1100,Matias Alemanno,ACTIVE,6841,18825,lock,9233192a-bfed-489b-b224-5c9e02f587de,,,,departed,https://en.wikipedia.org/wiki/List_of_2026%E2%80%9327_Premiership_Rugby_transfers ; https://all.rugby/transfers/premiership,Medium,To Vannes
ca7c6d0f-7bef-4fad-8ac2-d202471fa122,Exeter Chiefs,84,Will Goodrick-Clarke,ACTIVE,7010,22557,prop,9233192a-bfed-489b-b224-5c9e02f587de,Exeter Chiefs,ca7c6d0f-7bef-4fad-8ac2-d202471fa122,84,stay,,,
6959008c-ebd2-49ed-b1db-29a124e3e922,Harlequins,1150,Jamie Benson,ACTIVE,7696,39857,fly-half,9233192a-bfed-489b-b224-5c9e02f587de,Ulster Rugby,9e46b555-7bd7-4113-9005-641caab27c3c,2450,move,https://en.wikipedia.org/wiki/List_of_2026%E2%80%9327_Premiership_Rugby_transfers ; https://all.rugby/transfers/premiership,Medium,
9e46b555-7bd7-4113-9005-641caab27c3c,Ulster Rugby,2450,Zac Ward,ACTIVE,7352,31249,outside-back,b314ec41-b6b0-4274-a98f-4a675628d202,Ulster Rugby,9e46b555-7bd7-4113-9005-641caab27c3c,2450,stay,,,
e2ae68bd-54f2-4e38-89fc-53dcce5add02,Hollywoodbets Sharks,98,Phatu Ganyane,ACTIVE,7776,44284,prop,b314ec41-b6b0-4274-a98f-4a675628d202,Hollywoodbets Sharks,e2ae68bd-54f2-4e38-89fc-53dcce5add02,98,stay,,,
5fdcc251-1a9e-40cf-9767-a5271ff4dbc0,Edinburgh Rugby,1950,Euan McVie,ACTIVE,8330,61069,lock,b314ec41-b6b0-4274-a98f-4a675628d202,Edinburgh Rugby,5fdcc251-1a9e-40cf-9767-a5271ff4dbc0,1950,stay,,,
5fdcc251-1a9e-40cf-9767-a5271ff4dbc0,Edinburgh Rugby,1950,Ross Thompson,ACTIVE,7302,29901,fly-half,b314ec41-b6b0-4274-a98f-4a675628d202,Edinburgh Rugby,5fdcc251-1a9e-40cf-9767-a5271ff4dbc0,1950,stay,,,
5fdcc251-1a9e-40cf-9767-a5271ff4dbc0,Edinburgh Rugby,1950,Matt Davidson,ACTIVE,8297,33894,outside-back,b314ec41-b6b0-4274-a98f-4a675628d202,Edinburgh Rugby,5fdcc251-1a9e-40cf-9767-a5271ff4dbc0,1950,stay,,,
bdb20011-d913-4688-b8fa-38a2a96c22b2,Dragons RFC,3100,David Richards,ACTIVE,8162,34377,outside-back,b314ec41-b6b0-4274-a98f-4a675628d202,Dragons RFC,bdb20011-d913-4688-b8fa-38a2a96c22b2,3100,stay,,,
bdb20011-d913-4688-b8fa-38a2a96c22b2,Dragons RFC,3100,Lewis Morgan,ACTIVE,7734,43889,hooker,b314ec41-b6b0-4274-a98f-4a675628d202,Dragons RFC,bdb20011-d913-4688-b8fa-38a2a96c22b2,3100,stay,,,
bdb20011-d913-4688-b8fa-38a2a96c22b2,Dragons RFC,3100,Cameron Jones,ACTIVE,6790,38675,prop,b314ec41-b6b0-4274-a98f-4a675628d202,Dragons RFC,bdb20011-d913-4688-b8fa-38a2a96c22b2,3100,stay,,,
af6ad454-5636-4711-be6d-1cb29078219a,Lions,63,Bingo Ivanisevic,ACTIVE,8225,64107,centre,b314ec41-b6b0-4274-a98f-4a675628d202,Lions,af6ad454-5636-4711-be6d-1cb29078219a,63,stay,,,
6e09f000-1b71-426f-b349-2c528cba8584,Vodacom Bulls,97,Cheswill Jooste,ACTIVE,8199,60243,outside-back,b314ec41-b6b0-4274-a98f-4a675628d202,Vodacom Bulls,6e09f000-1b71-426f-b349-2c528cba8584,97,stay,,,
6e09f000-1b71-426f-b349-2c528cba8584,Vodacom Bulls,97,Mornay Smith,ACTIVE,7337,31098,prop,b314ec41-b6b0-4274-a98f-4a675628d202,Vodacom Bulls,6e09f000-1b71-426f-b349-2c528cba8584,97,stay,,,
8b15860f-dd5c-45c0-be1d-985e82f5e295,Munster Rugby,2150,Conor Ryan,ACTIVE,8230,67670,lock,b314ec41-b6b0-4274-a98f-4a675628d202,Munster Rugby,8b15860f-dd5c-45c0-be1d-985e82f5e295,2150,stay,,,
af6ad454-5636-4711-be6d-1cb29078219a,Lions,63,WJ Steenkamp,ACTIVE,7558,37870,loose-forward,b314ec41-b6b0-4274-a98f-4a675628d202,Lions,af6ad454-5636-4711-be6d-1cb29078219a,63,stay,,,
ee3c51c4-b2f3-42ba-9434-37c4455d9276,DHL Stormers,99,Damian Willemse,ACTIVE,7199,26869,outside-back,b314ec41-b6b0-4274-a98f-4a675628d202,DHL Stormers,ee3c51c4-b2f3-42ba-9434-37c4455d9276,99,stay,,,
ee3c51c4-b2f3-42ba-9434-37c4455d9276,DHL Stormers,99,Zachary Porthen,ACTIVE,7847,57088,prop,b314ec41-b6b0-4274-a98f-4a675628d202,DHL Stormers,ee3c51c4-b2f3-42ba-9434-37c4455d9276,99,stay,,,
aebd3bc4-7445-44b7-beae-ded6ad3609bd,Zebre Parma,10650,Damiano Mazza,ACTIVE,7310,30072,centre,b314ec41-b6b0-4274-a98f-4a675628d202,Zebre Parma,aebd3bc4-7445-44b7-beae-ded6ad3609bd,10650,stay,,,
6959008c-ebd2-49ed-b1db-29a124e3e922,Harlequins,1150,Jack Grant,ACTIVE,8371,29355,scrum-half,9233192a-bfed-489b-b224-5c9e02f587de,,,,departed,https://en.wikipedia.org/wiki/List_of_2026%E2%80%9327_Premiership_Rugby_transfers ; https://all.rugby/transfers/premiership,Medium,Released — destination TBC
ef455f5f-f067-4d29-ab67-f6e14b44a1e7,Leicester Tigers,1250,Ryan Crowley,ACTIVE,8253,903290,outside-back,9233192a-bfed-489b-b224-5c9e02f587de,Leicester Tigers,ef455f5f-f067-4d29-ab67-f6e14b44a1e7,1250,stay,,,
3bb58f66-38c1-4f9c-adff-0ac33a01533b,Saracens,1500,Noah Caluori,ACTIVE,8274,64653,outside-back,9233192a-bfed-489b-b224-5c9e02f587de,Saracens,3bb58f66-38c1-4f9c-adff-0ac33a01533b,1500,stay,,,
d9f721ee-9da6-4aa0-8e98-22cf91afd251,Bristol Bears,1050,Tom Doughty,ACTIVE,7349,31242,hooker,9233192a-bfed-489b-b224-5c9e02f587de,Bristol Bears,d9f721ee-9da6-4aa0-8e98-22cf91afd251,1050,stay,,,
bdb20011-d913-4688-b8fa-38a2a96c22b2,Dragons RFC,3100,Solomone Funaki,ACTIVE,7318,30895,loose-forward,b314ec41-b6b0-4274-a98f-4a675628d202,Dragons RFC,bdb20011-d913-4688-b8fa-38a2a96c22b2,3100,stay,,,
af6ad454-5636-4711-be6d-1cb29078219a,Lions,63,Darrien-Lane Landsberg,ACTIVE,7435,33978,lock,b314ec41-b6b0-4274-a98f-4a675628d202,Hollywoodbets Sharks,e2ae68bd-54f2-4e38-89fc-53dcce5add02,98,move,https://en.wikipedia.org/wiki/List_of_2026%E2%80%9327_United_Rugby_Championship_transfers,Medium,
af6ad454-5636-4711-be6d-1cb29078219a,Lions,63,Layton Horn,ACTIVE,7764,44172,scrum-half,b314ec41-b6b0-4274-a98f-4a675628d202,Lions,af6ad454-5636-4711-be6d-1cb29078219a,63,stay,,,
ee3c51c4-b2f3-42ba-9434-37c4455d9276,DHL Stormers,99,Luke Burger,ACTIVE,7658,39397,outside-back,b314ec41-b6b0-4274-a98f-4a675628d202,DHL Stormers,ee3c51c4-b2f3-42ba-9434-37c4455d9276,99,stay,,,
17751c9c-264e-464e-adc8-1468fd75dbef,Newcastle Red Bull,1350,Rhys Beeckmans,ACTIVE,8085,68055,centre,9233192a-bfed-489b-b224-5c9e02f587de,Newcastle Red Bull,17751c9c-264e-464e-adc8-1468fd75dbef,1350,stay,,,
ca7c6d0f-7bef-4fad-8ac2-d202471fa122,Exeter Chiefs,84,Ross Vintcent,ACTIVE,7599,38638,loose-forward,9233192a-bfed-489b-b224-5c9e02f587de,Exeter Chiefs,ca7c6d0f-7bef-4fad-8ac2-d202471fa122,84,stay,,,
473a715d-80f5-4707-a8e2-52902fadc9bc,Sale Sharks,1450,Jacques Vermeulen,ACTIVE,6991,21891,loose-forward,9233192a-bfed-489b-b224-5c9e02f587de,Sale Sharks,473a715d-80f5-4707-a8e2-52902fadc9bc,1450,stay,,,
473a715d-80f5-4707-a8e2-52902fadc9bc,Sale Sharks,1450,Daniel du Preez,ACTIVE,6978,21704,loose-forward,9233192a-bfed-489b-b224-5c9e02f587de,Bath Rugby,20aa34f7-3d7a-4cf4-be95-70ca236af7a0,1000,move,https://en.wikipedia.org/wiki/List_of_2026%E2%80%9327_Premiership_Rugby_transfers ; https://all.rugby/transfers/premiership,High,
6959008c-ebd2-49ed-b1db-29a124e3e922,Harlequins,1150,Jamie Miller,ACTIVE,7971,60152,prop,9233192a-bfed-489b-b224-5c9e02f587de,Harlequins,6959008c-ebd2-49ed-b1db-29a124e3e922,1150,stay,,,
e33c7a17-a675-46a9-b68c-be767cc211db,Northampton Saints,1400,George Hendy,ACTIVE,7681,39820,outside-back,9233192a-bfed-489b-b224-5c9e02f587de,Northampton Saints,e33c7a17-a675-46a9-b68c-be767cc211db,1400,stay,,,
804c604a-08f9-4d6c-b74d-2936f9b370dc,Gloucester Rugby,1100,Jono Benz-Salomon,ACTIVE,8125,40408,prop,9233192a-bfed-489b-b224-5c9e02f587de,,,,departed,https://en.wikipedia.org/wiki/List_of_2026%E2%80%9327_Premiership_Rugby_transfers ; https://all.rugby/transfers/premiership,Medium,To Coventry
dc118c04-038a-46e7-a805-298fbe0d2e66,Leinster Rugby,2300,James Culhane,ACTIVE,7745,43917,loose-forward,b314ec41-b6b0-4274-a98f-4a675628d202,Leinster Rugby,dc118c04-038a-46e7-a805-298fbe0d2e66,2300,stay,,,
09c7ae37-447c-4020-9e2e-b5239ee2d58b,Scarlets,1700,Carwyn Leggatt-Jones,ACTIVE,8303,62515,fly-half,b314ec41-b6b0-4274-a98f-4a675628d202,Scarlets,09c7ae37-447c-4020-9e2e-b5239ee2d58b,1700,stay,,,
09c7ae37-447c-4020-9e2e-b5239ee2d58b,Scarlets,1700,Jac Price,ACTIVE,7427,33873,lock,b314ec41-b6b0-4274-a98f-4a675628d202,Scarlets,09c7ae37-447c-4020-9e2e-b5239ee2d58b,1700,stay,,,
bdb20011-d913-4688-b8fa-38a2a96c22b2,Dragons RFC,3100,Rodrigo Martinez,ACTIVE,7241,28246,prop,b314ec41-b6b0-4274-a98f-4a675628d202,Dragons RFC,bdb20011-d913-4688-b8fa-38a2a96c22b2,3100,stay,,,
804c604a-08f9-4d6c-b74d-2936f9b370dc,Gloucester Rugby,1100,Jack Clement,ACTIVE,7338,31212,loose-forward,9233192a-bfed-489b-b224-5c9e02f587de,Gloucester Rugby,804c604a-08f9-4d6c-b74d-2936f9b370dc,1100,stay,,,
804c604a-08f9-4d6c-b74d-2936f9b370dc,Gloucester Rugby,1100,Tomos Williams,ACTIVE,6951,21436,scrum-half,9233192a-bfed-489b-b224-5c9e02f587de,Saracens,3bb58f66-38c1-4f9c-adff-0ac33a01533b,1500,move,https://en.wikipedia.org/wiki/List_of_2026%E2%80%9327_Premiership_Rugby_transfers ; https://all.rugby/transfers/premiership,Medium,
17751c9c-264e-464e-adc8-1468fd75dbef,Newcastle Red Bull,1350,Junior Newton,ACTIVE,8086,68057,scrum-half,9233192a-bfed-489b-b224-5c9e02f587de,Newcastle Red Bull,17751c9c-264e-464e-adc8-1468fd75dbef,1350,stay,,,
20aa34f7-3d7a-4cf4-be95-70ca236af7a0,Bath Rugby,1000,Henry Arundell,ACTIVE,8115,39803,outside-back,9233192a-bfed-489b-b224-5c9e02f587de,Bath Rugby,20aa34f7-3d7a-4cf4-be95-70ca236af7a0,1000,stay,,,
20aa34f7-3d7a-4cf4-be95-70ca236af7a0,Bath Rugby,1000,Ross Molony,ACTIVE,6960,21558,lock,9233192a-bfed-489b-b224-5c9e02f587de,Bath Rugby,20aa34f7-3d7a-4cf4-be95-70ca236af7a0,1000,stay,,,
ef455f5f-f067-4d29-ab67-f6e14b44a1e7,Leicester Tigers,1250,George Pearson,ACTIVE,8042,62378,outside-back,9233192a-bfed-489b-b224-5c9e02f587de,Leicester Tigers,ef455f5f-f067-4d29-ab67-f6e14b44a1e7,1250,stay,,,
af6ad454-5636-4711-be6d-1cb29078219a,Lions,63,PJ Botha,ACTIVE,7466,34941,hooker,b314ec41-b6b0-4274-a98f-4a675628d202,Lions,af6ad454-5636-4711-be6d-1cb29078219a,63,stay,,,
3d94bdf3-43ef-4dbb-951f-38d13d1b1e5f,Glasgow Warriors,1750,Finlay Richardson,ACTIVE,7303,29911,prop,b314ec41-b6b0-4274-a98f-4a675628d202,Glasgow Warriors,3d94bdf3-43ef-4dbb-951f-38d13d1b1e5f,1750,stay,,,
8b15860f-dd5c-45c0-be1d-985e82f5e295,Munster Rugby,2150,Tom Farrell,ACTIVE,6925,20756,centre,b314ec41-b6b0-4274-a98f-4a675628d202,Munster Rugby,8b15860f-dd5c-45c0-be1d-985e82f5e295,2150,stay,,,
e33c7a17-a675-46a9-b68c-be767cc211db,Northampton Saints,1400,Will Glister,ACTIVE,7844,57075,outside-back,9233192a-bfed-489b-b224-5c9e02f587de,Northampton Saints,e33c7a17-a675-46a9-b68c-be767cc211db,1400,stay,,,
804c604a-08f9-4d6c-b74d-2936f9b370dc,Gloucester Rugby,1100,Josh Hathaway,ACTIVE,7741,43909,outside-back,9233192a-bfed-489b-b224-5c9e02f587de,Gloucester Rugby,804c604a-08f9-4d6c-b74d-2936f9b370dc,1100,stay,,,
ef455f5f-f067-4d29-ab67-f6e14b44a1e7,Leicester Tigers,1250,Freddie Steward,ACTIVE,7432,33914,outside-back,9233192a-bfed-489b-b224-5c9e02f587de,Leicester Tigers,ef455f5f-f067-4d29-ab67-f6e14b44a1e7,1250,stay,,,
473a715d-80f5-4707-a8e2-52902fadc9bc,Sale Sharks,1450,Hyron Andrews,ACTIVE,7051,23363,lock,9233192a-bfed-489b-b224-5c9e02f587de,Lions,af6ad454-5636-4711-be6d-1cb29078219a,63,move,https://en.wikipedia.org/wiki/List_of_2026%E2%80%9327_Premiership_Rugby_transfers ; https://all.rugby/transfers/premiership,Medium,
6e09f000-1b71-426f-b349-2c528cba8584,Vodacom Bulls,97,Embrose Papier,ACTIVE,7140,25010,scrum-half,b314ec41-b6b0-4274-a98f-4a675628d202,Vodacom Bulls,6e09f000-1b71-426f-b349-2c528cba8584,97,stay,,,
961763ec-e93a-42f8-a91e-f7fcb114c02c,Benetton Rugby,1850,Destiny Aminu,ACTIVE,7868,57522,prop,b314ec41-b6b0-4274-a98f-4a675628d202,Benetton Rugby,961763ec-e93a-42f8-a91e-f7fcb114c02c,1850,stay,,,
961763ec-e93a-42f8-a91e-f7fcb114c02c,Benetton Rugby,1850,Michele Lamaro,ACTIVE,7226,27368,loose-forward,b314ec41-b6b0-4274-a98f-4a675628d202,Benetton Rugby,961763ec-e93a-42f8-a91e-f7fcb114c02c,1850,stay,,,
8b15860f-dd5c-45c0-be1d-985e82f5e295,Munster Rugby,2150,Roman Salanoa,ACTIVE,7498,36460,prop,b314ec41-b6b0-4274-a98f-4a675628d202,,,,departed,https://en.wikipedia.org/wiki/List_of_2026%E2%80%9327_United_Rugby_Championship_transfers,Medium,To Nenagh Ormond
dc118c04-038a-46e7-a805-298fbe0d2e66,Leinster Rugby,2300,Rieko Ioane,ACTIVE,8160,23535,centre,b314ec41-b6b0-4274-a98f-4a675628d202,,,,departed,https://en.wikipedia.org/wiki/List_of_2026%E2%80%9327_United_Rugby_Championship_transfers,Medium,To Blues
804c604a-08f9-4d6c-b74d-2936f9b370dc,Gloucester Rugby,1100,Ciaran Knight,ACTIVE,7211,27113,prop,9233192a-bfed-489b-b224-5c9e02f587de,Gloucester Rugby,804c604a-08f9-4d6c-b74d-2936f9b370dc,1100,stay,,,
ca7c6d0f-7bef-4fad-8ac2-d202471fa122,Exeter Chiefs,84,Louie Gulley,ACTIVE,7999,61261,hooker,9233192a-bfed-489b-b224-5c9e02f587de,Exeter Chiefs,ca7c6d0f-7bef-4fad-8ac2-d202471fa122,84,stay,,,
473a715d-80f5-4707-a8e2-52902fadc9bc,Sale Sharks,1450,Alfie Longstaff,ACTIVE,7970,60151,hooker,9233192a-bfed-489b-b224-5c9e02f587de,Sale Sharks,473a715d-80f5-4707-a8e2-52902fadc9bc,1450,stay,,,
473a715d-80f5-4707-a8e2-52902fadc9bc,Sale Sharks,1450,Tom O'Flaherty,ACTIVE,7168,25829,outside-back,9233192a-bfed-489b-b224-5c9e02f587de,Sale Sharks,473a715d-80f5-4707-a8e2-52902fadc9bc,1450,stay,,,
6fd77b22-06bc-49f7-8837-b213e335ec7a,Cardiff Rugby,2200,Ben Donnell,ACTIVE,7278,29605,loose-forward,b314ec41-b6b0-4274-a98f-4a675628d202,Ulster Rugby,9e46b555-7bd7-4113-9005-641caab27c3c,2450,move,https://en.wikipedia.org/wiki/List_of_2026%E2%80%9327_United_Rugby_Championship_transfers,Medium,
473a715d-80f5-4707-a8e2-52902fadc9bc,Sale Sharks,1450,Ollie Davies,ACTIVE,7935,59137,fly-half,9233192a-bfed-489b-b224-5c9e02f587de,Sale Sharks,473a715d-80f5-4707-a8e2-52902fadc9bc,1450,stay,,,
473a715d-80f5-4707-a8e2-52902fadc9bc,Sale Sharks,1450,Sebi Krippner,ACTIVE,8089,68061,outside-back,9233192a-bfed-489b-b224-5c9e02f587de,Sale Sharks,473a715d-80f5-4707-a8e2-52902fadc9bc,1450,stay,,,
e33c7a17-a675-46a9-b68c-be767cc211db,Northampton Saints,1400,Tom James,ACTIVE,7270,29538,scrum-half,9233192a-bfed-489b-b224-5c9e02f587de,Saracens,3bb58f66-38c1-4f9c-adff-0ac33a01533b,1500,move,https://en.wikipedia.org/wiki/List_of_2026%E2%80%9327_Premiership_Rugby_transfers ; https://all.rugby/transfers/premiership,Medium,
ca7c6d0f-7bef-4fad-8ac2-d202471fa122,Exeter Chiefs,84,Ben Hammersley,ACTIVE,7702,39946,outside-back,9233192a-bfed-489b-b224-5c9e02f587de,Exeter Chiefs,ca7c6d0f-7bef-4fad-8ac2-d202471fa122,84,stay,,,
ca7c6d0f-7bef-4fad-8ac2-d202471fa122,Exeter Chiefs,84,Kane James,ACTIVE,7992,61113,loose-forward,9233192a-bfed-489b-b224-5c9e02f587de,Exeter Chiefs,ca7c6d0f-7bef-4fad-8ac2-d202471fa122,84,stay,,,
ca7c6d0f-7bef-4fad-8ac2-d202471fa122,Exeter Chiefs,84,Josh Iosefa-Scott,ACTIVE,7202,26969,prop,9233192a-bfed-489b-b224-5c9e02f587de,Exeter Chiefs,ca7c6d0f-7bef-4fad-8ac2-d202471fa122,84,stay,,,
473a715d-80f5-4707-a8e2-52902fadc9bc,Sale Sharks,1450,Asher Opoku-Fordjour,ACTIVE,7890,58093,prop,9233192a-bfed-489b-b224-5c9e02f587de,Sale Sharks,473a715d-80f5-4707-a8e2-52902fadc9bc,1450,stay,,,
473a715d-80f5-4707-a8e2-52902fadc9bc,Sale Sharks,1450,Ernst van Rhyn,ACTIVE,7143,25015,loose-forward,9233192a-bfed-489b-b224-5c9e02f587de,Sale Sharks,473a715d-80f5-4707-a8e2-52902fadc9bc,1450,stay,,,
473a715d-80f5-4707-a8e2-52902fadc9bc,Sale Sharks,1450,Tom Curry,ACTIVE,7177,25980,loose-forward,9233192a-bfed-489b-b224-5c9e02f587de,Sale Sharks,473a715d-80f5-4707-a8e2-52902fadc9bc,1450,stay,,,
473a715d-80f5-4707-a8e2-52902fadc9bc,Sale Sharks,1450,Albert Bradshaw,ACTIVE,8087,68059,outside-back,9233192a-bfed-489b-b224-5c9e02f587de,Sale Sharks,473a715d-80f5-4707-a8e2-52902fadc9bc,1450,stay,,,
d9f721ee-9da6-4aa0-8e98-22cf91afd251,Bristol Bears,1050,Toby Fricker,ACTIVE,7438,34095,outside-back,9233192a-bfed-489b-b224-5c9e02f587de,Bristol Bears,d9f721ee-9da6-4aa0-8e98-22cf91afd251,1050,stay,,,
af6ad454-5636-4711-be6d-1cb29078219a,Lions,63,Chris Smith,ACTIVE,8171,31579,fly-half,b314ec41-b6b0-4274-a98f-4a675628d202,Lions,af6ad454-5636-4711-be6d-1cb29078219a,63,stay,,,
e2ae68bd-54f2-4e38-89fc-53dcce5add02,Hollywoodbets Sharks,98,Eben Etzebeth,ACTIVE,6846,18903,lock,b314ec41-b6b0-4274-a98f-4a675628d202,Hollywoodbets Sharks,e2ae68bd-54f2-4e38-89fc-53dcce5add02,98,stay,,,
961763ec-e93a-42f8-a91e-f7fcb114c02c,Benetton Rugby,1850,Simon Koroiyadi,ACTIVE,7792,44453,loose-forward,b314ec41-b6b0-4274-a98f-4a675628d202,,,,departed,https://en.wikipedia.org/wiki/List_of_2026%E2%80%9327_United_Rugby_Championship_transfers,Medium,To Nottingham
6e09f000-1b71-426f-b349-2c528cba8584,Vodacom Bulls,97,Marcell Coetzee,ACTIVE,6839,18753,loose-forward,b314ec41-b6b0-4274-a98f-4a675628d202,Vodacom Bulls,6e09f000-1b71-426f-b349-2c528cba8584,97,stay,,,
6e09f000-1b71-426f-b349-2c528cba8584,Vodacom Bulls,97,Ruan Swart,ACTIVE,8192,57092,prop,b314ec41-b6b0-4274-a98f-4a675628d202,Vodacom Bulls,6e09f000-1b71-426f-b349-2c528cba8584,97,stay,,,
9e46b555-7bd7-4113-9005-641caab27c3c,Ulster Rugby,2450,Aitzol King,ACTIVE,8381,43923,outside-back,b314ec41-b6b0-4274-a98f-4a675628d202,Ulster Rugby,9e46b555-7bd7-4113-9005-641caab27c3c,2450,stay,,,
aebd3bc4-7445-44b7-beae-ded6ad3609bd,Zebre Parma,10650,Albert Einstein Batista,ACTIVE,8119,29816,outside-back,b314ec41-b6b0-4274-a98f-4a675628d202,,,,departed,https://en.wikipedia.org/wiki/List_of_2026%E2%80%9327_United_Rugby_Championship_transfers,Medium,Released — destination TBC
e33c7a17-a675-46a9-b68c-be767cc211db,Northampton Saints,1400,Callum Chick,ACTIVE,7075,23751,loose-forward,9233192a-bfed-489b-b224-5c9e02f587de,Northampton Saints,e33c7a17-a675-46a9-b68c-be767cc211db,1400,stay,,,
20aa34f7-3d7a-4cf4-be95-70ca236af7a0,Bath Rugby,1000,Jack Woods,ACTIVE,7947,59307,outside-back,9233192a-bfed-489b-b224-5c9e02f587de,Bath Rugby,20aa34f7-3d7a-4cf4-be95-70ca236af7a0,1000,stay,,,
d9f721ee-9da6-4aa0-8e98-22cf91afd251,Bristol Bears,1050,James Dun,ACTIVE,7369,33057,lock,9233192a-bfed-489b-b224-5c9e02f587de,Harlequins,6959008c-ebd2-49ed-b1db-29a124e3e922,1150,move,https://en.wikipedia.org/wiki/List_of_2026%E2%80%9327_Premiership_Rugby_transfers ; https://all.rugby/transfers/premiership,Medium,
d9f721ee-9da6-4aa0-8e98-22cf91afd251,Bristol Bears,1050,Aidan Boshoff,ACTIVE,8284,59290,outside-back,9233192a-bfed-489b-b224-5c9e02f587de,Bristol Bears,d9f721ee-9da6-4aa0-8e98-22cf91afd251,1050,stay,,,
d9f721ee-9da6-4aa0-8e98-22cf91afd251,Bristol Bears,1050,Benhard Janse van Rensburg,ACTIVE,7152,25250,centre,9233192a-bfed-489b-b224-5c9e02f587de,Bristol Bears,d9f721ee-9da6-4aa0-8e98-22cf91afd251,1050,stay,,,
d9f721ee-9da6-4aa0-8e98-22cf91afd251,Bristol Bears,1050,George Kloska,ACTIVE,7457,34617,prop,9233192a-bfed-489b-b224-5c9e02f587de,Bristol Bears,d9f721ee-9da6-4aa0-8e98-22cf91afd251,1050,stay,,,
5fdcc251-1a9e-40cf-9767-a5271ff4dbc0,Edinburgh Rugby,1950,Ben Healy,ACTIVE,8379,33848,fly-half,b314ec41-b6b0-4274-a98f-4a675628d202,,,,departed,https://en.wikipedia.org/wiki/List_of_2026%E2%80%9327_United_Rugby_Championship_transfers,High,Duplicate resolved: Edinburgh fly-half; departed to La Rochelle (France). Kept pid 33848; dropped Newcastle row + malformed-pid row.
6959008c-ebd2-49ed-b1db-29a124e3e922,Harlequins,1150,Jack Musk,ACTIVE,7259,28733,hooker,9233192a-bfed-489b-b224-5c9e02f587de,Harlequins,6959008c-ebd2-49ed-b1db-29a124e3e922,1150,stay,,,
20aa34f7-3d7a-4cf4-be95-70ca236af7a0,Bath Rugby,1000,Josh Bayliss,ACTIVE,7064,23663,loose-forward,9233192a-bfed-489b-b224-5c9e02f587de,Bath Rugby,20aa34f7-3d7a-4cf4-be95-70ca236af7a0,1000,stay,,,
20aa34f7-3d7a-4cf4-be95-70ca236af7a0,Bath Rugby,1000,Enoch Opoku-Gyamfi,ACTIVE,8340,70228,lock,9233192a-bfed-489b-b224-5c9e02f587de,Bath Rugby,20aa34f7-3d7a-4cf4-be95-70ca236af7a0,1000,stay,,,
e2ae68bd-54f2-4e38-89fc-53dcce5add02,Hollywoodbets Sharks,98,Bongi Mbonambi,ACTIVE,6845,18901,hooker,b314ec41-b6b0-4274-a98f-4a675628d202,Hollywoodbets Sharks,e2ae68bd-54f2-4e38-89fc-53dcce5add02,98,stay,,,
dc118c04-038a-46e7-a805-298fbe0d2e66,Leinster Rugby,2300,Andrew Porter,ACTIVE,7047,23299,prop,b314ec41-b6b0-4274-a98f-4a675628d202,Leinster Rugby,dc118c04-038a-46e7-a805-298fbe0d2e66,2300,stay,,,
aebd3bc4-7445-44b7-beae-ded6ad3609bd,Zebre Parma,10650,Samuele Locatelli,ACTIVE,8093,68176,loose-forward,b314ec41-b6b0-4274-a98f-4a675628d202,Zebre Parma,aebd3bc4-7445-44b7-beae-ded6ad3609bd,10650,stay,,,
6e09f000-1b71-426f-b349-2c528cba8584,Vodacom Bulls,97,Juann Else,ACTIVE,7774,44210,hooker,b314ec41-b6b0-4274-a98f-4a675628d202,Vodacom Bulls,6e09f000-1b71-426f-b349-2c528cba8584,97,stay,,,
e33c7a17-a675-46a9-b68c-be767cc211db,Northampton Saints,1400,Angus Scott-Young,ACTIVE,7136,24958,loose-forward,9233192a-bfed-489b-b224-5c9e02f587de,Northampton Saints,e33c7a17-a675-46a9-b68c-be767cc211db,1400,stay,,,
e33c7a17-a675-46a9-b68c-be767cc211db,Northampton Saints,1400,Sam Graham,ACTIVE,7316,30664,loose-forward,9233192a-bfed-489b-b224-5c9e02f587de,Newcastle Red Bull,17751c9c-264e-464e-adc8-1468fd75dbef,1350,move,https://en.wikipedia.org/wiki/List_of_2026%E2%80%9327_Premiership_Rugby_transfers ; https://all.rugby/transfers/premiership,Medium,
ef455f5f-f067-4d29-ab67-f6e14b44a1e7,Leicester Tigers,1250,Charlie Myall,ACTIVE,7954,59432,centre,9233192a-bfed-489b-b224-5c9e02f587de,Leicester Tigers,ef455f5f-f067-4d29-ab67-f6e14b44a1e7,1250,stay,,,
ef455f5f-f067-4d29-ab67-f6e14b44a1e7,Leicester Tigers,1250,Jack Kinder,ACTIVE,7930,59130,outside-back,9233192a-bfed-489b-b224-5c9e02f587de,,,,departed,https://en.wikipedia.org/wiki/List_of_2026%E2%80%9327_Premiership_Rugby_transfers ; https://all.rugby/transfers/premiership,Medium,To Ampthill
d9f721ee-9da6-4aa0-8e98-22cf91afd251,Bristol Bears,1050,Louis Rees-Zammit,ACTIVE,8184,31213,outside-back,9233192a-bfed-489b-b224-5c9e02f587de,Bristol Bears,d9f721ee-9da6-4aa0-8e98-22cf91afd251,1050,stay,,,
e2ae68bd-54f2-4e38-89fc-53dcce5add02,Hollywoodbets Sharks,98,Emile van Heerden,ACTIVE,7455,34564,lock,b314ec41-b6b0-4274-a98f-4a675628d202,Hollywoodbets Sharks,e2ae68bd-54f2-4e38-89fc-53dcce5add02,98,stay,,,
41d2c944-4a5a-4de0-8eb4-e5b57835cff7,Connacht Rugby,3400,Shane Jennings,ACTIVE,7610,38658,outside-back,b314ec41-b6b0-4274-a98f-4a675628d202,Connacht Rugby,41d2c944-4a5a-4de0-8eb4-e5b57835cff7,3400,stay,,,
41d2c944-4a5a-4de0-8eb4-e5b57835cff7,Connacht Rugby,3400,Oisin McCormack,ACTIVE,7608,38652,loose-forward,b314ec41-b6b0-4274-a98f-4a675628d202,,,,departed,https://en.wikipedia.org/wiki/List_of_2026%E2%80%9327_United_Rugby_Championship_transfers,Medium,Released — destination TBC
6e09f000-1b71-426f-b349-2c528cba8584,Vodacom Bulls,97,Aphiwe Dyantyi,ACTIVE,7218,27290,outside-back,b314ec41-b6b0-4274-a98f-4a675628d202,Vodacom Bulls,6e09f000-1b71-426f-b349-2c528cba8584,97,stay,,,
6e09f000-1b71-426f-b349-2c528cba8584,Vodacom Bulls,97,Jannes Kirsten,ACTIVE,6918,20653,loose-forward,b314ec41-b6b0-4274-a98f-4a675628d202,Vodacom Bulls,6e09f000-1b71-426f-b349-2c528cba8584,97,stay,,,
dc118c04-038a-46e7-a805-298fbe0d2e66,Leinster Rugby,2300,John McKee,ACTIVE,7398,33657,hooker,b314ec41-b6b0-4274-a98f-4a675628d202,Scarlets,09c7ae37-447c-4020-9e2e-b5239ee2d58b,1700,move,https://en.wikipedia.org/wiki/List_of_2026%E2%80%9327_United_Rugby_Championship_transfers,Medium,
b05b5971-dd90-44ae-999d-7bde3b2ebf96,Ospreys,3250,William Greatbanks,ACTIVE,7850,57204,lock,b314ec41-b6b0-4274-a98f-4a675628d202,,,,retired,https://en.wikipedia.org/wiki/List_of_2026%E2%80%9327_United_Rugby_Championship_transfers,Medium,Retired
ee3c51c4-b2f3-42ba-9434-37c4455d9276,DHL Stormers,99,Sazi Sandi,ACTIVE,7327,30947,prop,b314ec41-b6b0-4274-a98f-4a675628d202,DHL Stormers,ee3c51c4-b2f3-42ba-9434-37c4455d9276,99,stay,,,
ee3c51c4-b2f3-42ba-9434-37c4455d9276,DHL Stormers,99,Damian Markus,ACTIVE,7923,58779,centre,b314ec41-b6b0-4274-a98f-4a675628d202,DHL Stormers,ee3c51c4-b2f3-42ba-9434-37c4455d9276,99,stay,,,
e33c7a17-a675-46a9-b68c-be767cc211db,Northampton Saints,1400,Amena Caqusau,ACTIVE,8141,58563,outside-back,9233192a-bfed-489b-b224-5c9e02f587de,Northampton Saints,e33c7a17-a675-46a9-b68c-be767cc211db,1400,stay,,,
17751c9c-264e-464e-adc8-1468fd75dbef,Newcastle Red Bull,1350,Christian Wade,ACTIVE,8259,17167,outside-back,9233192a-bfed-489b-b224-5c9e02f587de,Newcastle Red Bull,17751c9c-264e-464e-adc8-1468fd75dbef,1350,stay,,,
ca7c6d0f-7bef-4fad-8ac2-d202471fa122,Exeter Chiefs,84,Harvey Skinner,ACTIVE,7215,27141,fly-half,9233192a-bfed-489b-b224-5c9e02f587de,Exeter Chiefs,ca7c6d0f-7bef-4fad-8ac2-d202471fa122,84,stay,,,
ca7c6d0f-7bef-4fad-8ac2-d202471fa122,Exeter Chiefs,84,Len Ikitau,ACTIVE,8174,25551,centre,9233192a-bfed-489b-b224-5c9e02f587de,,,,departed,https://en.wikipedia.org/wiki/List_of_2026%E2%80%9327_Premiership_Rugby_transfers ; https://all.rugby/transfers/premiership,Medium,To ACT Brumbies
ca7c6d0f-7bef-4fad-8ac2-d202471fa122,Exeter Chiefs,84,Julian Heaven,ACTIVE,8173,31804,hooker,9233192a-bfed-489b-b224-5c9e02f587de,Exeter Chiefs,ca7c6d0f-7bef-4fad-8ac2-d202471fa122,84,stay,,,
ee3c51c4-b2f3-42ba-9434-37c4455d9276,DHL Stormers,99,JC Mars,ACTIVE,8220,57076,outside-back,b314ec41-b6b0-4274-a98f-4a675628d202,DHL Stormers,ee3c51c4-b2f3-42ba-9434-37c4455d9276,99,stay,,,
aebd3bc4-7445-44b7-beae-ded6ad3609bd,Zebre Parma,10650,Franco Carrera,ACTIVE,8239,903120,lock,b314ec41-b6b0-4274-a98f-4a675628d202,Zebre Parma,aebd3bc4-7445-44b7-beae-ded6ad3609bd,10650,stay,,,
bdb20011-d913-4688-b8fa-38a2a96c22b2,Dragons RFC,3100,Owen Conquer,ACTIVE,8028,62072,loose-forward,b314ec41-b6b0-4274-a98f-4a675628d202,Dragons RFC,bdb20011-d913-4688-b8fa-38a2a96c22b2,3100,stay,,,
473a715d-80f5-4707-a8e2-52902fadc9bc,Sale Sharks,1450,Nathan Jibulu,ACTIVE,7694,39855,hooker,9233192a-bfed-489b-b224-5c9e02f587de,Sale Sharks,473a715d-80f5-4707-a8e2-52902fadc9bc,1450,stay,,,
473a715d-80f5-4707-a8e2-52902fadc9bc,Sale Sharks,1450,Jack Lightbown,ACTIVE,7951,59429,loose-forward,9233192a-bfed-489b-b224-5c9e02f587de,Sale Sharks,473a715d-80f5-4707-a8e2-52902fadc9bc,1450,stay,,,
473a715d-80f5-4707-a8e2-52902fadc9bc,Sale Sharks,1450,Rouban Birch,ACTIVE,7343,31234,lock,9233192a-bfed-489b-b224-5c9e02f587de,Sale Sharks,473a715d-80f5-4707-a8e2-52902fadc9bc,1450,stay,,,
473a715d-80f5-4707-a8e2-52902fadc9bc,Sale Sharks,1450,Toby Wilson,ACTIVE,7975,60162,centre,9233192a-bfed-489b-b224-5c9e02f587de,Sale Sharks,473a715d-80f5-4707-a8e2-52902fadc9bc,1450,stay,,,
d9f721ee-9da6-4aa0-8e98-22cf91afd251,Bristol Bears,1050,Max Lahiff,ACTIVE,6806,16968,prop,9233192a-bfed-489b-b224-5c9e02f587de,Bristol Bears,d9f721ee-9da6-4aa0-8e98-22cf91afd251,1050,stay,,,
d9f721ee-9da6-4aa0-8e98-22cf91afd251,Bristol Bears,1050,Josh Carrington,ACTIVE,8116,70294,outside-back,9233192a-bfed-489b-b224-5c9e02f587de,Bristol Bears,d9f721ee-9da6-4aa0-8e98-22cf91afd251,1050,stay,,,
804c604a-08f9-4d6c-b74d-2936f9b370dc,Gloucester Rugby,1100,George Knowles,ACTIVE,8039,62373,hooker,9233192a-bfed-489b-b224-5c9e02f587de,Gloucester Rugby,804c604a-08f9-4d6c-b74d-2936f9b370dc,1100,stay,,,
20aa34f7-3d7a-4cf4-be95-70ca236af7a0,Bath Rugby,1000,Thomas du Toit,ACTIVE,6979,21705,prop,9233192a-bfed-489b-b224-5c9e02f587de,Hollywoodbets Sharks,e2ae68bd-54f2-4e38-89fc-53dcce5add02,98,move,https://en.wikipedia.org/wiki/List_of_2026%E2%80%9327_Premiership_Rugby_transfers ; https://all.rugby/transfers/premiership,Medium,
20aa34f7-3d7a-4cf4-be95-70ca236af7a0,Bath Rugby,1000,Kieran Verden,ACTIVE,7361,32445,prop,9233192a-bfed-489b-b224-5c9e02f587de,Bath Rugby,20aa34f7-3d7a-4cf4-be95-70ca236af7a0,1000,stay,,,
ca7c6d0f-7bef-4fad-8ac2-d202471fa122,Exeter Chiefs,84,Paul Brown-Bampoe,ACTIVE,8065,67598,outside-back,9233192a-bfed-489b-b224-5c9e02f587de,Exeter Chiefs,ca7c6d0f-7bef-4fad-8ac2-d202471fa122,84,stay,,,
ca7c6d0f-7bef-4fad-8ac2-d202471fa122,Exeter Chiefs,84,Max Norey,ACTIVE,7372,33086,hooker,9233192a-bfed-489b-b224-5c9e02f587de,Exeter Chiefs,ca7c6d0f-7bef-4fad-8ac2-d202471fa122,84,stay,,,
bdb20011-d913-4688-b8fa-38a2a96c22b2,Dragons RFC,3100,Rhodri Jones,ACTIVE,6819,18503,prop,b314ec41-b6b0-4274-a98f-4a675628d202,Dragons RFC,bdb20011-d913-4688-b8fa-38a2a96c22b2,3100,stay,,,
9e46b555-7bd7-4113-9005-641caab27c3c,Ulster Rugby,2450,Mike Lowry,ACTIVE,7335,31065,outside-back,b314ec41-b6b0-4274-a98f-4a675628d202,Ulster Rugby,9e46b555-7bd7-4113-9005-641caab27c3c,2450,stay,,,
e2ae68bd-54f2-4e38-89fc-53dcce5add02,Hollywoodbets Sharks,98,Jurenzo Julius,ACTIVE,7849,57184,centre,b314ec41-b6b0-4274-a98f-4a675628d202,Hollywoodbets Sharks,e2ae68bd-54f2-4e38-89fc-53dcce5add02,98,stay,,,
6e09f000-1b71-426f-b349-2c528cba8584,Vodacom Bulls,97,Alulutho Tshakweni,ACTIVE,7322,30937,prop,b314ec41-b6b0-4274-a98f-4a675628d202,Vodacom Bulls,6e09f000-1b71-426f-b349-2c528cba8584,97,stay,,,
6e09f000-1b71-426f-b349-2c528cba8584,Vodacom Bulls,97,Steven Nel,ACTIVE,8197,57096,scrum-half,b314ec41-b6b0-4274-a98f-4a675628d202,Vodacom Bulls,6e09f000-1b71-426f-b349-2c528cba8584,97,stay,,,
5fdcc251-1a9e-40cf-9767-a5271ff4dbc0,Edinburgh Rugby,1950,Mosese Tuipulotu,ACTIVE,7360,32237,centre,b314ec41-b6b0-4274-a98f-4a675628d202,Edinburgh Rugby,5fdcc251-1a9e-40cf-9767-a5271ff4dbc0,1950,stay,,,
473a715d-80f5-4707-a8e2-52902fadc9bc,Sale Sharks,1450,Obi Ene,ACTIVE,7987,60651,outside-back,9233192a-bfed-489b-b224-5c9e02f587de,Newcastle Red Bull,17751c9c-264e-464e-adc8-1468fd75dbef,1350,move,https://en.wikipedia.org/wiki/List_of_2026%E2%80%9327_Premiership_Rugby_transfers ; https://all.rugby/transfers/premiership,Medium,
473a715d-80f5-4707-a8e2-52902fadc9bc,Sale Sharks,1450,Ben Motamed,ACTIVE,8006,61275,centre,9233192a-bfed-489b-b224-5c9e02f587de,Sale Sharks,473a715d-80f5-4707-a8e2-52902fadc9bc,1450,stay,,,
d9f721ee-9da6-4aa0-8e98-22cf91afd251,Bristol Bears,1050,Noah Heward,ACTIVE,7495,36417,outside-back,9233192a-bfed-489b-b224-5c9e02f587de,Bristol Bears,d9f721ee-9da6-4aa0-8e98-22cf91afd251,1050,stay,,,
e33c7a17-a675-46a9-b68c-be767cc211db,Northampton Saints,1400,Alex Mitchell,ACTIVE,7070,23724,scrum-half,9233192a-bfed-489b-b224-5c9e02f587de,Northampton Saints,e33c7a17-a675-46a9-b68c-be767cc211db,1400,stay,,,
6959008c-ebd2-49ed-b1db-29a124e3e922,Harlequins,1150,Fin Baxter,ACTIVE,7553,37818,prop,9233192a-bfed-489b-b224-5c9e02f587de,Harlequins,6959008c-ebd2-49ed-b1db-29a124e3e922,1150,stay,,,
6959008c-ebd2-49ed-b1db-29a124e3e922,Harlequins,1150,Lucas Schmid,ACTIVE,7929,59128,loose-forward,9233192a-bfed-489b-b224-5c9e02f587de,Harlequins,6959008c-ebd2-49ed-b1db-29a124e3e922,1150,stay,,,
20aa34f7-3d7a-4cf4-be95-70ca236af7a0,Bath Rugby,1000,Archie Griffin,ACTIVE,7505,36663,prop,9233192a-bfed-489b-b224-5c9e02f587de,Bath Rugby,20aa34f7-3d7a-4cf4-be95-70ca236af7a0,1000,stay,,,
ef455f5f-f067-4d29-ab67-f6e14b44a1e7,Leicester Tigers,1250,Josh Manz,ACTIVE,7872,57544,loose-forward,9233192a-bfed-489b-b224-5c9e02f587de,Leicester Tigers,ef455f5f-f067-4d29-ab67-f6e14b44a1e7,1250,stay,,,
ca7c6d0f-7bef-4fad-8ac2-d202471fa122,Exeter Chiefs,84,Scott Sio,ACTIVE,6813,17203,prop,9233192a-bfed-489b-b224-5c9e02f587de,Cardiff Rugby,6fd77b22-06bc-49f7-8837-b213e335ec7a,2200,move,https://en.wikipedia.org/wiki/List_of_2026%E2%80%9327_Premiership_Rugby_transfers ; https://all.rugby/transfers/premiership,Medium,
473a715d-80f5-4707-a8e2-52902fadc9bc,Sale Sharks,1450,Arron Reed,ACTIVE,7256,28720,outside-back,9233192a-bfed-489b-b224-5c9e02f587de,Sale Sharks,473a715d-80f5-4707-a8e2-52902fadc9bc,1450,stay,,,
d9f721ee-9da6-4aa0-8e98-22cf91afd251,Bristol Bears,1050,Joe Batley,ACTIVE,7014,22628,lock,9233192a-bfed-489b-b224-5c9e02f587de,Bristol Bears,d9f721ee-9da6-4aa0-8e98-22cf91afd251,1050,stay,,,
b05b5971-dd90-44ae-999d-7bde3b2ebf96,Ospreys,3250,Garyn Phillips,ACTIVE,7563,37964,prop,b314ec41-b6b0-4274-a98f-4a675628d202,Ospreys,b05b5971-dd90-44ae-999d-7bde3b2ebf96,3250,stay,,,
bdb20011-d913-4688-b8fa-38a2a96c22b2,Dragons RFC,3100,Harry Rees-Weldon,ACTIVE,7939,59287,outside-back,b314ec41-b6b0-4274-a98f-4a675628d202,Dragons RFC,bdb20011-d913-4688-b8fa-38a2a96c22b2,3100,stay,,,
bdb20011-d913-4688-b8fa-38a2a96c22b2,Dragons RFC,3100,Thomas Young,ACTIVE,6823,18527,loose-forward,b314ec41-b6b0-4274-a98f-4a675628d202,Dragons RFC,bdb20011-d913-4688-b8fa-38a2a96c22b2,3100,stay,,,
961763ec-e93a-42f8-a91e-f7fcb114c02c,Benetton Rugby,1850,Louis Werchon,ACTIVE,8151,56414,scrum-half,b314ec41-b6b0-4274-a98f-4a675628d202,Benetton Rugby,961763ec-e93a-42f8-a91e-f7fcb114c02c,1850,stay,,,
6fd77b22-06bc-49f7-8837-b213e335ec7a,Cardiff Rugby,2200,Ellis Bevan,ACTIVE,7509,36672,scrum-half,b314ec41-b6b0-4274-a98f-4a675628d202,Cardiff Rugby,6fd77b22-06bc-49f7-8837-b213e335ec7a,2200,stay,,,
d9f721ee-9da6-4aa0-8e98-22cf91afd251,Bristol Bears,1050,Kieran Marmion,ACTIVE,6843,18862,scrum-half,9233192a-bfed-489b-b224-5c9e02f587de,Bristol Bears,d9f721ee-9da6-4aa0-8e98-22cf91afd251,1050,stay,,,
ee3c51c4-b2f3-42ba-9434-37c4455d9276,DHL Stormers,99,Lizo Gqoboka,ACTIVE,6994,21910,prop,b314ec41-b6b0-4274-a98f-4a675628d202,,,,retired,https://en.wikipedia.org/wiki/List_of_2026%E2%80%9327_United_Rugby_Championship_transfers,Medium,Retired
dc118c04-038a-46e7-a805-298fbe0d2e66,Leinster Rugby,2300,Thomas Clarkson,ACTIVE,7425,33866,prop,b314ec41-b6b0-4274-a98f-4a675628d202,Leinster Rugby,dc118c04-038a-46e7-a805-298fbe0d2e66,2300,stay,,,
dc118c04-038a-46e7-a805-298fbe0d2e66,Leinster Rugby,2300,RG Snyman,ACTIVE,7021,22730,lock,b314ec41-b6b0-4274-a98f-4a675628d202,Leinster Rugby,dc118c04-038a-46e7-a805-298fbe0d2e66,2300,stay,,,
e2ae68bd-54f2-4e38-89fc-53dcce5add02,Hollywoodbets Sharks,98,Siya Kolisi,ACTIVE,6809,17107,loose-forward,b314ec41-b6b0-4274-a98f-4a675628d202,DHL Stormers,ee3c51c4-b2f3-42ba-9434-37c4455d9276,99,move,https://en.wikipedia.org/wiki/List_of_2026%E2%80%9327_United_Rugby_Championship_transfers,Medium,
20aa34f7-3d7a-4cf4-be95-70ca236af7a0,Bath Rugby,1000,Tom Carr-Smith,ACTIVE,7636,38773,scrum-half,9233192a-bfed-489b-b224-5c9e02f587de,Bath Rugby,20aa34f7-3d7a-4cf4-be95-70ca236af7a0,1000,stay,,,
20aa34f7-3d7a-4cf4-be95-70ca236af7a0,Bath Rugby,1000,Ollie Lawrence,ACTIVE,7272,29561,centre,9233192a-bfed-489b-b224-5c9e02f587de,Bath Rugby,20aa34f7-3d7a-4cf4-be95-70ca236af7a0,1000,stay,,,
ef455f5f-f067-4d29-ab67-f6e14b44a1e7,Leicester Tigers,1250,Izaia Perese,ACTIVE,7069,23701,centre,9233192a-bfed-489b-b224-5c9e02f587de,,,,departed,https://en.wikipedia.org/wiki/List_of_2026%E2%80%9327_Premiership_Rugby_transfers ; https://all.rugby/transfers/premiership,Medium,To Queensland Reds
3bb58f66-38c1-4f9c-adff-0ac33a01533b,Saracens,1500,Rhys Carre,ACTIVE,7216,27143,prop,9233192a-bfed-489b-b224-5c9e02f587de,Saracens,3bb58f66-38c1-4f9c-adff-0ac33a01533b,1500,stay,,,
3bb58f66-38c1-4f9c-adff-0ac33a01533b,Saracens,1500,Fergus Burke,ACTIVE,7442,34450,fly-half,9233192a-bfed-489b-b224-5c9e02f587de,Saracens,3bb58f66-38c1-4f9c-adff-0ac33a01533b,1500,stay,,,
bdb20011-d913-4688-b8fa-38a2a96c22b2,Dragons RFC,3100,Steffan Hughes,ACTIVE,6903,20471,centre,b314ec41-b6b0-4274-a98f-4a675628d202,Dragons RFC,bdb20011-d913-4688-b8fa-38a2a96c22b2,3100,stay,,,
6e09f000-1b71-426f-b349-2c528cba8584,Vodacom Bulls,97,Marco van Staden,ACTIVE,7184,26068,loose-forward,b314ec41-b6b0-4274-a98f-4a675628d202,Vodacom Bulls,6e09f000-1b71-426f-b349-2c528cba8584,97,stay,,,
6e09f000-1b71-426f-b349-2c528cba8584,Vodacom Bulls,97,Nico Janse van Rensburg,ACTIVE,8180,21716,lock,b314ec41-b6b0-4274-a98f-4a675628d202,Vodacom Bulls,6e09f000-1b71-426f-b349-2c528cba8584,97,stay,,,
09c7ae37-447c-4020-9e2e-b5239ee2d58b,Scarlets,1700,Sam O'Connor,ACTIVE,7869,57533,prop,b314ec41-b6b0-4274-a98f-4a675628d202,Scarlets,09c7ae37-447c-4020-9e2e-b5239ee2d58b,1700,stay,,,
09c7ae37-447c-4020-9e2e-b5239ee2d58b,Scarlets,1700,Archer Holz,ACTIVE,7357,31824,prop,b314ec41-b6b0-4274-a98f-4a675628d202,Scarlets,09c7ae37-447c-4020-9e2e-b5239ee2d58b,1700,stay,,,
8b15860f-dd5c-45c0-be1d-985e82f5e295,Munster Rugby,2150,Oli Jager,ACTIVE,7109,24588,prop,b314ec41-b6b0-4274-a98f-4a675628d202,,,,retired,https://en.wikipedia.org/wiki/List_of_2026%E2%80%9327_United_Rugby_Championship_transfers,Medium,Retired
b05b5971-dd90-44ae-999d-7bde3b2ebf96,Ospreys,3250,Harri Houston,ACTIVE,7742,43910,outside-back,b314ec41-b6b0-4274-a98f-4a675628d202,Ospreys,b05b5971-dd90-44ae-999d-7bde3b2ebf96,3250,stay,,,
b05b5971-dd90-44ae-999d-7bde3b2ebf96,Ospreys,3250,Jack Hoskins,ACTIVE,8236,900981,fly-half,b314ec41-b6b0-4274-a98f-4a675628d202,Ospreys,b05b5971-dd90-44ae-999d-7bde3b2ebf96,3250,stay,,,
ee3c51c4-b2f3-42ba-9434-37c4455d9276,DHL Stormers,99,CJ Velleman,ACTIVE,7054,23378,loose-forward,b314ec41-b6b0-4274-a98f-4a675628d202,DHL Stormers,ee3c51c4-b2f3-42ba-9434-37c4455d9276,99,stay,,,
e2ae68bd-54f2-4e38-89fc-53dcce5add02,Hollywoodbets Sharks,98,Albie Bester,ACTIVE,8200,63399,centre,b314ec41-b6b0-4274-a98f-4a675628d202,Hollywoodbets Sharks,e2ae68bd-54f2-4e38-89fc-53dcce5add02,98,stay,,,
bdb20011-d913-4688-b8fa-38a2a96c22b2,Dragons RFC,3100,Harri Ford,ACTIVE,8029,62074,fly-half,b314ec41-b6b0-4274-a98f-4a675628d202,Dragons RFC,bdb20011-d913-4688-b8fa-38a2a96c22b2,3100,stay,,,
961763ec-e93a-42f8-a91e-f7fcb114c02c,Benetton Rugby,1850,Tiziano Pasquali,ACTIVE,6905,20483,prop,b314ec41-b6b0-4274-a98f-4a675628d202,Benetton Rugby,961763ec-e93a-42f8-a91e-f7fcb114c02c,1850,stay,,,
af6ad454-5636-4711-be6d-1cb29078219a,Lions,63,Zander du Plessis,ACTIVE,7726,40714,centre,b314ec41-b6b0-4274-a98f-4a675628d202,Lions,af6ad454-5636-4711-be6d-1cb29078219a,63,stay,,,
dc118c04-038a-46e7-a805-298fbe0d2e66,Leinster Rugby,2300,Henry McErlean,ACTIVE,7898,58414,outside-back,b314ec41-b6b0-4274-a98f-4a675628d202,Leinster Rugby,dc118c04-038a-46e7-a805-298fbe0d2e66,2300,stay,,,
b05b5971-dd90-44ae-999d-7bde3b2ebf96,Ospreys,3250,Iestyn Hopkins,ACTIVE,7743,43911,outside-back,b314ec41-b6b0-4274-a98f-4a675628d202,Ospreys,b05b5971-dd90-44ae-999d-7bde3b2ebf96,3250,stay,,,
b05b5971-dd90-44ae-999d-7bde3b2ebf96,Ospreys,3250,Rhys Henry,ACTIVE,7292,29812,prop,b314ec41-b6b0-4274-a98f-4a675628d202,Ospreys,b05b5971-dd90-44ae-999d-7bde3b2ebf96,3250,stay,,,
9e46b555-7bd7-4113-9005-641caab27c3c,Ulster Rugby,2450,Clark Logan,ACTIVE,8094,68431,scrum-half,b314ec41-b6b0-4274-a98f-4a675628d202,Ulster Rugby,9e46b555-7bd7-4113-9005-641caab27c3c,2450,stay,,,
5fdcc251-1a9e-40cf-9767-a5271ff4dbc0,Edinburgh Rugby,1950,Malelili Satala-Navlivou,ACTIVE,7993,61114,outside-back,b314ec41-b6b0-4274-a98f-4a675628d202,Edinburgh Rugby,5fdcc251-1a9e-40cf-9767-a5271ff4dbc0,1950,stay,,,
5fdcc251-1a9e-40cf-9767-a5271ff4dbc0,Edinburgh Rugby,1950,Conor McAlpine,ACTIVE,8059,63911,scrum-half,b314ec41-b6b0-4274-a98f-4a675628d202,Edinburgh Rugby,5fdcc251-1a9e-40cf-9767-a5271ff4dbc0,1950,stay,,,
5fdcc251-1a9e-40cf-9767-a5271ff4dbc0,Edinburgh Rugby,1950,Rhys Litterick,ACTIVE,7791,44439,prop,b314ec41-b6b0-4274-a98f-4a675628d202,Edinburgh Rugby,5fdcc251-1a9e-40cf-9767-a5271ff4dbc0,1950,stay,,,
41d2c944-4a5a-4de0-8eb4-e5b57835cff7,Connacht Rugby,3400,Sean Naughton,ACTIVE,8024,62054,fly-half,b314ec41-b6b0-4274-a98f-4a675628d202,Connacht Rugby,41d2c944-4a5a-4de0-8eb4-e5b57835cff7,3400,stay,,,
41d2c944-4a5a-4de0-8eb4-e5b57835cff7,Connacht Rugby,3400,Jordan Duggan,ACTIVE,7246,28334,prop,b314ec41-b6b0-4274-a98f-4a675628d202,Connacht Rugby,41d2c944-4a5a-4de0-8eb4-e5b57835cff7,3400,stay,,,
bdb20011-d913-4688-b8fa-38a2a96c22b2,Dragons RFC,3100,Aneurin Owen,ACTIVE,7370,33076,centre,b314ec41-b6b0-4274-a98f-4a675628d202,Dragons RFC,bdb20011-d913-4688-b8fa-38a2a96c22b2,3100,stay,,,
8b15860f-dd5c-45c0-be1d-985e82f5e295,Munster Rugby,2150,Fionn Gibbons,ACTIVE,7751,43925,outside-back,b314ec41-b6b0-4274-a98f-4a675628d202,,,,departed,https://en.wikipedia.org/wiki/List_of_2026%E2%80%9327_United_Rugby_Championship_transfers,Medium,To Ealing Trailfinders
8b15860f-dd5c-45c0-be1d-985e82f5e295,Munster Rugby,2150,Max Clein,ACTIVE,7968,59864,hooker,b314ec41-b6b0-4274-a98f-4a675628d202,Munster Rugby,8b15860f-dd5c-45c0-be1d-985e82f5e295,2150,stay,,,
9e46b555-7bd7-4113-9005-641caab27c3c,Ulster Rugby,2450,Robert Baloucoune,ACTIVE,7333,31031,outside-back,b314ec41-b6b0-4274-a98f-4a675628d202,Ulster Rugby,9e46b555-7bd7-4113-9005-641caab27c3c,2450,stay,,,
9e46b555-7bd7-4113-9005-641caab27c3c,Ulster Rugby,2450,Rory Telfer,ACTIVE,7865,57401,outside-back,b314ec41-b6b0-4274-a98f-4a675628d202,Ulster Rugby,9e46b555-7bd7-4113-9005-641caab27c3c,2450,stay,,,
e2ae68bd-54f2-4e38-89fc-53dcce5add02,Hollywoodbets Sharks,98,Hakeem Kunene,ACTIVE,7778,44290,outside-back,b314ec41-b6b0-4274-a98f-4a675628d202,Vodacom Bulls,6e09f000-1b71-426f-b349-2c528cba8584,97,move,https://en.wikipedia.org/wiki/List_of_2026%E2%80%9327_United_Rugby_Championship_transfers,Medium,
aebd3bc4-7445-44b7-beae-ded6ad3609bd,Zebre Parma,10650,Marco Zanon,ACTIVE,7112,24683,centre,b314ec41-b6b0-4274-a98f-4a675628d202,Zebre Parma,aebd3bc4-7445-44b7-beae-ded6ad3609bd,10650,stay,,,
aebd3bc4-7445-44b7-beae-ded6ad3609bd,Zebre Parma,10650,Luca Franceschetto,ACTIVE,7410,33831,prop,b314ec41-b6b0-4274-a98f-4a675628d202,Zebre Parma,aebd3bc4-7445-44b7-beae-ded6ad3609bd,10650,stay,,,
bdb20011-d913-4688-b8fa-38a2a96c22b2,Dragons RFC,3100,Cai Evans,ACTIVE,7274,29590,outside-back,b314ec41-b6b0-4274-a98f-4a675628d202,Dragons RFC,bdb20011-d913-4688-b8fa-38a2a96c22b2,3100,stay,,,
6e09f000-1b71-426f-b349-2c528cba8584,Vodacom Bulls,97,Johan Goosen,ACTIVE,6848,18912,fly-half,b314ec41-b6b0-4274-a98f-4a675628d202,Vodacom Bulls,6e09f000-1b71-426f-b349-2c528cba8584,97,stay,,,
961763ec-e93a-42f8-a91e-f7fcb114c02c,Benetton Rugby,1850,Nahuel Tetaz Chaparro,ACTIVE,6815,17306,prop,b314ec41-b6b0-4274-a98f-4a675628d202,,,,retired,https://en.wikipedia.org/wiki/List_of_2026%E2%80%9327_United_Rugby_Championship_transfers,Medium,Retired
8b15860f-dd5c-45c0-be1d-985e82f5e295,Munster Rugby,2150,Brian Gleeson,ACTIVE,7893,58406,loose-forward,b314ec41-b6b0-4274-a98f-4a675628d202,Munster Rugby,8b15860f-dd5c-45c0-be1d-985e82f5e295,2150,stay,,,
8b15860f-dd5c-45c0-be1d-985e82f5e295,Munster Rugby,2150,Jake O'Riordan,ACTIVE,8305,62052,scrum-half,b314ec41-b6b0-4274-a98f-4a675628d202,Munster Rugby,8b15860f-dd5c-45c0-be1d-985e82f5e295,2150,stay,,,
af6ad454-5636-4711-be6d-1cb29078219a,Lions,63,Quan Horn,ACTIVE,7647,39207,outside-back,b314ec41-b6b0-4274-a98f-4a675628d202,Lions,af6ad454-5636-4711-be6d-1cb29078219a,63,stay,,,
dc118c04-038a-46e7-a805-298fbe0d2e66,Leinster Rugby,2300,Max Deegan,ACTIVE,7081,23928,loose-forward,b314ec41-b6b0-4274-a98f-4a675628d202,Leinster Rugby,dc118c04-038a-46e7-a805-298fbe0d2e66,2300,stay,,,
dc118c04-038a-46e7-a805-298fbe0d2e66,Leinster Rugby,2300,James Ryan,ACTIVE,7082,23932,lock,b314ec41-b6b0-4274-a98f-4a675628d202,Leinster Rugby,dc118c04-038a-46e7-a805-298fbe0d2e66,2300,stay,,,
b05b5971-dd90-44ae-999d-7bde3b2ebf96,Ospreys,3250,Kian Hire,ACTIVE,7965,59810,prop,b314ec41-b6b0-4274-a98f-4a675628d202,Ospreys,b05b5971-dd90-44ae-999d-7bde3b2ebf96,3250,stay,,,
b05b5971-dd90-44ae-999d-7bde3b2ebf96,Ospreys,3250,William Griffiths,ACTIVE,7245,28290,lock,b314ec41-b6b0-4274-a98f-4a675628d202,Ospreys,b05b5971-dd90-44ae-999d-7bde3b2ebf96,3250,stay,,,
b05b5971-dd90-44ae-999d-7bde3b2ebf96,Ospreys,3250,Lewis Jones,ACTIVE,7735,43894,lock,b314ec41-b6b0-4274-a98f-4a675628d202,Ospreys,b05b5971-dd90-44ae-999d-7bde3b2ebf96,3250,stay,,,
ee3c51c4-b2f3-42ba-9434-37c4455d9276,DHL Stormers,99,Ruben van Heerden,ACTIVE,7185,26070,lock,b314ec41-b6b0-4274-a98f-4a675628d202,,,,departed,https://en.wikipedia.org/wiki/List_of_2026%E2%80%9327_United_Rugby_Championship_transfers,Medium,To Montpellier
ee3c51c4-b2f3-42ba-9434-37c4455d9276,DHL Stormers,99,Evan Roos,ACTIVE,7468,35048,loose-forward,b314ec41-b6b0-4274-a98f-4a675628d202,DHL Stormers,ee3c51c4-b2f3-42ba-9434-37c4455d9276,99,stay,,,
,Bath Rugby Academy,,Will Roue,,,,lock,,Bath Rugby,20aa34f7-3d7a-4cf4-be95-70ca236af7a0,1000,new,https://en.wikipedia.org/wiki/List_of_2026%E2%80%9327_Premiership_Rugby_transfers ; https://all.rugby/transfers/premiership,Medium,Academy promotion (new to list)
,Worcester Warriors,,Khalik Kareem,,,,prop,,Bristol Bears,d9f721ee-9da6-4aa0-8e98-22cf91afd251,1050,new,https://en.wikipedia.org/wiki/List_of_2026%E2%80%9327_Premiership_Rugby_transfers ; https://all.rugby/transfers/premiership,Medium,New to leagues; signed from Worcester Warriors
,Ealing Trailfinders,,Tobi Wilson,,,,outside-back,,Bristol Bears,d9f721ee-9da6-4aa0-8e98-22cf91afd251,1050,new,https://en.wikipedia.org/wiki/List_of_2026%E2%80%9327_Premiership_Rugby_transfers ; https://all.rugby/transfers/premiership,Medium,New to leagues; signed from Ealing Trailfinders
,Ealing Trailfinders,,Josh Caulfield,,,,loose-forward,,Bristol Bears,d9f721ee-9da6-4aa0-8e98-22cf91afd251,1050,new,https://en.wikipedia.org/wiki/List_of_2026%E2%80%9327_Premiership_Rugby_transfers ; https://all.rugby/transfers/premiership,Medium,New to leagues; signed from Ealing Trailfinders
,Montpellier,,Nika Abuladze,,,,prop,,Exeter Chiefs,ca7c6d0f-7bef-4fad-8ac2-d202471fa122,84,new,https://en.wikipedia.org/wiki/List_of_2026%E2%80%9327_Premiership_Rugby_transfers ; https://all.rugby/transfers/premiership,Medium,New to leagues; signed from Montpellier
,Crusaders,,Dallas McLeod,,,,centre,,Exeter Chiefs,ca7c6d0f-7bef-4fad-8ac2-d202471fa122,84,new,https://en.wikipedia.org/wiki/List_of_2026%E2%80%9327_Premiership_Rugby_transfers ; https://all.rugby/transfers/premiership,Medium,New to leagues; signed from Crusaders
,Worcester Warriors,,Obinna Nkwocha,,,,loose-forward,,Exeter Chiefs,ca7c6d0f-7bef-4fad-8ac2-d202471fa122,84,new,https://en.wikipedia.org/wiki/List_of_2026%E2%80%9327_Premiership_Rugby_transfers ; https://all.rugby/transfers/premiership,Medium,New to leagues; signed from Worcester Warriors
,Pau,,Dan Robson,,,,scrum-half,,Gloucester Rugby,804c604a-08f9-4d6c-b74d-2936f9b370dc,1100,new,https://en.wikipedia.org/wiki/List_of_2026%E2%80%9327_Premiership_Rugby_transfers ; https://all.rugby/transfers/premiership,Medium,New to leagues; signed from Pau
,Mont-de-Marsan,,Marco Fepulea'i,,,,prop,,Gloucester Rugby,804c604a-08f9-4d6c-b74d-2936f9b370dc,1100,new,https://en.wikipedia.org/wiki/List_of_2026%E2%80%9327_Premiership_Rugby_transfers ; https://all.rugby/transfers/premiership,Medium,New to leagues; signed from Mont-de-Marsan
,Coventry,,Eliot Salt,,,,lock,,Gloucester Rugby,804c604a-08f9-4d6c-b74d-2936f9b370dc,1100,new,https://en.wikipedia.org/wiki/List_of_2026%E2%80%9327_Premiership_Rugby_transfers ; https://all.rugby/transfers/premiership,Medium,New to leagues; signed from Coventry
,Chiefs (NZ),,Halen King,,,,scrum-half,,Gloucester Rugby,804c604a-08f9-4d6c-b74d-2936f9b370dc,1100,new,https://en.wikipedia.org/wiki/List_of_2026%E2%80%9327_Premiership_Rugby_transfers ; https://all.rugby/transfers/premiership,Medium,New to leagues; signed from Chiefs (NZ)
,Chiefs (NZ),,Callum McCabe,,,,fly-half,,Gloucester Rugby,804c604a-08f9-4d6c-b74d-2936f9b370dc,1100,new,https://en.wikipedia.org/wiki/List_of_2026%E2%80%9327_Premiership_Rugby_transfers ; https://all.rugby/transfers/premiership,Medium,New to leagues; signed from Chiefs (NZ)
,Pumas,,Sampie Swiegers,,,,prop,,Harlequins,6959008c-ebd2-49ed-b1db-29a124e3e922,1150,new,https://en.wikipedia.org/wiki/List_of_2026%E2%80%9327_Premiership_Rugby_transfers ; https://all.rugby/transfers/premiership,Medium,New to leagues; signed from Pumas
,Western Force,,Harry Johnson-Holmes,,,,prop,,Harlequins,6959008c-ebd2-49ed-b1db-29a124e3e922,1150,new,https://en.wikipedia.org/wiki/List_of_2026%E2%80%9327_Premiership_Rugby_transfers ; https://all.rugby/transfers/premiership,Medium,New to leagues; signed from Western Force
,Red Hurricanes Osaka,,Elliott Stooke,,,,lock,,Leicester Tigers,ef455f5f-f067-4d29-ab67-f6e14b44a1e7,1250,new,https://en.wikipedia.org/wiki/List_of_2026%E2%80%9327_Premiership_Rugby_transfers ; https://all.rugby/transfers/premiership,Medium,New to leagues; signed from Red Hurricanes Osaka
,La Rochelle,,Joel Sclavi,,,,prop,,Leicester Tigers,ef455f5f-f067-4d29-ab67-f6e14b44a1e7,1250,new,https://en.wikipedia.org/wiki/List_of_2026%E2%80%9327_Premiership_Rugby_transfers ; https://all.rugby/transfers/premiership,Medium,New to leagues; signed from La Rochelle
,Vannes,,Mako Vunipola,,,,prop,,Leicester Tigers,ef455f5f-f067-4d29-ab67-f6e14b44a1e7,1250,new,https://en.wikipedia.org/wiki/List_of_2026%E2%80%9327_Premiership_Rugby_transfers ; https://all.rugby/transfers/premiership,Medium,New to leagues; signed from Vannes
,Blues,,Hoskins Sotutu,,,,loose-forward,,Newcastle Red Bull,17751c9c-264e-464e-adc8-1468fd75dbef,1350,new,https://en.wikipedia.org/wiki/List_of_2026%E2%80%9327_Premiership_Rugby_transfers ; https://all.rugby/transfers/premiership,Medium,New to leagues; signed from Blues
,Western Force,,Franco Molina,,,,lock,,Newcastle Red Bull,17751c9c-264e-464e-adc8-1468fd75dbef,1350,new,https://en.wikipedia.org/wiki/List_of_2026%E2%80%9327_Premiership_Rugby_transfers ; https://all.rugby/transfers/premiership,Medium,New to leagues; signed from Western Force
,Hurricanes,,Fehi Fineanganofo,,,,outside-back,,Newcastle Red Bull,17751c9c-264e-464e-adc8-1468fd75dbef,1350,new,https://en.wikipedia.org/wiki/List_of_2026%E2%80%9327_Premiership_Rugby_transfers ; https://all.rugby/transfers/premiership,Medium,New to leagues; signed from Hurricanes
,Hurricanes,,Pouri Rakete-Stones,,,,prop,,Newcastle Red Bull,17751c9c-264e-464e-adc8-1468fd75dbef,1350,new,https://en.wikipedia.org/wiki/List_of_2026%E2%80%9327_Premiership_Rugby_transfers ; https://all.rugby/transfers/premiership,Medium,New to leagues; signed from Hurricanes
,Fijian Drua,,Zuriel Togiatama,,,,prop,,Newcastle Red Bull,17751c9c-264e-464e-adc8-1468fd75dbef,1350,new,https://en.wikipedia.org/wiki/List_of_2026%E2%80%9327_Premiership_Rugby_transfers ; https://all.rugby/transfers/premiership,Medium,New to leagues; signed from Fijian Drua
,Coventry,,Allan Ferrie,,,,lock,,Newcastle Red Bull,17751c9c-264e-464e-adc8-1468fd75dbef,1350,new,https://en.wikipedia.org/wiki/List_of_2026%E2%80%9327_Premiership_Rugby_transfers ; https://all.rugby/transfers/premiership,Medium,New to leagues; signed from Coventry
,Perpignan,,Max Hicks,,,,outside-back,,Newcastle Red Bull,17751c9c-264e-464e-adc8-1468fd75dbef,1350,new,https://en.wikipedia.org/wiki/List_of_2026%E2%80%9327_Premiership_Rugby_transfers ; https://all.rugby/transfers/premiership,Medium,New to leagues; signed from Perpignan
,Paris,,Zack Henry,,,,fly-half,,Newcastle Red Bull,17751c9c-264e-464e-adc8-1468fd75dbef,1350,new,https://en.wikipedia.org/wiki/List_of_2026%E2%80%9327_Premiership_Rugby_transfers ; https://all.rugby/transfers/premiership,Medium,New to leagues; signed from Paris
,Ealing Trailfinders,,Lefty Zigiriadis,,,,prop,,Northampton Saints,e33c7a17-a675-46a9-b68c-be767cc211db,1400,new,https://en.wikipedia.org/wiki/List_of_2026%E2%80%9327_Premiership_Rugby_transfers ; https://all.rugby/transfers/premiership,Medium,New to leagues; signed from Ealing Trailfinders
,Old Albanian,,Ben Alexander,,,,hooker,,Northampton Saints,e33c7a17-a675-46a9-b68c-be767cc211db,1400,new,https://en.wikipedia.org/wiki/List_of_2026%E2%80%9327_Premiership_Rugby_transfers ; https://all.rugby/transfers/premiership,Medium,New to leagues; signed from Old Albanian
,Ealing Trailfinders,,Josh Taylor,,,,loose-forward,,Northampton Saints,e33c7a17-a675-46a9-b68c-be767cc211db,1400,new,https://en.wikipedia.org/wiki/List_of_2026%E2%80%9327_Premiership_Rugby_transfers ; https://all.rugby/transfers/premiership,Medium,New to leagues; signed from Ealing Trailfinders
,Aix,,Tomas Francis,,,,prop,,Sale Sharks,473a715d-80f5-4707-a8e2-52902fadc9bc,1450,new,https://en.wikipedia.org/wiki/List_of_2026%E2%80%9327_Premiership_Rugby_transfers ; https://all.rugby/transfers/premiership,Medium,New to leagues; signed from Aix
,Brive,,Courtney Lawes,,,,lock,,Sale Sharks,473a715d-80f5-4707-a8e2-52902fadc9bc,1450,new,https://en.wikipedia.org/wiki/List_of_2026%E2%80%9327_Premiership_Rugby_transfers ; https://all.rugby/transfers/premiership,Medium,New to leagues; signed from Brive
,Fijian Drua,,Elia Canakaivata,,,,loose-forward,,Sale Sharks,473a715d-80f5-4707-a8e2-52902fadc9bc,1450,new,https://en.wikipedia.org/wiki/List_of_2026%E2%80%9327_Premiership_Rugby_transfers ; https://all.rugby/transfers/premiership,Medium,New to leagues; signed from Fijian Drua
,Chiefs (NZ),,Xavier Roe,,,,scrum-half,,Sale Sharks,473a715d-80f5-4707-a8e2-52902fadc9bc,1450,new,https://en.wikipedia.org/wiki/List_of_2026%E2%80%9327_Premiership_Rugby_transfers ; https://all.rugby/transfers/premiership,Medium,New to leagues; signed from Chiefs (NZ)
,Paris,,Joe Marchant,,,,centre,,Sale Sharks,473a715d-80f5-4707-a8e2-52902fadc9bc,1450,new,https://en.wikipedia.org/wiki/List_of_2026%E2%80%9327_Premiership_Rugby_transfers ; https://all.rugby/transfers/premiership,Medium,New to leagues; signed from Paris
,Fijian Drua,,Ponipate Loganimasi,,,,outside-back,,Sale Sharks,473a715d-80f5-4707-a8e2-52902fadc9bc,1450,new,https://en.wikipedia.org/wiki/List_of_2026%E2%80%9327_Premiership_Rugby_transfers ; https://all.rugby/transfers/premiership,Medium,New to leagues; signed from Fijian Drua
,Coventry,,David Opoku,,,,outside-back,,Sale Sharks,473a715d-80f5-4707-a8e2-52902fadc9bc,1450,new,https://en.wikipedia.org/wiki/List_of_2026%E2%80%9327_Premiership_Rugby_transfers ; https://all.rugby/transfers/premiership,Medium,New to leagues; signed from Coventry
,Ampthill,,Sione Va'enuku,,,,centre,,Saracens,3bb58f66-38c1-4f9c-adff-0ac33a01533b,1500,new,https://en.wikipedia.org/wiki/List_of_2026%E2%80%9327_Premiership_Rugby_transfers ; https://all.rugby/transfers/premiership,Medium,New to leagues; signed from Ampthill
,Perigueux,,Gonzalo Hughes,,,,prop,,Benetton Rugby,961763ec-e93a-42f8-a91e-f7fcb114c02c,1850,new,https://en.wikipedia.org/wiki/List_of_2026%E2%80%9327_United_Rugby_Championship_transfers,Medium,New to leagues; signed from Perigueux
,Hurricanes,,Isaia Walker-Leawere,,,,lock,,Benetton Rugby,961763ec-e93a-42f8-a91e-f7fcb114c02c,1850,new,https://en.wikipedia.org/wiki/List_of_2026%E2%80%9327_United_Rugby_Championship_transfers,Medium,New to leagues; signed from Hurricanes
,Pampas XV,,Matias Medrano,,,,prop,,Benetton Rugby,961763ec-e93a-42f8-a91e-f7fcb114c02c,1850,new,https://en.wikipedia.org/wiki/List_of_2026%E2%80%9327_United_Rugby_Championship_transfers,Medium,New to leagues; signed from Pampas XV
,Soyaux Angouleme,,François Carlo Mey,,,,centre,,Benetton Rugby,961763ec-e93a-42f8-a91e-f7fcb114c02c,1850,new,https://en.wikipedia.org/wiki/List_of_2026%E2%80%9327_United_Rugby_Championship_transfers,Medium,New to leagues; signed from Soyaux Angouleme
,Moana Pasifika,,Semisi Paea,,,,prop,,Cardiff Rugby,6fd77b22-06bc-49f7-8837-b213e335ec7a,2200,new,https://en.wikipedia.org/wiki/List_of_2026%E2%80%9327_United_Rugby_Championship_transfers,Medium,New to leagues; signed from Moana Pasifika
,Belvedere,,Thomas Connolly,,,,prop,,Connacht Rugby,41d2c944-4a5a-4de0-8eb4-e5b57835cff7,3400,new,https://en.wikipedia.org/wiki/List_of_2026%E2%80%9327_United_Rugby_Championship_transfers,Medium,New to leagues; signed from Belvedere
,Tokyo Sungoliath,,Cheslin Kolbe,,,,outside-back,,DHL Stormers,ee3c51c4-b2f3-42ba-9434-37c4455d9276,99,new,https://en.wikipedia.org/wiki/List_of_2026%E2%80%9327_United_Rugby_Championship_transfers,Medium,New to leagues; signed from Tokyo Sungoliath
,Colomiers,,Anzelo Tuitavuki,,,,centre,,Dragons RFC,bdb20011-d913-4688-b8fa-38a2a96c22b2,3100,new,https://en.wikipedia.org/wiki/List_of_2026%E2%80%9327_United_Rugby_Championship_transfers,Medium,New to leagues; signed from Colomiers
,Blues,,Terrell Peita,,,,centre,,Dragons RFC,bdb20011-d913-4688-b8fa-38a2a96c22b2,3100,new,https://en.wikipedia.org/wiki/List_of_2026%E2%80%9327_United_Rugby_Championship_transfers,Medium,New to leagues; signed from Blues
,RGC 1404,,Caio Parry,,,,outside-back,,Dragons RFC,bdb20011-d913-4688-b8fa-38a2a96c22b2,3100,new,https://en.wikipedia.org/wiki/List_of_2026%E2%80%9327_United_Rugby_Championship_transfers,Medium,New to leagues; signed from RGC 1404
,Hurricanes,,Ere Enari,,,,scrum-half,,Dragons RFC,bdb20011-d913-4688-b8fa-38a2a96c22b2,3100,new,https://en.wikipedia.org/wiki/List_of_2026%E2%80%9327_United_Rugby_Championship_transfers,Medium,New to leagues; signed from Hurricanes
,Hurricanes,,Riley Higgins,,,,centre,,Edinburgh Rugby,5fdcc251-1a9e-40cf-9767-a5271ff4dbc0,1950,new,https://en.wikipedia.org/wiki/List_of_2026%E2%80%9327_United_Rugby_Championship_transfers,Medium,New to leagues; signed from Hurricanes
,Ealing Trailfinders,,Geordie Gwynn,,,,outside-back,,Edinburgh Rugby,5fdcc251-1a9e-40cf-9767-a5271ff4dbc0,1950,new,https://en.wikipedia.org/wiki/List_of_2026%E2%80%9327_United_Rugby_Championship_transfers,Medium,New to leagues; signed from Ealing Trailfinders
,Crusaders,,Louie Chapman,,,,loose-forward,,Edinburgh Rugby,5fdcc251-1a9e-40cf-9767-a5271ff4dbc0,1950,new,https://en.wikipedia.org/wiki/List_of_2026%E2%80%9327_United_Rugby_Championship_transfers,Medium,New to leagues; signed from Crusaders
,Sagamihara,,James Grayson,,,,fly-half,,Edinburgh Rugby,5fdcc251-1a9e-40cf-9767-a5271ff4dbc0,1950,new,https://en.wikipedia.org/wiki/List_of_2026%E2%80%9327_United_Rugby_Championship_transfers,Medium,New to leagues; signed from Sagamihara
,Edinburgh Rugby Academy,,Ollie Duncan,,,,loose-forward,,Edinburgh Rugby,5fdcc251-1a9e-40cf-9767-a5271ff4dbc0,1950,new,https://en.wikipedia.org/wiki/List_of_2026%E2%80%9327_United_Rugby_Championship_transfers,Medium,Academy promotion (new to list)
,New England Free Jacks,,Kienan Higgins,,,,centre,,Edinburgh Rugby,5fdcc251-1a9e-40cf-9767-a5271ff4dbc0,1950,new,https://en.wikipedia.org/wiki/List_of_2026%E2%80%9327_United_Rugby_Championship_transfers,Medium,New to leagues; signed from New England Free Jacks
,Pumas,,Ruwald van der Merwe,,,,loose-forward,,Glasgow Warriors,3d94bdf3-43ef-4dbb-951f-38d13d1b1e5f,1750,new,https://en.wikipedia.org/wiki/List_of_2026%E2%80%9327_United_Rugby_Championship_transfers,Medium,New to leagues; signed from Pumas
,Western Force,,Bayley Kuenzle,,,,fly-half,,Glasgow Warriors,3d94bdf3-43ef-4dbb-951f-38d13d1b1e5f,1750,new,https://en.wikipedia.org/wiki/List_of_2026%E2%80%9327_United_Rugby_Championship_transfers,Medium,New to leagues; signed from Western Force
,Perpignan,,Jamie Ritchie,,,,loose-forward,,Glasgow Warriors,3d94bdf3-43ef-4dbb-951f-38d13d1b1e5f,1750,new,https://en.wikipedia.org/wiki/List_of_2026%E2%80%9327_United_Rugby_Championship_transfers,Medium,New to leagues; signed from Perpignan
,Perpignan,,Nemo Roelofse,,,,prop,,Hollywoodbets Sharks,e2ae68bd-54f2-4e38-89fc-53dcce5add02,98,new,https://en.wikipedia.org/wiki/List_of_2026%E2%80%9327_United_Rugby_Championship_transfers,Medium,New to leagues; signed from Perpignan
,South Africa Sevens,,Donavan Don,,,,outside-back,,Hollywoodbets Sharks,e2ae68bd-54f2-4e38-89fc-53dcce5add02,98,new,https://en.wikipedia.org/wiki/List_of_2026%E2%80%9327_United_Rugby_Championship_transfers,Medium,New to leagues; signed from South Africa Sevens
,Hino Red Dolphins,,Murray Koster,,,,centre,,Hollywoodbets Sharks,e2ae68bd-54f2-4e38-89fc-53dcce5add02,98,new,https://en.wikipedia.org/wiki/List_of_2026%E2%80%9327_United_Rugby_Championship_transfers,Medium,New to leagues; signed from Hino Red Dolphins
,Unattached (USA),,Dominic Besag,,,,centre,,Hollywoodbets Sharks,e2ae68bd-54f2-4e38-89fc-53dcce5add02,98,new,https://en.wikipedia.org/wiki/List_of_2026%E2%80%9327_United_Rugby_Championship_transfers,Medium,New to leagues; signed from Unattached (USA)
,Bordeaux,,Joey Carbery,,,,fly-half,,Leinster Rugby,dc118c04-038a-46e7-a805-298fbe0d2e66,2300,new,https://en.wikipedia.org/wiki/List_of_2026%E2%80%9327_United_Rugby_Championship_transfers,Medium,New to leagues; signed from Bordeaux
,Montauban,,Sikhumbuzo Notshe,,,,loose-forward,,Lions,af6ad454-5636-4711-be6d-1cb29078219a,63,new,https://en.wikipedia.org/wiki/List_of_2026%E2%80%9327_United_Rugby_Championship_transfers,Medium,New to leagues; signed from Montauban
,Red Hurricanes Osaka,,JP du Preez,,,,lock,,Lions,af6ad454-5636-4711-be6d-1cb29078219a,63,new,https://en.wikipedia.org/wiki/List_of_2026%E2%80%9327_United_Rugby_Championship_transfers,Medium,New to leagues; signed from Red Hurricanes Osaka
,Hanazono Kintetsu Liners,,Will Harrison,,,,fly-half,,Munster Rugby,8b15860f-dd5c-45c0-be1d-985e82f5e295,2150,new,https://en.wikipedia.org/wiki/List_of_2026%E2%80%9327_United_Rugby_Championship_transfers,Medium,New to leagues; signed from Hanazono Kintetsu Liners
,Perpignan,,Kieran Brookes,,,,prop,,Munster Rugby,8b15860f-dd5c-45c0-be1d-985e82f5e295,2150,new,https://en.wikipedia.org/wiki/List_of_2026%E2%80%9327_United_Rugby_Championship_transfers,Medium,New to leagues; signed from Perpignan
,Unattached,,Liam Wright,,,,loose-forward,,Ospreys,b05b5971-dd90-44ae-999d-7bde3b2ebf96,3250,new,https://en.wikipedia.org/wiki/List_of_2026%E2%80%9327_United_Rugby_Championship_transfers,Medium,New to leagues; signed from Unattached
,Chiefs (NZ),,Lalakai Foketi,,,,centre,,Ospreys,b05b5971-dd90-44ae-999d-7bde3b2ebf96,3250,new,https://en.wikipedia.org/wiki/List_of_2026%E2%80%9327_United_Rugby_Championship_transfers,Medium,New to leagues; signed from Chiefs (NZ)
,NSW Waratahs,,Lawson Creighton,,,,fly-half,,Ospreys,b05b5971-dd90-44ae-999d-7bde3b2ebf96,3250,new,https://en.wikipedia.org/wiki/List_of_2026%E2%80%9327_United_Rugby_Championship_transfers,Medium,New to leagues; signed from NSW Waratahs
,Canterbury,,Isaac Murray-MacGregor,,,,outside-back,,Scarlets,09c7ae37-447c-4020-9e2e-b5239ee2d58b,1700,new,https://en.wikipedia.org/wiki/List_of_2026%E2%80%9327_United_Rugby_Championship_transfers,Medium,New to leagues; signed from Canterbury
,Crusaders,,Cullen Grace,,,,loose-forward,,Scarlets,09c7ae37-447c-4020-9e2e-b5239ee2d58b,1700,new,https://en.wikipedia.org/wiki/List_of_2026%E2%80%9327_United_Rugby_Championship_transfers,Medium,New to leagues; signed from Crusaders
,Scarlets Academy,,Isaac Young,,,,hooker,,Scarlets,09c7ae37-447c-4020-9e2e-b5239ee2d58b,1700,new,https://en.wikipedia.org/wiki/List_of_2026%E2%80%9327_United_Rugby_Championship_transfers,Medium,Academy promotion (new to list)
,Hurricanes,,Tom Allen,,,,lock,,Scarlets,09c7ae37-447c-4020-9e2e-b5239ee2d58b,1700,new,https://en.wikipedia.org/wiki/List_of_2026%E2%80%9327_United_Rugby_Championship_transfers,Medium,New to leagues; signed from Hurricanes
,Bayonne,,Gareth Anscombe,,,,fly-half,,Scarlets,09c7ae37-447c-4020-9e2e-b5239ee2d58b,1700,new,https://en.wikipedia.org/wiki/List_of_2026%E2%80%9327_United_Rugby_Championship_transfers,Medium,New to leagues; signed from Bayonne
,Moana Pasifika,,Chris Apoua,,,,prop,,Scarlets,09c7ae37-447c-4020-9e2e-b5239ee2d58b,1700,new,https://en.wikipedia.org/wiki/List_of_2026%E2%80%9327_United_Rugby_Championship_transfers,Medium,New to leagues; signed from Moana Pasifika
,Nevers,,Keynan Knox,,,,prop,,Ulster Rugby,9e46b555-7bd7-4113-9005-641caab27c3c,2450,new,https://en.wikipedia.org/wiki/List_of_2026%E2%80%9327_United_Rugby_Championship_transfers,Medium,New to leagues; signed from Nevers
,Brive,,Curwin Bosch,,,,fly-half,,Vodacom Bulls,6e09f000-1b71-426f-b349-2c528cba8584,97,new,https://en.wikipedia.org/wiki/List_of_2026%E2%80%9327_United_Rugby_Championship_transfers,Medium,New to leagues; signed from Brive
,Vodacom Bulls Academy,,Heinrich Theron,,,,lock,,Vodacom Bulls,6e09f000-1b71-426f-b349-2c528cba8584,97,new,https://en.wikipedia.org/wiki/List_of_2026%E2%80%9327_United_Rugby_Championship_transfers,Medium,Academy promotion (new to list)
,Pumas,,Sango Xamlashe,,,,centre,,Vodacom Bulls,6e09f000-1b71-426f-b349-2c528cba8584,97,new,https://en.wikipedia.org/wiki/List_of_2026%E2%80%9327_United_Rugby_Championship_transfers,Medium,New to leagues; signed from Pumas
,Racing 92,,Alex Mattioli,,,,lock,,Zebre Parma,aebd3bc4-7445-44b7-beae-ded6ad3609bd,10650,new,https://en.wikipedia.org/wiki/List_of_2026%E2%80%9327_United_Rugby_Championship_transfers,Medium,New to leagues; signed from Racing 92
,Racing 92,,Pietro Turrisi,,,,lock,,Zebre Parma,aebd3bc4-7445-44b7-beae-ded6ad3609bd,10650,new,https://en.wikipedia.org/wiki/List_of_2026%E2%80%9327_United_Rugby_Championship_transfers,Medium,New to leagues; signed from Racing 92
,Petrarca,,Jacopo Botturi,,,,loose-forward,,Zebre Parma,aebd3bc4-7445-44b7-beae-ded6ad3609bd,10650,new,https://en.wikipedia.org/wiki/List_of_2026%E2%80%9327_United_Rugby_Championship_transfers,Medium,New to leagues; signed from Petrarca
,Petrarca,,Francisco Minervino,,,,hooker,,Zebre Parma,aebd3bc4-7445-44b7-beae-ded6ad3609bd,10650,new,https://en.wikipedia.org/wiki/List_of_2026%E2%80%9327_United_Rugby_Championship_transfers,Medium,New to leagues; signed from Petrarca
,Petrarca,,Sergio Pelliccioli,,,,prop,,Zebre Parma,aebd3bc4-7445-44b7-beae-ded6ad3609bd,10650,new,https://en.wikipedia.org/wiki/List_of_2026%E2%80%9327_United_Rugby_Championship_transfers,Medium,New to leagues; signed from Petrarca
,Petrarca,,Lorenzo Citton,,,,centre,,Zebre Parma,aebd3bc4-7445-44b7-beae-ded6ad3609bd,10650,new,https://en.wikipedia.org/wiki/List_of_2026%E2%80%9327_United_Rugby_Championship_transfers,Medium,New to leagues; signed from Petrarca
,Perpignan,,Tommaso Allan,,,,fly-half,,Zebre Parma,aebd3bc4-7445-44b7-beae-ded6ad3609bd,10650,new,https://en.wikipedia.org/wiki/List_of_2026%E2%80%9327_United_Rugby_Championship_transfers,Medium,New to leagues; signed from Perpignan
,Rugby Viadana,,Patricio Baronio,,,,centre,,Zebre Parma,aebd3bc4-7445-44b7-beae-ded6ad3609bd,10650,new,https://en.wikipedia.org/wiki/List_of_2026%E2%80%9327_United_Rugby_Championship_transfers,Medium,New to leagues; signed from Rugby Viadana
,Fiamme Oro,,Leonardo Sodo Migliori,,,,outside-back,,Zebre Parma,aebd3bc4-7445-44b7-beae-ded6ad3609bd,10650,new,https://en.wikipedia.org/wiki/List_of_2026%E2%80%9327_United_Rugby_Championship_transfers,Medium,New to leagues; signed from Fiamme Oro