OVERALL RANK,POSITION RANK,PLAYER,SEASON SUMMARY,GMS,PPG,TOT. PTS.,POS,TEAM,R1,R2,R3,R4,R5,R6,R7,R8,R9,R10,R11,R12,R13,R14,R15,R16,R17,R18,MINS,PPM,TRIES,ASSISTS,METRES,CLEAN BREAKS,DEFENDERS BEATEN,OFFLOADS,TURNOVERS,TURNOVERS CONCEDED,PENALTIES CONCEDED,TACKLES,TACKLES MISSED,LINEOUT STEALS,PENALTIES,CONVERSIONS,DROP GOALS,YELLOW CARDS,RED CARDS,50-22s,MINS RANK,PPM RANK,TRIES RANK,ASSISTS RANK,METRES RANK,CLEAN BREAKS RANK,DEFENDERS BEATEN RANK,OFFLOADS RANK,TURNOVERS RANK,TURNOVERS CONCEDED RANK,PENALTIES CONCEDED RANK,TACKLES RANK,TACKLES MISSED RANK,LINEOUT STEALS RANK,PENALTIES RANK,CONVERSIONS RANK,DROP GOALS RANK,YELLOW CARDS RANK,RED CARDS RANK,50-22s RANK,MINS RANK POS,PPM RANK POS,TRIES RANK POS,ASSISTS RANK POS,METRES RANK POS,CLEAN BREAKS RANK POS,DEFENDERS BEATEN RANK POS,OFFLOADS RANK POS,TURNOVERS RANK POS,TURNOVERS CONCEDED RANK POS,PENALTIES CONCEDED RANK POS,TACKLES RANK POS,TACKLES MISSED RANK POS,LINEOUT STEALS RANK POS,PENALTIES RANK POS,CONVERSIONS RANK POS,DROP GOALS RANK POS,YELLOW CARDS RANK POS,RED CARDS RANK POS,50-22s RANK POS,MINS PER GAME,PPM PER GAME,TRIES PER GAME,ASSISTS PER GAME,METRES PER GAME,CLEAN BREAKS PER GAME,DEFENDERS BEATEN PER GAME,OFFLOADS PER GAME,TURNOVERS PER GAME,TURNOVERS CONCEDED PER GAME,PENALTIES CONCEDED PER GAME,TACKLES PER GAME,TACKLES MISSED PER GAME,LINEOUT STEALS PER GAME,PENALTIES PER GAME,CONVERSIONS PER GAME,DROP GOALS PER GAME,YELLOW CARDS PER GAME,RED CARDS PER GAME,50-22s PER GAME,MINS RANK PER GAME,PPM RANK PER GAME,TRIES RANK PER GAME,ASSISTS RANK PER GAME,METRES RANK PER GAME,CLEAN BREAKS RANK PER GAME,DEFENDERS BEATEN RANK PER GAME,OFFLOADS RANK PER GAME,TURNOVERS RANK PER GAME,TURNOVERS CONCEDED RANK PER GAME,PENALTIES CONCEDED RANK PER GAME,TACKLES RANK PER GAME,TACKLES MISSED RANK PER GAME,LINEOUT STEALS RANK PER GAME,PENALTIES RANK PER GAME,CONVERSIONS RANK PER GAME,DROP GOALS RANK PER GAME,YELLOW CARDS RANK PER GAME,RED CARDS RANK PER GAME,50-22s RANK PER GAME,MINS RANK PER GAME POS,PPM RANK PER GAME POS,TRIES RANK PER GAME POS,ASSISTS RANK PER GAME POS,METRES RANK PER GAME POS,CLEAN BREAKS RANK PER GAME POS,DEFENDERS BEATEN RANK PER GAME POS,OFFLOADS RANK PER GAME POS,TURNOVERS RANK PER GAME POS,TURNOVERS CONCEDED RANK PER GAME POS,PENALTIES CONCEDED RANK PER GAME POS,TACKLES RANK PER GAME POS,TACKLES MISSED RANK PER GAME POS,LINEOUT STEALS RANK PER GAME POS,PENALTIES RANK PER GAME POS,CONVERSIONS RANK PER GAME POS,DROP GOALS RANK PER GAME POS,YELLOW CARDS RANK PER GAME POS,RED CARDS RANK PER GAME POS,50-22s RANK PER GAME POS,PERCENTILE,PROJ_PPG,EXPECTED_GMS,PROJ_TOTAL_EXPECTED_GMS,PROJ_TIER,CONSISTENCY_LABEL,PROJ RANK,PROJ POS RANK,PROJ PERCENTILE
1,OB #1,TOMMY FREEMAN,"Freeman only played in 13 games this season, but scored almost 28 points per game, which is frankly ridiculous. He obviously benefitted from Northampton's system, with 16 tries (2nd overall), 33 clean breaks (1st overall) and 1,110 metres made (1st overall). He doesn't even take kicks, and still finished 35 points ahead of 2nd placed Marcus Smith, who does. In fact, Freeman's running and scoring were so good that he finished around 60 points ahead of Kalaveti Ravouvou (the next highest non-kick-taker), who played in 4 more games than Freeman. He will be hard to pass up in 26/27 drafts.",13,27.88,362.47,Outside Back,Northampton Saints,0,0,10.43,32.07,65.3,0,0.66,40.44,34.38,23.19,0,14.92,5.1,48.25,26.47,36.84,24.42,0,881,0.41,16,3,1110,33,48,10,5,18,4,69,12,0,0,0,0,0,0,0,74,6,2,56,1,1,9,26,47,23,158,146,140,78,23,32,3,81,16,33,15,2,2,11,1,1,7,10,5,14,14,3,28,1,1,6,1,17,3,6,67.77,0.03,1.23,0.23,85.38,2.54,3.69,0.77,0.38,1.38,0.31,5.31,0.92,0,0,0,0,0,0,0,71,56,2,72,2,1,9,36,76,46,241,219,214,78,23,32,3,81,16,33,23,17,2,18,2,1,5,18,11,31,31,9,50,1,1,6,1,17,3,6,100,24.4,12.1,295.24,Elite,Consistent,1,OB #1,100
2,FH #1,MARCUS SMITH,"Smith managed over 21 points per game this season in 15 games, and with just one week where he scored more than 40 points, he was reliably good, which helps with fantasy peace of mind. As a FH, his value was anchored by his kicking, although he ranked only 6th among Fly Halves in kicking metrics. This points to his far superior stats for metres made, line breaks and defenders beaten than others at his position. Charlie Atkinson was the only FH better than Smith with the ball, but Atkinson lacks Smith's consistency and kicking volume. One of either Fin or Marcus Smith should be the first FH off the draft board next season - and you'd be very happy with either.",15,21.83,327.38,Fly Half,Harlequins,0,0,21.09,8.84,45.57,20.91,26.48,12.29,17.93,24.99,15.36,0,15.41,23.48,34.38,33.22,13,14.43,1200,0.27,5,9,778,13,39,6,5,21,7,111,21,0,6,40,0,0,0,1,20,15,35,8,14,23,17,60,47,10,77,67,39,78,6,6,3,81,16,4,4,2,1,4,2,2,2,8,3,1,2,6,8,1,5,5,3,7,1,2,80,0.02,0.33,0.6,51.87,0.87,2.6,0.4,0.33,1.4,0.47,7.4,1.4,0,0.4,2.67,0,0,0,0.07,1,91,75,13,27,40,35,111,90,40,158,115,93,78,8,6,3,81,16,17,1,6,3,6,2,2,2,9,5,4,3,4,11,1,7,4,3,7,1,5,100,19.36,14.3,276.85,Elite,Very Consistent,2,FH #1,100
3,FH #2,FIN SMITH,"Fin missed the Grand Final and played just 12 games this season (around 300 fewer minutes than #1 FH Marcus Smith), but averaged 29 points per game over Rounds 12-17 to fly up the scoring table and into fantasy managers' hearts. A close second to Marcus atop the Fly Half rankings, Fin profiles slightly differently: while Marcus makes more headway running with the ball and beating defenders, Fin leads all FHs in assists, offloads and conversions. He also made more tackles than any FH other than Harvey Skinner, and concedes noticeably fewer turnovers than other leading 10s.",12,26.2,314.4,Fly Half,Northampton Saints,0,0,15.23,22.2,24.6,9.45,33.01,0,35.18,0,0,14.73,40.75,30.28,13.15,42.26,33.56,0,910,0.35,5,13,470,8,23,16,7,11,7,130,30,0,3,51,0,0,0,0,65,7,35,1,49,46,57,5,22,84,77,42,11,78,14,1,3,81,16,33,9,1,1,1,6,6,7,1,1,15,2,2,4,1,12,1,3,7,1,10,75.83,0.03,0.42,1.08,39.17,0.67,1.92,1.33,0.58,0.92,0.58,10.83,2.5,0,0.25,4.25,0,0,0,0,23,56,52,2,55,56,75,6,29,106,109,26,7,78,14,1,3,81,16,33,5,2,2,1,4,4,6,2,1,17,1,1,3,1,12,1,3,7,1,10,100,22.86,11.9,272.03,Elite,Very Consistent,3,FH #2,100
4,CE #1,KALAVETI RAVOUVOU,"Ravouvou never had the spike weeks of Freeman or Caluori, but was in the fantasy MVP discussion for most of the season due to ruthless consistency. Wherever you drafted him, he will have paid handsome dividends for a number of reasons: he played in every game other than the Grand Final, averaged almost 18 points per game without many dud weeks, and he's also officially listed as a Centre despite being deployed mostly on the wing. Ravouvou owners essentially had a fourth elite OB every week this season. He didn't really struggle for production later in the season (even though Bristol were a bit of a mess), but he did pick up a couple of yellow cards and conceded a few penalties to dampen his fantasy scores. Ravouvou scored 12 tries, and ranked second out of all players in metres carried and defenders beaten this season.",17,17.86,303.6,Centre,Bristol Bears,2.04,15.29,11.22,29.3,7.35,27.15,27.18,11.06,36.64,6.08,29.56,12.99,36.36,13.34,17.47,8.09,12.48,0,1240,0.24,12,3,1083,27,70,10,2,17,4,50,22,0,0,0,0,3,0,0,13,33,3,56,2,2,2,26,139,28,158,201,30,78,23,32,3,1,16,33,5,4,1,13,1,1,1,5,24,5,20,24,7,1,4,5,1,1,5,7,72.94,0.01,0.71,0.18,63.71,1.59,4.12,0.59,0.12,1,0.24,2.94,1.29,0,0,0,0,0.18,0,0,40,183,10,91,12,7,6,62,237,81,277,346,119,78,23,32,3,8,16,33,9,25,2,21,2,1,1,13,40,13,40,50,29,1,4,5,1,3,5,7,99,15.73,15.4,242.24,Elite,Very Consistent,9,CE #1,98
5,LF #1,TOM WILLIS,"The Prem is losing one of the most dominant fantasy assets to France next season, so this review is more of a guard of honour than actionable advice. Willis played every single round, and averaged 16.56 points per game. He scored above the average for a Loose Forward in all but 2 games (one of those due to injury). He beat significantly more defenders than anyone else in the league (1-2 more per game than the likes of Ravouvou, O'Flaherty and Feyi-Waboso), led the league in offloads and turnovers won, and for all his work at the breakdown, conceded just 6 penalties. He will have been an absolute cornerstone of fantasy lineups this season, but sadly he is now dead to us, per RFU instructions.",18,16.56,298.1,Loose Forward,Saracens,20.49,24.97,17.23,30.33,16.09,6.09,20.91,11.75,15.16,26.58,9.59,8.89,20.18,0.91,25.48,17.97,10.04,15.44,1172,0.25,2,1,771,4,101,26,19,16,6,185,19,1,0,0,0,0,0,0,23,29,118,102,16,94,1,1,1,36,101,8,50,45,23,32,3,81,16,33,3,3,30,15,1,14,1,1,1,2,29,6,6,15,1,1,1,17,4,2,65.11,0.01,0.11,0.06,42.83,0.22,5.61,1.44,1.06,0.89,0.33,10.28,1.06,0.06,0,0,0,0,0,0,95,183,194,172,46,164,1,2,4,110,221,35,177,71,23,32,3,81,16,33,17,38,46,27,2,30,1,1,4,15,46,20,35,23,1,1,1,17,4,2,99,,,,,Very Consistent,,,
6,CE #2,HENRY SLADE,"Slade was a great pick at Centre this year - by far the leading true Centre in the league (I'm convinved Ravouvou's listing as a C was an administrative error). Playing 17 games, he averaged over 20 PPG for the first 8 rounds, then had a blip of just 2 PPG for the next 4 rounds, before closing out the season strongly, including a potentially league-winning 34.16 in the Grand Final. Slade's scores were supercharged by his league-leading 17 penalties kicked (as well as taking conversions), and he also scored 8 tries. If you managed to pair Slade at C with a kicking FH, oh boy, that's a recipe for success.",17,16.26,276.38,Centre,Exeter Chiefs,11.27,17.29,12.74,28.64,27.41,14.42,38.46,13.15,3.76,-2.36,8.08,0,11.63,11.88,18.89,10.54,16.42,34.16,1341,0.21,8,3,500,6,18,2,6,26,10,111,35,0,17,48,0,0,0,1,5,56,10,56,43,71,81,177,33,2,29,67,5,78,1,3,3,81,16,4,2,6,2,13,9,18,20,32,6,1,2,5,1,1,1,1,1,13,5,1,78.88,0.01,0.47,0.18,29.41,0.35,1.06,0.12,0.35,1.53,0.59,6.53,2.06,0,1,2.82,0,0,0,0.06,7,183,39,91,84,120,138,258,89,29,108,158,20,78,1,5,3,81,16,23,1,25,8,21,16,23,29,45,15,3,12,14,4,1,1,1,1,13,5,4,99,14.95,15.4,230.23,Elite,Very Consistent,14,CE #2,97
7,OB #2,TOM O'FLAHERTY,"O'Flaherty was not even the leading OB at Sale according to most pre-season predictions, let alone the 2nd top scoring OB overall - he has outperformed expectations in a spectacular way. After a mixed start to the season, he was available as a Free Agent in a lot of leagues from +/- Round 6, and if you picked him up at that point, you were in the money. O'Flaherty rewarded owners with 12 tries (3rd most in the league), 60 defenders beaten (3rd most), and 1,012 metres carried (4th most). He did concede around 20 more turnovers than most other elite players though, with 37 (vs Freeman's 18, Ravouvou's 17 and Willis' 16), but that wouldn't have changed his fantasy outcome much. All in all a great fantasy season!",18,15.04,270.69,Outside Back,Sale Sharks,12.73,0.78,2.63,1.67,22.22,2.37,23.49,9.23,25.94,18.06,8.17,13.89,44.4,29.15,17.69,2.78,14.25,21.24,1294,0.21,12,5,1012,18,60,16,6,37,7,68,33,0,0,0,0,1,0,0,8,56,3,27,4,10,3,5,33,1,77,149,7,78,23,32,3,17,16,33,1,20,3,4,3,9,1,3,2,1,4,4,2,1,1,6,1,3,3,6,71.89,0.01,0.67,0.28,56.22,1,3.33,0.89,0.33,2.06,0.39,3.78,1.83,0,0,0,0,0.06,0,0,46,183,15,58,21,30,16,25,90,3,204,292,44,78,23,32,3,72,16,33,14,49,11,14,17,27,11,13,14,3,22,20,15,1,1,6,1,15,3,6,99,13.63,14.8,201.72,Premium,Consistent,35,OB #10,92
8,OB #3,IMMANUEL FEYI-WABOSO,"Despite his 8th place fantasy finish with over 19 points per game, this was a disjointed season for Feyi-Waboso, by his own sky-high standards. His scorching first few rounds gave way to injury and some frustratingly low scores for fantasy managers who had come to rely on him. In fact without his 50 point game in round 14 vs Gloucester (a game Exeter didn't even win), he'd sit 23rd in the fantasy rankings, just below Chiefs teammate Olly Woodburn. Still, Feyi-Waboso passes the eye test maybe more than anyone in the league - he's fun to watch, fun to own and always a scoring threat. He'll be an elite fantasy asset next season.",14,19.13,267.83,Outside Back,Exeter Chiefs,43.85,29.93,22.44,13.32,29.23,12.25,-0.05,8.12,26.68,-0.4,0,0,0.74,50.6,0,2.56,28.56,0,1030,0.26,10,1,966,20,58,12,4,25,5,86,17,0,0,0,0,1,0,0,36,24,6,102,6,7,4,13,67,5,127,105,81,78,23,32,3,17,16,33,9,10,5,23,5,6,2,5,8,4,8,2,17,1,1,6,1,3,3,6,73.57,0.02,0.71,0.07,69,1.43,4.14,0.86,0.29,1.79,0.36,6.14,1.21,0,0,0,0,0.07,0,0,35,91,10,163,5,13,5,30,121,12,213,179,135,78,23,32,3,54,16,33,12,28,9,41,4,11,4,14,20,9,23,3,37,1,1,6,1,10,3,6,98,17.4,12.9,224.46,Elite,Average,18,OB #3,96
9,OB #4,HENRY ARUNDELL,"Arundell is another frustrating fantasy superstar. He legitimately earned his status as a must-start and an MVP candidate over the first 6 rounds (24+ PPG average), before missing a few games and dropping some stinkers. Without his freak 61.52 point day against Newcastle (in the playoffs, so extra brownie points), Arundell would rank 27th rather than 9th. That's not to say 60 point performances from Arundell are so surprising - we're actually disappointed he didn't do that sort of thing more often. The man is clearly rapid, talented and perfectly capable of being your flagship OB in fantasy next season, especially if he can find more consistency.",15,17.21,258.12,Outside Back,Bath Rugby,30.01,15.46,28.16,23.26,24.55,26.63,0,12.67,4.25,1.32,26.91,0,0.28,0,5.16,61.52,-3.27,1.21,1117,0.23,12,4,977,23,33,12,2,21,6,44,20,0,0,0,0,1,0,0,31,36,3,39,5,4,30,13,139,10,101,223,45,78,23,32,3,17,16,33,6,13,3,8,4,3,17,5,22,9,6,15,10,1,1,6,1,3,3,6,74.47,0.02,0.8,0.27,65.13,1.53,2.2,0.8,0.13,1.4,0.4,2.93,1.33,0,0,0,0,0.07,0,0,29,91,7,61,8,8,56,35,226,40,188,347,108,78,23,32,3,54,16,33,9,28,6,15,7,7,37,17,41,28,19,40,32,1,1,6,1,10,3,6,98,15.87,13.7,217.42,Elite,Average,22,OB #4,95
10,OB #5,NOAH CALUORI,"Hmmm. Caluori makes the top 10 based on total points scored this season, and at 19.82 points per game, he would seem worth it... if you take those stats in isolation. In reality, 72% of his points came in just 3 games - leaving fantasy managers agonising over whether to bench him and risk him scoring 5 tries (which he did twice, both times against Sale), or start him and watch him look absolutely majestic under the high ball without troubling the fantasy scoring elves. In our opinion, despite being a physical freak and obviously unstoppable in some games, Caluori is not a top 10 fantasy asset unless he can demonstrate far more consistency.",13,19.82,257.62,Outside Back,Saracens,9.6,3.59,0,75.32,6.5,9.24,20.19,0,0,46.55,0,0,62.5,1.47,7,6.55,6.2,2.91,804,0.32,18,1,799,21,45,3,4,26,4,54,22,0,0,0,0,1,0,0,93,8,1,102,12,5,13,139,67,2,158,187,30,78,23,32,3,17,16,33,17,3,1,23,10,4,10,34,8,2,14,10,7,1,1,6,1,3,3,6,61.85,0.02,1.38,0.08,61.46,1.62,3.46,0.23,0.31,2,0.31,4.15,1.69,0,0,0,0,0.08,0,0,127,91,1,146,13,6,13,195,112,4,241,271,54,78,23,32,3,43,16,33,36,28,1,36,11,6,8,49,18,4,31,15,20,1,1,6,1,7,3,6,98,17.96,12.1,217.32,Elite,Inconsistent,23,OB #5,95
11,FH #3,CHARLIE ATKINSON,"Atkinson did not go unnoticed this season by any means, but he still might not be getting enough credit for his fantasy exploits. He ranked 1st among FHs for metres, line breaks, defenders beaten and offloads. He would have also had far more kicking points if Ross Byrne hadn't been on kicking duties for most of the season. In with a genuine shout of being the top FH next season (bold call!) if he cuts out his turnovers, penalties and missed tackles.",18,13.85,249.31,Fly Half,Gloucester Rugby,4.6,9.67,7.91,15.17,6.72,0.33,14.12,17.45,6.16,14.54,20.2,4.99,-1.29,4.41,57.23,11.73,16.74,38.63,1335,0.19,4,7,842,16,47,16,2,18,7,92,31,0,1,15,0,2,0,0,6,72,52,15,11,12,11,5,139,23,77,93,9,78,18,15,3,3,16,33,2,11,5,7,1,1,1,1,11,4,2,8,3,1,16,12,3,1,1,10,74.17,0.01,0.22,0.39,46.78,0.89,2.61,0.89,0.11,1,0.39,5.11,1.72,0,0.06,0.83,0,0.11,0,0,31,183,121,34,38,36,34,25,241,81,204,224,51,78,22,20,3,29,16,33,6,14,5,8,3,1,1,4,13,12,6,13,5,1,19,16,3,3,1,10,98,13.98,16.7,233.47,Premium,Average,12,FH #3,97
12,OB #6,GEORGE HENDY,"Lots of tries, assists, line breaks and metres - Hendy slowed down towards the end of the season fantasy-wise as all the points Northampton were scoring seemed to go to team mates (that ridiculous Bristol game aside). 17.57 PPG is always worth a pick.",14,17.57,245.91,Outside Back,Northampton Saints,29.73,6.35,1.73,0,32.02,0,30.13,20.64,28.38,10.34,0,0,6.37,6,13.78,43.82,15.87,0.75,899,0.27,10,7,909,21,42,7,0,22,4,42,23,0,0,0,0,1,0,0,67,15,6,15,10,5,14,48,287,7,158,232,28,78,23,32,3,17,16,33,13,7,5,1,9,4,11,16,46,6,14,18,6,1,1,6,1,3,3,6,64.21,0.02,0.71,0.5,64.93,1.5,3,0.5,0,1.57,0.29,3,1.64,0,0,0,0,0.07,0,0,101,91,10,18,9,9,21,73,287,25,248,335,61,78,23,32,3,54,16,33,31,28,9,5,8,8,15,26,46,18,36,35,24,1,1,6,1,10,3,6,98,16.16,12.9,208.46,Premium,Consistent,30,OB #7,93
13,FH #4,FERGUS BURKE,"Burke ranked top-5 at the FH position in most attacking categories this season gone, and the only thing that hurt him really was losing out to Owen Farrell on kicking duties.",18,13.56,244.15,Fly Half,Saracens,15.58,1.8,26.52,12.86,14.18,0,0,6.63,12.12,-0.39,7.25,6.06,44.95,10.67,38.91,23.3,14.17,9.54,890,0.27,5,4,491,12,39,10,4,12,6,120,15,0,4,19,0,0,0,0,70,15,35,39,47,27,17,26,67,71,101,51,106,78,9,11,3,81,16,33,10,2,1,10,5,3,2,5,7,13,5,4,14,1,7,10,3,7,1,10,49.44,0.02,0.28,0.22,27.28,0.67,2.17,0.56,0.22,0.67,0.33,6.67,0.83,0,0.22,1.06,0,0,0,0,217,91,96,76,99,56,60,65,151,161,221,151,241,78,15,18,3,81,16,33,17,6,4,15,9,4,4,6,8,20,8,8,19,1,13,14,3,7,1,10,97,12.75,16.7,212.93,Premium,Average,24,FH #5,95
14,OB #7,ADAM RADWAN,"Radwan had a lot of excellent fantasy weeks, some solid but unspectacular weeks, and then scored -0.44 in the Grand Final. Thanks Adam. 15.10 PPG is good and he is clearly talented, so should be looked at in drafts",16,15.1,241.59,Outside Back,Leicester Tigers,19.62,24.36,8.75,8.74,24.71,10.3,14,10.56,32.45,0,0,5.59,29.16,2.7,23.85,7.44,19.8,-0.44,1160,0.21,9,2,791,16,54,7,7,12,7,53,16,0,0,0,0,0,0,0,24,56,8,75,13,12,6,48,22,71,77,191,91,78,23,32,3,81,16,33,5,20,7,15,11,11,4,16,1,25,4,11,19,1,1,6,1,17,3,6,72.5,0.01,0.56,0.13,49.44,1,3.38,0.44,0.44,0.75,0.44,3.31,1,0,0,0,0,0,0,0,43,183,25,113,30,30,14,100,56,140,166,324,179,78,23,32,3,81,16,33,13,49,15,28,24,27,9,30,6,54,15,34,43,1,1,6,1,17,3,6,97,14.18,14.5,205.61,Premium,Consistent,31,OB #8,93
15,OB #8,MAX MALINS,"A selection nightmare, alternating runs of great form with periods of uselessness. Led all OBs in assists and offloads, but missed a lot of tackles and conceded turnovers. Over 13 PPG when playing all 18 games seems like good consistency, and while it's not as bad as some, he could as easily have ruined your season as made it.",18,13.35,240.22,Outside Back,Saracens,-2.32,20.88,6.24,9.02,2.47,33.71,16.91,-3.78,17.1,2.79,2.86,2.33,46.82,25.77,25.02,14.16,10.99,9.25,1243,0.19,7,7,773,19,48,18,4,26,1,64,34,0,0,0,0,0,0,0,11,72,15,15,15,9,9,2,67,2,291,156,6,78,23,32,3,81,16,33,3,30,10,1,12,8,7,1,8,2,43,5,1,1,1,6,1,17,3,6,69.06,0.01,0.39,0.39,42.94,1.06,2.67,1,0.22,1.44,0.06,3.56,1.89,0,0,0,0,0,0,0,64,183,59,34,44,29,31,14,151,36,362,305,42,78,23,32,3,81,16,33,22,49,25,8,35,26,22,8,31,25,57,26,14,1,1,6,1,17,3,6,97,12.78,11.6,148.25,Good,Average,78,OB #23,82
16,OB #9,FREDDIE STEWARD,,16,14.87,237.98,Outside Back,Leicester Tigers,-0.1,2.09,30.11,6.28,5.65,19.03,35.11,12.71,8.84,28.83,7.1,6.28,15.38,25.59,24.38,10.7,0,0,1235,0.19,6,5,1034,14,54,10,3,22,2,31,27,0,0,0,0,0,0,2,15,72,26,27,3,21,6,26,96,7,244,274,20,78,23,32,3,81,16,1,4,30,12,4,2,17,4,10,14,6,34,30,5,1,1,6,1,17,3,1,77.19,0.01,0.38,0.31,64.63,0.88,3.38,0.63,0.19,1.38,0.13,1.94,1.69,0,0,0,0,0,0,0.13,15,183,61,45,10,37,14,50,187,46,336,395,54,78,23,32,3,81,16,4,4,49,26,10,9,33,9,21,36,31,54,55,20,1,1,6,1,17,3,2,97,14,14.5,203,Premium,Consistent,34,OB #9,92
17,FH #5,GEORGE FORD,"Ford's attacking metrics are all noticeably below where we'd expect for FH #5, but his kicking and defensive game means he has a floor of almost 10 PPG before having to do anything special - which he occasionally does. Kicking stats tend not to fade as easily with age either, which is nice.",16,14.64,234.2,Fly Half,Sale Sharks,12.57,17.43,20.81,3.84,20.16,18.64,0,6.29,5.01,13.49,0,10.76,4.66,31.11,17.25,11.61,16.97,23.6,1237,0.19,2,6,205,2,13,4,7,14,4,120,22,0,8,50,3,0,0,1,14,72,118,20,137,144,114,110,22,50,158,51,30,78,3,2,1,81,16,4,3,11,8,8,13,14,15,10,1,10,8,4,7,1,2,2,1,7,1,2,77.31,0.01,0.13,0.38,12.81,0.13,0.81,0.25,0.44,0.88,0.25,7.5,1.38,0,0.5,3.13,0.19,0,0,0.06,13,183,172,36,211,217,174,178,56,112,259,110,99,78,4,3,1,81,16,23,3,14,10,9,17,19,17,12,3,18,11,3,12,1,3,3,1,7,1,7,96,13.61,15.1,205.51,Premium,Very Consistent,32,FH #6,93
18,OB #10,LOUIS REES-ZAMMIT,"Only played 10 games, but 23.13 PPG somewhat justifies the hype around this man. Obviously his points all pretty much come from running with the ball. If he's playing, you'll want to start him.",10,23.13,231.31,Outside Back,Bristol Bears,30.79,7.05,0,0,0,10.91,40.93,40.91,2.86,19.53,0,32.69,0,0,0,26.37,19.27,0,717,0.32,5,2,949,20,52,13,0,17,3,27,14,0,0,0,0,0,0,0,120,8,35,75,7,7,8,11,287,28,198,292,116,78,23,32,3,81,16,33,22,3,16,15,6,6,6,4,46,16,23,35,24,1,1,6,1,17,3,6,71.7,0.03,0.5,0.2,94.9,2,5.2,1.3,0,1.7,0.3,2.7,1.4,0,0,0,0,0,0,0,47,56,29,81,1,2,2,9,287,16,244,354,93,78,23,32,3,81,16,33,15,17,17,20,1,2,1,5,46,13,34,43,29,1,1,6,1,17,3,6,96,20.6,11.2,230.72,Elite,Very Consistent,13,OB #2,97
19,LF #2,ALEX DOMBRANDT,"Dombrandt scored just 1 PPG fewer than Tom Willis (although he did play 3 fewer games), scored and assisted more than Willis and basically matched him in every other stat other than defenders beaten (where Willis is a freak). But the best thing about Dombrandt is that you'll actually be able to have him in your team this coming season.",15,15.32,229.77,Loose Forward,Harlequins,24.55,11.36,0.65,0,0,18.32,0,1.39,34.27,3.01,11.21,18.28,12.37,14.6,22.88,14.14,8.11,34.63,1008,0.23,7,6,503,11,29,11,15,15,8,144,13,0,0,0,0,0,0,0,41,36,15,20,42,29,38,20,5,44,58,25,131,78,23,32,3,81,16,33,8,5,2,1,6,1,5,3,4,4,14,11,27,27,1,1,1,17,4,2,67.2,0.02,0.47,0.4,33.53,0.73,1.93,0.73,1,1,0.53,9.6,0.87,0,0,0,0,0,0,0,74,91,39,31,75,53,74,39,5,81,124,47,234,78,23,32,3,81,16,33,12,18,5,2,8,2,7,7,5,9,31,23,47,27,1,1,1,17,4,2,96,13.55,13.9,188.35,Elite,Consistent,40,LF #1,91
20,OB #11,OLLIE HASSELL-COLLINS,,17,13.41,227.91,Outside Back,Leicester Tigers,11.1,13.93,23.85,19.3,7.9,12.58,15.93,10.14,3.03,15.94,3.56,12.02,0.53,24.69,29.74,22.55,1.12,0,1265,0.18,4,2,923,25,40,6,5,23,3,62,15,0,0,0,0,1,0,0,9,90,52,75,8,3,15,60,47,6,198,162,106,78,23,32,3,17,16,33,2,34,21,15,7,2,12,19,5,5,23,6,21,1,1,6,1,3,3,6,74.41,0.01,0.24,0.12,54.29,1.47,2.35,0.35,0.29,1.35,0.18,3.65,0.88,0,0,0,0,0.06,0,0,30,183,114,120,23,11,48,134,121,51,314,299,231,78,23,32,3,72,16,33,10,49,39,31,19,9,32,36,20,35,46,23,54,1,1,6,1,15,3,6,96,12.83,15.3,196.3,Premium,Consistent,38,OB #11,92
21,OB #12,OLLY WOODBURN,,14,15.53,217.47,Outside Back,Exeter Chiefs,0,0,0,16.68,5.4,9.96,39.06,9.62,24.58,9.57,4.44,16.61,19.6,0,26.46,6.36,15.53,13.6,1076,0.20,6,6,917,17,33,4,1,16,4,39,10,0,0,0,0,1,0,1,32,61,26,20,9,11,30,110,202,36,158,241,180,78,23,32,3,17,16,4,7,24,12,3,8,10,17,29,34,19,14,20,35,1,1,6,1,3,3,2,76.86,0.01,0.43,0.43,65.5,1.21,2.36,0.29,0.07,1.14,0.29,2.79,0.71,0,0,0,0,0.07,0,0.07,16,183,50,29,7,21,47,166,272,74,248,350,280,78,23,32,3,54,16,17,5,49,24,7,6,18,31,43,45,41,36,42,58,1,1,6,1,10,3,5,96,14.52,12.9,187.31,Premium,Consistent,41,OB #12,91
22,OB #13,TOM ROEBUCK,,12,17.44,209.3,Outside Back,Sale Sharks,25.9,1.34,51.51,8.35,6.02,0,0,0,0,0,0,15.41,14.49,26.08,15.14,14.98,17.34,12.74,915,0.23,9,4,734,13,38,9,3,19,5,55,15,0,0,0,0,0,0,0,63,36,8,39,17,23,19,33,96,16,127,184,106,78,23,32,3,81,16,33,12,13,7,8,13,19,13,13,14,10,8,9,21,1,1,6,1,17,3,6,76.25,0.02,0.75,0.33,61.17,1.08,3.17,0.75,0.25,1.58,0.42,4.58,1.25,0,0,0,0,0,0,0,19,91,9,41,14,27,19,38,135,22,181,250,127,78,23,32,3,81,16,33,6,28,8,9,12,24,14,19,25,16,18,14,35,1,1,6,1,17,3,6,95,16.05,11.3,181.37,Premium,Consistent,43,OB #13,90
23,FH #6,BILLY SEARLE,"Searle ends the season as the 6th best fantasy FH, but if not for injury that would likely be slightly higher. Searle has a relatively high floor thanks to kicking volume, but also chips in with assists and metres on the ground.",14,14.72,206.02,Fly Half,Leicester Tigers,0.66,28.67,13.22,5.3,3.21,16.26,22,0.41,21.37,23.12,39.17,16.99,5.32,10.32,0,0,0,0,807,0.26,1,11,422,7,22,5,3,17,3,44,24,0,14,28,0,2,0,0,92,24,170,4,56,55,62,83,96,28,198,223,27,78,2,7,3,3,16,33,12,5,12,3,7,7,8,9,8,7,10,15,6,1,1,6,3,1,1,10,57.64,0.02,0.07,0.79,30.14,0.5,1.57,0.36,0.21,1.21,0.21,3.14,1.71,0,1,2,0,0.14,0,0,154,91,232,5,83,78,97,128,158,66,291,331,52,78,1,10,3,16,16,33,14,6,14,2,5,6,9,11,9,8,14,17,6,1,1,8,3,1,1,10,95,15.18,14.5,220.11,Premium,Average,21,FH #4,95
24,LF #3,FITZ HARDING,"Harding was the joint leading try scorer among forwards in the league, and made 227 tackles (over 14 per game). Only Sale's Ben Bamber made more, but he played 2 more games than Harding. Harding's scoring and tackle-based scoring floor were pretty nice for his owners this season.",16,12.73,203.61,Loose Forward,Bristol Bears,12.31,0,9.91,22.4,9.96,8.46,11.9,5.97,8.33,8.44,20.28,14.42,13.6,12.72,18.76,10.85,15.3,0,1241,0.16,8,1,406,2,29,5,15,12,12,227,18,2,0,0,0,0,0,0,12,118,10,102,60,144,38,83,5,71,14,2,65,28,23,32,3,81,16,33,2,22,1,15,11,30,5,17,4,10,3,1,10,11,1,1,1,17,4,2,77.56,0.01,0.5,0.06,25.38,0.13,1.81,0.31,0.94,0.75,0.75,14.19,1.13,0.13,0,0,0,0,0,0,12,183,29,172,111,217,81,154,14,140,56,5,161,48,23,32,3,81,16,33,2,38,3,27,19,44,9,32,8,22,11,3,32,17,1,1,1,17,4,2,95,11.47,14.7,168.61,Premium,Very Consistent,49,LF #3,89
25,LF #4,HENRY POLLOCK,"Pollock played slightly fewer games than the other elite LFs in '25/26, but his per-game metrics show his value: 1st among LFs in metres and line breaks per game, scored a try every other game and beat 2-3 defenders each week. You'll still draft him (or not) for his personality mainly though.",12,16.97,203.59,Loose Forward,Northampton Saints,0,0,3.53,3.39,22.03,0,16.81,28.95,0,21.36,0,8.72,18.66,18.24,14.7,33.31,13.89,0,638,0.32,6,3,685,10,31,4,12,15,8,93,8,0,0,0,0,0,0,0,156,8,26,56,21,34,36,110,10,44,58,91,208,78,23,32,3,81,16,33,32,1,3,5,2,2,4,23,8,4,14,33,41,27,1,1,1,17,4,2,53.17,0.03,0.5,0.25,57.08,0.83,2.58,0.33,1,1.25,0.67,7.75,0.67,0,0,0,0,0,0,0,193,56,29,66,20,45,37,135,5,61,82,99,294,78,23,32,3,81,16,33,42,12,3,5,1,1,3,28,5,6,18,45,58,27,1,1,1,17,4,2,95,14.87,11.5,171.01,Premium,Very Consistent,45,LF #2,90
26,CE #3,NICK TOMPKINS,,18,11.21,201.69,Centre,Saracens,26.6,17.4,1.33,10.85,19.25,13.17,10.74,4.42,5.77,34.21,13.11,14.17,8.99,0.22,0.49,8.69,12.41,-0.13,1319,0.15,5,5,328,10,32,16,18,14,11,158,27,0,0,0,0,0,0,1,7,131,35,27,82,34,33,5,3,50,21,15,20,78,23,32,3,81,16,4,3,17,7,4,17,8,9,2,1,9,1,2,4,1,4,5,1,13,5,1,73.28,0.01,0.28,0.28,18.22,0.56,1.78,0.89,1,0.78,0.61,8.78,1.5,0,0,0,0,0,0,0.06,38,183,96,58,156,73,84,25,5,135,97,66,80,78,23,32,3,81,16,23,8,25,22,14,34,17,19,4,1,24,9,4,18,1,4,5,1,13,5,4,94,10.41,16.2,168.64,Premium,Consistent,48,CE #3,89
27,CE #4,BENHARD JANSE VAN RENSBURG,"Got his England call up and had a solid season in general, with one massive week of fantasy scoring. His performances were better in real life than fantasy scoring gave him credit for. His new found international status should give him a confidence boost, but will also cause him to miss more games potentially.",16,11.68,186.93,Centre,Bristol Bears,9.52,14.4,10.31,12.79,8.48,13.93,5.27,0,3.41,2.47,14.79,2.24,13.5,45.57,12.46,-1.63,19.42,0,1203,0.16,2,7,563,8,34,9,8,20,4,156,31,0,0,0,0,0,0,1,19,118,118,15,32,46,26,33,19,14,158,16,9,78,23,32,3,81,16,4,6,14,22,1,6,9,5,6,4,3,20,3,2,1,4,5,1,13,5,1,75.19,0.01,0.13,0.44,35.19,0.5,2.13,0.56,0.5,1.25,0.25,9.75,1.94,0,0,0,0,0,0,0.06,27,183,172,27,69,78,62,65,35,61,259,45,35,78,23,32,3,81,16,23,5,25,28,5,12,18,14,16,7,9,36,2,7,1,4,5,1,13,5,4,94,10.78,14.6,157.39,Premium,Average,62,CE #5,86
28,OB #14,ROTIMI SEGUN,,13,14.31,186.02,Outside Back,Saracens,7.52,20.67,0,0,0,0,4.15,33.21,4.36,28.45,1.34,10.64,25.7,10.84,16.16,15.75,0,7.23,802,0.23,5,0,639,16,56,4,3,18,2,39,13,0,0,0,0,0,0,0,94,36,35,186,25,12,5,110,96,23,244,241,131,78,23,32,3,81,16,33,18,13,16,42,16,11,3,29,14,14,34,20,26,1,1,6,1,17,3,6,61.69,0.02,0.38,0,49.15,1.23,4.31,0.31,0.23,1.38,0.15,3,1,0,0,0,0,0,0,0,129,91,61,186,32,20,3,154,146,46,328,335,179,78,23,32,3,81,16,33,38,28,26,42,26,17,2,41,28,31,52,35,43,1,1,6,1,17,3,6,94,13.55,12.1,163.96,Good,Consistent,54,OB #15,88
29,CE #5,SEB ATKINSON,,16,11.48,183.66,Centre,Gloucester Rugby,11.15,7.7,16.66,0,0,3.1,6.89,18.35,11.8,19.36,10.36,6.55,7.26,13.39,12.78,9.5,13.04,15.77,1246,0.15,2,5,598,5,23,9,14,21,9,182,16,0,0,0,0,0,0,0,10,131,118,27,30,83,57,33,7,10,41,11,91,78,23,32,3,81,16,33,4,17,22,4,5,21,15,6,2,2,3,1,21,1,4,5,1,13,5,7,77.88,0.01,0.13,0.31,37.38,0.31,1.44,0.56,0.88,1.31,0.56,11.38,1,0,0,0,0,0,0,0,10,183,172,45,61,133,110,65,16,53,113,20,179,78,23,32,3,81,16,33,2,25,28,12,9,27,24,16,3,6,14,1,36,1,4,5,1,13,5,7,94,10.62,14.6,155.05,Premium,Very Consistent,65,CE #7,85
30,CE #6,TOM LITCHFIELD,,14,13.05,182.76,Centre,Northampton Saints,17.32,20.72,9.38,-0.97,-0.75,8.22,0,0,0,0,25.49,24.33,23.22,7.55,11.5,23.56,3.6,9.59,841,0.22,5,5,654,12,25,17,3,8,6,67,17,0,0,0,0,1,0,0,82,43,35,27,22,27,48,3,96,126,101,150,81,78,23,32,3,17,16,33,12,5,7,4,3,5,13,1,15,21,9,16,19,1,4,5,1,4,5,7,60.07,0.02,0.36,0.36,46.71,0.86,1.79,1.21,0.21,0.57,0.43,4.79,1.21,0,0,0,0,0.07,0,0,139,91,69,38,39,42,83,11,158,199,172,244,135,78,23,32,3,54,16,33,29,11,11,7,5,6,18,2,29,35,21,33,30,1,4,5,1,10,5,7,94,11.88,13,154.44,Premium,Consistent,67,CE #8,85
31,FH #7,FINN RUSSELL,,11,16.57,182.28,Fly Half,Bath Rugby,0,0,11.67,10.52,26.12,12.31,0,4,13.49,30.17,23.65,0,12.58,0,4.5,33.27,0,0,837,0.22,1,8,307,3,19,15,3,17,6,76,48,0,6,42,0,1,0,1,83,43,170,11,90,114,79,10,96,28,101,126,2,78,6,5,3,17,16,4,11,7,12,5,8,12,9,4,8,7,5,10,2,1,5,4,3,3,1,2,76.09,0.02,0.09,0.73,27.91,0.27,1.73,1.36,0.27,1.55,0.55,6.91,4.36,0,0.55,3.82,0,0.09,0,0.09,20,91,209,7,94,145,87,5,127,27,118,138,1,78,3,2,3,37,16,11,4,6,13,4,8,13,8,1,7,3,2,5,1,1,2,2,3,5,1,4,93,15.16,11.1,168.28,Good,Consistent,50,FH #7,89
32,CE #7,EDOARDO TODARO,"Genuinely sad for how this panned out. 19 year-old Todaro was abolsutely killing it for the first ten games of this season, topping 18 PPG scoring tries and running hard. But an ACL tear picked up on Italy duty ended his season. Northampton didn't need him in the end, but I'd wager Italy could've beaten Ireland (as well as England and Scotland) in the Six Nations if he had been involved. We are not sure when he will return to action.",10,18.22,182.24,Centre,Northampton Saints,38.69,11.62,34.77,16.51,11.43,-16,15.3,11.52,40.47,17.93,0,0,0,0,0,0,0,0,722,0.25,7,1,721,15,40,6,3,13,5,38,8,0,0,0,0,0,1,0,117,29,15,102,18,17,15,60,96,61,127,248,208,78,23,32,3,81,1,33,18,3,3,24,2,3,2,14,15,11,16,34,33,1,4,5,1,13,1,7,72.2,0.03,0.7,0.1,72.1,1.5,4,0.6,0.3,1.3,0.5,3.8,0.8,0,0,0,0,0,0.1,0,45,56,13,128,4,9,7,56,117,55,129,291,252,78,23,32,3,81,6,33,10,7,3,31,1,2,2,11,21,7,15,40,45,1,4,5,1,13,2,7,93,16.02,9.8,157,Premium,Consistent,63,CE #6,86
33,OB #15,BEN LOADER,"Loader missed a load of games in the middle of the season - a spell during which most people who drafted him released him into the wild - but picked it up again towards the end of the season, running and hitting with some violence. If he keeps that up he should be good for some points next season.",11,16.49,181.34,Outside Back,Gloucester Rugby,2.88,14.9,18.34,20.46,0,0,0,1.84,0,0,0,0,7.53,41.9,16.17,18.07,9.79,29.46,684,0.27,3,3,710,14,46,5,4,17,4,43,15,0,0,0,0,0,0,0,133,15,77,56,20,21,12,83,67,28,158,226,106,78,23,32,3,81,16,33,25,7,28,11,15,17,9,24,8,16,14,16,21,1,1,6,1,17,3,6,62.18,0.02,0.27,0.27,64.55,1.27,4.18,0.45,0.36,1.55,0.36,3.91,1.36,0,0,0,0,0,0,0,121,91,98,61,11,18,4,98,83,27,213,287,104,78,23,32,3,81,16,33,35,28,32,15,10,15,3,29,12,20,23,18,31,1,1,6,1,17,3,6,93,15.29,10.5,160.55,Good,Consistent,60,OB #16,86
34,FH #8,OWEN FARRELL,,17,10.66,181.18,Fly Half,Saracens,12.14,19.49,14.43,18.43,10.34,17.43,2.72,16.22,0,22.04,14.09,9.63,4.33,0.33,1.91,6.9,7.93,2.82,987,0.18,0,4,203,2,14,16,0,9,4,91,27,0,7,43,1,0,0,0,47,90,245,39,141,144,107,5,287,112,158,97,20,78,4,4,2,81,16,33,8,13,15,10,14,14,14,1,16,18,8,9,5,1,3,3,2,7,1,10,58.06,0.01,0,0.24,11.94,0.12,0.82,0.94,0,0.53,0.24,5.35,1.59,0,0.41,2.53,0.06,0,0,0,153,183,245,71,219,228,172,20,287,212,277,218,72,78,7,7,2,81,16,33,13,14,15,14,18,21,16,3,16,23,12,12,9,1,6,5,2,7,1,10,93,10.43,15.9,165.84,Good,Consistent,53,FH #8,88
35,LF #5,GREG FISILAU,,15,11.86,177.94,Loose Forward,Exeter Chiefs,14.05,14.72,4.95,7.71,16.08,2.28,20.4,30.76,19.36,4.53,6.35,3.12,22.27,10.58,0,0,0.78,0,1158,0.15,6,2,511,10,28,5,4,10,11,183,33,0,0,0,0,0,0,0,25,131,26,75,40,34,40,83,67,96,21,10,7,78,23,32,3,81,16,33,4,26,3,10,4,2,7,17,30,15,7,7,2,27,1,1,1,17,4,2,77.2,0.01,0.4,0.13,34.07,0.67,1.87,0.33,0.27,0.67,0.73,12.2,2.2,0,0,0,0,0,0,0,14,183,54,113,74,56,79,135,127,161,63,13,13,78,23,32,3,81,16,33,3,38,10,15,7,3,8,28,42,30,13,6,2,27,1,1,1,17,4,2,92,10.78,13.9,149.84,Premium,Average,76,LF #4,83
36,FH #9,HARVEY SKINNER,,18,9.81,176.52,Fly Half,Exeter Chiefs,8.53,21.55,12.41,24.08,-1.78,6.51,6.79,16.77,12.78,-3.11,9.39,19.87,2.99,12.95,5.67,11.25,4.8,5.07,1416,0.12,2,12,513,9,27,2,5,21,8,159,51,0,0,5,0,0,0,2,2,181,118,3,39,40,43,177,47,10,58,13,1,78,23,24,3,81,16,1,1,18,8,2,4,4,5,13,3,1,1,1,1,1,20,18,3,7,1,1,78.67,0.01,0.11,0.67,28.5,0.5,1.5,0.11,0.28,1.17,0.44,8.83,2.83,0,0,0.28,0,0,0,0.11,8,183,194,10,90,78,100,260,125,69,166,64,5,78,23,26,3,81,16,6,2,14,11,5,7,6,10,20,6,10,4,2,2,1,20,20,3,7,1,2,92,9.75,16.7,162.83,Good,Average,57,FH #10,87
37,HK #1,GABRIEL OGHRE,,13,13.49,175.31,Hooker,Bristol Bears,14.8,3.56,21.22,26.16,11.76,0,17.67,18.86,11.96,6.12,10.52,10.08,18.52,4.08,0,0,0,0,814,0.22,8,1,317,3,13,4,5,13,9,147,12,1,0,0,0,0,0,0,88,43,10,102,84,114,114,110,47,61,41,21,140,45,23,32,3,81,16,33,3,8,1,3,3,5,5,6,4,2,3,1,9,8,1,1,1,9,4,3,62.62,0.02,0.62,0.08,24.38,0.23,1,0.31,0.38,1,0.69,11.31,0.92,0.08,0,0,0,0,0,0,116,91,18,146,115,162,140,154,76,81,78,21,214,62,23,32,3,81,16,33,3,13,1,6,1,10,7,8,4,1,4,2,14,11,1,1,1,9,4,3,92,11.92,12.2,145.42,Premium,Very Consistent,84,HK #1,81
38,CE #8,WILL WAND,,15,11.59,173.79,Centre,Leicester Tigers,6.18,18.7,3.83,0.4,0,5.93,0,0,15.48,-0.01,2.54,36.94,16.27,3.85,9.95,26.72,15.17,11.84,961,0.18,4,2,516,13,36,4,6,10,7,93,14,0,0,0,0,0,0,0,54,90,52,75,36,23,24,110,33,96,77,91,116,78,23,32,3,81,16,33,9,10,9,19,7,4,4,25,6,15,6,8,22,1,4,5,1,13,5,7,64.07,0.01,0.27,0.13,34.4,0.87,2.4,0.27,0.4,0.67,0.47,6.2,0.93,0,0,0,0,0,0,0,102,183,98,113,72,40,44,173,70,161,158,173,211,78,23,32,3,81,16,33,21,25,23,29,13,5,9,37,13,29,19,19,41,1,4,5,1,13,5,7,92,10.71,13.8,147.8,Premium,Consistent,79,CE #9,82
39,OB #16,JOE CARPENTER,,12,14.29,171.45,Outside Back,Sale Sharks,31.93,6.74,7.8,0,0,0,0,10.3,2.46,16.1,15.53,5.44,0,0,5.99,28.19,29.51,11.46,790,0.22,4,2,716,10,34,17,2,14,4,25,6,0,0,0,0,0,0,0,97,43,52,75,19,34,26,3,139,50,158,297,250,78,23,32,3,81,16,33,19,17,21,15,14,23,16,2,22,21,14,39,45,1,1,6,1,17,3,6,65.83,0.02,0.33,0.17,59.67,0.83,2.83,1.42,0.17,1.17,0.33,2.08,0.5,0,0,0,0,0,0,0,88,91,75,95,17,45,27,4,196,69,221,383,332,78,23,32,3,81,16,33,27,28,30,24,15,36,20,3,37,39,25,53,64,1,1,6,1,17,3,6,92,13.53,11.3,152.89,Good,Consistent,69,OB #19,84
40,CE #9,TOM JORDAN,,14,12.24,171.34,Centre,Bristol Bears,22.92,4.02,-13.81,0,0,11.2,5.59,15.47,16.51,-0.07,0,7.3,34.82,30.44,12.13,10.3,14.52,0,893,0.19,3,4,392,11,37,12,2,20,6,83,27,0,5,19,0,1,1,1,68,72,77,39,65,29,20,13,139,14,101,112,20,78,8,11,3,17,1,4,10,7,16,8,13,6,3,3,24,3,9,10,4,1,2,2,1,4,1,1,63.79,0.01,0.21,0.29,28,0.79,2.64,0.86,0.14,1.43,0.43,5.93,1.93,0,0.36,1.36,0,0.07,0.07,0.07,103,183,125,55,93,51,33,30,216,38,172,194,36,78,13,14,3,54,11,17,22,25,25,13,18,9,8,6,37,5,21,23,8,1,2,3,1,10,4,3,91,11.23,13,145.99,Premium,Average,83,CE #10,81
41,OB #17,PAUL BROWN-BAMPOE,,12,14.16,169.95,Outside Back,Exeter Chiefs,31.38,8.35,8.54,0,0,0,0,0,0,13.32,25.81,24.07,12.16,10.15,9.65,18.89,4,3.63,742,0.23,6,1,614,15,35,5,2,19,10,60,7,0,0,0,0,0,0,0,108,36,26,102,28,17,25,83,139,16,29,172,230,78,23,32,3,81,16,33,21,13,12,23,19,14,15,24,22,10,1,8,41,1,1,6,1,17,3,6,61.83,0.02,0.5,0.08,51.17,1.25,2.92,0.42,0.17,1.58,0.83,5,0.58,0,0,0,0,0,0,0,128,91,29,146,28,19,25,108,196,22,42,226,321,78,23,32,3,81,16,33,37,28,17,36,22,16,19,32,37,16,3,10,63,1,1,6,1,17,3,6,91,13.43,11.3,151.76,Good,Consistent,72,OB #20,84
42,LF #6,JACK KENNINGHAM,,18,9.35,168.21,Loose Forward,Harlequins,19.6,9.74,12.7,16.96,10.98,3.32,20.37,4.04,7.4,5.53,16.75,3.73,3.14,8.21,2.97,13.17,4.57,5.03,1145,0.15,3,1,317,3,21,4,14,5,11,217,16,1,0,0,0,0,0,0,28,131,77,102,84,114,65,110,7,187,21,6,91,45,23,32,3,81,16,33,7,26,17,15,17,22,12,23,6,40,7,4,15,15,1,1,1,17,4,2,63.61,0.01,0.17,0.06,17.61,0.17,1.17,0.22,0.78,0.28,0.61,12.06,0.89,0.06,0,0,0,0,0,0,105,183,156,172,160,192,126,199,20,293,97,15,224,71,23,32,3,81,16,33,21,38,39,27,33,37,20,40,11,63,25,8,44,23,1,1,1,17,4,2,91,8.77,16.3,142.95,Premium,Consistent,88,LF #5,80
43,LF #7,JOSH KEMENY,,12,13.82,165.87,Loose Forward,Northampton Saints,0,0,7.1,3.72,0,9.1,33.93,0,0.15,28.85,0,15.19,18.41,10.87,1.08,17.9,0,19.57,702,0.24,4,2,314,8,20,6,6,10,6,104,7,7,0,0,0,1,0,0,126,33,52,75,87,46,74,60,33,96,101,76,230,3,23,32,3,17,16,33,27,4,11,10,18,4,14,11,17,15,29,28,46,1,1,1,1,5,4,2,58.5,0.02,0.33,0.17,26.17,0.67,1.67,0.5,0.5,0.83,0.5,8.67,0.58,0.58,0,0,0,0.08,0,0,147,91,75,95,104,56,93,73,35,121,129,69,321,4,23,32,3,43,16,33,29,18,14,10,17,3,12,15,20,18,33,35,63,2,1,1,1,10,4,2,91,12.35,11.5,142.03,Premium,Average,93,LF #7,79
44,OB #18,CADAN MURLEY,,15,11.05,165.7,Outside Back,Harlequins,18.16,0,7.37,-1.08,8.09,16.75,2.16,0.35,0,31.9,9.14,4.74,14.56,0,31.38,13.32,2.13,6.73,1072,0.15,3,2,625,15,37,4,3,19,5,90,14,0,0,0,0,1,0,0,33,131,77,75,27,17,20,110,96,16,127,98,116,78,23,32,3,17,16,33,8,45,28,15,18,14,14,29,14,10,8,1,24,1,1,6,1,3,3,6,71.47,0.01,0.2,0.13,41.67,1,2.47,0.27,0.2,1.27,0.33,6,0.93,0,0,0,0,0.07,0,0,49,183,128,113,48,30,42,173,167,59,221,187,211,78,23,32,3,54,16,33,16,49,41,28,37,27,29,44,32,38,25,5,49,1,1,6,1,10,3,6,90,10.94,13.7,149.88,Good,Average,75,OB #21,83
45,OB #19,ARRON REED,,13,12.74,165.64,Outside Back,Sale Sharks,6.63,0.63,26.34,8.88,0,0,29.71,0,0,-2.42,5.34,0,0,9.03,-1.97,25.2,25.88,32.39,640,0.26,7,3,520,15,26,11,3,10,8,33,19,0,0,0,0,0,0,0,152,24,15,56,34,17,47,20,96,96,58,267,50,78,23,32,3,81,16,33,28,10,10,11,23,14,22,9,14,31,3,26,11,1,1,6,1,17,3,6,49.23,0.02,0.54,0.23,40,1.15,2,0.85,0.23,0.77,0.62,2.54,1.46,0,0,0,0,0,0,0,221,91,27,72,52,24,65,33,146,138,92,362,90,78,23,32,3,81,16,33,54,28,16,18,41,21,40,16,28,53,5,46,28,1,1,6,1,17,3,6,90,12.29,12.1,148.71,Good,Average,77,OB #22,83
46,FH #10,ORLANDO BAILEY,,16,10.25,164.06,Fly Half,Leicester Tigers,17.63,0,4.33,0,0.83,8.25,1.11,14.56,9.35,8.53,9.57,13.09,16.45,2.96,12.83,13.14,20.24,11.19,1016,0.16,3,4,297,6,31,4,2,17,0,107,17,0,3,14,0,0,0,1,39,118,77,39,95,71,36,110,139,28,363,72,81,78,14,16,3,81,16,4,7,14,6,10,9,8,4,10,11,7,23,7,12,1,12,13,3,7,1,2,63.5,0.01,0.19,0.25,18.56,0.38,1.94,0.25,0.13,1.06,0,6.69,1.06,0,0.19,0.88,0,0,0,0.06,108,183,148,66,154,112,73,178,226,80,363,150,177,78,17,19,3,81,16,23,11,14,9,13,12,10,5,12,11,11,23,7,17,1,15,15,3,7,1,7,90,10.1,15.1,152.51,Good,Very Consistent,70,FH #11,84
47,CE #10,ALEX HEARLE,,18,9.11,164.04,Centre,Newcastle Red Bull,15.13,5.26,-1.49,4.05,2.11,12.45,6.05,15.71,4.25,15,7.96,4.35,3.16,13.45,5.01,24.01,30.27,-2.69,1399,0.12,7,1,497,11,27,8,8,14,6,98,28,0,0,0,0,0,0,0,4,181,15,102,45,29,43,41,19,50,101,84,18,78,23,32,3,81,16,33,1,29,3,24,10,6,11,8,4,9,9,7,3,1,4,5,1,13,5,7,77.72,0.01,0.39,0.06,27.61,0.61,1.5,0.44,0.44,0.78,0.33,5.44,1.56,0,0,0,0,0,0,0,11,183,59,172,96,66,100,100,56,135,221,213,76,78,23,32,3,81,16,33,3,25,10,36,19,14,22,26,10,24,28,28,17,1,4,5,1,13,5,7,90,8.73,16.2,141.43,Premium,Average,94,CE #11,79
48,OB #20,SANTIAGO CARRERAS,,14,11.69,163.64,Outside Back,Bath Rugby,0,0,0.33,10.86,9.54,0,17.61,1.78,9.31,19.54,0.33,16.23,39.28,0,-0.9,26.68,4.11,8.94,886,0.18,5,4,628,9,24,6,2,19,3,33,17,0,0,11,0,0,0,0,72,90,35,39,26,40,53,60,139,16,198,267,81,78,23,19,3,81,16,33,14,34,16,8,17,26,25,19,22,10,23,26,17,1,1,1,1,17,3,6,63.29,0.01,0.36,0.29,44.86,0.64,1.71,0.43,0.14,1.36,0.21,2.36,1.21,0,0,0.79,0,0,0,0,111,183,69,55,41,63,88,103,216,49,291,369,135,78,23,21,3,81,16,33,33,49,29,12,32,42,48,31,40,34,45,49,37,1,1,2,1,17,3,6,90,11.45,12.9,147.71,Good,Average,80,OB #24,82
49,HK #2,JAMIE BLAMIRE,,18,9.02,162.29,Hooker,Leicester Tigers,7.37,4.46,2.45,0.98,8.32,6.38,8.61,5.42,11.06,11.1,11.96,18.97,16.65,7.37,16.76,10.44,6.4,7.59,996,0.16,8,1,245,1,12,11,11,15,9,123,30,2,0,0,0,0,0,0,44,118,10,102,114,193,125,20,12,44,41,47,11,28,23,32,3,81,16,33,2,17,1,3,5,10,7,1,1,1,3,4,1,3,1,1,1,9,4,3,55.33,0.01,0.44,0.06,13.61,0.06,0.67,0.61,0.61,0.83,0.5,6.83,1.67,0.11,0,0,0,0,0,0,172,183,45,172,201,259,199,54,27,121,129,143,57,54,23,32,3,81,16,33,6,23,5,10,10,19,11,2,2,2,9,19,3,10,1,1,1,9,4,3,89,8.35,16.2,135.27,Premium,Very Consistent,101,HK #2,77
50,FH #11,JAMIE BENSON,,11,14.7,161.7,Fly Half,Harlequins,0,13.66,3.65,3.37,5.73,0,0,0,0,0,4.8,11.04,0,34.81,27.51,17.28,16.08,23.77,739,0.22,5,3,650,9,25,8,5,18,2,60,18,0,2,2,0,1,0,0,111,43,35,56,23,40,48,41,47,23,244,172,65,78,16,26,3,17,16,33,13,7,1,13,3,4,6,6,3,4,13,12,11,1,14,20,3,3,1,10,67.18,0.02,0.45,0.27,59.09,0.82,2.27,0.73,0.45,1.64,0.18,5.45,1.64,0,0.18,0.18,0,0.09,0,0,75,91,43,61,18,48,52,39,53,19,314,211,61,78,18,28,3,37,16,33,9,6,1,12,1,3,3,5,2,1,16,11,7,1,16,21,3,5,1,10,89,,,,,Consistent,,,
51,LF #8,BEN EARL,,14,11.06,154.88,Loose Forward,Saracens,0,0,15.04,18.22,2.07,20.35,12.48,7.78,0.81,0,4.2,0,14.44,7.77,12.53,18.82,13.32,7.05,928,0.17,5,3,499,7,24,6,5,13,11,156,30,0,0,0,0,0,0,0,61,106,35,56,44,55,53,60,47,61,21,16,11,78,23,32,3,81,16,33,13,18,6,5,7,5,9,11,23,9,7,8,3,27,1,1,1,17,4,2,66.29,0.01,0.36,0.21,35.64,0.5,1.71,0.43,0.36,0.93,0.79,11.14,2.14,0,0,0,0,0,0,0,82,183,69,78,66,78,88,103,83,104,50,22,17,78,23,32,3,81,16,33,16,38,13,8,6,6,10,21,36,14,8,12,3,27,1,1,1,17,4,2,89,10.14,13.1,132.83,Good,Very Consistent,103,LF #10,77
52,LF #9,TOM PEARSON,,13,11.61,150.93,Loose Forward,Northampton Saints,23.76,3.15,11.35,0,10.21,0.95,25.48,0,19.6,5.62,6.31,13.06,0,0,0,7.35,16.49,7.6,866,0.17,6,1,374,5,22,12,4,8,12,141,8,1,0,0,0,2,0,0,76,106,26,102,70,83,62,13,67,126,14,28,208,45,23,32,3,3,16,33,16,18,3,15,12,9,11,2,30,23,3,13,41,15,1,1,1,1,4,2,66.62,0.01,0.46,0.08,28.77,0.38,1.69,0.92,0.31,0.62,0.92,10.85,0.62,0.08,0,0,0,0.15,0,0,78,183,42,146,88,112,91,21,112,189,36,25,312,62,23,32,3,12,16,33,14,38,6,20,11,13,11,3,41,35,6,13,60,20,1,1,1,2,4,2,89,10.58,12.3,130.13,Good,Consistent,109,LF #12,75
53,LF #10,JOSH BAYLISS,,13,11.6,150.81,Loose Forward,Bath Rugby,17.5,0,7.74,0,8.72,19.61,0.47,0.48,0,12.5,34.49,0,10.83,2.74,0,28.94,2.35,4.44,808,0.19,3,2,492,6,32,2,1,9,6,92,9,2,0,0,0,0,0,0,90,72,77,75,46,71,33,177,202,112,101,93,191,28,23,32,3,81,16,33,19,11,17,10,8,6,3,37,53,18,29,34,36,11,1,1,1,17,4,2,62.15,0.01,0.23,0.15,37.85,0.46,2.46,0.15,0.08,0.69,0.46,7.08,0.69,0.15,0,0,0,0,0,0,122,183,115,107,59,98,43,244,263,156,162,128,289,44,23,32,3,81,16,33,26,38,23,12,4,8,4,49,66,27,38,56,56,15,1,1,1,17,4,2,88,11.57,12.3,142.31,Premium,Average,91,LF #6,79
54,SH #1,ARCHIE MCPARLAND,,16,9.38,150.03,Scrum Half,Northampton Saints,7.21,16.62,0,0,0,6.78,0,19.54,5.83,0,14.94,21.8,-0.3,-0.44,1.32,42.62,14.11,0,692,0.22,7,10,386,7,15,4,2,11,2,46,13,0,0,0,0,0,0,0,130,43,15,6,67,55,97,110,139,84,244,214,131,78,23,32,3,81,16,33,10,4,1,3,3,4,4,11,6,10,10,9,13,1,1,2,1,4,1,10,43.25,0.01,0.44,0.63,24.13,0.44,0.94,0.25,0.13,0.69,0.13,2.88,0.81,0,0,0,0,0,0,0,265,183,45,12,117,101,159,178,226,156,336,348,251,78,23,32,3,81,16,33,14,11,2,4,6,9,9,13,13,14,18,13,17,1,1,2,1,4,1,10,88,9.21,14.7,135.39,Premium,Very Consistent,100,SH #2,77
55,FH #12,BRETT CONNON,,18,8.33,149.88,Fly Half,Newcastle Red Bull,14.36,9.32,0.98,9.04,2.86,23.34,9.58,7.39,9.77,10.23,20.31,6.16,1.58,1.29,3.51,6.37,1.25,12.54,1179,0.13,0,2,291,4,15,7,3,18,6,121,21,0,7,24,0,0,0,1,22,158,245,75,97,94,97,48,96,23,101,49,39,78,4,8,3,81,16,4,5,17,15,16,10,10,11,7,8,4,5,3,8,1,3,7,3,7,1,2,65.5,0.01,0,0.11,16.17,0.22,0.83,0.39,0.17,1,0.33,6.72,1.17,0,0.39,1.33,0,0,0,0.06,91,183,245,122,176,164,169,119,196,81,221,148,152,78,12,15,3,81,16,23,10,14,15,16,13,14,15,10,10,12,8,6,15,1,11,11,3,7,1,7,88,8.56,16.7,142.95,Good,Average,89,FH #12,80
56,HK #3,THEO DAN,,17,8.81,149.84,Hooker,Saracens,12.68,7.93,11.07,17.44,19.29,13.88,12.39,11.72,8.94,0,4.14,8.02,6.74,1.62,3.48,4.37,7.34,-1.21,696,0.22,5,1,378,4,37,3,4,7,13,103,19,2,0,0,0,2,0,0,129,43,35,102,69,94,20,139,67,138,8,79,50,28,23,32,3,3,16,33,4,8,4,3,1,3,1,9,5,4,1,9,2,3,1,1,1,1,4,3,40.94,0.01,0.29,0.06,22.24,0.24,2.18,0.18,0.24,0.41,0.76,6.06,1.12,0.12,0,0,0,0.12,0,0,275,183,93,172,127,161,57,225,145,248,54,186,164,53,23,32,3,27,16,33,18,23,12,10,3,9,1,17,10,13,2,24,9,9,1,1,1,4,4,3,88,8.18,15.4,125.97,Premium,Consistent,115,HK #4,74
57,CE #11,RORY HUTCHINSON,,15,9.72,145.87,Centre,Northampton Saints,0.3,34.2,4.14,11.08,7.03,6.5,0,7.16,-3.09,15.16,3.28,12.17,0,1.93,5.77,35.47,4.77,0,987,0.15,4,5,409,7,27,5,9,13,9,84,21,0,0,2,0,0,0,0,47,131,52,27,58,55,43,83,17,61,41,109,39,78,23,26,3,81,16,33,8,17,9,4,11,11,11,20,3,11,3,9,10,1,4,4,1,13,5,7,65.8,0.01,0.27,0.33,27.27,0.47,1.8,0.33,0.6,0.87,0.6,5.6,1.4,0,0,0.13,0,0,0,0,89,183,98,41,100,96,82,135,28,116,99,202,93,78,23,29,3,81,16,33,18,25,23,10,21,20,17,33,5,20,10,25,22,1,4,4,1,13,5,7,88,9.22,13.8,127.24,Good,Average,111,CE #13,75
58,LF #11,CALLUM CHICK,,18,8.03,144.45,Loose Forward,Northampton Saints,11.89,8.66,7.01,6.9,2.17,5.71,8.32,10.94,9.28,11.83,5.84,2.63,12.67,0.7,1.18,28.31,3.98,6.43,1146,0.13,1,4,520,3,12,11,9,7,13,145,16,1,0,0,0,1,0,1,27,158,170,39,34,114,125,20,17,138,8,24,91,45,23,32,3,17,16,4,6,34,39,2,3,22,26,3,12,26,2,10,15,15,1,1,1,5,4,1,63.67,0.01,0.06,0.22,28.89,0.17,0.67,0.61,0.5,0.39,0.72,8.06,0.89,0.06,0,0,0,0.06,0,0.06,104,183,239,76,87,192,199,54,35,256,66,86,224,71,23,32,3,72,16,23,20,38,51,7,10,37,45,11,20,54,14,41,44,23,1,1,1,15,4,1,87,7.71,16.3,125.67,Good,Average,118,LF #14,73
59,OB #21,GABRIEL HAMER-WEBB,,8,18.02,144.12,Outside Back,Leicester Tigers,0,0,0,0,0,0,0,1.33,0.73,10.89,19.61,23.95,81.99,4.33,0,0,0,1.29,469,0.31,8,2,434,11,20,3,0,6,2,29,7,0,0,0,0,0,0,0,207,11,10,75,54,29,74,139,287,162,244,284,230,78,23,32,3,81,16,33,35,5,9,15,30,21,31,34,46,46,34,31,41,1,1,6,1,17,3,6,58.63,0.04,1,0.25,54.25,1.38,2.5,0.38,0,0.75,0.25,3.63,0.88,0,0,0,0,0,0,0,146,44,3,66,24,14,38,121,287,140,259,300,231,78,23,32,3,81,16,33,44,12,3,17,20,12,25,35,46,54,39,24,54,1,1,6,1,17,3,6,87,15.52,8.1,125.71,Good,Boom/Bust,117,OB #29,73
60,CE #12,WILL JOSEPH,,12,11.98,143.75,Centre,Gloucester Rugby,2.66,19.51,24.35,8.12,12.39,9.86,0,0,0,0,8.96,13,1.21,12.77,8.86,22.06,0,0,780,0.18,7,0,515,7,33,7,4,9,5,50,19,0,0,0,0,0,0,0,99,90,15,186,38,55,30,48,67,112,127,201,50,78,23,32,3,81,16,33,15,10,3,37,8,11,8,12,11,19,16,24,13,1,4,5,1,13,5,7,65,0.02,0.58,0,42.92,0.58,2.75,0.58,0.33,0.75,0.42,4.17,1.58,0,0,0,0,0,0,0,97,91,22,186,45,71,30,63,90,140,181,270,73,78,23,32,3,81,16,33,20,11,5,37,6,16,7,14,16,27,24,37,16,1,4,5,1,13,5,7,87,11.02,11.4,125.63,Good,Very Consistent,119,CE #14,73
61,LF #12,JOAQUIN MORO,,15,9.5,142.57,Loose Forward,Leicester Tigers,2.17,17.05,0.4,0,0,32.98,13.3,13.84,0.65,2.84,16.18,6.1,16.87,5.34,2.73,9.94,2.18,0,911,0.16,4,1,409,6,25,1,5,12,8,144,19,2,0,0,0,0,0,0,64,118,52,102,58,71,48,220,47,71,58,25,50,28,23,32,3,81,16,33,14,22,11,15,10,6,8,46,23,10,14,11,6,11,1,1,1,17,4,2,60.73,0.01,0.27,0.07,27.27,0.4,1.67,0.07,0.33,0.8,0.53,9.6,1.27,0.13,0,0,0,0,0,0,134,183,98,163,100,106,93,280,90,126,124,47,123,48,23,32,3,81,16,33,28,38,18,25,16,11,12,58,38,19,31,23,19,17,1,1,1,17,4,2,87,9.89,13.9,137.47,Good,Average,98,LF #9,78
62,FH #13,ANTHONY BELLEAU,,10,14.23,142.31,Fly Half,Northampton Saints,19.7,24.95,23.78,0,0,0,0,24.71,0.66,9.87,25.09,0,0,0,0,0,0,13.55,520,0.27,2,3,291,5,15,1,0,12,2,62,7,0,4,22,0,0,0,1,197,15,118,56,97,83,97,220,287,71,244,162,230,78,9,9,3,81,16,4,16,2,8,13,10,9,11,17,16,13,13,11,18,1,7,8,3,7,1,2,52,0.03,0.2,0.3,29.1,0.5,1.5,0.1,0,1.2,0.2,6.2,0.7,0,0.4,2.2,0,0,0,0.1,202,56,128,51,85,78,100,266,287,68,293,173,285,78,8,8,3,81,16,8,15,2,7,10,6,6,10,23,16,9,15,10,22,1,7,6,3,7,1,3,86,13.28,10.3,136.78,Good,Very Consistent,99,FH #13,78
63,LK #1,OLLIE CHESSUM,,16,8.82,141.14,Lock,Leicester Tigers,0,15.41,3.07,2.87,5.31,0,21.09,4.53,12.13,6.49,10.35,1.98,5.81,14.13,13.51,14.49,9.07,0.9,1209,0.12,2,2,288,6,11,4,0,14,8,128,22,9,0,0,0,0,0,0,17,181,118,75,99,71,133,110,287,50,58,43,30,2,23,32,3,81,16,33,3,7,5,1,2,1,2,9,34,1,7,11,3,2,1,1,1,10,4,1,75.56,0.01,0.13,0.13,18,0.38,0.69,0.25,0,0.88,0.5,8,1.38,0.56,0,0,0,0,0,0,25,183,172,113,158,112,196,178,287,112,129,87,99,5,23,32,3,81,16,33,5,15,9,3,3,2,7,16,34,2,20,21,10,3,1,1,1,10,4,1,86,17.25,14.6,251.85,Premium,Very Consistent,6,LK #1,99
64,LK #2,ALEX COLES,,10,13.97,139.73,Lock,Northampton Saints,13.88,4.93,4.32,21.26,5.3,0,9.23,0,37.77,20.72,0,0,0,0,0,16.7,5.62,0,799,0.17,7,1,238,5,7,5,3,8,4,131,14,5,0,0,0,0,0,0,95,106,15,102,116,83,178,83,96,126,158,40,116,8,23,32,3,81,16,33,17,2,1,5,4,3,11,6,9,12,25,10,14,7,1,1,1,10,4,1,79.9,0.02,0.7,0.1,23.8,0.5,0.7,0.5,0.3,0.8,0.4,13.1,1.4,0.5,0,0,0,0,0,0,4,91,13,128,118,78,194,73,117,126,188,10,93,7,23,32,3,81,16,33,1,9,1,5,1,1,6,2,13,6,31,5,7,5,1,1,1,10,4,1,86,17.99,11.2,201.49,Good,Consistent,36,LK #9,92
65,LF #13,AMANAKI MAFI,,13,10.72,139.34,Loose Forward,Newcastle Red Bull,8.97,27.75,7.56,16.2,4.59,7.93,7.14,4.56,2.04,0,0,0,0,5,9.55,17.49,20.56,0,628,0.22,3,1,506,5,18,10,13,9,8,73,9,0,0,0,0,0,0,0,159,43,77,102,41,83,81,26,9,112,58,133,191,78,23,32,3,81,16,33,33,7,17,15,5,9,15,6,7,18,14,43,36,27,1,1,1,17,4,2,48.31,0.02,0.23,0.08,38.92,0.38,1.38,0.77,1,0.69,0.62,5.62,0.69,0,0,0,0,0,0,0,225,91,115,146,56,112,116,36,5,156,92,201,289,78,23,32,3,81,16,33,49,18,23,20,3,13,16,6,5,27,21,68,56,27,1,1,1,17,4,2,86,,,,,Consistent,,,
66,SH #2,STEPHEN VARNEY,,16,8.68,138.86,Scrum Half,Exeter Chiefs,13.94,5.04,4.67,16.74,1.06,0,4.63,15.3,0.42,0,14.9,12.97,-0.4,8.76,4.52,19.62,9.8,6.89,1205,0.12,6,9,396,8,17,5,0,11,3,72,30,0,0,0,0,0,0,0,18,181,26,8,63,46,87,83,287,84,198,140,11,78,23,32,3,81,16,33,1,12,2,5,1,1,3,9,22,10,6,1,2,1,1,2,1,4,1,10,75.31,0.01,0.38,0.56,24.75,0.5,1.06,0.31,0,0.69,0.19,4.5,1.88,0,0,0,0,0,0,0,26,183,61,16,114,78,138,154,287,156,312,252,43,78,23,32,3,81,16,33,1,11,5,6,4,5,5,12,22,14,13,4,3,1,1,2,1,4,1,10,86,8.65,14.7,127.16,Premium,Very Consistent,112,SH #3,75
67,OB #22,GEORGE FURBANK,,9,15.38,138.42,Outside Back,Northampton Saints,0,0,0,0,0,19.45,21.75,0,0,13.56,11.82,15.49,7.32,0,15.06,17.42,16.55,0,639,0.22,4,5,548,10,21,3,0,16,5,34,8,0,0,1,0,0,0,1,154,43,52,27,33,34,65,139,287,36,127,260,208,78,23,29,3,81,16,4,29,17,21,4,22,23,29,34,46,19,8,25,39,1,1,4,1,17,3,2,71,0.02,0.44,0.56,60.89,1.11,2.33,0.33,0,1.78,0.56,3.78,0.89,0,0,0.11,0,0,0,0.11,51,91,45,16,15,25,49,135,287,13,113,292,224,78,23,30,3,81,16,6,17,28,23,4,13,22,33,37,46,10,9,20,53,1,1,4,1,17,3,3,85,14.17,10.1,143.12,Good,Very Consistent,87,OB #26,80
68,CE #13,CAMPBELL RIDL,,12,11.32,135.81,Centre,Exeter Chiefs,0,0,0,0,0,0,9.8,18.64,-17,0,17.3,28.25,13.28,13.78,19.23,12.1,3.99,16.44,759,0.18,7,1,644,16,28,6,3,15,9,52,17,0,0,0,0,3,1,0,103,90,15,102,24,12,40,60,96,44,41,195,81,78,23,32,3,1,1,33,17,10,3,24,4,2,10,14,15,8,3,23,19,1,4,5,1,1,1,7,63.25,0.02,0.58,0.08,53.67,1.33,2.33,0.5,0.25,1.25,0.75,4.33,1.42,0,0,0,0,0.25,0.08,0,112,91,22,146,26,15,49,73,135,61,56,261,92,78,23,32,3,3,8,33,24,11,5,34,3,3,11,19,25,9,6,36,21,1,4,5,1,1,3,7,85,13.2,12.7,167.64,Premium,Average,51,CE #4,89
69,HK #4,HARRY THACKER,,16,8.06,128.93,Hooker,Bristol Bears,1.32,3.41,3.16,3.98,4.11,14.07,4.85,14.51,2.09,0,0,0,5.81,14.02,9.38,19.43,14.48,14.31,589,0.22,3,0,352,7,18,7,0,6,9,116,15,0,0,0,0,0,0,0,173,43,77,186,75,55,81,48,287,162,41,62,106,78,23,32,3,81,16,33,10,8,7,12,2,1,3,2,23,6,3,7,6,17,1,1,1,9,4,3,36.81,0.01,0.19,0,22,0.44,1.13,0.44,0,0.38,0.56,7.25,0.94,0,0,0,0,0,0,0,303,183,148,186,129,101,129,100,287,257,113,123,209,78,23,32,3,81,16,33,20,23,15,12,4,3,5,5,23,15,7,14,13,17,1,1,1,9,4,3,85,7.58,14.6,110.67,Good,Consistent,141,HK #5,68
70,LK #3,ANDREA ZAMBONIN,,17,7.57,128.62,Lock,Exeter Chiefs,10.23,8.2,9.01,3.43,1.6,3.87,7.48,11.19,4.59,3.9,5.98,9.45,7.23,0,4.72,12.47,15.08,10.19,1128,0.11,2,1,123,3,5,2,7,5,3,124,12,11,0,0,0,0,0,0,29,206,118,102,195,114,210,177,22,187,198,45,140,1,23,32,3,81,16,33,5,10,5,5,14,5,15,16,3,18,33,13,19,1,1,1,1,10,4,1,66.35,0.01,0.12,0.06,7.24,0.18,0.29,0.12,0.41,0.29,0.18,7.29,0.71,0.65,0,0,0,0,0,0,80,183,189,172,278,187,287,258,69,285,314,122,280,3,23,32,3,81,16,33,14,15,13,11,18,10,22,27,7,29,45,29,33,2,1,1,1,10,4,1,85,14.93,15.4,229.92,Premium,Very Consistent,15,LK #2,97
71,OB #23,OLLIE THORLEY,,15,8.54,128.08,Outside Back,Gloucester Rugby,2.04,6.86,13.95,-0.6,0,35.01,11.03,13.47,-10.41,13.84,6.1,2.76,3.22,-0.51,0,0,21.37,9.95,1010,0.13,4,0,600,16,28,3,6,14,9,51,29,0,0,0,0,0,1,0,40,158,52,186,29,12,40,139,33,50,41,198,15,78,23,32,3,81,1,33,11,49,21,42,20,11,20,34,2,21,2,12,3,1,1,6,1,17,1,6,67.33,0.01,0.27,0,40,1.07,1.87,0.2,0.4,0.93,0.6,3.4,1.93,0,0,0,0,0,0.07,0,73,183,98,186,52,28,79,206,70,104,99,315,36,78,23,32,3,81,11,33,24,49,32,42,41,25,47,50,8,48,6,30,12,1,1,6,1,17,2,6,84,8.93,13.7,122.34,Good,Inconsistent,125,OB #31,72
72,OB #24,NOAH HEWARD,,11,11.55,127.09,Outside Back,Bristol Bears,0,0,0,0,0,0,-0.76,20.09,0.89,13.19,10.26,0,6.45,25.3,13.36,23.93,6.09,8.29,626,0.20,5,1,449,9,24,3,4,12,1,33,10,0,0,0,0,0,0,0,161,61,35,102,51,40,53,139,67,71,291,267,180,78,23,32,3,81,16,33,30,24,16,23,27,26,25,34,8,25,43,26,35,1,1,6,1,17,3,6,56.91,0.02,0.45,0.09,40.82,0.82,2.18,0.27,0.36,1.09,0.09,3,0.91,0,0,0,0,0,0,0,162,91,43,141,49,48,57,173,83,77,354,335,221,78,23,32,3,81,16,33,48,28,22,34,38,38,38,44,12,42,56,35,52,1,1,6,1,17,3,6,84,11.34,10.5,119.07,Squad,Consistent,128,OB #32,71
73,LK #4,BEN BAMBER,,18,7.03,126.52,Lock,Sale Sharks,6.54,10.29,4.44,6.09,8.18,5.44,5.46,4.84,5.68,5.64,3.14,7.34,6.49,6,7.1,7.36,9.77,16.72,1406,0.09,1,0,198,0,6,1,3,12,7,254,22,5,0,0,0,0,0,0,3,254,170,186,148,271,195,220,96,71,77,1,30,8,23,32,3,81,16,33,1,20,14,15,8,25,13,23,9,3,12,1,3,7,1,1,1,10,4,1,78.11,0.01,0.06,0,11,0,0.33,0.06,0.17,0.67,0.39,14.11,1.22,0.28,0,0,0,0,0,0,9,183,239,186,227,271,274,290,196,161,204,6,133,24,23,32,3,81,16,33,2,15,21,15,11,25,20,31,21,10,36,2,12,14,1,1,1,10,4,1,84,13.93,16.2,225.67,Premium,Very Consistent,17,LK #3,96
74,LF #14,OLLY CRACKNELL,,15,8.36,125.42,Loose Forward,Leicester Tigers,9.01,8.69,2.76,12.51,6.74,0,0,12.72,10.89,-1.42,5.62,9.77,15.63,14.21,0,3.88,8.58,5.83,741,0.17,3,2,417,4,18,0,4,6,6,134,18,0,0,0,0,0,0,0,109,106,77,75,57,94,81,294,67,162,101,37,65,78,23,32,3,81,16,33,23,18,17,10,9,14,15,62,30,36,29,18,10,27,1,1,1,17,4,2,49.4,0.01,0.2,0.13,27.8,0.27,1.2,0,0.27,0.4,0.4,8.93,1.2,0,0,0,0,0,0,0,218,183,128,113,95,145,123,294,127,249,188,61,140,78,23,32,3,81,16,33,48,38,29,15,14,27,19,62,42,53,42,30,25,27,1,1,1,17,4,2,84,7.98,13.9,110.92,Good,Very Consistent,138,LF #19,69
75,OB #25,CHRISTIAN WADE,,9,13.91,125.19,Outside Back,Newcastle Red Bull,0,0,0,0,0,0,0,0,18.22,-10.92,0,23.62,17.29,37.21,12.88,2.23,16.33,8.33,587,0.21,2,1,443,13,32,9,6,13,2,33,28,0,0,0,0,0,0,0,175,56,118,102,53,23,33,33,33,61,244,267,18,78,23,32,3,81,16,33,31,20,35,23,29,19,19,13,2,24,34,26,4,1,1,6,1,17,3,6,65.22,0.02,0.22,0.11,49.22,1.44,3.56,1,0.67,1.44,0.22,3.67,3.11,0,0,0,0,0,0,0,93,91,121,122,31,12,11,14,25,36,284,296,3,78,23,32,3,81,16,33,29,28,40,32,25,10,7,8,3,25,44,22,2,1,1,6,1,17,3,6,84,13.06,11.3,147.58,Good,Average,81,OB #25,82
76,LF #15,TOM CHRISTIE,,13,9.6,124.8,Loose Forward,Newcastle Red Bull,0,0,0,0,0,4.23,3.82,5.02,12.49,12.76,17.62,9.98,3.72,2.7,11.67,5.58,27.15,8.06,998,0.13,5,0,194,3,10,2,7,4,7,195,17,1,0,0,0,0,0,0,43,158,35,186,149,114,139,177,22,214,77,7,81,45,23,32,3,81,16,33,9,34,6,31,34,22,29,37,13,47,22,5,13,15,1,1,1,17,4,2,76.77,0.01,0.38,0,14.92,0.23,0.77,0.15,0.54,0.31,0.54,15,1.31,0.08,0,0,0,0,0,0,17,183,61,186,186,162,184,244,33,282,121,2,117,62,23,32,3,81,16,33,4,38,11,31,44,29,39,49,18,60,29,2,17,20,1,1,1,17,4,2,83,9.97,12.3,122.63,Good,Consistent,124,LF #16,72
77,LF #16,ERNST VAN RHYN,,18,6.89,124.04,Loose Forward,Sale Sharks,6.04,-0.93,9.01,5.83,3.12,8.58,4.99,14.41,14.21,5.23,10.48,4.05,2.26,4.55,5.08,12.17,10.5,4.46,1420,0.09,4,1,271,5,8,5,2,16,5,218,36,4,0,0,0,1,0,0,1,254,52,102,106,83,168,83,139,36,127,4,3,13,23,32,3,17,16,33,1,59,11,15,21,9,37,17,42,2,34,3,1,3,1,1,1,5,4,2,78.89,0.01,0.22,0.06,15.06,0.28,0.44,0.28,0.11,0.89,0.28,12.11,2,0.22,0,0,0,0.06,0,0,6,183,121,172,185,144,251,171,241,110,252,14,21,31,23,32,3,72,16,33,1,38,28,27,43,26,56,36,61,15,51,7,5,12,1,1,1,15,4,2,83,7.8,16.3,127.14,Good,Consistent,113,LF #13,74
78,LK #5,DAFYDD JENKINS,,16,7.74,123.84,Lock,Exeter Chiefs,1.4,10.9,5.02,9.31,5.07,23.04,10.8,5.18,10.12,7.32,9.1,0,3.01,0,9.28,4.22,5.62,4.45,1212,0.10,0,1,237,6,6,6,6,14,11,218,16,2,0,0,0,0,0,0,16,227,245,102,117,71,195,60,33,50,21,4,91,28,23,32,3,81,16,33,2,15,23,5,5,1,13,4,4,1,2,2,11,16,1,1,1,10,4,1,75.75,0.01,0,0.06,14.81,0.38,0.38,0.38,0.38,0.88,0.69,13.63,1,0.13,0,0,0,0,0,0,24,183,245,172,187,112,267,121,76,112,78,9,179,48,23,32,3,81,16,33,4,15,23,11,6,2,19,8,8,2,12,4,16,25,1,1,1,10,4,1,83,15.25,14.6,222.65,Premium,Very Consistent,19,LK #4,96
79,LK #6,HUGH TIZARD,,18,6.87,123.67,Lock,Saracens,2.49,8.66,4.98,10.37,8.54,8.25,7.41,7.68,6.34,4.36,3.92,5.52,10.2,7.26,15.45,2.33,1.17,8.74,1200,0.10,4,0,203,3,10,7,6,4,4,184,29,2,0,0,0,0,0,0,20,227,52,186,141,114,139,48,33,214,158,9,15,28,23,32,3,81,16,33,4,15,2,15,7,5,5,2,4,23,25,3,1,16,1,1,1,10,4,1,66.67,0.01,0.22,0,11.28,0.17,0.56,0.39,0.33,0.22,0.22,10.22,1.61,0.11,0,0,0,0,0,0,77,183,121,186,223,192,220,119,90,313,284,36,67,54,23,32,3,81,16,33,13,15,5,15,10,11,11,7,9,35,42,8,5,27,1,1,1,10,4,1,83,13.64,16.2,220.97,Premium,Very Consistent,20,LK #5,96
80,CE #14,REKEITI MA'ASI-WHITE,,15,8.23,123.41,Centre,Sale Sharks,11.09,0,0,2.52,0.14,9.72,0,11.66,-1.89,11.48,4.73,10.58,2.37,14.81,1.31,16.75,6.92,21.22,990,0.12,2,4,406,7,21,6,4,10,7,117,20,0,0,0,0,1,0,0,46,181,118,39,60,55,65,60,67,96,77,58,45,78,23,32,3,17,16,33,7,29,22,8,12,11,16,14,11,15,6,4,12,1,4,5,1,4,5,7,66,0.01,0.13,0.27,27.07,0.47,1.4,0.4,0.27,0.67,0.47,7.8,1.33,0,0,0,0,0.07,0,0,85,183,172,61,102,96,111,111,127,161,158,97,108,78,23,32,3,54,16,33,16,25,28,15,22,20,25,28,24,29,19,5,24,1,4,5,1,10,5,7,82,8.02,13.8,110.68,Good,Consistent,140,CE #17,68
81,HK #5,NATHAN JIBULU,,13,9.48,123.23,Hooker,Sale Sharks,11.28,17.97,26.8,11.3,3.6,3.15,2.17,12.5,-0.65,10.87,7.69,4.46,0,0,0,0,0,12.09,569,0.22,4,1,223,4,20,3,1,6,5,111,10,1,0,0,0,0,0,0,185,43,52,102,126,94,74,139,202,162,127,67,180,45,23,32,3,81,16,33,13,8,5,3,6,3,2,9,15,6,9,8,13,8,1,1,1,9,4,3,43.77,0.02,0.31,0.08,17.15,0.31,1.54,0.23,0.08,0.46,0.38,8.54,0.77,0.08,0,0,0,0,0,0,261,91,89,146,163,133,99,195,263,237,207,72,267,62,23,32,3,81,16,33,16,13,11,6,7,6,3,15,20,11,15,7,18,11,1,1,1,9,4,3,82,10.71,12.2,130.66,Premium,Average,108,HK #3,75
82,CE #15,OLLIE LAWRENCE,,11,11.19,123.1,Centre,Bath Rugby,15.42,19.08,13.7,0,18.45,0,0,-2.34,16.07,0,19.63,0,6.92,0,8.21,0,6.87,1.09,837,0.15,4,4,388,7,24,4,6,16,3,60,18,0,0,0,0,0,0,0,83,131,52,39,66,55,53,110,33,36,198,172,65,78,23,32,3,81,16,33,13,17,9,8,14,11,14,25,6,7,24,19,16,1,4,5,1,13,5,7,76.09,0.01,0.36,0.36,35.27,0.64,2.18,0.36,0.55,1.45,0.27,5.45,1.64,0,0,0,0,0,0,0,20,183,69,38,68,63,57,128,32,35,253,211,61,78,23,32,3,81,16,33,4,25,11,7,11,12,12,31,6,4,33,27,14,1,4,5,1,13,5,7,82,10.39,10.6,110.13,Good,Very Consistent,143,CE #18,67
83,CE #16,LEN IKITAU,,9,13.65,122.87,Centre,Exeter Chiefs,0,0,0,5.55,13.3,1.88,15.77,0,0,0,0,0,0,7.84,29.57,11.39,25.24,12.33,663,0.19,3,3,339,7,34,2,3,7,2,49,12,0,0,0,0,0,0,0,141,72,77,56,78,55,26,177,96,138,244,208,140,78,23,32,3,81,16,33,23,7,16,13,16,11,5,32,15,22,32,27,23,1,4,5,1,13,5,7,73.67,0.02,0.33,0.33,37.67,0.78,3.78,0.22,0.33,0.78,0.22,5.44,1.33,0,0,0,0,0,0,0,34,91,75,41,60,52,8,199,90,135,284,213,108,78,23,32,3,81,16,33,6,11,15,10,8,10,3,40,16,24,41,28,24,1,4,5,1,13,5,7,82,,,,,Very Consistent,,,
84,LF #17,ROSS VINTCENT,,9,13.53,121.74,Loose Forward,Exeter Chiefs,20.7,20.58,10.28,0,0,0,0,0,0,0,23.29,13.7,6.42,16.46,7.77,2.54,0,0,597,0.20,4,4,299,6,7,2,2,4,4,113,7,0,0,0,0,0,0,0,170,61,52,39,94,71,178,177,139,214,158,66,230,78,23,32,3,81,16,33,35,9,11,2,19,6,39,37,42,47,39,23,46,27,1,1,1,17,4,2,66.33,0.02,0.44,0.44,33.22,0.67,0.78,0.22,0.22,0.44,0.44,12.56,0.78,0,0,0,0,0,0,0,81,91,45,27,76,56,181,199,151,241,166,12,263,78,23,32,3,81,16,33,15,18,7,1,9,3,37,40,46,50,40,5,51,27,1,1,1,17,4,2,82,11.77,11.9,140.06,Good,Very Consistent,96,LF #8,78
85,SH #3,ALEX MITCHELL,,10,12.16,121.58,Scrum Half,Northampton Saints,0,0,15.4,7.05,12.2,0,12.67,0,36.6,15.81,0,0,11.83,6.96,1.11,1.95,0,0,624,0.19,3,13,359,5,14,12,1,13,4,21,19,0,0,0,0,0,0,0,163,72,77,1,73,83,107,13,202,61,158,311,50,78,23,32,3,81,16,33,13,5,5,1,5,6,6,2,14,7,3,17,5,1,1,2,1,4,1,10,62.4,0.02,0.3,1.3,35.9,0.5,1.4,1.2,0.1,1.3,0.4,2.1,1.9,0,0,0,0,0,0,0,120,91,90,1,64,78,111,12,251,55,188,381,39,78,23,32,3,81,16,33,5,7,6,1,1,5,2,1,15,2,1,19,2,1,1,2,1,4,1,10,81,10.44,10.4,108.58,Premium,Very Consistent,145,SH #5,67
86,LF #18,SAM DUGDALE,,16,7.53,120.42,Loose Forward,Sale Sharks,9.45,7.75,6.66,2.21,13.48,0,0,-0.67,3.98,12.79,2.2,8.14,2.14,21.31,2.55,16.44,4.26,7.73,1157,0.10,3,0,331,2,12,1,6,11,8,219,25,1,0,0,0,0,0,0,26,227,77,186,80,144,125,220,33,84,58,3,26,45,23,32,3,81,16,33,5,56,17,31,15,30,26,46,17,12,14,2,5,15,1,1,1,17,4,2,72.31,0.01,0.19,0,20.69,0.13,0.75,0.06,0.38,0.69,0.5,13.69,1.56,0.06,0,0,0,0,0,0,44,183,148,186,137,217,186,290,76,156,129,8,76,71,23,32,3,81,16,33,7,38,36,31,25,44,40,61,34,27,33,4,11,23,1,1,1,17,4,2,81,7.31,14.7,107.46,Good,Average,147,LF #21,67
87,SH #4,KIERAN MARMION,,15,8.01,120.14,Scrum Half,Bristol Bears,2.7,31.57,8.34,18.17,4.04,23.53,1.7,0,1.89,0.66,0.4,2.33,16.45,0,6.12,1.91,0.33,0,706,0.17,6,4,310,8,10,6,1,11,2,53,5,0,0,0,0,0,0,0,125,106,26,39,88,46,139,60,202,84,244,191,274,78,23,32,3,81,16,33,9,9,2,15,6,1,8,7,14,10,10,7,20,1,1,2,1,4,1,10,47.07,0.01,0.4,0.27,20.67,0.53,0.67,0.4,0.07,0.73,0.13,3.53,0.33,0,0,0,0,0,0,0,235,183,54,61,138,76,199,111,272,148,336,307,373,78,23,32,3,81,16,33,11,11,3,18,7,3,12,8,18,12,18,8,25,1,1,2,1,4,1,10,81,7.12,13.9,98.97,Good,Consistent,160,SH #6,64
88,OB #26,RODRIGO ISGRO,,10,11.93,119.31,Outside Back,Harlequins,0,0,1.09,8.15,29.2,0.3,11.32,7.42,31.9,0,4.56,18.28,0,0,0,7.09,0,0,655,0.18,3,1,491,11,25,6,2,22,4,62,19,0,0,0,0,0,0,1,144,90,77,102,47,29,48,60,139,7,158,162,50,78,23,32,3,81,16,4,26,34,28,23,25,21,23,19,22,6,14,6,11,1,1,6,1,17,3,2,65.5,0.02,0.3,0.1,49.1,1.1,2.5,0.6,0.2,2.2,0.4,6.2,1.9,0,0,0,0,0,0,0.1,91,91,90,128,33,26,38,56,167,2,188,173,39,78,23,32,3,81,16,8,28,28,31,33,27,23,25,23,32,2,19,2,13,1,1,6,1,17,3,4,81,11.64,9.7,112.91,Squad,Average,135,OB #34,69
89,LK #7,ARTHUR CLARK,,12,9.88,118.58,Lock,Gloucester Rugby,1.7,0,0,0,0,0,3.66,18.33,-3.91,0,20.88,6.04,8.22,12,13.73,15.96,2.79,19.18,849,0.14,3,0,237,2,10,3,2,8,5,166,10,5,0,0,0,1,0,0,79,147,77,186,117,144,139,139,139,126,127,12,180,8,23,32,3,17,16,33,15,4,3,15,5,11,5,13,16,12,19,4,22,7,1,1,1,2,4,1,70.75,0.01,0.25,0,19.75,0.17,0.83,0.25,0.17,0.67,0.42,13.83,0.83,0.42,0,0,0,0.08,0,0,53,183,105,186,144,192,169,178,196,161,181,7,241,13,23,32,3,43,16,33,9,15,4,15,2,11,4,16,21,10,28,3,25,8,1,1,1,6,4,1,80,17.99,11.4,205.09,Good,Consistent,33,LK #8,93
90,LK #8,FREDDIE THOMAS,,16,7.38,118.02,Lock,Gloucester Rugby,9.21,1.22,4.68,0.69,18.36,8.83,16.01,11.64,4.57,0,0.73,-1.57,0,11.58,6.58,10.93,11.17,3.39,1127,0.10,2,1,156,3,11,6,11,12,7,159,19,4,0,0,0,0,0,0,30,227,118,102,168,114,133,60,12,71,77,13,50,13,23,32,3,81,16,33,6,15,5,5,10,5,2,4,1,3,12,5,7,11,1,1,1,10,4,1,70.44,0.01,0.13,0.06,9.75,0.19,0.69,0.38,0.69,0.75,0.44,9.94,1.19,0.25,0,0,0,0,0,0,55,183,172,172,243,186,196,121,24,140,166,43,150,26,23,32,3,81,16,33,10,15,9,11,13,9,7,8,3,8,26,10,14,15,1,1,1,10,4,1,80,14.58,14.6,212.87,Good,Consistent,25,LK #6,94
91,HK #6,GEORGE MCGUIGAN,,16,7.36,117.83,Hooker,Newcastle Red Bull,11.26,13.17,3.21,8.71,3.8,4.61,5.58,8.17,13.63,2.32,7,5.95,0,0,2.09,5.89,5.68,16.76,1006,0.12,3,0,175,1,7,5,7,9,12,146,19,3,0,0,0,1,0,1,42,181,77,186,161,193,178,83,22,112,14,23,50,20,23,32,3,17,16,4,1,26,7,12,10,10,10,4,2,3,2,2,2,1,1,1,1,4,4,1,62.88,0.01,0.19,0,10.94,0.06,0.44,0.31,0.44,0.56,0.75,9.13,1.19,0.19,0,0,0,0.06,0,0.06,114,183,148,186,230,259,251,154,56,202,56,55,150,37,23,32,3,72,16,23,2,23,15,12,14,19,19,8,3,6,3,6,7,5,1,1,1,8,4,2,80,7.02,14.6,102.49,Good,Consistent,152,HK #6,65
92,LK #9,JOE OWEN,,18,6.53,117.54,Lock,Bristol Bears,2.05,14.19,0,3.52,-0.3,1.86,15.24,6.78,8.79,2.01,5.96,10.5,5.49,10.64,5.37,17.89,9.97,-2.42,977,0.12,1,2,292,4,10,9,2,11,4,118,16,2,0,0,0,0,0,0,50,181,170,75,96,94,139,33,139,84,158,56,91,28,23,32,3,81,16,33,8,7,14,1,1,4,5,1,16,6,25,15,11,16,1,1,1,10,4,1,54.28,0.01,0.06,0.11,16.22,0.22,0.56,0.5,0.11,0.61,0.22,6.56,0.89,0.11,0,0,0,0,0,0,181,183,239,122,175,164,220,73,241,190,284,156,224,54,23,32,3,81,16,33,23,15,21,4,5,6,11,2,28,16,42,31,22,27,1,1,1,10,4,1,80,13.01,16.2,210.76,Good,Consistent,28,LK #7,94
93,HK #7,DAN FROST,,13,8.98,116.7,Hooker,Bath Rugby,0,3.8,0,13.45,0,6.03,25.78,-8,0,21.6,0,3.41,4.59,9.19,12,17.92,4.36,2.57,426,0.27,7,0,263,6,13,4,2,6,5,95,9,0,0,0,0,2,0,0,225,15,15,186,109,71,114,110,139,162,127,89,191,78,23,32,3,3,16,33,18,5,3,12,4,2,5,6,11,6,9,10,14,17,1,1,1,1,4,3,32.77,0.02,0.54,0,20.23,0.46,1,0.31,0.15,0.46,0.38,7.31,0.69,0,0,0,0,0.15,0,0,329,91,27,186,141,98,140,154,210,237,207,119,289,78,23,32,3,12,16,33,24,13,2,12,6,2,7,8,18,11,15,13,20,17,1,1,1,2,4,3,80,8.31,12.2,101.38,Good,Inconsistent,154,HK #7,65
94,CE #17,MAX LLEWELLYN,,11,10.59,116.49,Centre,Gloucester Rugby,-0.17,0,0,11.35,0.17,0,0,0,0,0,2.09,3.19,3.42,18.45,14.44,16.33,20.45,26.77,808,0.14,4,2,309,7,34,5,0,10,3,73,18,0,0,0,0,0,0,0,90,147,52,75,89,55,26,83,287,96,198,133,65,78,23,32,3,81,16,33,14,22,9,19,18,11,5,20,44,15,24,14,16,1,4,5,1,13,5,7,73.45,0.01,0.36,0.18,28.09,0.64,3.09,0.45,0,0.91,0.27,6.64,1.64,0,0,0,0,0,0,0,37,183,69,91,92,63,20,98,287,107,253,153,61,78,23,32,3,81,16,33,7,25,11,21,17,12,5,25,44,17,33,13,14,1,4,5,1,13,5,7,79,10.91,10.6,115.65,Good,Consistent,132,CE #15,70
95,LF #19,MILES REID,,14,8.17,114.43,Loose Forward,Bath Rugby,15.01,11.68,11.62,0.59,9.62,15.45,8.92,7.29,0,0,3.51,2.3,1.03,17.26,0,6.96,0,3.19,754,0.15,0,2,322,5,10,0,16,6,12,131,16,0,0,0,0,0,0,0,106,131,245,75,83,83,139,294,4,162,14,40,91,78,23,32,3,81,16,33,22,26,52,10,16,9,29,62,3,36,3,21,15,27,1,1,1,17,4,2,53.86,0.01,0,0.14,23,0.36,0.71,0,1.14,0.43,0.86,9.36,1.14,0,0,0,0,0,0,0,186,183,245,109,121,118,191,294,3,242,40,53,157,78,23,32,3,81,16,33,39,38,52,13,21,15,42,62,3,51,7,27,30,27,1,1,1,17,4,2,79,7.83,13.1,102.57,Good,Consistent,151,LF #22,66
96,OB #27,CAMERON ANDERSON,,10,11.28,112.82,Outside Back,Harlequins,1.93,-0.75,0,2.83,0,4.81,0,0,0,0,0,0,1.54,10.41,33.62,14.59,24.72,19.12,572,0.20,2,3,446,7,20,3,1,7,1,39,7,0,0,0,0,0,0,0,181,61,118,56,52,55,74,139,202,138,291,241,230,78,23,32,3,81,16,33,32,24,35,11,28,32,31,34,34,39,43,20,41,1,1,6,1,17,3,6,57.2,0.02,0.2,0.3,44.6,0.7,2,0.3,0.1,0.7,0.1,3.9,0.7,0,0,0,0,0,0,0,158,91,128,51,43,54,65,162,251,153,347,288,285,78,23,32,3,81,16,33,46,28,41,11,34,39,40,42,42,58,55,19,60,1,1,6,1,17,3,6,79,11.12,9.7,107.86,Squad,Average,146,OB #35,67
97,LF #20,ALFIE BARBEARY,,13,8.65,112.5,Loose Forward,Bath Rugby,0,0.4,2.34,13.05,6.51,0,1.42,0,16.72,0,21.2,12.95,10.59,0,14.45,0.8,6.6,5.47,509,0.22,3,1,278,4,37,5,3,7,7,80,10,0,0,0,0,0,0,0,200,43,77,102,103,94,20,83,96,138,77,118,180,78,23,32,3,81,16,33,40,7,17,15,20,14,2,17,36,26,22,39,33,27,1,1,1,17,4,2,39.15,0.02,0.23,0.08,21.38,0.31,2.85,0.38,0.23,0.54,0.54,6.15,0.77,0,0,0,0,0,0,0,289,91,115,146,134,133,26,121,146,208,121,178,267,78,23,32,3,81,16,33,62,18,23,20,23,21,2,25,45,44,29,67,52,27,1,1,1,17,4,2,79,10.21,12.3,125.58,Good,Average,120,LF #15,73
98,LF #21,WILL EVANS,,13,8.64,112.35,Loose Forward,Harlequins,31.02,5.74,0.8,17.86,14.22,-0.85,3.25,0,0,0,0,0,1.24,0.8,0.91,9.57,17.18,10.61,659,0.17,5,3,144,4,7,1,12,10,8,140,15,0,0,0,0,0,0,0,142,106,35,56,173,94,178,220,10,96,58,29,106,78,23,32,3,81,16,33,29,18,6,5,40,14,39,46,8,15,14,14,21,27,1,1,1,17,4,2,50.69,0.01,0.38,0.23,11.08,0.31,0.54,0.08,0.92,0.77,0.62,10.77,1.15,0,0,0,0,0,0,0,209,183,61,72,226,133,223,275,15,138,92,27,154,78,23,32,3,81,16,33,45,38,11,6,57,21,51,57,9,21,21,14,29,27,1,1,1,17,4,2,78,8.2,12.3,100.86,Good,Inconsistent,156,LF #23,64
99,SH #5,RAFFI QUIRKE,,13,8.59,111.71,Scrum Half,Sale Sharks,0,0,5.33,3.95,7.22,2.09,9.5,19.18,15.94,8.18,2.94,11.27,0,0,0,1.47,1.89,22.75,591,0.19,2,4,396,7,23,7,2,15,2,62,17,0,0,0,0,0,0,0,171,72,118,39,63,55,57,48,139,44,244,162,81,78,23,32,3,81,16,33,14,5,9,15,1,4,1,6,6,5,10,6,7,1,1,2,1,4,1,10,45.46,0.01,0.15,0.31,30.46,0.54,1.77,0.54,0.15,1.15,0.15,4.77,1.31,0,0,0,0,0,0,0,245,183,161,45,82,74,85,70,210,73,328,245,117,78,23,32,3,81,16,33,12,11,10,14,2,2,1,6,9,5,16,2,8,1,1,2,1,4,1,10,78,7.58,12.3,93.23,Good,Very Consistent,185,SH #8,58
100,LF #22,GUY PEPPER,,12,9.19,110.27,Loose Forward,Bath Rugby,3,4.1,6.15,0,17.13,0,0,2.77,4.68,12.21,10.05,0,13.96,0,2.63,25.29,8.3,0,573,0.19,5,1,234,3,13,8,10,3,9,94,13,0,0,0,0,1,0,0,180,72,35,102,121,114,114,41,14,240,41,90,131,78,23,32,3,17,16,33,37,11,6,15,25,22,22,8,10,51,12,32,27,27,1,1,1,5,4,2,47.75,0.02,0.42,0.08,19.5,0.25,1.08,0.67,0.83,0.25,0.75,7.83,1.08,0,0,0,0,0.08,0,0,230,91,52,146,147,152,133,44,18,298,56,95,171,78,23,32,3,43,16,33,50,18,9,20,29,28,23,9,10,64,11,44,33,27,1,1,1,10,4,2,78,9.64,11.5,110.86,Good,Average,139,LF #20,68
100,SH #6,BEN SPENCER,,14,7.88,110.27,Scrum Half,Bath Rugby,10.57,13.99,0,-0.96,5.99,13.93,16.03,4.28,5.29,5.56,21.98,0,0,0,4.18,-1.42,10.52,0.33,982,0.11,2,10,199,4,12,5,3,16,2,39,14,0,0,9,0,0,0,1,49,206,118,6,145,94,125,83,96,36,244,241,116,78,23,21,3,81,16,4,2,13,9,3,9,8,7,9,2,2,10,12,12,1,1,1,1,4,1,2,70.14,0.01,0.14,0.71,14.21,0.29,0.86,0.36,0.21,1.14,0.14,2.79,1,0,0,0.64,0,0,0,0.07,57,183,165,8,196,140,165,128,158,74,330,350,179,78,23,22,3,81,16,17,2,11,11,3,12,11,10,9,4,6,17,14,13,1,1,1,1,4,1,6,78,7.01,13.1,91.83,Good,Very Consistent,189,SH #9,57
102,CE #18,MATIAS MORONI,,12,9.04,108.48,Centre,Bristol Bears,0,0,0,8.16,9.03,0,0,17.82,20.68,1.4,2.92,2.21,1.71,29.26,8.67,-3.91,10.53,0,718,0.15,4,3,282,8,16,8,5,6,2,66,22,0,0,0,0,1,0,0,119,131,52,56,102,46,91,41,47,162,244,152,30,78,23,32,3,17,16,33,19,17,9,13,19,9,22,8,9,26,32,17,7,1,4,5,1,4,5,7,59.83,0.01,0.33,0.25,23.5,0.67,1.33,0.67,0.42,0.5,0.17,5.5,1.83,0,0,0,0,0.08,0,0,140,183,75,66,119,56,117,44,65,215,318,208,44,78,23,32,3,43,16,33,30,25,15,16,24,11,26,8,12,38,42,26,11,1,4,5,1,9,5,7,78,8.67,11.4,98.84,Good,Average,161,CE #20,63
103,CE #19,JAMES WILLIAMS,,11,9.7,106.72,Centre,Bristol Bears,0,0,0,0,0,13.67,-0.51,15.89,22.64,3.24,7.77,9.88,13.29,7.51,1.93,11.41,0,0,682,0.16,0,2,219,3,17,11,1,7,4,74,12,0,1,17,0,1,0,1,134,118,245,75,129,114,87,20,202,138,158,129,140,78,18,13,3,17,16,4,21,14,35,19,25,23,21,4,31,22,20,13,23,1,3,3,1,4,5,1,62,0.01,0,0.18,19.91,0.27,1.55,1,0.09,0.64,0.36,6.73,1.09,0,0.09,1.55,0,0.09,0,0.09,124,183,245,91,143,145,98,14,259,180,213,147,169,78,21,13,3,37,16,11,26,25,35,21,31,28,21,3,41,33,26,12,34,1,3,2,1,8,5,1,77,9.2,10.6,97.52,Good,Very Consistent,170,CE #22,61
104,OB #28,TOBIAS ELLIOTT,,6,17.59,105.52,Outside Back,Saracens,0,0,0,0,0,0,0,0,0,0,32.48,23.32,0,0,10.24,2.18,21.07,16.23,368,0.29,5,1,287,10,16,6,3,8,2,29,13,0,0,0,0,0,0,0,244,13,35,102,100,34,91,60,96,126,244,284,131,78,23,32,3,81,16,33,40,6,16,23,40,23,36,19,14,36,34,31,26,1,1,6,1,17,3,6,61.33,0.05,0.83,0.17,47.83,1.67,2.67,1,0.5,1.33,0.33,4.83,2.17,0,0,0,0,0,0,0,130,30,6,95,34,5,31,14,35,52,221,242,16,78,23,32,3,81,16,33,39,8,5,24,28,5,22,8,4,36,25,12,6,1,1,6,1,17,3,6,77,14.06,9.9,139.19,Good,Very Consistent,97,OB #27,78
105,OB #29,TYRONE GREEN,,7,15.01,105.1,Outside Back,Harlequins,24.73,20.49,7.18,10.91,35.4,0,0,0,0,6.06,0.33,0,0,0,0,0,0,0,445,0.24,4,0,516,6,23,5,0,10,1,15,9,0,0,0,0,0,0,0,218,33,52,186,36,71,57,83,287,96,291,334,191,78,23,32,3,81,16,33,38,12,21,42,24,36,27,24,46,31,43,45,37,1,1,6,1,17,3,6,63.57,0.03,0.57,0,73.71,0.86,3.29,0.71,0,1.43,0.14,2.14,1.29,0,0,0,0,0,0,0,106,56,24,186,3,42,18,41,287,38,330,379,119,78,23,32,3,81,16,33,32,17,14,42,3,35,13,20,46,27,53,52,34,1,1,6,1,17,3,6,77,13.14,7.6,99.86,Squad,Average,158,OB #36,64
106,SH #7,JACK VAN POORTVLIET,,15,6.99,104.83,Scrum Half,Leicester Tigers,16.38,9.79,6.1,0,0,0,1.76,8.8,-0.73,20.82,3.54,-0.31,4.33,-0.94,7.43,17.45,4.22,6.19,918,0.11,4,9,205,2,15,13,3,19,1,66,19,0,0,0,0,0,0,0,62,206,52,8,137,144,97,11,96,16,291,152,50,78,23,32,3,81,16,33,4,13,4,5,8,11,4,1,2,1,17,3,5,1,1,2,1,4,1,10,61.2,0.01,0.27,0.6,13.67,0.13,1,0.87,0.2,1.27,0.07,4.4,1.27,0,0,0,0,0,0,0,132,183,98,13,199,217,140,29,167,59,358,259,123,78,23,32,3,81,16,33,6,11,7,5,14,16,6,2,5,3,22,6,10,1,1,2,1,4,1,10,77,6.3,13.9,87.57,Good,Very Consistent,204,SH #10,53
107,LF #23,SAM UNDERHILL,,15,6.97,104.49,Loose Forward,Bath Rugby,9.17,3.57,7.51,16.18,7.08,0,10.43,2.8,2.61,0.69,7.19,0,0,8.22,15.59,0.52,8.2,4.73,714,0.15,4,0,215,5,15,1,6,9,5,133,18,0,0,0,0,0,0,0,122,131,52,186,132,83,97,220,33,112,127,38,65,78,23,32,3,81,16,33,26,26,11,31,30,9,18,46,17,18,34,19,10,27,1,1,1,17,4,2,47.6,0.01,0.27,0,14.33,0.33,1,0.07,0.4,0.6,0.33,8.87,1.2,0,0,0,0,0,0,0,231,183,98,186,192,121,140,280,70,191,221,62,140,78,23,32,3,81,16,33,51,38,18,31,46,17,27,58,32,36,46,31,25,27,1,1,1,17,4,2,76,6.87,13.9,95.49,Squad,Consistent,176,LF #26,60
108,FH #14,ROBERT DU PREEZ,,14,7.35,102.92,Fly Half,Sale Sharks,2.36,-0.51,13.18,7.7,9.15,14.04,15.8,8.85,12.71,4.36,3.92,11.35,1.01,-1,0,0,0,0,1019,0.10,3,8,182,4,10,3,5,19,1,59,21,0,0,8,0,0,0,1,38,227,77,11,155,94,139,139,47,16,291,177,39,78,23,22,3,81,16,4,6,19,6,5,15,10,16,12,3,3,17,13,8,1,20,17,3,7,1,2,72.79,0.01,0.21,0.57,13,0.29,0.71,0.21,0.36,1.36,0.07,4.21,1.5,0,0,0.57,0,0,0,0.07,42,183,125,15,204,140,191,205,83,49,358,268,80,78,23,23,3,81,16,17,7,14,6,7,16,12,18,15,4,5,22,15,10,1,20,17,3,7,1,5,76,,,,,Average,,,
109,LF #24,CHANDLER CUNNINGHAM-SOUTH,,14,7.35,102.91,Loose Forward,Harlequins,-0.73,7.18,9.33,2.58,0,7.86,5.37,3.09,12.69,15.26,0,0,8.74,8.63,12.44,10.4,0.07,0,951,0.11,2,3,226,3,21,7,2,14,14,147,16,4,0,0,0,2,0,0,57,206,118,56,124,114,65,48,139,50,7,21,91,13,23,32,3,3,16,33,12,50,30,5,27,22,12,9,42,7,1,9,15,3,1,1,1,1,4,2,67.93,0.01,0.14,0.21,16.14,0.21,1.5,0.5,0.14,1,1,10.5,1.14,0.29,0,0,0,0.14,0,0,70,183,165,78,177,172,100,73,216,81,12,31,157,22,23,32,3,16,16,33,11,38,41,8,41,32,14,15,56,9,2,18,30,9,1,1,1,3,4,2,76,7.17,13.1,93.93,Squad,Consistent,183,LF #27,58
110,OB #30,JOE COKANASIGA,,13,7.91,102.78,Outside Back,Bath Rugby,2.21,0.8,18.26,0,13.72,17.36,10.58,0.08,0,0,0,3.82,9.97,0,3.48,10.07,13.49,-1.06,1028,0.10,2,1,581,9,22,12,3,17,4,46,22,0,0,0,0,2,0,0,37,227,118,102,31,40,62,13,96,28,158,214,30,78,23,32,3,3,16,33,10,53,35,23,21,26,28,5,14,16,14,14,7,1,1,6,1,1,3,6,79.08,0.01,0.15,0.08,44.69,0.69,1.69,0.92,0.23,1.31,0.31,3.54,1.69,0,0,0,0,0.15,0,0,5,183,161,146,42,55,91,21,146,53,241,306,54,78,23,32,3,12,16,33,3,49,47,36,33,40,49,12,28,37,31,27,20,1,1,6,1,2,3,6,76,10.43,12.1,126.2,Good,Average,114,OB #28,74
111,LF #25,WILL TRENHOLM,,10,10.24,102.39,Loose Forward,Gloucester Rugby,0,0,0,0,0,13.38,0,0,0,8.22,4.22,4.84,3.57,32.29,7.47,6.36,10.62,11.42,572,0.18,2,0,363,0,23,9,7,11,3,73,8,1,0,0,0,0,0,0,181,90,118,186,71,271,57,33,22,84,198,133,208,45,23,32,3,81,16,33,38,16,30,31,13,54,10,7,13,12,43,43,41,15,1,1,1,17,4,2,57.2,0.02,0.2,0,36.3,0,2.3,0.9,0.7,1.1,0.3,7.3,0.8,0.1,0,0,0,0,0,0,158,91,128,186,63,271,51,24,22,76,244,120,252,57,23,32,3,81,16,33,33,18,29,31,5,54,5,5,13,8,50,53,50,19,1,1,1,17,4,2,76,11.68,11.3,131.98,Good,Average,106,LF #11,76
112,LF #26,TOMMY REFFELL,,12,8.32,99.8,Loose Forward,Leicester Tigers,0,1.58,5.48,9.56,8.39,19.05,10,3.21,0,11.25,0,0,0,0,5.08,6.14,8.31,11.75,762,0.13,3,0,73,2,4,2,19,1,2,115,11,0,0,0,0,0,0,0,102,158,77,186,244,144,227,177,1,310,244,63,162,78,23,32,3,81,16,33,21,34,17,31,56,30,51,37,1,64,48,22,32,27,1,1,1,17,4,2,63.5,0.01,0.25,0,6.08,0.17,0.33,0.17,1.58,0.08,0.17,9.58,0.92,0,0,0,0,0,0,0,108,183,105,186,294,192,274,232,1,361,318,49,214,78,23,32,3,81,16,33,23,38,20,31,67,37,59,45,1,71,60,25,41,27,1,1,1,17,4,2,75,7.95,11.5,91.43,Squad,Very Consistent,191,LF #28,56
113,SH #8,TOMOS WILLIAMS,,11,9.07,99.78,Scrum Half,Gloucester Rugby,5.23,3.64,-1.6,0,14.77,13.27,-0.73,10,0,20.36,3.25,0,0,21.88,9.71,0,0,0,730,0.14,1,11,176,5,8,9,1,11,2,51,15,0,0,0,0,0,0,2,113,147,170,4,160,83,168,33,202,84,244,198,106,78,23,32,3,81,16,1,7,11,15,2,12,6,9,4,14,10,10,8,10,1,1,2,1,4,1,1,66.36,0.01,0.09,1,16,0.45,0.73,0.82,0.09,1,0.18,4.64,1.36,0,0,0,0,0,0,0.18,79,183,209,3,178,100,188,34,259,81,314,249,104,78,23,32,3,81,16,3,3,11,16,2,10,8,11,3,17,8,15,3,7,1,1,2,1,4,1,2,75,10.47,10.7,112.03,Premium,Very Consistent,137,SH #4,69
114,OB #31,BEN REDSHAW,,6,16.54,99.26,Outside Back,Gloucester Rugby,0,0,0,0,-0.19,29.66,0,0,0,0,13.76,9.98,0,0,0,0,9.54,36.51,456,0.22,6,1,329,8,17,3,2,10,1,12,12,0,0,0,0,0,0,0,212,43,26,102,81,46,87,139,139,96,291,350,140,78,23,32,3,81,16,33,37,17,12,23,36,30,35,34,22,31,43,49,28,1,1,6,1,17,3,6,76,0.04,1,0.17,54.83,1.33,2.83,0.5,0.33,1.67,0.17,2,2,0,0,0,0,0,0,0,22,44,3,95,22,15,27,73,90,17,318,385,21,78,23,32,3,81,16,33,7,12,3,24,18,13,20,26,14,14,47,54,8,1,1,6,1,17,3,6,75,13.53,11.4,154.24,Good,Average,68,OB #18,85
115,LK #10,GUIDO PETTI,,13,7.55,98.2,Lock,Harlequins,0,0,9.41,8.32,9.63,1.86,8.26,1.72,2.04,7.26,1.11,4,17.1,24.16,0,0,0,3.33,889,0.11,1,2,131,2,9,7,3,6,9,115,15,6,0,0,0,0,0,0,71,206,170,75,188,144,153,48,96,162,41,63,106,5,23,32,3,81,16,33,14,10,14,1,11,11,8,2,9,16,6,19,13,4,1,1,1,10,4,1,68.38,0.01,0.08,0.15,10.08,0.15,0.69,0.54,0.23,0.46,0.69,8.85,1.15,0.46,0,0,0,0,0,0,67,183,219,107,239,206,196,70,146,237,78,63,154,11,23,32,3,81,16,33,11,15,17,2,12,16,7,1,15,21,12,16,15,7,1,1,1,10,4,1,75,14.9,12.2,181.78,Good,Average,42,LK #10,91
116,CE #20,LUKE NORTHMORE,,10,9.75,97.47,Centre,Harlequins,0,0,0,3.91,6.48,4.62,1.38,7.49,3.91,1.91,0,0,0,15.7,34.53,17.54,0,0,607,0.16,3,1,379,6,21,5,3,13,6,54,11,0,0,0,0,0,0,0,166,118,77,102,68,71,65,83,96,61,101,187,162,78,23,32,3,81,16,33,26,14,16,24,15,18,16,20,15,11,9,22,28,1,4,5,1,13,5,7,60.7,0.02,0.3,0.1,37.9,0.6,2.1,0.5,0.3,1.3,0.6,5.4,1.1,0,0,0,0,0,0,0,135,91,90,128,58,67,63,73,117,55,99,215,166,78,23,32,3,81,16,33,28,11,21,31,7,15,15,19,21,7,10,30,33,1,4,5,1,13,5,7,74,9.24,9.8,90.55,Squad,Average,194,CE #24,56
117,LF #27,JACQUES VERMEULEN,,13,7.46,97.04,Loose Forward,Sale Sharks,10.66,0,0,0,3.61,8.4,4.72,14.38,5.71,5.83,8.62,10.23,0.57,5.83,10.07,8.41,0,0,826,0.12,3,0,215,4,14,5,2,5,1,108,14,0,0,0,0,0,0,0,85,181,77,186,132,94,107,83,139,187,291,71,116,78,23,32,3,81,16,33,18,42,17,31,30,14,19,17,42,40,55,24,23,27,1,1,1,17,4,2,63.54,0.01,0.23,0,16.54,0.31,1.08,0.38,0.15,0.38,0.08,8.31,1.08,0,0,0,0,0,0,0,107,183,115,186,172,133,133,121,210,257,357,77,171,78,23,32,3,81,16,33,22,38,23,31,40,21,23,25,55,55,66,39,33,27,1,1,1,17,4,2,74,7.26,12.3,89.3,Squad,Very Consistent,200,LF #29,54
118,SH #9,SIMON BENITEZ CRUZ,,15,6.45,96.81,Scrum Half,Newcastle Red Bull,0,0,3.98,0.81,3.39,6.09,3.04,2.11,23.4,-5.65,13.31,4.46,-0.26,0,12.48,14.11,2.64,12.9,977,0.10,3,6,363,8,21,10,0,16,6,67,36,0,0,0,0,1,0,0,50,227,77,20,71,46,65,26,287,36,101,150,3,78,23,32,3,17,16,33,3,16,5,9,4,1,2,3,22,2,1,2,1,1,1,2,1,1,1,10,65.13,0.01,0.2,0.4,24.2,0.53,1.4,0.67,0,1.07,0.4,4.47,2.4,0,0,0,0,0.07,0,0,94,183,128,31,116,76,111,44,287,79,188,257,8,78,23,32,3,54,16,33,4,11,9,10,5,3,2,4,22,7,1,5,1,1,1,2,1,2,1,10,74,10.37,13.9,144.14,Premium,Consistent,86,SH #1,81
119,CE #21,BRYN BRADLEY,,11,8.71,95.8,Centre,Harlequins,0,0,0,0,0,0,0,2.05,-0.01,3.43,2.22,11.14,5.62,24.16,20.12,6.06,10.58,10.43,764,0.13,4,4,214,3,8,2,5,12,3,100,12,0,0,0,0,0,0,0,101,158,52,39,134,114,168,177,47,71,198,82,140,78,23,32,3,81,16,33,16,25,9,8,26,23,30,32,9,14,24,6,23,1,4,5,1,13,5,7,69.45,0.01,0.36,0.36,19.45,0.27,0.73,0.18,0.45,1.09,0.27,9.09,1.09,0,0,0,0,0,0,0,61,183,69,38,148,145,188,225,53,77,253,56,169,78,23,32,3,81,16,33,13,25,11,7,32,28,34,42,9,12,33,3,34,1,4,5,1,13,5,7,74,8.41,10.6,89.15,Squad,Consistent,202,CE #25,54
120,PR #1,ELLIS GENGE,,12,7.77,93.23,Prop,Bristol Bears,0,0,3.84,0,3.79,0,26.12,21.62,12.71,1.94,0,4.23,2.38,5.59,4.23,5.11,1.67,0,728,0.13,1,2,304,3,21,4,2,5,10,96,7,0,0,0,0,0,0,0,116,158,170,75,92,114,65,110,139,187,29,87,230,78,23,32,3,81,16,33,11,2,12,1,1,1,1,4,14,6,14,12,30,5,1,1,1,11,1,1,60.67,0.01,0.08,0.17,25.33,0.25,1.75,0.33,0.17,0.42,0.83,8,0.58,0,0,0,0,0,0,0,136,183,219,95,112,152,86,135,196,245,42,87,321,78,23,32,3,81,16,33,2,15,20,1,1,1,1,3,20,4,19,11,43,5,1,1,1,11,1,1,74,21.08,11.4,240.31,Premium,Very Consistent,10,PR #5,98
121,LF #28,ETHAN ROOTS,,13,7.06,91.81,Loose Forward,Exeter Chiefs,0,11.86,4.39,5.73,8.7,14.76,9.95,9.58,3.64,9.07,0,0,10.77,-14.95,0,0,13.66,4.65,906,0.10,0,4,355,2,13,6,5,7,8,132,27,1,0,0,0,0,1,0,66,227,245,39,74,144,114,60,47,138,58,39,20,45,23,32,3,81,1,33,15,56,52,2,14,30,22,11,23,26,14,20,4,15,1,1,1,17,1,2,69.69,0.01,0,0.31,27.31,0.15,1,0.46,0.38,0.54,0.62,10.15,2.08,0.08,0,0,0,0,0.08,0,59,183,245,45,98,206,140,96,76,208,92,37,19,62,23,32,3,81,8,33,8,38,52,3,15,41,27,20,34,44,21,21,4,20,1,1,1,17,3,2,73,6.94,12.3,85.36,Squad,Inconsistent,218,LF #30,50
122,HK #8,SAM RILEY,,10,9.15,91.48,Hooker,Harlequins,0,-0.34,0,0,0,0,9.14,0,4.41,5.27,0,2.27,0,9.23,25.52,16.97,10.05,8.96,400,0.23,2,2,216,2,16,5,2,5,5,61,5,0,0,0,0,0,0,0,232,36,118,75,131,144,91,83,139,187,127,167,274,78,23,32,3,81,16,33,20,7,12,2,7,7,4,4,11,11,9,18,24,17,1,1,1,9,4,3,40,0.02,0.2,0.2,21.6,0.2,1.6,0.5,0.2,0.5,0.5,6.1,0.5,0,0,0,0,0,0,0,282,91,128,81,132,174,96,73,167,215,129,183,332,78,23,32,3,81,16,33,19,13,14,2,5,11,2,3,13,8,9,22,25,17,1,1,1,9,4,3,73,8.45,9.8,82.81,Good,Average,227,HK #12,48
123,FH #15,SAM WORSLEY,,10,8.91,89.14,Fly Half,Bristol Bears,0,6.12,7.9,29.59,4,19.06,0.33,0,0,0,5.9,0,0,0,0,0,0,16.24,451,0.20,2,1,112,2,15,2,1,10,3,43,11,0,4,17,0,0,0,0,215,61,118,102,204,144,97,177,202,96,198,226,162,78,9,13,3,81,16,33,17,9,8,17,19,14,11,13,13,17,10,16,16,1,7,11,3,7,1,10,45.1,0.02,0.2,0.1,11.2,0.2,1.5,0.2,0.1,1,0.3,4.3,1.1,0,0.4,1.7,0,0,0,0,248,91,128,128,224,174,100,206,251,81,244,265,166,78,8,12,3,81,16,33,18,6,7,18,19,17,10,16,15,12,10,14,16,1,7,10,3,7,1,10,73,9.03,10.3,93.01,Squad,Average,186,FH #14,58
124,LK #11,NICK ISIEKWE,,17,5.21,88.53,Lock,Saracens,3.91,9.39,1,4.26,0.65,6.53,7.46,9.03,2.71,12.68,3.06,-1.28,0,0.78,6.49,4.08,6.49,11.29,949,0.09,2,1,117,1,5,4,2,9,7,136,23,6,0,0,0,0,0,0,58,254,118,102,202,193,210,110,139,112,77,34,28,5,23,32,3,81,16,33,10,20,5,5,16,13,15,9,16,11,12,9,2,4,1,1,1,10,4,1,55.82,0.01,0.12,0.06,6.88,0.06,0.29,0.24,0.12,0.53,0.41,8,1.35,0.35,0,0,0,0,0,0,168,183,189,172,285,259,287,194,237,212,186,87,107,17,23,32,3,81,16,33,21,15,13,11,19,24,22,18,27,18,30,21,11,10,1,1,1,10,4,1,73,10.57,15.4,162.78,Good,Consistent,58,LK #12,87
125,LF #29,HANRO LIEBENBERG,,13,6.77,88,Loose Forward,Leicester Tigers,3,0,-1.05,15.61,10.96,4.3,0,0,0,5.29,12.57,10.97,0,8.56,3.69,5.45,4.54,4.11,961,0.09,1,1,148,0,11,2,6,11,10,140,16,5,0,0,0,0,0,0,54,254,170,102,171,271,133,177,33,84,29,29,91,8,23,32,3,81,16,33,11,59,39,15,39,54,28,37,17,12,10,14,15,2,1,1,1,17,4,2,73.92,0.01,0.08,0.08,11.38,0,0.85,0.15,0.46,0.85,0.77,10.77,1.23,0.38,0,0,0,0,0,0,33,183,219,146,222,271,168,244,52,119,52,27,132,14,23,32,3,81,16,33,5,38,50,20,56,54,32,49,28,17,10,14,23,6,1,1,1,17,4,2,72,,,,,Consistent,,,
126,LF #30,JAMES VENTER,,13,6.76,87.87,Loose Forward,Gloucester Rugby,5.69,12.12,6.66,8.42,2.15,0,0,4.71,5.06,1.34,0,0,0,-0.42,7.61,10.22,8.15,16.16,741,0.12,3,0,186,0,14,4,7,7,8,139,12,0,0,0,0,0,0,0,109,181,77,186,152,271,107,110,22,138,58,31,140,78,23,32,3,81,16,33,23,42,17,31,35,54,19,23,13,26,14,16,29,27,1,1,1,17,4,2,57,0.01,0.23,0,14.31,0,1.08,0.31,0.54,0.54,0.62,10.69,0.92,0,0,0,0,0,0,0,160,183,115,186,193,271,133,154,33,208,92,29,214,78,23,32,3,81,16,33,34,38,23,31,47,54,23,32,18,44,21,16,41,27,1,1,1,17,4,2,72,6.7,12.3,82.41,Squad,Consistent,228,LF #32,48
127,LF #31,TOM HOOPER,,15,5.85,87.73,Loose Forward,Exeter Chiefs,0,0,0,6.48,2.7,-2.97,-3.43,2.73,9.38,0.33,15.38,10.16,5.47,2.53,3.74,10.59,10.95,13.69,972,0.09,0,1,250,2,13,7,10,8,9,136,9,0,0,0,0,2,0,0,53,254,245,102,112,144,114,48,14,126,41,34,191,78,23,32,3,3,16,33,10,59,52,15,24,30,22,9,10,23,12,17,36,27,1,1,1,1,4,2,64.8,0.01,0,0.07,16.67,0.13,0.87,0.47,0.67,0.53,0.6,9.07,0.6,0,0,0,0,0.13,0,0,100,183,245,163,168,217,164,95,25,212,99,57,314,78,23,32,3,22,16,33,19,38,52,25,38,44,29,19,15,47,26,28,61,27,1,1,1,5,4,2,72,5.97,13.9,82.98,Squad,Average,225,LF #31,49
128,LK #12,MATIAS ALEMANNO,,15,5.84,87.54,Lock,Gloucester Rugby,2.03,3.62,10.9,5.57,9.05,3.29,0,0,0,11.07,10.03,10.2,1.26,5.36,7.45,4.62,1.06,2.03,931,0.09,2,0,126,1,9,0,5,10,6,123,7,3,0,0,0,0,0,0,60,254,118,186,193,193,153,294,47,96,101,47,230,20,23,32,3,81,16,33,12,20,5,15,13,13,8,32,6,7,16,14,26,13,1,1,1,10,4,1,62.07,0.01,0.13,0,8.4,0.07,0.6,0,0.33,0.67,0.4,8.2,0.47,0.2,0,0,0,0,0,0,123,183,172,186,260,251,211,294,90,161,188,80,354,33,23,32,3,81,16,33,17,15,9,15,14,22,10,32,9,10,31,18,45,18,1,1,1,10,4,1,72,,,,,Very Consistent,,,
129,HK #9,KEPU TUIPULOTU,,11,7.93,87.23,Hooker,Bath Rugby,3.05,0,9.03,0,5.89,0,0,0,3.56,2.25,12.91,15.12,0,13.55,2.85,0,7.1,11.92,349,0.25,2,1,170,3,10,2,4,4,4,61,4,2,0,0,0,0,0,0,249,29,118,102,163,114,139,177,67,214,158,167,297,28,23,32,3,81,16,33,21,6,12,3,11,5,8,15,5,15,14,18,27,3,1,1,1,9,4,3,31.73,0.02,0.18,0.09,15.45,0.27,0.91,0.18,0.36,0.36,0.36,5.55,0.36,0.18,0,0,0,0,0,0,332,91,153,141,181,145,161,225,83,264,213,204,370,38,23,32,3,81,16,33,26,13,17,5,9,7,10,17,5,17,17,27,30,6,1,1,1,9,4,3,72,8.47,10.6,89.78,Good,Consistent,197,HK #8,55
130,OB #32,JAMES RAMM,,7,12.18,85.29,Outside Back,Northampton Saints,9.02,0,0,0,0,0,0,13.3,21.34,0,3.09,17.41,0,0,0,0,0.54,20.59,463,0.18,0,2,351,4,25,10,2,7,3,43,8,0,0,0,0,1,0,0,210,90,245,75,76,94,48,26,139,138,198,226,208,78,23,32,3,17,16,33,36,34,53,15,33,39,23,10,22,39,23,16,39,1,1,6,1,3,3,6,66.14,0.03,0,0.29,50.14,0.57,3.57,1.43,0.29,1,0.43,6.14,1.14,0,0,0,0,0.14,0,0,84,56,245,55,29,72,10,3,121,81,172,179,157,78,23,32,3,16,16,33,25,17,53,12,23,45,6,2,20,43,16,3,41,1,1,6,1,4,3,6,71,11.49,7.6,87.32,Squad,Consistent,206,OB #41,53
131,LK #13,MARO ITOJE,,10,8.49,84.91,Lock,Saracens,0,0,0,14.07,14.79,0,0,0,5.52,0,0,5.52,9.72,8.7,0.04,15.03,8.92,2.6,729,0.12,0,1,128,1,9,3,10,8,10,117,14,7,0,0,0,1,0,0,115,181,245,102,190,193,153,139,14,126,29,58,116,3,23,32,3,17,16,33,19,7,23,5,12,13,8,13,2,12,4,16,14,3,1,1,1,2,4,1,72.9,0.01,0,0.1,12.8,0.1,0.9,0.3,1,0.8,1,11.7,1.4,0.7,0,0,0,0.1,0,0,41,183,245,128,212,231,162,162,5,126,12,17,93,2,23,32,3,32,16,33,7,15,23,5,9,18,3,13,1,6,1,6,7,1,1,1,1,4,4,1,71,16.64,9.8,163.07,Good,Very Consistent,56,LK #11,87
132,LF #32,THEO MCFARLAND,,12,7.01,84.11,Loose Forward,Saracens,0,0,0,0,2.11,15.87,0,11.78,15.27,0,15.1,8.34,7.24,3.34,-8.27,8.9,3.49,0.94,700,0.12,3,0,229,2,13,11,6,19,12,102,19,3,0,0,0,1,0,0,127,181,77,186,123,144,114,20,33,16,14,81,50,20,23,32,3,17,16,33,28,42,17,31,26,30,22,3,17,1,3,30,6,8,1,1,1,5,4,2,58.33,0.01,0.25,0,19.08,0.17,1.08,0.92,0.5,1.58,1,8.5,1.58,0.25,0,0,0,0.08,0,0,150,183,105,186,151,192,133,21,35,22,12,73,73,26,23,32,3,43,16,33,31,38,20,31,30,37,23,3,20,3,2,36,10,11,1,1,1,10,4,2,71,,,,,Inconsistent,,,
133,HK #10,TOM DUNN,,12,7,83.95,Hooker,Bath Rugby,12.53,6.73,12.53,5.79,11.38,7.28,6.98,12.12,7.2,0,6.87,0,7.34,0,0,-12.8,0,0,644,0.13,4,0,199,0,3,2,4,6,8,120,13,1,0,0,0,0,1,0,150,158,52,186,145,271,242,177,67,162,58,51,131,45,23,32,3,81,1,33,6,21,5,12,8,21,17,15,5,6,6,5,8,8,1,1,1,9,1,3,53.67,0.01,0.33,0,16.58,0,0.25,0.17,0.33,0.5,0.67,10,1.08,0.08,0,0,0,0,0.08,0,188,183,75,186,171,271,296,232,90,215,82,40,171,62,23,32,3,81,8,33,8,23,9,12,8,21,26,19,6,8,5,3,10,11,1,1,1,9,2,3,71,6.73,11.4,76.72,Squad,Average,249,HK #14,43
134,CE #22,SOLOMONE KATA,,11,7.63,83.91,Centre,Leicester Tigers,2.22,9.36,3.04,0.93,10.65,0,26.73,2.34,0,0,0,0,0,0,10.75,11.81,2.76,3.32,599,0.14,1,1,241,2,21,6,2,6,0,77,8,0,0,0,0,0,0,0,169,147,170,102,115,144,65,60,139,162,363,122,208,78,23,32,3,81,16,33,27,22,27,24,22,27,16,14,24,26,45,12,33,1,4,5,1,13,5,7,54.45,0.01,0.09,0.09,21.91,0.18,1.91,0.55,0.18,0.55,0,7,0.73,0,0,0,0,0,0,0,180,183,209,141,131,187,76,68,189,205,363,129,277,78,23,32,3,81,16,33,35,25,33,33,29,37,16,18,34,37,45,9,46,1,4,5,1,13,5,7,70,9.54,10.6,101.12,Good,Average,155,CE #19,65
135,HK #11,JAMIE GEORGE,,13,6.4,83.15,Hooker,Saracens,0,0,1.59,8.65,0,0,8.71,7.46,1.8,6.47,0,3.85,3.13,6.22,10.71,7.2,5.77,11.59,574,0.14,0,3,107,0,7,6,0,7,3,90,7,3,0,0,0,0,0,0,178,147,245,56,206,271,178,60,287,138,198,98,230,20,23,32,3,81,16,33,12,20,25,1,14,21,10,3,23,4,19,11,20,1,1,1,1,9,4,3,44.15,0.01,0,0.23,8.23,0,0.54,0.46,0,0.54,0.23,6.92,0.54,0.23,0,0,0,0,0,0,256,183,245,72,264,271,223,96,287,208,280,137,329,30,23,32,3,81,16,33,14,23,25,1,21,21,14,4,23,7,23,16,24,3,1,1,1,9,4,3,70,6.25,12.2,76.25,Squad,Very Consistent,253,HK #16,42
136,HK #12,ROBBIE SMITH,,15,5.52,82.82,Hooker,Northampton Saints,0,1,7.38,4.1,6.1,2.19,6.84,14.63,4.8,10.22,1.14,0,4.25,5.62,5.97,4.4,4.18,0,628,0.13,1,1,64,0,3,3,3,2,4,124,16,2,0,0,0,0,0,0,159,158,170,102,261,271,242,139,96,274,158,45,91,28,23,32,3,81,16,33,8,21,18,3,22,21,17,9,8,22,14,3,5,3,1,1,1,9,4,3,41.87,0.01,0.07,0.07,4.27,0,0.2,0.2,0.2,0.13,0.27,8.27,1.07,0.13,0,0,0,0,0,0,271,183,232,163,330,271,309,206,167,342,253,78,176,48,23,32,3,81,16,33,17,23,23,9,34,21,28,16,13,28,20,8,11,8,1,1,1,9,4,3,70,5.55,13.8,76.59,Squad,Consistent,250,HK #15,43
137,LK #14,JOE BATLEY,,14,5.61,78.52,Lock,Bristol Bears,9.91,9.8,9.84,11.18,4.93,6.65,15.4,-15.26,0,3.32,0,0,5.74,0,4.21,-5.03,5.92,11.91,1071,0.07,1,0,186,3,15,4,3,4,13,139,17,2,0,0,0,1,1,0,34,298,170,186,152,114,97,110,96,214,8,31,81,28,23,32,3,17,1,33,7,31,14,15,9,5,1,9,9,23,1,8,10,16,1,1,1,2,1,1,76.5,0.01,0.07,0,13.29,0.21,1.07,0.29,0.21,0.29,0.93,9.93,1.21,0.14,0,0,0,0.07,0.07,0,18,183,232,186,202,172,137,166,158,285,35,44,135,45,23,32,3,54,11,33,3,15,19,15,8,7,2,14,16,29,6,11,13,24,1,1,1,7,2,1,70,11.3,13,146.9,Squad,Inconsistent,82,LK #13,81
138,CE #23,CAMERON REDPATH,,12,6.5,78,Centre,Bath Rugby,5.49,8.03,0,10.53,17.52,-1,2.38,0,10.63,0,0,3.52,0,0,-0.01,18.95,1.3,0.66,631,0.12,4,1,213,3,12,6,1,6,3,60,10,0,0,0,0,0,0,0,157,181,52,102,135,114,125,60,202,162,198,172,180,78,23,32,3,81,16,33,25,29,9,24,27,23,26,14,31,26,24,19,32,1,4,5,1,13,5,7,52.58,0.01,0.33,0.08,17.75,0.25,1,0.5,0.08,0.5,0.25,5,0.83,0,0,0,0,0,0,0,200,183,75,146,159,152,140,73,263,215,259,226,241,78,23,32,3,81,16,33,38,25,15,34,35,30,30,19,42,38,36,31,44,1,4,5,1,13,5,7,70,6.64,11.4,75.7,Squad,Average,256,CE #29,42
139,LK #15,CAMERON HENDERSON,,15,5.17,77.61,Lock,Leicester Tigers,6.07,-0.47,0,3.72,12.03,3.81,4.95,8.69,7.98,15.37,0,0,6.37,-0.81,5.03,-1.46,1.85,4.48,938,0.08,2,0,120,1,7,0,1,10,8,152,13,5,0,0,0,0,0,0,59,276,118,186,198,193,178,294,202,96,58,18,131,8,23,32,3,81,16,33,11,26,5,15,15,13,11,32,26,7,7,6,17,7,1,1,1,10,4,1,62.53,0.01,0.13,0,8,0.07,0.47,0,0.07,0.67,0.53,10.13,0.87,0.33,0,0,0,0,0,0,117,183,172,186,267,251,244,294,272,161,124,38,234,18,23,32,3,81,16,33,16,15,9,15,15,22,15,32,31,10,18,9,23,11,1,1,1,10,4,1,69,10.49,13.8,144.76,Squad,Average,85,LK #14,81
140,LF #33,SAM GRAHAM,,11,7.02,77.22,Loose Forward,Northampton Saints,1.16,0,0,2.93,0,3.23,0,7.29,18.17,0,0,0,11.51,6.32,4.87,10.3,5.98,5.46,496,0.16,2,0,203,4,9,1,3,7,1,89,7,0,0,0,0,0,0,0,202,118,118,186,141,94,153,220,96,138,291,103,230,78,23,32,3,81,16,33,41,22,30,31,32,14,32,46,36,26,55,35,46,27,1,1,1,17,4,2,45.09,0.01,0.18,0,18.45,0.36,0.82,0.09,0.27,0.64,0.09,8.09,0.64,0,0,0,0,0,0,0,249,183,153,186,155,118,172,272,127,180,354,84,309,78,23,32,3,81,16,33,55,38,37,31,32,15,33,56,42,32,65,40,59,27,1,1,1,17,4,2,69,6.91,10.7,73.94,Squad,Consistent,262,LF #33,40
141,CE #24,LOUIE HENNESSEY,,7,11.02,77.12,Centre,Bath Rugby,0,0,0,2.63,0,0,-3.43,0,11.43,11.12,0,17.45,8,29.92,0,0,0,0,414,0.19,3,3,222,6,12,4,1,6,4,24,8,0,0,0,0,0,0,0,229,72,77,56,127,71,125,110,202,162,158,299,208,78,23,32,3,81,16,33,32,7,16,13,24,18,26,25,31,26,20,40,33,1,4,5,1,13,5,7,59.14,0.03,0.43,0.43,31.71,0.86,1.71,0.57,0.14,0.86,0.57,3.43,1.14,0,0,0,0,0,0,0,144,56,50,29,79,42,88,64,216,117,110,314,157,78,23,32,3,81,16,33,31,7,9,6,15,6,20,15,37,21,13,43,32,1,4,5,1,13,5,7,69,10.42,7.7,80.23,Squad,Average,235,CE #27,46
142,OB #33,ELLIOTT OBATOYINBO,,13,5.82,75.71,Outside Back,Newcastle Red Bull,1.7,3.03,9.75,0,-2.25,0,-0.38,10.66,34.26,1.96,10.12,-0.34,-6.67,10.21,0,0,0,3.66,774,0.10,1,0,400,7,27,7,4,11,6,37,18,0,0,0,0,2,0,0,100,227,170,186,62,55,43,48,67,84,101,252,65,78,23,32,3,3,16,33,20,53,40,42,32,32,21,16,8,29,6,23,14,1,1,6,1,1,3,6,59.54,0.01,0.08,0,30.77,0.54,2.08,0.54,0.31,0.85,0.46,2.85,1.38,0,0,0,0,0.15,0,0,142,183,219,186,80,74,64,70,112,119,162,349,99,78,23,32,3,12,16,33,43,49,51,42,51,46,39,25,18,49,14,41,30,1,1,6,1,2,3,6,69,,,,,Boom/Bust,,,
143,OB #34,JOSH HODGE,,8,9.45,75.59,Outside Back,Newcastle Red Bull,-0.14,0,0,7.83,19.36,2.4,0,0,0,0,0,0,10.52,26.35,12.04,-2.77,0,0,553,0.14,3,1,468,7,18,5,0,12,2,13,18,0,0,2,0,0,1,0,190,147,77,102,50,55,81,83,287,71,244,343,65,78,23,26,3,81,1,33,33,46,28,23,26,32,34,24,46,25,34,47,14,1,1,3,1,17,1,6,69.13,0.02,0.38,0.13,58.5,0.88,2.25,0.63,0,1.5,0.25,1.63,2.25,0,0,0.25,0,0,0.13,0,63,91,61,113,19,37,53,50,287,30,259,405,12,78,23,27,3,81,1,33,21,28,26,28,16,33,34,21,46,21,39,60,4,1,1,3,1,17,1,6,68,12.8,12.1,154.88,Good,Average,66,OB #17,85
144,LF #34,JUAN MARTIN GONZALEZ,,9,8.37,75.37,Loose Forward,Saracens,0,0,2.79,11.11,8.57,21.52,10.07,1.93,5.96,12.69,0.73,0,0,0,0,0,0,0,416,0.18,5,0,170,3,7,6,3,15,7,69,8,0,0,0,0,0,0,0,228,90,35,186,163,114,178,60,96,44,77,146,208,78,23,32,3,81,16,33,45,16,6,31,38,22,39,11,36,4,22,45,41,27,1,1,1,17,4,2,46.22,0.02,0.56,0,18.89,0.33,0.78,0.67,0.33,1.67,0.78,7.67,0.89,0,0,0,0,0,0,0,238,91,25,186,152,121,181,44,90,17,51,103,224,78,23,32,3,81,16,33,52,18,2,31,31,17,37,9,38,2,9,47,44,27,1,1,1,17,4,2,68,7.9,9.1,71.89,Squad,Average,269,LF #35,39
145,HK #13,SEB BLAKE,,12,6.26,75.16,Hooker,Gloucester Rugby,0,6.69,6.26,13.58,5.33,11,0.54,0,0,0,0,3.89,-6.34,0,5.05,3.76,10.64,14.76,591,0.13,2,0,134,1,3,3,2,6,5,87,7,0,0,0,0,1,0,1,171,158,118,186,184,193,242,139,139,162,127,104,230,78,23,32,3,17,16,4,9,21,12,12,13,10,17,9,11,6,9,13,20,17,1,1,1,4,4,1,49.25,0.01,0.17,0,11.17,0.08,0.25,0.25,0.17,0.5,0.42,7.25,0.58,0,0,0,0,0.08,0,0.08,220,183,156,186,225,243,296,178,196,215,181,123,321,78,23,32,3,43,16,13,10,23,18,12,13,16,26,12,17,8,13,14,23,17,1,1,1,5,4,1,68,7.64,11.4,87.1,Good,Average,208,HK #9,53
146,OB #35,CASSIUS CLEAVES,,6,12.52,75.14,Outside Back,Harlequins,0,17.59,0,0,14.76,0,-0.02,0,18.51,0,0,0,0,0,0,0,8.23,16.07,362,0.21,3,0,287,7,9,3,0,2,1,18,6,0,0,0,0,0,0,0,245,56,77,186,100,55,153,139,287,274,291,318,250,78,23,32,3,81,16,33,41,20,28,42,40,32,48,34,46,63,43,41,45,1,1,6,1,17,3,6,60.33,0.04,0.5,0,47.83,1.17,1.5,0.5,0,0.33,0.17,3,1,0,0,0,0,0,0,0,138,44,29,186,34,23,100,73,287,267,318,335,179,78,23,32,3,81,16,33,41,12,17,42,28,20,51,26,46,65,47,35,43,1,1,6,1,17,3,6,68,11.52,7.2,82.94,Squad,Very Consistent,226,OB #44,48
147,LF #35,TED HILL,,15,5,75.06,Loose Forward,Bath Rugby,0.71,4.05,0,0,0,-2.02,5.44,3.18,11.82,-2.3,6.21,5.83,3.53,2.72,5.59,13.28,6.66,10.36,862,0.09,2,0,222,2,9,3,2,9,10,107,19,4,0,0,0,0,0,0,77,254,118,186,127,144,153,139,139,112,29,72,50,13,23,32,3,81,16,33,17,59,30,31,29,30,32,28,42,18,10,25,6,3,1,1,1,17,4,2,57.47,0.01,0.13,0,14.8,0.13,0.6,0.2,0.13,0.6,0.67,7.13,1.27,0.27,0,0,0,0,0,0,156,183,172,186,188,217,211,206,226,191,82,127,123,25,23,32,3,81,16,33,32,38,45,31,45,44,49,43,60,36,18,55,19,10,1,1,1,17,4,2,68,5.29,13.9,73.53,Squad,Average,263,LF #34,40
148,PR #2,THOMAS DU TOIT,,15,5,75,Prop,Bath Rugby,0,0,2.15,-7.02,4.19,8.05,2.8,10.95,2.73,3.09,1.97,6.54,1.42,0,1.85,7.99,6.86,21.43,651,0.12,7,0,85,0,7,0,4,1,9,120,10,0,0,0,0,1,0,0,146,181,15,186,228,271,178,294,67,310,41,51,180,78,23,32,3,17,16,33,16,4,1,12,10,19,10,29,4,32,20,6,19,5,1,1,1,2,1,1,43.4,0.01,0.47,0,5.67,0,0.47,0,0.27,0.07,0.6,8,0.67,0,0,0,0,0.07,0,0,263,183,39,186,300,271,244,294,127,364,99,87,294,78,23,32,3,54,16,33,25,15,1,12,15,19,15,29,10,48,39,11,35,5,1,1,1,5,1,1,67,,,,,Consistent,,,
149,LF #36,VILIAME MATA,,10,7.46,74.6,Loose Forward,Bristol Bears,9.61,1.48,14.38,19.1,3.93,3.98,0,1.85,3.11,6.96,10.2,0,0,0,0,0,0,0,650,0.11,2,3,255,3,7,6,1,7,7,85,9,0,0,0,0,1,0,0,147,206,118,56,111,114,178,60,202,138,77,107,191,78,23,32,3,17,16,33,30,50,30,5,23,22,39,11,53,26,22,36,36,27,1,1,1,5,4,2,65,0.01,0.2,0.3,25.5,0.3,0.7,0.6,0.1,0.7,0.7,8.5,0.9,0,0,0,0,0.1,0,0,97,183,128,51,109,138,194,56,251,153,74,73,222,78,23,32,3,32,16,33,18,38,29,4,18,24,44,12,64,25,16,36,43,27,1,1,1,7,4,2,67,7.26,9.9,71.87,Squad,Average,270,LF #36,38
150,SH #10,WILL PORTER,,13,5.67,73.77,Scrum Half,Harlequins,6.08,11.94,1.94,2.81,15.79,0.48,2.54,0.98,-0.06,0,0,0,0,0,11.33,10.24,4.79,4.91,714,0.10,3,4,179,2,8,3,2,1,5,64,15,0,0,0,0,0,0,0,122,227,77,39,158,144,168,139,139,310,127,156,106,78,23,32,3,81,16,33,8,16,5,15,10,11,9,12,6,25,2,5,10,1,1,2,1,4,1,10,54.92,0.01,0.23,0.31,13.77,0.15,0.62,0.23,0.15,0.08,0.38,4.92,1.15,0,0,0,0,0,0,0,174,183,115,45,198,206,210,195,210,361,207,240,154,78,23,32,3,81,16,33,7,11,8,14,13,13,13,15,9,29,3,1,12,1,1,2,1,4,1,10,67,5.25,12.3,64.58,Squad,Very Consistent,296,SH #12,32
151,OB #36,ALEX WILLS,,8,9.15,73.22,Outside Back,Sale Sharks,0,0,0,0,0,25.42,9.93,15.58,0,4.68,8.73,0,0,0,0,0,0,8.88,361,0.20,2,0,258,8,15,2,0,8,2,24,2,0,0,0,0,0,0,0,246,61,118,186,110,46,97,177,287,126,244,299,344,78,23,32,3,81,16,33,42,24,35,42,43,30,38,45,46,36,34,40,61,1,1,6,1,17,3,6,45.13,0.03,0.25,0,32.25,1,1.88,0.25,0,1,0.25,3,0.25,0,0,0,0,0,0,0,247,56,105,186,78,30,78,178,287,81,259,335,387,78,23,32,3,81,16,33,57,17,34,42,50,27,46,47,46,43,39,35,68,1,1,6,1,17,3,6,67,9.6,8.1,77.76,Fringe,Very Consistent,243,OB #48,44
152,LF #37,ANDY ONYEAMA-CHRISTIE,,11,6.66,73.21,Loose Forward,Saracens,19.54,14.18,5.05,2.87,2.05,0,2.24,0.56,2.82,19.36,2.83,1.71,0,0,0,0,0,0,581,0.13,2,0,183,2,5,6,5,5,4,77,14,2,0,0,0,0,0,0,177,158,118,186,154,144,210,60,47,187,158,122,116,28,23,32,3,81,16,33,36,34,30,31,36,30,47,11,23,40,39,41,23,11,1,1,1,17,4,2,52.82,0.01,0.18,0,16.64,0.18,0.45,0.55,0.45,0.45,0.36,7,1.27,0.18,0,0,0,0,0,0,198,183,153,186,170,187,247,68,53,240,213,129,123,38,23,32,3,81,16,33,44,38,37,31,39,35,54,14,29,49,45,57,19,14,1,1,1,17,4,2,66,9.12,10.7,97.58,Good,Inconsistent,169,LF #25,61
153,CE #25,FRASER DINGWALL,,14,5.19,72.68,Centre,Northampton Saints,6.21,0,2.64,2.45,8.03,0,7.78,0,4.54,0.5,0,1.51,16.97,10.51,0.93,0.91,1.43,8.27,867,0.08,0,7,272,2,5,6,3,7,5,81,27,0,0,0,0,0,0,0,75,276,245,15,105,144,210,60,96,138,127,116,20,78,23,32,3,81,16,33,11,38,35,1,20,27,35,14,15,22,16,11,4,1,4,5,1,13,5,7,61.93,0.01,0,0.5,19.43,0.14,0.36,0.43,0.21,0.5,0.36,5.79,1.93,0,0,0,0,0,0,0,126,183,245,18,149,211,272,103,158,215,213,196,36,78,23,32,3,81,16,33,27,25,35,1,33,41,47,27,29,38,26,24,8,1,4,5,1,13,5,7,66,7.59,13,98.67,Good,Average,165,CE #21,62
154,FH #16,GEORGE BARTON,,9,8,72.03,Fly Half,Gloucester Rugby,0,0,0,0,-1.22,0,0,0,9.2,15.39,0,0,24.2,11.53,10.7,2.23,0,0,358,0.20,1,0,233,3,17,1,0,6,1,16,7,0,1,10,0,0,0,0,247,61,170,186,122,114,87,220,287,162,291,327,230,78,18,20,3,81,16,33,19,9,12,20,12,12,10,17,16,19,17,21,18,1,16,16,3,7,1,10,39.78,0.02,0.11,0,25.89,0.33,1.89,0.11,0,0.67,0.11,1.78,0.78,0,0.11,1.11,0,0,0,0,284,91,194,186,106,121,77,260,287,161,343,401,263,78,20,17,3,81,16,33,19,6,11,20,11,11,7,20,16,20,17,24,21,1,18,13,3,7,1,10,66,8.37,9.6,80.35,Squad,Average,234,FH #17,47
155,CE #26,JACK BRACKEN,,5,14.36,71.81,Centre,Saracens,0,43.71,0.81,5.58,22.13,0,0,0,0,0,0,0,0,0,0,0,-0.42,0,280,0.26,3,0,235,4,14,3,4,4,2,32,11,0,0,0,0,0,0,0,277,24,77,186,120,94,107,139,67,214,244,271,162,78,23,32,3,81,16,33,38,2,16,37,23,22,24,29,11,34,32,36,28,1,4,5,1,13,5,7,56,0.05,0.6,0,47,0.8,2.8,0.6,0.8,0.8,0.4,6.4,2.2,0,0,0,0,0,0,0,166,30,19,186,37,50,29,56,19,126,188,165,13,78,23,32,3,81,16,33,34,3,4,37,4,8,6,11,4,23,25,17,3,1,4,5,1,13,5,7,66,10.18,7.2,73.3,Squad,Average,264,CE #30,40
156,LF #38,JACK CLEMENT,,12,5.97,71.58,Loose Forward,Gloucester Rugby,0.12,0,0,0,0,0,8.91,14.66,10.02,0,12.41,6.45,7.75,4.75,2.44,1.91,0.52,1.64,648,0.11,3,0,265,1,14,2,5,14,4,106,14,0,0,0,0,1,0,0,149,206,77,186,107,193,107,177,47,50,158,74,116,78,23,32,3,17,16,33,31,50,17,31,22,42,19,37,23,7,39,26,23,27,1,1,1,5,4,2,54,0.01,0.25,0,22.08,0.08,1.17,0.17,0.42,1.17,0.33,8.83,1.17,0,0,0,0,0.08,0,0,184,183,105,186,128,243,126,232,65,69,221,64,152,78,23,32,3,43,16,33,38,38,20,31,22,52,20,45,31,7,46,32,28,27,1,1,1,10,4,2,66,6.07,11.5,69.81,Squad,Average,275,LF #38,37
157,FH #17,JAMES O'CONNOR,,10,7.11,71.08,Fly Half,Leicester Tigers,0,0,7.5,12.09,20.58,3.76,0,0,0,-1.1,0,2.33,0,0,11.96,2.25,0,11.71,288,0.25,0,1,144,2,9,2,0,1,1,21,7,0,4,12,0,0,0,0,273,29,245,102,173,144,153,177,287,310,291,311,230,78,9,18,3,81,16,33,21,6,15,17,16,14,17,13,16,23,17,19,18,1,7,15,3,7,1,10,28.8,0.03,0,0.1,14.4,0.2,0.9,0.2,0,0.1,0.1,2.1,0.7,0,0.4,1.2,0,0,0,0,349,56,245,128,190,174,162,206,287,351,347,381,285,78,8,16,3,81,16,33,21,2,15,18,15,17,14,16,16,25,19,21,22,1,7,12,3,7,1,10,65,,,,,Average,,,
158,OB #37,TOM DE GLANVILLE,,12,5.92,70.98,Outside Back,Bath Rugby,11.82,3.53,14.39,1.99,0,10.24,8.2,1.36,0,0,-1.82,4.76,0,14.76,-4.54,0,0,6.29,845,0.08,3,0,430,2,12,5,5,9,3,26,16,0,0,1,0,1,0,0,81,276,77,186,55,144,125,83,47,112,198,295,91,78,23,29,3,17,16,33,16,63,28,42,31,49,43,24,5,34,23,38,19,1,1,4,1,3,3,6,70.42,0.01,0.25,0,35.83,0.17,1,0.42,0.42,0.75,0.25,2.17,1.33,0,0,0.08,0,0.08,0,0,56,183,105,186,65,192,140,108,65,140,259,378,108,78,23,31,3,43,16,33,18,49,34,42,45,64,58,32,7,54,39,51,32,1,1,5,1,7,3,6,65,8.34,11.3,94.24,Squad,Average,181,OB #37,59
159,CE #27,LUCIO CINTI,,8,8.84,70.7,Centre,Saracens,0,0,18.05,31.17,0,4.47,0,1.55,-0.62,0,12.5,2.62,0,0.96,0,0,0,0,541,0.13,0,4,264,7,19,3,1,5,5,50,22,0,0,0,0,1,0,0,192,158,245,39,108,55,79,139,202,187,127,201,30,78,23,32,3,17,16,33,29,25,35,8,21,11,19,29,31,30,16,24,7,1,4,5,1,4,5,7,67.63,0.02,0,0.5,33,0.88,2.38,0.38,0.13,0.63,0.63,6.25,2.75,0,0,0,0,0.13,0,0,72,91,245,18,77,37,46,121,226,185,90,169,6,78,23,32,3,22,16,33,15,11,35,1,14,4,10,30,39,34,8,18,1,1,4,5,1,6,5,7,65,10.29,8.3,85.41,Squad,Average,216,CE #26,51
160,OB #38,OLIVER SPENCER,,12,5.81,69.71,Outside Back,Newcastle Red Bull,0.9,0.72,0.35,18.2,1.81,2.55,4.57,16.47,0.99,0.53,13.44,9.18,0,0,0,0,0,0,717,0.10,3,1,307,4,16,4,1,14,2,47,18,0,0,0,0,0,0,0,120,227,77,102,90,94,91,110,202,50,244,212,65,78,23,32,3,81,16,33,22,53,28,23,38,39,36,29,34,21,34,13,14,1,1,6,1,17,3,6,59.75,0.01,0.25,0.08,25.58,0.33,1.33,0.33,0.08,1.17,0.17,3.92,1.5,0,0,0,0,0,0,0,141,183,105,146,108,121,117,135,263,69,318,286,80,78,23,32,3,81,16,33,42,49,34,36,55,56,54,37,43,39,47,17,25,1,1,6,1,17,3,6,65,6.75,11.3,76.28,Fringe,Inconsistent,251,OB #50,43
161,SH #11,HARRY RANDALL,,13,5.34,69.39,Scrum Half,Bristol Bears,2,0,0,0,0,0,2.9,3.58,1.98,0.65,3.29,8.79,-1.09,11.11,0.26,16.98,11.88,7.06,672,0.10,1,5,236,2,7,8,2,13,3,43,8,0,0,0,0,0,0,1,138,227,170,27,119,144,178,41,139,61,198,226,208,78,23,32,3,81,16,4,11,16,15,11,7,11,11,5,6,7,6,11,17,1,1,2,1,4,1,2,51.69,0.01,0.08,0.38,18.15,0.15,0.54,0.62,0.15,1,0.23,3.31,0.62,0,0,0,0,0,0,0.08,205,183,219,36,157,206,223,53,210,81,280,324,312,78,23,32,3,81,16,13,8,11,17,12,9,13,15,5,9,8,7,10,20,1,1,2,1,4,1,4,64,4.98,12.3,61.25,Squad,Very Consistent,306,SH #13,30
162,LK #16,JAMIE HODGSON,,14,4.92,68.87,Lock,Newcastle Red Bull,8.84,4.17,0.46,7.52,6.7,5.42,0,0,2.96,8.96,0,0,4.84,3.41,0.86,1.43,7.45,5.85,956,0.07,0,1,88,0,1,5,3,5,8,144,11,3,0,0,0,1,0,0,56,298,245,102,225,271,314,83,96,187,58,25,162,20,23,32,3,17,16,33,9,31,23,5,17,25,31,6,9,18,7,7,20,13,1,1,1,2,4,1,68.29,0.01,0,0.07,6.29,0,0.07,0.36,0.21,0.36,0.57,10.29,0.79,0.21,0,0,0,0.07,0,0,68,183,245,163,290,271,349,128,158,264,110,34,260,32,23,32,3,54,16,33,12,15,23,9,22,25,37,10,16,25,16,7,28,17,1,1,1,7,4,1,64,,,,,Very Consistent,,,
163,HK #14,LUKE COWAN-DICKIE,,8,8.56,68.51,Hooker,Sale Sharks,0,0,3.61,-0.48,6.29,13.68,11.97,13.79,7.74,0,0,11.91,0,0,0,0,0,0,472,0.15,3,0,181,1,9,3,7,5,4,77,14,0,0,0,0,1,1,0,206,131,77,186,157,193,153,139,22,187,158,122,116,78,23,32,3,17,1,33,14,19,7,12,9,10,9,9,2,11,14,16,7,17,1,1,1,4,1,3,59,0.02,0.38,0,22.63,0.13,1.13,0.38,0.88,0.63,0.5,9.63,1.75,0,0,0,0,0.13,0.13,0,145,91,61,186,125,217,129,121,16,185,129,46,49,78,23,32,3,22,1,33,4,13,8,12,2,13,5,7,1,4,9,5,2,17,1,1,1,3,1,3,64,8.59,8.4,72.16,Squad,Consistent,268,HK #17,39
164,OB #39,HARRISON OBATOYINBO,,5,13.69,68.46,Outside Back,Newcastle Red Bull,0,0,0,0,0,0,0,0,0,0,42.99,0.07,0,0,0,3.72,17.03,4.65,349,0.20,1,1,303,6,15,2,0,8,0,27,9,0,0,0,0,0,0,0,249,61,170,102,93,71,97,177,287,126,363,292,191,78,23,32,3,81,16,33,43,24,40,23,39,36,38,45,46,36,58,35,37,1,1,6,1,17,3,6,69.8,0.04,0.2,0.2,60.6,1.2,3,0.4,0,1.6,0,5.4,1.8,0,0,0,0,0,0,0,58,44,128,81,16,22,21,111,287,21,363,215,48,78,23,32,3,81,16,33,19,12,41,20,14,19,15,34,46,15,58,8,17,1,1,6,1,17,3,6,64,12.84,9.6,123.26,Good,Inconsistent,123,OB #30,72
165,HK #15,JOSEPH DWEBA,,14,4.83,67.62,Hooker,Exeter Chiefs,0.09,11.73,0,4.48,8.56,4.82,0,4.12,11.25,5.07,0,0,5.46,3.42,3.37,3.16,2.09,0,644,0.11,3,0,69,0,2,1,3,4,5,74,6,0,0,0,0,0,0,0,150,206,77,186,252,271,270,220,96,214,127,129,250,78,23,32,3,81,16,33,6,31,7,12,21,21,23,19,8,15,9,17,22,17,1,1,1,9,4,3,46,0.01,0.21,0,4.93,0,0.14,0.07,0.21,0.29,0.36,5.29,0.43,0,0,0,0,0,0,0,240,183,125,186,320,271,328,280,158,285,213,220,358,78,23,32,3,81,16,33,12,23,13,12,30,21,29,22,11,21,17,28,27,17,1,1,1,9,4,3,64,6.49,13,84.37,Good,Consistent,221,HK #10,50
166,LF #39,EWAN RICHARDS,,9,7.43,66.87,Loose Forward,Bath Rugby,0,0,29.94,0.64,4.82,0,10.68,0,0,0,0,2.54,13.01,1.66,0,0,0.59,2.99,354,0.19,3,0,128,4,6,1,1,2,1,39,4,4,0,0,0,0,0,0,248,72,77,186,190,94,195,220,202,274,291,241,297,13,23,32,3,81,16,33,49,11,17,31,45,14,44,46,53,59,55,58,56,3,1,1,1,17,4,2,39.33,0.02,0.33,0,14.22,0.44,0.67,0.11,0.11,0.22,0.11,4.33,0.44,0.44,0,0,0,0,0,0,287,91,75,186,194,101,199,260,241,313,343,261,355,12,23,32,3,81,16,33,60,18,14,31,48,9,45,53,61,67,63,71,69,5,1,1,1,17,4,2,63,7.19,9.1,65.43,Squad,Boom/Bust,295,LF #40,33
167,HK #16,JACK INNARD,,15,4.36,65.47,Hooker,Gloucester Rugby,4.74,6.11,0,1.43,1.62,0,6.52,7.2,0,0,7.98,3.94,2.91,6.53,1.79,9.84,2.76,2.1,682,0.10,0,0,141,1,2,1,1,3,7,119,18,0,0,0,0,0,0,0,134,227,245,186,178,193,270,220,202,240,77,55,65,78,23,32,3,81,16,33,5,34,25,12,12,10,23,19,15,18,7,6,4,17,1,1,1,9,4,3,45.47,0.01,0,0,9.4,0.07,0.13,0.07,0.07,0.2,0.47,7.93,1.2,0,0,0,0,0,0,0,244,183,245,186,250,251,331,280,272,316,158,93,140,78,23,32,3,81,16,33,13,23,25,12,16,17,30,22,21,24,12,10,6,17,1,1,1,9,4,3,63,4.62,13.8,63.76,Squad,Consistent,299,HK #19,32
168,LF #40,OLLIE LEATHERBARROW,,9,7.24,65.17,Loose Forward,Newcastle Red Bull,0,0,0,0,8.33,0,15.33,11.99,7.72,0,21.68,5.48,-16,0,0,0,4.8,5.84,526,0.12,4,0,226,2,18,3,2,5,6,79,14,0,0,0,0,0,1,0,194,181,52,186,124,144,81,139,139,187,101,119,116,78,23,32,3,81,1,33,39,42,11,31,27,30,15,28,42,40,29,40,23,27,1,1,1,17,1,2,58.44,0.01,0.44,0,25.11,0.22,2,0.33,0.22,0.56,0.67,8.78,1.56,0,0,0,0,0,0.11,0,148,183,45,186,113,164,65,135,151,202,82,66,76,78,23,32,3,81,3,33,30,38,7,31,20,30,6,28,46,43,18,33,11,27,1,1,1,17,1,2,63,10.75,11.1,119.33,Good,Boom/Bust,127,LF #17,71
169,LK #17,OSCAR USHER,,11,5.89,64.75,Lock,Newcastle Red Bull,1.86,8.86,0.96,1.85,9.14,8.82,10.73,3.82,8.76,7.74,0,2.21,0,0,0,0,0,0,600,0.11,1,0,83,3,5,1,1,6,6,90,7,4,0,0,0,0,0,0,168,206,170,186,230,114,210,220,202,162,101,98,230,13,23,32,3,81,16,33,23,10,14,15,18,5,15,23,26,16,16,24,26,11,1,1,1,10,4,1,54.55,0.01,0.09,0,7.55,0.27,0.45,0.09,0.09,0.55,0.55,8.18,0.64,0.36,0,0,0,0,0,0,178,183,209,186,273,145,247,272,259,205,118,81,309,15,23,32,3,81,16,33,22,15,15,15,17,4,16,28,30,17,17,19,39,9,1,1,1,10,4,1,63,11.82,10.6,125.29,Squad,Very Consistent,121,LK #16,72
170,PR #3,RHYS CARRE,,17,3.79,64.42,Prop,Saracens,2.99,12.54,0.48,12.14,0.26,-1.35,2.62,0.86,11.03,3.36,0,3.67,8.83,1.15,1.98,1.64,-0.09,2.31,746,0.09,2,2,93,2,13,5,3,5,7,84,12,0,0,0,0,0,0,0,107,254,118,75,221,144,114,83,96,187,77,109,140,78,23,32,3,81,16,33,10,11,4,1,8,2,4,1,11,6,30,15,10,5,1,1,1,11,1,1,43.88,0.01,0.12,0.12,5.47,0.12,0.76,0.29,0.18,0.29,0.41,4.94,0.71,0,0,0,0,0,0,0,259,183,189,120,306,228,185,166,189,285,186,238,280,78,23,32,3,81,16,33,24,15,9,3,16,6,9,8,17,14,57,45,33,5,1,1,1,11,1,1,62,17.59,15.4,270.89,Premium,Consistent,4,PR #1,99
171,SH #12,IVAN VAN ZYL,,16,3.87,61.92,Scrum Half,Saracens,10.8,8.26,6.72,0,0,-2.35,0.84,15.83,6.32,-0.34,4.9,0.33,5.34,0,0.66,1.03,3.58,0,667,0.09,1,5,157,2,6,0,7,10,3,34,4,0,0,0,0,0,0,0,139,254,170,27,167,144,195,294,22,96,198,260,297,78,23,32,3,81,16,33,12,19,15,11,13,11,13,24,1,14,6,14,22,1,1,2,1,4,1,10,41.69,0.01,0.06,0.31,9.81,0.13,0.38,0,0.44,0.63,0.19,2.13,0.25,0,0,0,0,0,0,0,273,183,239,45,242,217,267,294,56,185,312,380,387,78,23,32,3,81,16,33,16,11,19,14,17,16,18,24,2,17,13,18,26,1,1,2,1,4,1,10,62,,,,,Consistent,,,
172,PR #5,BENO OBANO,,16,3.84,61.38,Prop,Bath Rugby,10.25,11.09,4.54,1.3,3.52,3.1,-0.99,2.36,6.4,2.15,4.26,4.61,0,0,0.34,3.41,1.9,3.14,851,0.07,3,0,100,1,16,0,4,6,13,111,11,0,0,0,0,0,0,0,78,298,77,186,213,193,91,294,67,162,8,67,162,78,23,32,3,81,16,33,4,14,2,12,7,6,2,29,4,2,7,8,15,5,1,1,1,11,1,1,53.19,0,0.19,0,6.25,0.06,1,0,0.25,0.38,0.81,6.94,0.69,0,0,0,0,0,0,0,192,371,148,186,291,259,140,294,135,257,48,136,289,78,23,32,3,81,16,33,13,36,3,12,11,13,3,29,12,8,23,17,34,5,1,1,1,11,1,1,62,17.74,14.6,259,Premium,Very Consistent,5,PR #2,99
172,PR #4,DANILO FISCHETTI,,13,4.72,61.38,Prop,Northampton Saints,-0.95,2.94,0.68,2.55,-0.23,0,5.85,0,21.23,11.02,0,0.94,0,6.88,0,5.71,2.02,2.74,526,0.12,2,1,140,2,16,4,1,3,11,86,12,0,0,0,0,0,0,0,194,181,118,102,179,144,91,110,202,240,21,105,140,78,23,32,3,81,16,33,26,4,4,3,2,2,2,4,23,14,12,14,10,5,1,1,1,11,1,1,40.46,0.01,0.15,0.08,10.77,0.15,1.23,0.31,0.08,0.23,0.85,6.62,0.92,0,0,0,0,0,0,0,277,183,161,146,231,206,122,154,263,311,41,155,214,78,23,32,3,81,16,33,29,15,4,5,3,5,2,6,34,24,18,20,18,5,1,1,1,11,1,1,62,20.24,12.2,246.93,Premium,Consistent,7,PR #3,99
174,OB #40,NICK DAVID,,10,6.07,60.7,Outside Back,Harlequins,11.26,6.66,0,0,0,3.48,12.44,-1.67,5.95,-4.19,13.71,6.57,6.49,0,0,0,0,0,649,0.09,0,0,349,4,20,12,2,6,5,35,21,0,0,0,0,1,0,0,148,254,245,186,77,94,74,13,139,162,127,256,39,78,23,32,3,17,16,33,27,60,53,42,34,39,31,5,22,46,8,24,9,1,1,6,1,3,3,6,64.9,0.01,0,0,34.9,0.4,2,1.2,0.2,0.6,0.5,3.5,2.1,0,0,0,0,0.1,0,0,99,183,245,186,70,106,65,12,167,191,129,308,18,78,23,32,3,32,16,33,30,49,53,42,47,54,40,7,32,61,10,28,7,1,1,6,1,6,3,6,62,6.96,9.7,67.51,Fringe,Average,286,OB #63,35
175,SH #13,TOM CARR-SMITH,,16,3.77,60.27,Scrum Half,Bath Rugby,4,0,4.83,0,0.1,0,13.11,1.2,0,0,0,4.58,8.94,19.88,0.6,3.03,0,0,377,0.16,2,8,83,1,6,2,1,4,2,9,4,0,0,0,0,0,0,1,240,118,118,11,230,193,195,177,202,214,244,374,297,78,23,32,3,81,16,4,19,10,9,7,20,15,13,14,14,18,10,25,22,1,1,2,1,4,1,2,23.56,0.01,0.13,0.5,5.19,0.06,0.38,0.13,0.06,0.25,0.13,0.56,0.25,0,0,0,0,0,0,0.06,374,183,172,18,314,259,267,253,282,298,336,434,387,78,23,32,3,81,16,23,23,11,12,7,27,21,18,20,20,23,18,31,26,1,1,2,1,4,1,8,61,3.73,14.7,54.83,Squad,Very Consistent,324,SH #15,26
176,HK #17,JACK YEANDLE,,13,4.63,60.22,Hooker,Exeter Chiefs,3.12,0.43,6.67,5.65,7.26,9.35,5.87,4.25,1.71,0.66,3.74,7.15,4.36,0,0,0,0,0,456,0.13,2,1,98,0,4,0,0,3,3,79,9,1,0,0,0,0,0,0,212,158,118,102,215,271,227,294,287,240,198,119,191,45,23,32,3,81,16,33,16,21,12,3,16,21,14,25,23,18,19,14,14,8,1,1,1,9,4,3,35.08,0.01,0.15,0.08,7.54,0,0.31,0,0,0.23,0.23,6.08,0.69,0.08,0,0,0,0,0,0,311,183,161,146,274,271,284,294,287,311,280,184,289,62,23,32,3,81,16,33,22,23,19,6,23,21,23,25,23,23,23,23,20,11,1,1,1,9,4,3,61,6.83,12.2,83.33,Good,Consistent,223,HK #11,49
177,OB #41,ETHAN GRAYSON,,11,5.38,59.19,Outside Back,Newcastle Red Bull,0,7.53,1.4,0,0,13.03,5.47,12.02,9.6,6.23,0,0,0,0,-0.42,0.75,5.87,-2.29,691,0.09,1,1,338,3,13,3,3,7,3,28,19,0,0,0,0,0,0,0,131,254,170,102,79,114,114,139,96,138,198,289,50,78,23,32,3,81,16,33,24,60,40,23,35,44,41,34,14,39,23,33,11,1,1,6,1,17,3,6,62.82,0.01,0.09,0.09,30.73,0.27,1.18,0.27,0.27,0.64,0.27,2.55,1.73,0,0,0,0,0,0,0,115,183,209,141,81,145,125,173,127,180,253,361,50,78,23,32,3,81,16,33,34,49,50,34,52,60,57,44,24,60,38,45,18,1,1,6,1,17,3,6,61,6.4,10.5,67.2,Fringe,Average,288,OB #64,34
178,LF #41,TOM GORDON,,14,4.22,59.13,Loose Forward,Newcastle Red Bull,5.12,2.41,11.34,8.99,3.62,1.69,2.86,1.46,6.06,4.37,4.76,4.53,0.45,0,1.47,0,0,0,796,0.07,0,0,171,1,9,4,5,9,2,106,17,0,0,0,0,0,0,0,96,298,245,186,162,193,153,110,47,112,244,74,81,78,23,32,3,81,16,33,20,71,52,31,37,42,32,23,23,18,48,26,13,27,1,1,1,17,4,2,56.86,0.01,0,0,12.21,0.07,0.64,0.29,0.36,0.64,0.14,7.57,1.21,0,0,0,0,0,0,0,163,183,245,186,215,251,207,166,83,180,330,108,135,78,23,32,3,81,16,33,35,38,52,31,53,53,48,35,36,32,61,50,24,27,1,1,1,17,4,2,61,,,,,Consistent,,,
179,LF #42,LEWIS LUDLOW,,10,5.91,59.09,Loose Forward,Gloucester Rugby,5.16,0,0,0,0,15.33,3.15,7.93,2.32,11.14,-7.19,6.35,5.77,9.13,0,0,0,0,730,0.08,1,1,79,1,2,3,7,7,7,103,16,3,0,0,0,1,0,0,113,276,170,102,238,193,270,139,22,138,77,79,91,20,23,32,3,17,16,33,25,65,39,15,53,42,58,28,13,26,22,29,15,8,1,1,1,5,4,2,73,0.01,0.1,0.1,7.9,0.1,0.2,0.3,0.7,0.7,0.7,10.3,1.6,0.3,0,0,0,0.1,0,0,39,183,204,128,271,231,309,162,22,153,74,33,69,21,23,32,3,32,16,33,6,38,48,18,65,48,63,34,13,25,16,19,9,8,1,1,1,7,4,2,60,6.02,9.9,59.6,Fringe,Inconsistent,310,LF #41,29
180,PR #6,BEVAN RODD,,8,7.36,58.89,Prop,Sale Sharks,4.42,7.82,18.71,9.21,0,0,0,4.5,5.34,5.11,0,3.78,0,0,0,0,0,0,449,0.13,1,0,132,2,8,4,3,2,5,83,6,0,0,0,0,0,0,0,216,158,170,186,187,144,168,110,96,274,127,112,250,78,23,32,3,81,16,33,29,2,12,12,3,2,8,4,11,22,38,17,31,5,1,1,1,11,1,1,56.13,0.02,0.13,0,16.5,0.25,1,0.5,0.38,0.25,0.63,10.38,0.75,0,0,0,0,0,0,0,165,91,172,186,173,152,140,73,76,298,90,32,269,78,23,32,3,81,16,33,5,6,5,12,2,1,3,1,4,18,38,4,29,5,1,1,1,11,1,1,60,19.46,8.3,161.52,Good,Very Consistent,59,PR #15,87
181,FH #18,BEN HEALY,,8,7.31,58.51,Fly Half,Newcastle Red Bull,9.24,0,8.54,0,0,0,0,0,0,0,0,2.99,10.38,7.58,-4.19,0,18.64,5.33,403,0.15,0,6,68,1,5,1,1,13,3,32,7,0,1,14,0,1,0,1,230,131,245,20,256,193,210,220,202,61,198,271,230,78,18,16,3,17,16,4,18,15,15,8,22,21,20,17,13,11,10,17,18,1,16,13,3,3,1,2,50.38,0.02,0,0.75,8.5,0.13,0.63,0.13,0.13,1.63,0.38,4,0.88,0,0.13,1.75,0,0.13,0,0.13,212,91,245,6,259,217,208,253,226,20,207,273,231,78,19,11,3,22,16,4,16,6,15,3,23,19,19,19,11,2,7,16,18,1,17,9,3,2,1,1,60,,,,,Average,,,
182,OB #42,GABRIEL IBITOYE,,7,8.26,57.79,Outside Back,Bristol Bears,17.38,0,0,0,0,0,0,0,0,0.33,5.49,13.59,14.47,4.72,1.81,0,0,0,369,0.16,1,0,316,3,14,6,2,11,3,18,5,0,0,0,0,0,0,0,243,118,170,186,86,114,107,60,139,84,198,318,274,78,23,32,3,81,16,33,39,43,40,42,37,44,40,19,22,29,23,41,51,1,1,6,1,17,3,6,52.71,0.02,0.14,0,45.14,0.43,2,0.86,0.29,1.57,0.43,2.57,0.71,0,0,0,0,0,0,0,199,91,165,186,40,105,65,30,121,25,172,359,280,78,23,32,3,81,16,33,50,28,48,42,31,53,40,14,20,18,16,44,58,1,1,6,1,17,3,6,60,12.21,13.6,166.06,Premium,Average,52,OB #14,88
183,OB #43,OLLIE SLEIGHTHOLME,,5,11.33,56.66,Outside Back,Northampton Saints,0,0,0,0,0,0,-0.22,1.1,0,0,7.83,0,14,33.95,0,0,0,0,212,0.27,4,0,212,3,6,1,2,4,0,12,6,0,0,0,0,0,0,0,304,15,52,186,136,114,195,220,139,214,363,350,250,78,23,32,3,81,16,33,52,7,21,42,45,44,53,50,22,51,58,49,45,1,1,6,1,17,3,6,42.4,0.05,0.8,0,42.4,0.6,1.2,0.2,0.4,0.8,0,2.4,1.2,0,0,0,0,0,0,0,269,30,7,186,47,67,123,206,70,126,363,367,140,78,23,32,3,81,16,33,60,8,6,42,36,43,56,50,8,51,58,48,39,1,1,6,1,17,3,6,60,10.85,7,75.95,Squad,Inconsistent,255,OB #51,42
184,OB #44,LUKE JAMES,,6,9.38,56.3,Outside Back,Sale Sharks,0,0,0,-1.17,24.59,26.18,0,0,0,0,0,0,0,0,0.16,6.22,0,0.32,296,0.19,4,1,156,5,10,2,0,6,1,15,11,0,0,0,0,0,0,0,268,72,52,102,168,83,139,177,287,162,291,334,162,78,23,32,3,81,16,33,47,30,21,23,49,38,46,45,46,46,43,45,31,1,1,6,1,17,3,6,49.33,0.03,0.67,0.17,26,0.83,1.67,0.33,0,1,0.17,2.5,1.83,0,0,0,0,0,0,0,219,56,15,95,105,45,93,135,287,81,318,363,44,78,23,32,3,81,16,33,53,17,11,24,53,36,50,37,46,43,47,47,15,1,1,6,1,17,3,6,59,11.95,7.2,86.04,Squad,Inconsistent,214,OB #42,51
185,CE #28,OLLY HARTLEY,,8,6.95,55.62,Centre,Saracens,0,0,0,0,0,0,8.88,1.98,0,0,0,0,5.41,20.87,10.32,6.49,2.5,-0.83,564,0.10,1,2,204,3,8,5,2,7,2,59,19,0,0,0,0,0,0,0,187,227,170,75,139,114,168,83,139,138,244,177,50,78,23,32,3,81,16,33,28,34,27,19,28,23,30,20,24,22,32,21,13,1,4,5,1,13,5,7,70.5,0.01,0.13,0.25,25.5,0.38,1,0.63,0.25,0.88,0.25,7.38,2.38,0,0,0,0,0,0,0,54,183,172,66,109,112,140,50,135,112,259,117,11,78,23,32,3,81,16,33,11,25,28,16,23,22,30,10,25,19,36,6,2,1,4,5,1,13,5,7,59,7.03,8.3,58.35,Fringe,Average,313,CE #31,28
186,OB #45,ELLIOT DALY,,7,7.94,55.59,Outside Back,Saracens,0,0,0,0,0,9.49,10.52,5.08,-2.27,14.83,11.53,6.41,0,0,0,0,0,0,519,0.11,0,5,276,2,21,9,0,12,5,13,12,0,0,0,0,1,0,0,198,206,245,27,104,144,65,33,287,71,127,343,140,78,23,32,3,17,16,33,34,51,53,4,42,49,29,13,46,25,8,47,28,1,1,6,1,3,3,6,74.14,0.02,0,0.71,39.43,0.29,3,1.29,0,1.71,0.71,1.86,1.71,0,0,0,0,0.14,0,0,32,91,245,8,54,140,21,10,287,15,68,397,52,78,23,32,3,16,16,33,11,28,53,2,43,59,15,6,46,12,4,56,19,1,1,6,1,4,3,6,59,9.02,7.6,68.55,Fringe,Consistent,281,OB #60,36
187,HK #18,OLLIE FLETCHER,,18,3.03,54.58,Hooker,Newcastle Red Bull,0.78,1.5,4.25,2.25,5.24,1.43,3.11,0.67,0.57,10.99,2.68,0.99,5.2,6.12,1.3,2.28,0.96,4.26,448,0.12,0,0,82,2,7,3,1,1,4,61,9,1,0,0,0,0,0,0,217,181,245,186,234,144,178,139,202,310,158,167,191,45,23,32,3,81,16,33,17,26,25,12,18,7,10,9,15,24,14,18,14,8,1,1,1,9,4,3,24.89,0.01,0,0,4.56,0.11,0.39,0.17,0.06,0.06,0.22,3.39,0.5,0.06,0,0,0,0,0,0,367,183,245,186,326,230,266,232,282,367,284,317,332,71,23,32,3,81,16,33,29,23,25,12,31,15,21,19,22,29,25,32,25,16,1,1,1,9,4,3,59,3.55,16.2,57.51,Squad,Average,318,HK #20,27
188,FH #19,JARROD EVANS,,9,6.05,54.48,Fly Half,Harlequins,8.49,20.2,0,0,10.66,2.52,0,0.1,1.77,2.52,0,9.23,-1.01,0,0,0,0,0,551,0.10,0,1,136,2,9,2,1,11,1,56,12,0,4,4,0,0,0,0,191,227,245,102,183,144,153,177,202,84,291,182,140,78,9,25,3,81,16,33,15,19,15,17,17,14,17,13,13,15,17,14,15,1,7,19,3,7,1,10,61.22,0.01,0,0.11,15.11,0.22,1,0.22,0.11,1.22,0.11,6.22,1.33,0,0.44,0.44,0,0,0,0,131,183,245,122,184,164,140,199,241,65,343,171,108,78,6,25,3,81,16,33,12,14,15,16,14,14,13,14,13,7,17,9,13,1,5,19,3,7,1,10,58,,,,,Inconsistent,,,
189,LK #18,JJ VAN DER MESCHT,,15,3.62,54.26,Lock,Northampton Saints,1.31,1.36,4.35,-17.38,5.28,11.78,6.82,0,2.91,7.91,0,9.24,3.56,5.59,2.73,-0.42,0,9.22,687,0.08,3,0,250,3,11,4,3,10,6,97,13,0,0,0,0,1,1,0,132,276,77,186,112,114,133,110,96,96,101,85,131,78,23,32,3,17,1,33,20,26,3,15,3,5,2,9,9,7,16,22,17,32,1,1,1,2,1,1,45.8,0.01,0.2,0,16.67,0.2,0.73,0.27,0.2,0.67,0.4,6.47,0.87,0,0,0,0,0.07,0.07,0,242,183,128,186,168,174,188,173,167,161,188,162,234,78,23,32,3,54,11,33,31,15,6,15,4,8,5,15,18,10,31,33,23,32,1,1,1,7,2,1,58,9.12,13.8,125.86,Squad,Boom/Bust,116,LK #15,74
190,SH #14,CHARLIE BRACKEN,,17,3.18,54.08,Scrum Half,Saracens,0.2,3.91,0,8.32,14.69,1.9,0,-1.17,7.71,3.44,0,-3.09,12.83,3.97,2.71,5.99,2.43,-9.76,731,0.07,2,8,179,1,4,3,2,12,4,46,16,0,0,0,0,1,0,0,112,298,118,11,158,193,227,139,139,71,158,214,91,78,23,32,3,17,16,33,6,22,9,7,10,15,16,12,6,9,3,9,8,1,1,2,1,1,1,10,43,0,0.12,0.47,10.53,0.06,0.24,0.18,0.12,0.71,0.24,2.71,0.94,0,0,0,0,0.06,0,0,266,371,189,25,234,259,304,225,237,150,277,353,209,78,23,32,3,72,16,33,15,29,14,8,16,21,22,17,14,13,6,15,15,1,1,2,1,3,1,10,58,5.25,15.5,81.38,Good,Average,233,SH #11,47
191,FH #20,ROSS BYRNE,,10,5.38,53.76,Fly Half,Gloucester Rugby,4.35,2.74,0.99,14.8,1.91,7.61,5.44,10.56,5.36,0,0,0,0,0,0,0,0,0,711,0.08,0,3,95,1,6,1,0,13,1,22,16,0,2,21,0,1,0,0,124,276,245,56,217,193,195,220,287,61,291,308,91,78,16,10,3,17,16,33,14,22,15,13,20,21,19,17,16,11,17,18,13,1,14,9,3,3,1,10,71.1,0.01,0,0.3,9.5,0.1,0.6,0.1,0,1.3,0.1,2.2,1.6,0,0.2,2.1,0,0.1,0,0,50,183,245,51,246,231,211,266,287,55,347,374,69,78,16,9,3,32,16,33,8,14,15,10,21,22,20,23,16,6,19,20,8,1,14,7,3,4,1,10,58,6.2,10.3,63.86,Squad,Consistent,298,FH #19,32
192,CE #29,MAX OJOMOH,,12,4.35,52.24,Centre,Bath Rugby,2.47,7.65,-0.03,0,-2.75,10.5,0,1.06,0,3.36,7.14,0,7.27,0,0,14.3,0.69,0.58,699,0.07,1,6,152,1,6,8,1,10,3,38,18,0,0,0,0,0,0,1,128,298,170,20,170,193,195,41,202,96,198,248,65,78,23,32,3,81,16,4,20,40,27,3,33,36,34,8,31,15,24,34,16,1,4,5,1,13,5,1,58.25,0.01,0.08,0.5,12.67,0.08,0.5,0.67,0.08,0.83,0.25,3.17,1.5,0,0,0,0,0,0,0.08,152,183,219,18,213,243,226,44,263,121,259,330,80,78,23,32,3,81,16,13,32,25,34,1,42,44,39,8,42,22,36,48,18,1,4,5,1,13,5,2,58,9.92,11.4,113.09,Good,Average,134,CE #16,69
193,LF #43,EMEKA ILIONE,,7,7.28,50.99,Loose Forward,Leicester Tigers,8.01,5.82,5.46,3.02,14.63,0,0,0,10.13,3.92,0,0,0,0,0,0,0,0,371,0.14,1,0,143,2,9,0,5,3,1,48,9,0,0,0,0,0,0,0,242,147,170,186,176,144,153,294,47,240,291,210,191,78,23,32,3,81,16,33,48,32,39,31,41,30,32,62,23,51,55,53,36,27,1,1,1,17,4,2,53,0.02,0.14,0,20.43,0.29,1.29,0,0.71,0.43,0.14,6.86,1.29,0,0,0,0,0,0,0,194,91,165,186,139,140,120,294,21,242,330,142,119,78,23,32,3,81,16,33,43,18,41,31,26,25,17,62,12,51,61,61,18,27,1,1,1,17,4,2,57,9.94,11.5,114.31,Good,Very Consistent,133,LF #18,70
194,SH #15,BERNARD VAN DER LINDE,,5,10.16,50.78,Scrum Half,Bath Rugby,0,0,0,0,0,0,0,0,0,1.32,18.06,11.55,11.32,8.53,0,0,0,0,83,0.61,3,0,145,3,7,0,1,1,1,16,0,0,0,0,0,0,0,0,374,4,77,186,172,114,178,294,202,310,291,327,409,78,23,32,3,81,16,33,26,2,5,24,14,9,11,24,14,25,17,19,31,1,1,2,1,4,1,10,16.6,0.12,0.6,0,29,0.6,1.4,0,0.2,0.2,0.2,3.2,0,0,0,0,0,0,0,0,406,10,19,186,86,67,111,294,167,316,293,327,409,78,23,32,3,81,16,33,27,2,1,24,3,1,2,24,5,25,10,11,31,1,1,2,1,4,1,10,57,6.31,7.5,47.33,Squad,Very Consistent,358,SH #16,18
195,PR #7,GEORGE KLOSKA,,15,3.37,50.56,Prop,Bristol Bears,3.13,1.26,2.01,2.74,4.55,0,1.1,0,2.1,5.52,0.68,4.36,4.03,5.91,0.38,10.54,2.25,0,757,0.07,0,1,69,1,7,5,1,6,8,152,18,0,0,0,0,0,0,0,104,298,245,102,252,193,178,83,202,162,58,18,65,78,23,32,3,81,16,33,8,14,29,3,13,6,10,1,23,2,27,1,2,5,1,1,1,11,1,1,50.47,0,0,0.07,4.6,0.07,0.47,0.33,0.07,0.4,0.53,10.13,1.2,0,0,0,0,0,0,0,211,371,245,163,323,251,244,135,272,249,124,38,140,78,23,32,3,81,16,33,15,36,29,7,22,11,15,3,37,6,44,5,6,5,1,1,1,11,1,1,57,16.39,13.8,226.18,Good,Very Consistent,16,PR #7,97
196,LF #44,SANTIAGO GRONDONA,,11,4.59,50.53,Loose Forward,Bristol Bears,0,0,5.75,0,-1.13,9.86,14.8,0,9.58,3.72,1.79,5.59,0,0,6.05,-3.05,-2.43,0,613,0.08,1,0,103,2,5,4,2,7,5,96,15,4,0,0,0,1,0,0,165,276,170,186,209,144,210,110,139,138,127,87,106,13,23,32,3,17,16,33,34,65,39,31,50,30,47,23,42,26,34,31,21,3,1,1,1,5,4,2,55.73,0.01,0.09,0,9.36,0.18,0.45,0.36,0.18,0.64,0.45,8.73,1.36,0.36,0,0,0,0.09,0,0,170,183,209,186,251,187,247,128,189,180,164,68,104,15,23,32,3,37,16,33,37,38,49,31,62,35,54,27,54,32,39,34,15,7,1,1,1,9,4,2,57,,,,,Inconsistent,,,
197,LF #45,DEIAN GWYNNE,,10,5.02,50.23,Loose Forward,Gloucester Rugby,0,0,0,0,0,4.64,0,0,-0.16,6.29,4.26,11.73,12.49,0,1.54,1.47,7.31,0.66,454,0.11,2,0,110,1,8,1,2,5,2,76,7,0,0,0,0,0,0,0,214,206,118,186,205,193,168,220,139,187,244,126,230,78,23,32,3,81,16,33,42,50,30,31,49,42,37,46,42,40,48,42,46,27,1,1,1,17,4,2,45.4,0.01,0.2,0,11,0.1,0.8,0.1,0.2,0.5,0.2,7.6,0.7,0,0,0,0,0,0,0,246,183,128,186,227,231,175,266,167,215,293,107,285,78,23,32,3,81,16,33,54,38,29,31,58,48,34,54,49,48,54,49,55,27,1,1,1,17,4,2,56,5.31,9.9,52.57,Fringe,Average,334,LF #49,24
198,HK #19,CRAIG WRIGHT,,14,3.59,50.22,Hooker,Northampton Saints,1.32,0,5.36,3.66,1.8,4.17,15.12,0,2.44,3.58,0,1.59,3.36,4.18,-3.26,0,4.46,2.44,465,0.11,0,0,102,1,4,4,3,5,4,79,11,1,0,0,0,1,0,0,209,206,245,186,212,193,227,110,96,187,158,119,162,45,23,32,3,17,16,33,15,31,25,12,15,10,14,6,8,11,14,14,12,8,1,1,1,4,4,3,33.21,0.01,0,0,7.29,0.07,0.29,0.29,0.21,0.36,0.29,5.64,0.79,0.07,0,0,0,0.07,0,0,322,183,245,186,277,251,287,166,158,264,248,199,260,70,23,32,3,54,16,33,23,23,25,12,24,17,24,11,11,17,19,26,17,15,1,1,1,6,4,3,56,4,13,52,Fringe,Inconsistent,338,HK #23,23
199,PR #8,NICKY SMITH,,18,2.78,49.96,Prop,Leicester Tigers,0.75,-0.91,5.69,1.74,4.69,6.28,0.62,1.84,0.86,6.32,0.98,-0.09,4.07,3.08,7.7,0.59,2.74,3.01,1036,0.05,1,1,55,0,6,2,5,2,22,137,5,0,0,0,0,0,0,0,35,338,170,102,272,271,195,177,47,274,1,33,274,78,23,32,3,81,16,33,1,26,12,3,18,19,13,12,2,22,1,3,36,5,1,1,1,11,1,1,57.56,0,0.06,0.06,3.06,0,0.33,0.11,0.28,0.11,1.22,7.61,0.28,0,0,0,0,0,0,0,155,371,239,172,354,271,274,260,125,348,5,106,386,78,23,32,3,81,16,33,4,36,27,10,35,19,23,19,9,40,4,15,65,5,1,1,1,11,1,1,56,14.71,16.2,238.3,Premium,Very Consistent,11,PR #6,98
200,HK #20,GEORGE TURNER,,8,6.23,49.8,Hooker,Harlequins,2.93,0,8.64,7.69,7.66,1.41,0,0,5.64,0,0,0,14.7,1.13,0,0,0,0,290,0.17,1,0,81,1,4,1,2,5,1,55,9,2,0,0,0,0,0,0,272,106,170,186,236,193,227,220,139,187,291,184,191,28,23,32,3,81,16,33,22,14,18,12,19,10,14,19,11,11,24,21,14,3,1,1,1,9,4,3,36.25,0.02,0.13,0,10.13,0.13,0.5,0.13,0.25,0.63,0.13,6.88,1.13,0.25,0,0,0,0,0,0,307,91,172,186,237,217,226,253,135,185,336,140,161,26,23,32,3,81,16,33,21,13,21,12,15,13,15,21,9,4,31,17,8,2,1,1,1,9,4,3,56,6.04,8.4,50.74,Fringe,Consistent,345,HK #25,21
201,HK #21,ALFIE LONGSTAFF,,6,8.23,49.4,Hooker,Sale Sharks,0,0,0,0,0,0,0,0,0,0,0,0,1.05,10.1,18.4,5.79,13.17,0.89,287,0.17,3,1,72,1,3,0,0,4,1,45,5,0,0,0,0,0,0,0,274,106,77,102,247,193,242,294,287,214,291,218,274,78,23,32,3,81,16,33,23,14,7,3,20,10,17,25,23,15,24,24,24,17,1,1,1,9,4,3,47.83,0.03,0.5,0.17,12,0.17,0.5,0,0,0.67,0.17,7.5,0.83,0,0,0,0,0,0,0,229,56,29,95,218,192,226,294,287,161,318,110,241,78,23,32,3,81,16,33,11,9,3,4,12,12,15,25,23,3,29,11,15,17,1,1,1,9,4,3,56,6.94,7.5,52.05,Fringe,Average,337,HK #22,23
202,LK #19,ROSS MOLONY,,15,3.23,48.41,Lock,Bath Rugby,2.12,5.64,3.67,3.85,8.39,-0.07,4.32,1.78,4.08,0,0,3.21,2.53,-0.36,5.41,2.12,0,1.72,892,0.05,0,0,31,0,2,1,1,3,8,117,14,3,0,0,0,0,0,0,69,338,245,186,323,271,270,220,202,240,58,58,116,20,23,32,3,81,16,33,13,43,23,15,31,25,23,23,26,28,7,16,14,13,1,1,1,10,4,1,59.47,0,0,0,2.07,0,0.13,0.07,0.07,0.2,0.53,7.8,0.93,0.2,0,0,0,0,0,0,143,371,245,186,382,271,331,280,272,316,124,97,211,33,23,32,3,81,16,33,19,47,23,15,45,25,33,30,31,36,18,24,21,18,1,1,1,10,4,1,55,6.89,13.8,95.08,Squad,Consistent,178,LK #18,59
203,LF #46,ARTHUR GREEN,,5,9.47,47.35,Loose Forward,Bath Rugby,0,0,0,-0.51,0,16.51,0,0,11.54,8.9,0,0,0,10.91,0,0,0,0,184,0.26,3,0,143,2,7,3,0,4,1,35,6,0,0,0,0,0,0,0,314,24,77,186,176,144,178,139,287,214,291,256,250,78,23,32,3,81,16,33,62,2,17,31,41,30,39,28,67,47,55,61,51,27,1,1,1,17,4,2,36.8,0.05,0.6,0,28.6,0.4,1.4,0.6,0,0.8,0.2,7,1.2,0,0,0,0,0,0,0,304,30,19,186,89,106,111,56,287,126,293,129,140,78,23,32,3,81,16,33,65,6,1,31,12,11,15,12,67,19,54,57,25,27,1,1,1,17,4,2,55,7.72,7.6,58.67,Fringe,Consistent,311,LF #42,29
204,LF #47,STEVEN LUATUA,,6,7.89,47.34,Loose Forward,Bristol Bears,7.41,6.1,0,5.69,0,0,0,0,0,6.5,7.37,14.27,0,0,0,0,0,0,320,0.15,1,0,70,0,4,3,3,2,2,48,2,3,0,0,0,0,0,0,260,131,170,186,250,271,227,139,96,274,244,210,344,20,23,32,3,81,16,33,53,26,39,31,57,54,51,28,36,59,48,53,68,8,1,1,1,17,4,2,53.33,0.03,0.17,0,11.67,0,0.67,0.5,0.5,0.33,0.33,8,0.33,0.5,0,0,0,0,0,0,189,56,156,186,221,271,199,73,35,267,221,87,373,7,23,32,3,81,16,33,41,12,39,31,55,54,45,15,20,57,46,42,75,3,1,1,1,17,4,2,55,7.17,7.7,55.21,Fringe,Very Consistent,323,LF #45,26
205,OB #46,WILL MUIR,,5,9.42,47.09,Outside Back,Bath Rugby,0,0,0,0,0,0,0,0,15.23,6.73,21.59,-0.48,0,4.02,0,0,0,0,347,0.14,1,0,204,9,13,3,0,9,3,18,11,0,0,0,0,1,0,0,253,147,170,186,139,40,114,139,287,112,198,318,162,78,23,32,3,17,16,33,45,46,40,42,46,26,41,34,46,34,23,41,31,1,1,6,1,3,3,6,69.4,0.03,0.2,0,40.8,1.8,2.6,0.6,0,1.8,0.6,3.6,2.2,0,0,0,0,0.2,0,0,62,56,128,186,50,4,35,56,287,11,99,303,13,78,23,32,3,5,16,33,20,17,41,42,39,4,24,23,46,8,6,25,5,1,1,6,1,1,3,6,55,11.06,7,77.42,Squad,Average,244,OB #49,44
206,LF #48,REUBEN PARSONS,,7,6.68,46.76,Loose Forward,Newcastle Red Bull,0,0,0,0,0,0,0,0,0,12.66,7.88,-0.03,6.01,12.47,4.1,0,0,3.67,348,0.13,1,0,138,1,6,5,4,5,4,52,4,0,0,0,0,0,0,0,251,158,170,186,181,193,195,83,67,187,158,195,297,78,23,32,3,81,16,33,50,34,39,31,44,42,44,17,30,40,39,51,56,27,1,1,1,17,4,2,49.71,0.02,0.14,0,19.71,0.14,0.86,0.71,0.57,0.71,0.57,7.43,0.57,0,0,0,0,0,0,0,216,91,165,186,146,211,165,41,30,150,110,114,325,78,23,32,3,81,16,33,47,18,41,31,28,42,30,8,16,24,28,52,64,27,1,1,1,17,4,2,54,6.59,8,52.72,Fringe,Consistent,333,LF #48,24
207,PR #9,WILL HOBSON,,12,3.78,45.41,Prop,Harlequins,0,0,0,0,0,0,4.93,0.14,14.25,1.67,1.78,4.3,3.6,0.23,10.86,-0.12,3.46,0.31,655,0.07,1,0,119,1,5,1,4,5,10,97,10,1,0,0,0,0,0,0,144,298,170,186,200,193,210,220,67,187,29,85,180,45,23,32,3,81,16,33,15,14,12,12,6,6,16,17,4,6,14,11,19,1,1,1,1,11,1,1,54.58,0.01,0.08,0,9.92,0.08,0.42,0.08,0.33,0.42,0.83,8.08,0.83,0.08,0,0,0,0,0,0,177,183,219,186,241,243,255,275,90,245,42,85,241,62,23,32,3,81,16,33,9,15,20,12,4,9,17,21,5,4,19,10,22,2,1,1,1,11,1,1,54,17.56,11.4,200.18,Good,Consistent,37,PR #10,92
208,PR #10,AFOLABI FASOGBON,,18,2.52,45.33,Prop,Gloucester Rugby,-0.26,13.87,-1.29,-1.03,3.32,-1.65,0.98,4.28,5.98,8.09,-2.68,3.64,2.46,5.64,-1.13,1.53,1.19,2.39,975,0.05,2,0,44,1,5,0,8,5,13,121,20,0,0,0,0,0,0,0,52,338,118,186,292,193,210,294,19,187,8,49,45,78,23,32,3,81,16,33,3,26,4,12,26,6,16,29,1,6,7,5,1,5,1,1,1,11,1,1,54.17,0,0.11,0,2.44,0.06,0.28,0,0.44,0.28,0.72,6.72,1.11,0,0,0,0,0,0,0,182,371,194,186,371,259,294,294,56,293,66,148,165,78,23,32,3,81,16,33,10,36,11,12,43,13,29,29,2,15,31,18,9,5,1,1,1,11,1,1,54,14.98,16.2,242.68,Premium,Average,8,PR #4,98
209,LK #20,KIERAN TREADWELL,,14,3.21,44.98,Lock,Harlequins,2.97,3.18,1.5,-0.56,0,1.89,2.06,6.12,6.75,2.86,3.72,3.8,9.99,0.64,0,0,0,0.06,846,0.05,1,0,33,0,3,0,2,12,5,126,22,0,0,0,0,0,0,0,80,338,170,186,318,271,242,294,139,71,127,44,30,78,23,32,3,81,16,33,16,43,14,15,30,25,21,32,16,3,19,12,3,32,1,1,1,10,4,1,60.43,0,0.07,0,2.36,0,0.21,0,0.14,0.86,0.36,9,1.57,0,0,0,0,0,0,0,137,371,232,186,374,271,307,294,216,117,213,58,75,78,23,32,3,81,16,33,18,47,19,15,43,25,26,32,25,4,37,15,6,32,1,1,1,10,4,1,54,6.86,13,89.18,Fringe,Consistent,201,LK #21,54
210,CE #30,MARIUS LOUW,,14,3.19,44.64,Centre,Sale Sharks,0,1.06,6.43,2.34,12.28,0.25,6.82,3.52,0.53,0.99,3.42,3.11,7.56,0.43,-4.1,0,0,0,674,0.07,0,3,182,2,11,5,3,17,2,63,21,0,0,0,0,0,0,0,137,298,245,56,155,144,133,83,96,28,244,159,39,78,23,32,3,81,16,33,22,40,35,13,30,27,28,20,15,5,32,18,10,1,4,5,1,13,5,7,48.14,0.01,0,0.21,13,0.14,0.79,0.36,0.21,1.21,0.14,4.5,1.5,0,0,0,0,0,0,0,227,183,245,78,204,211,180,128,158,66,330,252,80,78,23,32,3,81,16,33,40,25,35,18,40,41,33,31,29,11,43,35,18,1,4,5,1,13,5,7,54,3.99,13,51.87,Fringe,Inconsistent,339,CE #35,22
211,HK #22,JAMES HADFIELD,,5,8.91,44.57,Hooker,Saracens,0,19.7,0,0,2.08,5.42,0,0,0,16.77,0.6,0,0,0,0,0,0,0,152,0.29,2,1,61,0,5,2,1,1,0,34,3,0,0,0,0,0,0,0,336,13,118,102,264,271,210,177,202,310,363,260,325,78,23,32,3,81,16,33,28,4,12,3,23,21,13,15,15,24,33,26,28,17,1,1,1,9,4,3,30.4,0.06,0.4,0.2,12.2,0,1,0.4,0.2,0.2,0,6.8,0.6,0,0,0,0,0,0,0,337,24,54,81,216,271,140,111,167,316,363,144,314,78,23,32,3,81,16,33,27,6,6,2,11,21,7,6,13,24,33,20,22,17,1,1,1,9,4,3,53,7.01,7.4,51.87,Fringe,Average,340,HK #24,22
212,CE #31,IZAIA PERESE,,9,4.82,43.37,Centre,Leicester Tigers,0,0,0,0,7.74,0,4.44,6.26,0,14.26,8.91,0,15.92,-6.49,-15.3,0,0,7.63,334,0.13,3,1,193,2,10,8,2,3,3,29,6,0,0,0,0,1,1,0,257,158,77,102,150,144,139,41,139,240,198,284,250,78,23,32,3,17,1,33,36,25,16,24,29,27,29,8,24,38,24,39,38,1,4,5,1,4,1,7,37.11,0.01,0.33,0.11,21.44,0.22,1.11,0.89,0.22,0.33,0.33,3.22,0.67,0,0,0,0,0.11,0.11,0,300,183,75,122,133,164,131,25,151,267,221,326,294,78,23,32,3,29,3,33,46,25,15,30,30,32,28,4,28,49,28,46,47,1,4,5,1,7,1,7,53,,,,,Boom/Bust,,,
213,OB #47,AIDAN BOSHOFF,,5,8.57,42.86,Outside Back,Bristol Bears,0,0,0,0,0,18.66,9.35,0,0,0,0.33,3.34,0,0,0,0,0,11.18,259,0.17,1,1,192,2,12,0,0,4,3,17,3,0,0,0,0,0,0,0,286,106,170,102,151,144,125,294,287,214,198,324,325,78,23,32,3,81,16,33,49,41,40,23,48,49,43,58,46,51,23,44,58,1,1,6,1,17,3,6,51.8,0.03,0.2,0.2,38.4,0.4,2.4,0,0,0.8,0.6,3.4,0.6,0,0,0,0,0,0,0,204,56,128,81,57,106,44,294,287,126,99,315,314,78,23,32,3,81,16,33,51,17,41,20,44,54,30,58,46,51,6,30,62,1,1,6,1,17,3,6,53,9.7,7,67.9,Squad,Consistent,285,OB #62,35
214,LK #21,CAMERON JORDAN,,10,4.26,42.55,Lock,Gloucester Rugby,0.64,20.79,1.16,4.66,-2.01,0,2.06,1.33,13.09,0.83,0,0,0,0,0,0,0,0,275,0.15,2,2,80,1,4,2,0,5,4,40,3,0,0,0,0,0,0,0,279,131,118,75,237,193,227,177,287,187,158,237,325,78,23,32,3,81,16,33,34,3,5,1,20,13,19,16,34,18,25,36,40,32,1,1,1,10,4,1,27.5,0.02,0.2,0.2,8,0.1,0.4,0.2,0,0.5,0.4,4,0.3,0,0,0,0,0,0,0,356,91,128,81,267,231,256,206,287,215,188,273,382,78,23,32,3,81,16,33,43,9,6,1,15,18,18,19,34,19,31,44,48,32,1,1,1,10,4,1,53,8.81,9.8,86.34,Fringe,Boom/Bust,212,LK #22,52
215,LK #22,PEDRO RUBIOLO,,8,5.29,42.31,Lock,Bristol Bears,0,0,6.41,2.83,8.38,3.13,5.66,1.66,4.42,9.82,0,0,0,0,0,0,0,0,588,0.07,0,0,42,0,2,0,2,1,7,117,6,0,0,0,0,0,0,0,174,298,245,186,298,271,270,294,139,310,77,58,250,78,23,32,3,81,16,33,24,31,23,15,26,25,23,32,16,37,12,16,29,32,1,1,1,10,4,1,73.5,0.01,0,0,5.25,0,0.25,0,0.25,0.13,0.88,14.63,0.75,0,0,0,0,0,0,0,36,183,245,186,307,271,296,294,135,342,39,4,269,78,23,32,3,81,16,33,6,15,23,15,26,25,25,32,14,42,8,1,30,32,1,1,1,10,4,1,52,10.26,8.4,86.18,Fringe,Very Consistent,213,LK #23,51
216,PR #11,JOE HEYES,,17,2.43,41.31,Prop,Leicester Tigers,2.47,2.45,0,1.14,1.65,4.39,-0.36,1.22,11.46,3.65,3.82,1.56,3.14,1.34,-5.78,9.22,-0.81,0.75,993,0.04,2,0,89,0,2,3,1,2,13,152,17,0,0,0,0,1,0,0,45,363,118,186,223,271,270,139,202,274,8,18,81,78,23,32,3,17,16,33,2,37,4,12,9,19,24,9,23,22,7,1,5,5,1,1,1,2,1,1,58.41,0,0.12,0,5.24,0,0.12,0.18,0.06,0.12,0.76,8.94,1,0,0,0,0,0.06,0,0,149,371,189,186,311,271,338,225,282,347,54,60,179,78,23,32,3,72,16,33,3,36,9,12,19,19,42,15,40,39,26,6,12,5,1,1,1,8,1,1,52,13.72,15.4,211.29,Good,Average,27,PR #8,94
217,OB #48,BENJAMIN ELIZALDE,,3,13.55,40.65,Outside Back,Bristol Bears,0,0,7.33,17.43,15.89,0,0,0,0,0,0,0,0,0,0,0,0,0,225,0.18,0,2,121,4,10,4,1,6,1,10,5,0,0,0,0,0,0,0,298,90,245,75,197,94,139,110,202,162,291,366,274,78,23,32,3,81,16,33,50,34,53,15,51,39,46,29,34,46,43,53,51,1,1,6,1,17,3,6,75,0.06,0,0.67,40.33,1.33,3.33,1.33,0.33,2,0.33,3.33,1.67,0,0,0,0,0,0,0,28,24,245,10,51,15,16,6,90,4,221,318,57,78,23,32,3,81,16,33,8,7,53,3,40,13,11,4,14,4,25,32,23,1,1,6,1,17,3,6,52,11.28,7,78.96,Fringe,Very Consistent,239,OB #46,45
218,HK #23,JACK WALKER,,11,3.69,40.6,Hooker,Harlequins,2.42,-1.8,1.45,6.79,4.49,6.79,-2.6,11.16,0,4.75,4.55,2.6,0,0,0,0,0,0,583,0.07,1,0,50,0,0,0,1,3,6,90,8,0,0,0,0,2,0,0,176,298,170,186,279,271,354,294,202,240,101,98,208,78,23,32,3,3,16,33,11,37,18,12,24,21,33,25,15,18,8,11,18,17,1,1,1,1,4,3,53,0.01,0.09,0,4.55,0,0,0,0.09,0.27,0.55,8.18,0.73,0,0,0,0,0.18,0,0,194,183,209,186,327,271,354,294,259,296,118,81,277,78,23,32,3,8,16,33,9,23,22,12,32,21,33,25,19,22,8,9,19,17,1,1,1,1,4,3,52,4.08,10.6,43.25,Fringe,Inconsistent,375,HK #30,14
219,CE #32,WILL BUTT,,6,6.75,40.47,Centre,Bath Rugby,0,0,0,0.99,0,13.7,6.88,0,0,0,0,0,0,15.88,3.02,0,0,0,317,0.13,2,1,61,2,4,2,1,2,0,39,6,0,0,0,0,0,0,0,261,158,118,102,264,144,227,177,202,274,363,241,250,78,23,32,3,81,16,33,37,25,22,24,41,27,37,32,31,42,45,33,38,1,4,5,1,13,5,7,52.83,0.02,0.33,0.17,10.17,0.33,0.67,0.33,0.17,0.33,0,6.5,1,0,0,0,0,0,0,0,197,91,75,95,236,121,199,135,196,267,363,159,179,78,23,32,3,81,16,33,37,11,15,25,46,24,35,33,35,49,45,15,36,1,4,5,1,13,5,7,52,6.97,7.4,51.58,Fringe,Consistent,341,CE #36,22
220,SH #16,GUS WARR,,18,2.24,40.3,Scrum Half,Sale Sharks,5.11,0.69,5.15,-1.28,0.05,1.76,0.18,4.3,-0.07,1.65,0.53,-3.42,2.82,3.94,1.89,8.76,7.2,1.04,883,0.05,0,5,133,1,2,6,3,9,4,65,29,0,0,0,0,0,0,1,73,338,245,27,185,193,270,60,96,112,158,155,15,78,23,32,3,81,16,4,5,25,20,11,16,15,21,7,2,15,3,4,3,1,1,2,1,4,1,2,49.06,0,0,0.28,7.39,0.06,0.11,0.33,0.17,0.5,0.22,3.61,1.61,0,0,0,0,0,0,0.06,223,371,245,58,275,259,339,135,196,215,284,302,67,78,23,32,3,81,16,23,9,29,20,17,23,21,25,10,8,19,9,7,4,1,1,2,1,4,1,8,51,2.5,16.3,40.75,Squad,Consistent,383,SH #17,12
221,LF #49,FREDDIE LOCKWOOD,,7,5.73,40.1,Loose Forward,Newcastle Red Bull,-0.06,0,0,-0.34,6.12,4.95,0,0,0,19.21,0,0,0,0,0,0,9.18,1.04,283,0.14,1,0,199,1,5,0,1,4,5,45,3,0,0,0,0,0,0,0,275,147,170,186,145,193,210,294,202,214,127,218,325,78,23,32,3,81,16,33,55,32,39,31,33,42,47,62,53,47,34,56,62,27,1,1,1,17,4,2,40.43,0.02,0.14,0,28.43,0.14,0.71,0,0.14,0.57,0.71,6.43,0.43,0,0,0,0,0,0,0,278,91,165,186,91,211,191,294,216,199,68,164,358,78,23,32,3,81,16,33,59,18,41,31,13,42,42,62,56,41,15,64,71,27,1,1,1,17,4,2,51,,,,,Inconsistent,,,
222,SH #17,TOM WHITELEY,,15,2.61,39.13,Scrum Half,Leicester Tigers,0.63,0,0.53,-0.34,10.06,5.05,15.28,-1.55,0,0,-0.54,-0.32,8.66,-1.75,-1.45,0.82,4.05,0,493,0.08,2,5,89,1,3,1,1,9,1,21,12,0,0,0,0,0,0,1,203,276,118,27,223,193,242,220,202,112,291,311,140,78,23,32,3,81,16,4,16,20,9,11,18,15,18,16,14,15,17,17,14,1,1,2,1,4,1,2,32.87,0.01,0.13,0.33,5.93,0.07,0.2,0.07,0.07,0.6,0.07,1.4,0.8,0,0,0,0,0,0,0.07,328,183,172,41,297,251,309,280,272,191,358,411,252,78,23,32,3,81,16,17,20,11,12,13,25,20,23,23,18,18,22,25,18,1,1,2,1,4,1,6,51,2.8,13.9,38.92,Squad,Average,390,SH #18,11
223,PR #12,ERONI MAWI,,18,2.16,38.9,Prop,Saracens,0.63,2.23,0.99,0.86,2.61,5.62,1.12,0.2,0.83,1.94,-1.76,1.06,2.64,4.72,0.27,1.45,5.6,7.89,677,0.06,2,1,74,0,3,5,4,5,16,100,14,0,0,0,0,0,0,0,136,321,118,102,243,271,242,83,67,187,5,82,116,78,23,32,3,81,16,33,13,21,4,3,11,19,19,1,4,6,5,10,6,5,1,1,1,11,1,1,37.61,0,0.11,0.06,4.11,0,0.17,0.28,0.22,0.28,0.89,5.56,0.78,0,0,0,0,0,0,0,297,371,194,172,332,271,320,171,151,293,38,203,263,78,23,32,3,81,16,33,37,36,11,10,25,19,35,9,14,15,17,31,27,5,1,1,1,11,1,1,51,12.95,16.2,209.79,Good,Very Consistent,29,PR #9,94
224,CE #33,SAMMY ARNOLD,,10,3.82,38.24,Centre,Newcastle Red Bull,9.98,0,0,0,0,0,0.59,8.28,3.81,5.1,-1.35,0,0,0,1,-1,2.8,9.03,658,0.06,0,2,160,2,15,7,3,9,7,73,19,0,0,0,0,2,0,0,143,321,245,75,166,144,97,48,96,112,77,133,50,78,23,32,3,3,16,33,24,46,35,19,32,27,23,12,15,19,6,14,13,1,4,5,1,3,5,7,65.8,0.01,0,0.2,16,0.2,1.5,0.7,0.3,0.9,0.7,7.3,1.9,0,0,0,0,0.2,0,0,89,183,245,81,178,174,100,43,117,109,74,120,39,78,23,32,3,5,16,33,18,25,35,19,36,34,22,7,21,18,7,7,10,1,4,5,1,2,5,7,50,4.5,9.8,44.1,Fringe,Average,371,CE #44,15
225,LK #23,TOM LOCKETT,,11,3.39,37.32,Lock,Northampton Saints,0,-7.04,6.97,4.82,6.49,0,0,0,0,2.36,7.22,2.38,6.19,7.56,0,0,1.32,-0.95,631,0.06,0,0,61,0,0,2,2,2,11,104,18,6,0,0,0,1,0,0,157,321,245,186,264,271,354,177,139,274,21,76,65,5,23,32,3,17,16,33,21,36,23,15,23,25,39,16,16,31,2,21,8,4,1,1,1,2,4,1,57.36,0.01,0,0,5.55,0,0,0.18,0.18,0.18,1,9.45,1.64,0.55,0,0,0,0.09,0,0,157,183,245,186,302,271,354,225,189,332,12,51,61,6,23,32,3,37,16,33,20,15,23,15,25,25,39,22,19,38,1,13,3,4,1,1,1,5,4,1,50,7.19,10.6,76.21,Fringe,Inconsistent,254,LK #26,42
226,PR #13,EMMANUEL IYOGUN,,16,2.31,36.95,Prop,Northampton Saints,0.57,3.47,-0.35,3.95,2.5,-3.18,6.46,1.03,0,3.31,9.39,1.71,1.15,1.9,5.83,4.64,-5.43,0,757,0.05,0,0,130,0,9,1,3,3,20,135,12,1,0,0,0,1,0,0,104,338,245,186,189,271,153,220,96,240,2,36,140,45,23,32,3,17,16,33,8,26,29,12,4,19,7,17,11,14,2,4,10,1,1,1,1,2,1,1,47.31,0,0,0,8.13,0,0.56,0.06,0.19,0.19,1.25,8.44,0.75,0.06,0,0,0,0.06,0,0,234,371,245,186,266,271,220,290,187,331,4,76,269,71,23,32,3,72,16,33,19,36,29,12,6,19,11,27,16,32,3,8,29,3,1,1,1,8,1,1,50,13.38,14.6,195.35,Good,Average,39,PR #11,91
227,LF #50,ZACH CARR,,13,2.83,36.84,Loose Forward,Harlequins,1.48,2.38,0.76,6,7.28,0,1.9,0,0,0,0.33,2.35,1.65,0.57,0,3.96,8.18,0,441,0.08,0,0,139,0,5,3,0,5,5,83,7,0,0,0,0,0,0,0,220,276,245,186,180,271,210,139,287,187,127,112,230,78,23,32,3,81,16,33,43,65,52,31,43,54,47,28,67,40,34,37,46,27,1,1,1,17,4,2,33.92,0.01,0,0,10.69,0,0.38,0.23,0,0.38,0.38,6.38,0.54,0,0,0,0,0,0,0,317,183,245,186,232,271,267,195,287,257,207,167,329,78,23,32,3,81,16,33,67,38,52,31,59,54,58,39,67,55,44,65,65,27,1,1,1,17,4,2,50,3.55,12.3,43.67,Fringe,Average,374,LF #63,14
228,LF #51,NATHAN MICHELOW,,9,4.07,36.6,Loose Forward,Saracens,-14.01,0,0,0,0,0,0,0,0,2.88,0,4.05,10.21,14.27,0,2.91,8.63,7.66,190,0.19,1,0,118,4,10,3,1,3,0,35,1,0,0,0,0,0,1,0,312,72,170,186,201,94,139,139,202,240,363,256,373,78,23,32,3,81,1,33,61,11,39,31,47,14,29,28,53,51,68,61,73,27,1,1,1,17,1,2,21.11,0.02,0.11,0,13.11,0.44,1.11,0.33,0.11,0.33,0,3.89,0.11,0,0,0,0,0,0.11,0,387,91,194,186,203,101,131,135,241,267,363,289,407,78,23,32,3,81,3,33,73,18,46,31,50,9,22,28,61,57,68,75,78,27,1,1,1,17,1,2,50,4.67,9.1,42.5,Fringe,Boom/Bust,377,LF #64,14
229,LF #52,ETHAN STADDON,,5,7.2,36,Loose Forward,Bath Rugby,0,0,0,13.06,0,0,7.42,0,0,4.49,0,12.97,0,0,0,0,-1.94,0,310,0.12,1,0,77,0,4,1,6,3,3,50,12,0,0,0,0,0,0,0,264,181,170,186,240,271,227,220,33,240,198,201,140,78,23,32,3,81,16,33,54,42,39,31,55,54,51,46,17,51,43,52,29,27,1,1,1,17,4,2,62,0.02,0.2,0,15.4,0,0.8,0.2,1.2,0.6,0.6,10,2.4,0,0,0,0,0,0,0,124,91,128,186,182,271,175,206,2,191,99,40,8,78,23,32,3,81,16,33,27,18,29,31,42,54,34,43,2,36,26,22,1,27,1,1,1,17,4,2,49,6.77,7.6,51.45,Fringe,Average,343,LF #51,22
230,OB #49,JOSIAH EDWARDS-GIRAUD,,12,3,35.96,Outside Back,Gloucester Rugby,0,-0.42,1.63,31.38,0,0,0,0,0,6.43,-0.75,2.5,0.08,0,0,-3.39,0,-1.5,347,0.10,1,1,203,3,11,2,1,7,4,27,11,0,0,0,0,1,0,0,253,227,170,102,141,114,133,177,202,138,158,292,162,78,23,32,3,17,16,33,45,53,40,23,47,44,45,45,34,39,14,35,31,1,1,6,1,3,3,6,28.92,0.01,0.08,0.08,16.92,0.25,0.92,0.17,0.08,0.58,0.33,2.25,0.92,0,0,0,0,0.08,0,0,347,183,219,146,166,152,160,232,263,198,221,372,214,78,23,32,3,43,16,33,66,49,51,36,63,61,62,55,43,62,25,50,50,1,1,6,1,7,3,6,49,4.5,11.3,50.85,Fringe,Boom/Bust,344,OB #71,21
231,OB #50,JOSH HATHAWAY,,4,8.96,35.85,Outside Back,Gloucester Rugby,0,0,0,0,0,0,14.83,9.73,11.03,0.26,0,0,0,0,0,0,0,0,203,0.18,1,0,217,2,9,1,1,7,0,5,6,0,0,0,0,0,0,0,308,90,170,186,130,144,153,220,202,138,363,397,250,78,23,32,3,81,16,33,53,34,40,42,44,49,48,50,34,39,58,60,45,1,1,6,1,17,3,6,50.75,0.05,0.25,0,54.25,0.5,2.25,0.25,0.25,1.75,0,1.25,1.5,0,0,0,0,0,0,0,208,30,105,186,24,78,53,178,135,14,363,415,80,78,23,32,3,81,16,33,52,8,34,42,20,47,34,47,25,11,58,62,25,1,1,6,1,17,3,6,49,9.99,6.9,68.93,Fringe,Consistent,280,OB #59,36
232,HK #24,MAX NOREY,,5,7,35.01,Hooker,Exeter Chiefs,0,0,0,0,0,0,0,0,0,0,0,0,0,2.9,10.65,7.69,0.33,13.44,273,0.13,2,0,41,2,3,0,0,1,2,37,12,0,0,0,0,0,0,0,282,158,118,186,302,144,242,294,287,310,244,252,140,78,23,32,3,81,16,33,24,21,12,12,27,7,17,25,23,24,22,25,9,17,1,1,1,9,4,3,54.6,0.03,0.4,0,8.2,0.4,0.6,0,0,0.2,0.4,7.4,2.4,0,0,0,0,0,0,0,176,56,54,186,265,106,211,294,287,316,188,115,8,78,23,32,3,81,16,33,7,9,6,12,22,4,13,25,23,24,14,12,1,17,1,1,1,9,4,3,49,9.21,7.4,68.15,Squad,Average,283,HK #18,35
233,LF #53,HAMISH WATSON,,7,4.96,34.74,Loose Forward,Leicester Tigers,4.2,0,0,0,0,0,0,0,0,0,7.06,12.1,2.98,0,0,1.31,4.97,2.12,275,0.13,0,1,36,0,2,3,4,0,3,53,1,0,0,0,0,0,0,0,279,158,245,102,312,271,270,139,67,371,198,191,373,78,23,32,3,81,16,33,56,34,52,15,66,54,58,28,30,72,43,49,73,27,1,1,1,17,4,2,39.29,0.02,0,0.14,5.14,0,0.29,0.43,0.57,0,0.43,7.57,0.14,0,0,0,0,0,0,0,288,91,245,109,315,271,287,103,30,371,172,108,404,78,23,32,3,81,16,33,61,18,52,13,69,54,61,21,16,72,41,50,77,27,1,1,1,17,4,2,48,,,,,Consistent,,,
234,CE #34,WILL RIGG,,6,5.56,33.36,Centre,Exeter Chiefs,0,0,0,0,0,0,0,13.02,3.74,0,1.97,5.37,9.26,0,0,0,0,0,378,0.09,1,0,137,1,7,2,0,3,3,42,8,0,0,0,0,0,0,0,239,254,170,186,182,193,178,177,287,240,198,232,208,78,23,32,3,81,16,33,35,35,27,37,34,36,32,32,44,38,24,30,33,1,4,5,1,13,5,7,63,0.02,0.17,0,22.83,0.17,1.17,0.33,0,0.5,0.5,7,1.33,0,0,0,0,0,0,0,113,91,156,186,124,192,126,135,287,215,129,129,108,78,23,32,3,81,16,33,25,11,27,37,28,38,27,33,44,38,15,9,24,1,4,5,1,13,5,7,48,6.37,7.4,47.14,Fringe,Very Consistent,359,CE #39,18
235,SH #18,MIKE AUSTIN,,10,3.33,33.28,Scrum Half,Gloucester Rugby,0,0,0,10.61,0,0,7.36,6.3,7.09,0,0,0,1.26,0,0,0.33,0.33,0,181,0.18,1,0,144,3,6,1,0,2,0,11,5,0,0,0,0,0,0,0,316,90,170,186,173,114,195,220,287,274,363,356,274,78,23,32,3,81,16,33,22,7,15,24,15,9,13,16,22,20,24,23,20,1,1,2,1,4,1,10,18.1,0.02,0.1,0,14.4,0.3,0.6,0.1,0,0.2,0,1.1,0.5,0,0,0,0,0,0,0,398,91,204,186,190,138,211,266,287,316,363,418,332,78,23,32,3,81,16,33,26,7,15,24,11,10,14,21,22,25,24,27,21,1,1,2,1,4,1,10,48,3.37,9.9,33.36,Fringe,Very Consistent,403,SH #19,8
236,CE #35,CHRIS HARRIS,,9,3.69,33.23,Centre,Bath Rugby,4.78,0,-0.34,0,0,5.88,7.52,0.92,0,1.88,0,-0.42,0,5.95,0,7.06,0,0,467,0.07,1,0,107,2,2,0,4,5,1,41,8,0,0,0,0,0,0,0,208,298,170,186,206,144,270,294,67,187,291,236,208,78,23,32,3,81,16,33,30,40,27,37,36,27,41,46,11,30,39,32,33,1,4,5,1,13,5,7,51.89,0.01,0.11,0,11.89,0.22,0.22,0,0.44,0.56,0.11,4.56,0.89,0,0,0,0,0,0,0,203,183,194,186,220,164,305,294,56,202,343,251,224,78,23,32,3,81,16,33,39,25,32,37,43,32,51,46,10,36,44,34,42,1,4,5,1,13,5,7,48,4.57,8.9,40.67,Fringe,Consistent,384,CE #49,12
237,LF #54,KANE JAMES,,10,3.32,33.15,Loose Forward,Exeter Chiefs,2.33,5.23,2.79,0.24,5.4,0,7.64,3.32,3.74,0,0,0,0,0,0,0,0,2.46,177,0.19,0,1,59,1,2,0,4,1,1,45,4,0,0,0,0,0,0,0,319,72,245,102,268,193,270,294,67,310,291,218,297,78,23,32,3,81,16,33,64,11,52,15,61,42,58,62,30,64,55,56,56,27,1,1,1,17,4,2,17.7,0.02,0,0.1,5.9,0.1,0.2,0,0.4,0.1,0.1,4.5,0.4,0,0,0,0,0,0,0,400,91,245,128,298,231,309,294,70,351,347,252,362,78,23,32,3,81,16,33,75,18,52,18,68,48,63,62,32,69,64,70,72,27,1,1,1,17,4,2,48,3.95,9.9,39.11,Fringe,Consistent,389,LF #66,11
238,CE #36,SEAN KERR,,8,4.11,32.91,Centre,Harlequins,8.64,0.93,0,0,0,0,0,0,0,0,0,6.32,5.54,4.08,6.34,0,1.06,0,274,0.12,0,0,126,2,5,2,3,1,0,32,11,0,0,0,0,0,0,0,281,181,245,186,193,144,210,177,96,310,363,271,162,78,23,32,3,81,16,33,39,29,35,37,35,27,35,32,15,47,45,36,28,1,4,5,1,13,5,7,34.25,0.02,0,0,15.75,0.25,0.63,0.25,0.38,0.13,0,4,1.38,0,0,0,0,0,0,0,315,91,245,186,180,152,208,178,76,342,363,273,99,78,23,32,3,81,16,33,47,11,35,37,37,30,37,38,14,52,45,38,23,1,4,5,1,13,5,7,47,5.13,8.3,42.58,Fringe,Very Consistent,376,CE #45,14
239,LK #24,HYRON ANDREWS,,12,2.68,32.19,Lock,Sale Sharks,12.31,1.33,5.38,1.61,0,0,1.06,5.44,0,0,0,0,0,0.6,-0.61,-0.96,2.59,3.44,444,0.07,1,0,14,1,1,0,0,2,5,63,8,2,0,0,0,0,0,0,219,298,170,186,363,193,314,294,287,274,127,159,208,28,23,32,3,81,16,33,28,31,14,15,41,13,31,32,34,31,19,28,25,16,1,1,1,10,4,1,37,0.01,0.08,0,1.17,0.08,0.08,0,0,0.17,0.42,5.25,0.67,0.17,0,0,0,0,0,0,301,183,219,186,405,243,348,294,287,333,181,222,294,41,23,32,3,81,16,33,37,15,17,15,49,20,36,32,34,39,28,38,34,21,1,1,1,10,4,1,47,,,,,Inconsistent,,,
240,LK #25,JAMES DUN,,12,2.64,31.7,Lock,Bristol Bears,7.12,2.15,-0.07,-1.34,0,0,0,0,0,0,-1.81,4.3,1.01,1.7,1.74,5.46,3.06,8.38,781,0.04,0,0,76,1,2,5,2,5,8,90,20,0,0,0,0,0,0,0,98,363,245,186,241,193,270,83,139,187,58,98,45,78,23,32,3,81,16,33,18,46,23,15,21,13,23,6,16,18,7,24,6,32,1,1,1,10,4,1,65.08,0,0,0,6.33,0.08,0.17,0.42,0.17,0.42,0.67,7.5,1.67,0,0,0,0,0,0,0,96,371,245,186,288,243,320,108,196,245,82,110,57,78,23,32,3,81,16,33,15,47,23,15,20,20,29,6,21,23,14,27,2,32,1,1,1,10,4,1,47,5.81,11.4,66.23,Fringe,Inconsistent,291,LK #30,33
241,HK #25,CURTIS LANGDON,,3,10.53,31.6,Hooker,Northampton Saints,0,0,0,0,0,0,0,0,0,0,17.91,6.07,0,0,0,0,0,7.62,167,0.19,1,0,28,0,1,2,1,1,2,30,0,1,0,0,0,0,0,0,326,72,170,186,329,271,314,177,202,310,244,280,409,45,23,32,3,81,16,33,27,13,18,12,29,21,29,15,15,24,22,27,32,8,1,1,1,9,4,3,55.67,0.06,0.33,0,9.33,0,0.33,0.67,0.33,0.33,0.67,10,0,0.33,0,0,0,0,0,0,171,24,75,186,252,271,274,44,90,267,82,40,409,18,23,32,3,81,16,33,5,6,9,12,17,21,22,1,6,19,5,3,32,1,1,1,1,9,4,3,47,6.86,7.6,52.14,Fringe,Very Consistent,336,HK #21,23
242,PR #14,BORIS WENGER,,10,3.07,30.72,Prop,Harlequins,0,0,-0.68,3.94,5.13,0.2,2.13,0.33,0,0,0,0,0,0,7.26,10.81,0.2,1.4,180,0.17,1,0,73,1,8,4,2,2,5,24,2,0,0,0,0,0,0,0,317,106,170,186,244,193,168,110,139,274,127,299,344,78,23,32,3,81,16,33,49,1,12,12,12,6,8,4,14,22,38,52,52,5,1,1,1,11,1,1,18,0.02,0.1,0,7.3,0.1,0.8,0.4,0.2,0.2,0.5,2.4,0.2,0,0,0,0,0,0,0,399,91,204,186,276,231,175,111,167,316,129,367,397,78,23,32,3,81,16,33,72,6,16,12,8,7,7,2,15,26,45,71,70,5,1,1,1,11,1,1,46,15.54,9.8,152.29,Good,Consistent,71,PR #18,84
243,LK #26,CHRIST TSHIUNZA,,6,5.07,30.41,Lock,Exeter Chiefs,4.81,0,0,0,0,0,0,0,0,0,0,0,0,4.32,9.27,6.81,0.7,4.5,325,0.09,0,0,37,1,0,0,2,4,2,52,3,2,0,0,0,0,0,0,259,254,245,186,309,193,354,294,139,214,244,195,325,28,23,32,3,81,16,33,30,20,23,15,28,13,39,32,16,23,38,31,40,16,1,1,1,10,4,1,54.17,0.02,0,0,6.17,0.17,0,0,0.33,0.67,0.33,8.67,0.5,0.33,0,0,0,0,0,0,182,91,245,186,292,192,354,294,90,161,221,69,332,18,23,32,3,81,16,33,24,9,23,15,23,11,39,32,9,10,38,17,43,11,1,1,1,10,4,1,46,10.43,10.2,106.39,Squad,Very Consistent,148,LK #17,66
244,PR #15,JOSH IOSEFA-SCOTT,,11,2.76,30.32,Prop,Exeter Chiefs,-0.41,-1.76,0.8,-1.09,1.3,0.33,0,0,0,0,0,0,0,0.24,21.13,6.77,-1.77,4.78,614,0.05,1,1,66,2,4,2,2,6,8,59,9,0,0,0,0,0,0,0,164,338,170,102,258,144,227,177,139,162,58,177,191,78,23,32,3,81,16,33,19,26,12,3,14,2,18,12,14,2,27,34,21,5,1,1,1,11,1,1,55.82,0,0.09,0.09,6,0.18,0.36,0.18,0.18,0.55,0.73,5.36,0.82,0,0,0,0,0,0,0,168,371,209,141,295,187,272,225,189,205,63,217,248,78,23,32,3,81,16,33,6,36,18,4,12,4,22,15,17,2,29,36,23,5,1,1,1,11,1,1,46,14.66,10.6,155.4,Good,Inconsistent,64,PR #17,86
245,CE #37,OSCAR BEARD,,6,5.05,30.31,Centre,Harlequins,6.68,1,11.7,0,0,3.52,8.37,-0.96,0,0,0,0,0,0,0,0,0,0,417,0.07,0,1,87,1,13,1,2,3,6,42,11,0,0,0,0,0,0,0,227,298,245,102,226,193,114,220,139,240,101,232,162,78,23,32,3,81,16,33,31,40,35,24,37,36,25,39,24,38,9,30,28,1,4,5,1,13,5,7,69.5,0.01,0,0.17,14.5,0.17,2.17,0.17,0.33,0.5,1,7,1.83,0,0,0,0,0,0,0,60,183,245,95,189,192,60,232,90,215,12,129,44,78,23,32,3,81,16,33,12,25,35,25,38,38,13,43,16,38,2,9,11,1,4,5,1,13,5,7,46,6.11,7.4,45.21,Fringe,Consistent,368,CE #43,16
246,LF #55,BENJAMIN GRONDONA,,9,3.34,30.07,Loose Forward,Bristol Bears,10.58,3.79,0,4.1,-6.23,0,0.57,0,0.44,0,0,0.2,13.65,2.97,0,0,0,0,257,0.12,0,1,128,3,1,2,2,6,0,39,4,0,0,0,0,1,0,0,287,181,245,102,190,114,314,177,139,162,363,241,297,78,23,32,3,17,16,33,57,42,52,15,45,22,64,37,42,36,68,58,56,27,1,1,1,5,4,2,28.56,0.01,0,0.11,14.22,0.33,0.11,0.22,0.22,0.67,0,4.33,0.44,0,0,0,0,0.11,0,0,351,183,245,122,194,121,339,199,151,161,363,261,355,78,23,32,3,29,16,33,70,38,52,17,48,17,68,40,46,30,68,71,69,27,1,1,1,6,4,2,46,4.12,9.1,37.49,Fringe,Boom/Bust,395,LF #68,10
247,OB #51,CIARAN DONOGHUE,,2,15.02,30.03,Outside Back,Bath Rugby,0,0,0,0,0,0,0,0,0,0,0,0,0,20.65,0,0,9.38,0,160,0.19,0,1,69,1,3,3,0,4,0,11,6,0,0,6,0,0,0,1,332,72,245,102,252,193,242,139,287,214,363,356,250,78,23,23,3,81,16,4,59,30,53,23,61,57,60,34,46,51,58,52,45,1,1,2,1,17,3,2,80,0.1,0,0.5,34.5,0.5,1.5,1.5,0,2,0,5.5,3,0,0,3,0,0,0,0.5,1,15,245,18,71,78,100,1,287,4,363,208,4,78,23,4,3,81,16,1,1,2,53,5,48,47,51,1,46,4,58,7,3,1,1,1,1,17,3,1,45,11.27,7.3,82.27,Fringe,,229,OB #45,48
248,PR #16,VAL RAPAVA-RUSKIN,,12,2.48,29.79,Prop,Gloucester Rugby,0,0,0,0,0,3.5,1.82,2.95,0.72,10.83,3.18,0.3,0.23,-0.43,2.96,-0.42,0,4.15,640,0.05,1,0,47,1,6,4,5,3,18,73,8,0,0,0,0,0,0,0,152,338,170,186,285,193,195,110,47,240,3,133,208,78,23,32,3,81,16,33,17,26,12,12,24,6,13,4,2,14,3,23,24,5,1,1,1,11,1,1,53.33,0,0.08,0,3.92,0.08,0.5,0.33,0.42,0.25,1.5,6.08,0.67,0,0,0,0,0,0,0,189,371,219,186,339,243,226,135,65,298,1,184,294,78,23,32,3,81,16,33,11,36,20,12,28,9,12,3,3,18,1,26,35,5,1,1,1,11,1,1,45,13.86,11.4,158,Good,Consistent,61,PR #16,86
249,PR #17,MAX LAHIFF,,9,3.29,29.63,Prop,Bristol Bears,0,0,0,0,0,2.09,0,11.79,2.19,1.98,0,0,0,0.66,2.36,-2.48,7.04,4,311,0.10,1,0,63,0,7,1,0,1,4,51,2,0,0,0,0,0,0,0,263,227,170,186,263,271,178,220,287,310,158,198,344,78,23,32,3,81,16,33,38,7,12,12,15,19,10,17,42,32,42,39,52,5,1,1,1,11,1,1,34.56,0.01,0.11,0,7,0,0.78,0.11,0,0.11,0.44,5.67,0.22,0,0,0,0,0,0,0,314,183,194,186,281,271,181,260,287,348,166,197,396,78,23,32,3,81,16,33,40,15,11,12,10,19,8,19,42,40,53,30,69,5,1,1,1,11,1,1,45,15.87,9,142.83,Good,Consistent,90,PR #21,80
250,LF #56,TRISTAN WOODMAN,,10,2.96,29.57,Loose Forward,Sale Sharks,-0.24,2.31,1.93,3.45,6.22,0,1.59,0,0,0,0,0,-0.32,11.99,2.31,0,0.33,0,331,0.09,0,0,83,1,1,1,1,1,2,69,10,0,0,0,0,0,0,0,258,254,245,186,230,193,314,220,202,310,244,146,180,78,23,32,3,81,16,33,52,59,52,31,52,42,64,46,53,64,48,45,33,27,1,1,1,17,4,2,33.1,0.01,0,0,8.3,0.1,0.1,0.1,0.1,0.1,0.2,6.9,1,0,0,0,0,0,0,0,324,183,245,186,263,231,344,266,251,351,293,139,179,78,23,32,3,81,16,33,69,38,52,31,64,48,69,54,64,69,54,60,36,27,1,1,1,17,4,2,45,3.66,9.9,36.23,Fringe,Boom/Bust,398,LF #69,9
251,LK #27,FREDDIE CLARKE,,11,2.68,29.51,Lock,Newcastle Red Bull,3.23,4.29,5.86,2.44,-0.3,0,0,0,0,0,6.3,0.23,0.72,0.94,3.16,2.64,0,0,522,0.06,1,0,53,0,2,1,2,8,10,72,9,1,0,0,0,0,0,0,196,321,170,186,276,271,270,220,139,126,29,140,191,45,23,32,3,81,16,33,26,36,14,15,24,25,23,23,16,12,4,27,24,24,1,1,1,10,4,1,47.45,0.01,0.09,0,4.82,0,0.18,0.09,0.18,0.73,0.91,6.55,0.82,0.09,0,0,0,0,0,0,233,183,209,186,322,271,319,272,189,148,37,157,248,60,23,32,3,81,16,33,30,15,15,15,29,25,28,28,19,9,7,32,27,31,1,1,1,10,4,1,44,,,,,Consistent,,,
252,LF #57,SEB KELLY,,5,5.83,29.14,Loose Forward,Sale Sharks,0,0,0,0,0,0,0,0,0,0,0,0,0,2,6.38,4.65,9.97,6.14,231,0.13,1,0,65,1,3,0,0,3,1,53,3,0,0,0,0,0,0,0,296,158,170,186,260,193,242,294,287,240,291,191,325,78,23,32,3,81,16,33,58,34,39,31,59,42,55,62,67,51,55,49,62,27,1,1,1,17,4,2,46.2,0.03,0.2,0,13,0.2,0.6,0,0,0.6,0.2,10.6,0.6,0,0,0,0,0,0,0,239,56,128,186,204,174,211,294,287,191,293,30,314,78,23,32,3,81,16,33,53,12,29,31,51,33,49,62,67,36,54,17,61,27,1,1,1,17,4,2,44,6.2,7.6,47.12,Fringe,Very Consistent,360,LF #56,18
253,PR #18,SCOTT SIO,,13,2.24,29.06,Prop,Exeter Chiefs,0,0,0,0,6.64,6.09,1.42,4.5,0.25,1.33,1.65,-0.47,5.25,0,2.27,3.92,-0.86,-2.93,719,0.04,1,1,29,0,2,1,4,0,9,72,12,0,0,0,0,0,0,0,118,363,170,102,327,271,270,220,67,371,41,140,140,78,23,32,3,81,16,33,12,37,12,3,37,19,24,17,4,53,20,26,10,5,1,1,1,11,1,1,55.31,0,0.08,0.08,2.23,0,0.15,0.08,0.31,0,0.69,5.54,0.92,0,0,0,0,0,0,0,173,371,219,146,378,271,326,275,112,371,78,205,214,78,23,32,3,81,16,33,7,36,20,5,48,19,36,21,7,53,36,32,18,5,1,1,1,11,1,1,44,,,,,Consistent,,,
254,LK #28,JAMES THOMPSON,,6,4.81,28.85,Lock,Leicester Tigers,-0.19,0.2,0,0,0,6.75,11.37,6.17,4.55,0,0,0,0,0,0,0,0,0,306,0.09,2,0,18,0,1,2,1,1,4,45,4,1,0,0,0,0,0,0,266,254,118,186,352,271,314,177,202,310,158,218,297,45,23,32,3,81,16,33,31,20,5,15,37,25,31,16,26,37,25,34,36,24,1,1,1,10,4,1,51,0.02,0.33,0,3,0,0.17,0.33,0.17,0.17,0.67,7.5,0.67,0.17,0,0,0,0,0,0,207,91,75,186,356,271,320,135,196,333,82,110,294,41,23,32,3,81,16,33,28,9,2,15,36,25,29,11,21,39,14,27,34,21,1,1,1,10,4,1,44,9.13,7.6,69.39,Fringe,Consistent,277,LK #28,37
255,PR #19,ARCHIE GRIFFIN,,8,3.52,28.19,Prop,Bath Rugby,4.5,0.28,0,0,0,0,12.34,1.36,0,1.86,0.64,0,0,5.08,2.13,0,0,0,303,0.09,3,0,34,0,2,0,1,3,6,63,8,0,0,0,0,0,0,0,267,254,77,186,317,271,270,294,202,240,101,159,208,78,23,32,3,81,16,33,39,11,2,12,33,19,24,29,23,14,34,31,24,5,1,1,1,11,1,1,37.88,0.01,0.38,0,4.25,0,0.25,0,0.13,0.38,0.75,7.88,1,0,0,0,0,0,0,0,295,183,61,186,331,271,296,294,226,257,56,94,179,78,23,32,3,81,16,33,35,15,2,12,24,19,30,29,23,8,27,13,12,5,1,1,1,11,1,1,44,15.92,8.3,132.14,Good,Very Consistent,105,PR #26,76
256,CE #38,RHYS BEECKMANS,,7,4.01,28.09,Centre,Newcastle Red Bull,0,0,0,-0.75,0,0,0,0,0,0,4.7,9.06,2.69,3.8,4.19,4.4,0,0,393,0.07,0,1,164,1,3,0,0,5,3,43,6,0,0,0,0,0,0,0,235,298,245,102,165,193,242,294,287,187,198,226,250,78,23,32,3,81,16,33,34,40,35,24,31,36,38,46,44,30,24,28,38,1,4,5,1,13,5,7,56.14,0.01,0,0.14,23.43,0.14,0.43,0,0,0.71,0.43,6.14,0.86,0,0,0,0,0,0,0,164,183,245,109,120,211,253,294,287,150,172,179,237,78,23,32,3,81,16,33,33,25,35,28,25,41,44,46,44,28,21,21,43,1,4,5,1,13,5,7,43,5.34,7.7,41.12,Fringe,Very Consistent,381,CE #47,13
257,SH #19,CAOLAN ENGLEFIELD,,13,2.12,27.62,Scrum Half,Gloucester Rugby,-1,0,0.32,-2.47,0,0,0,0,0,0,11.16,0.36,-5.1,-0.75,9.23,-3.07,6.64,12.3,571,0.05,1,6,94,1,0,2,2,16,3,34,20,0,0,0,0,0,0,1,183,338,170,20,220,193,354,177,139,36,198,260,45,78,23,32,3,81,16,4,15,25,15,9,17,15,28,14,6,2,6,14,4,1,1,2,1,4,1,2,43.92,0,0.08,0.46,7.23,0.08,0,0.15,0.15,1.23,0.23,2.62,1.54,0,0,0,0,0,0,0.08,258,371,219,26,279,243,354,244,210,64,280,357,79,78,23,32,3,81,16,13,13,29,17,9,24,19,28,18,9,4,7,16,6,1,1,2,1,4,1,4,43,7.21,13.6,98.06,Good,Boom/Bust,167,SH #7,62
258,OB #52,BEN HAMMERSLEY,,10,2.75,27.45,Outside Back,Exeter Chiefs,5.3,0.32,19.25,-1.85,0.1,2.59,0,0,0,0,0,0,0,1.74,0,0,0,0,348,0.08,1,0,95,1,5,2,2,3,3,40,11,0,0,0,0,0,0,0,251,276,170,186,217,193,210,177,139,240,198,237,162,78,23,32,3,81,16,33,44,63,40,42,57,57,55,45,22,56,23,19,31,1,1,6,1,17,3,6,34.8,0.01,0.1,0,9.5,0.1,0.5,0.2,0.2,0.3,0.3,4,1.1,0,0,0,0,0,0,0,313,183,204,186,246,231,226,206,167,284,244,273,166,78,23,32,3,81,16,33,64,49,49,42,69,65,64,50,32,66,34,16,42,1,1,6,1,17,3,6,43,4.3,9.7,41.71,Fringe,Boom/Bust,379,OB #73,13
259,PR #20,ASHER OPOKU-FORDJOUR,,12,2.28,27.37,Prop,Sale Sharks,1.48,0.57,1.63,1.54,4.41,-0.34,0,0,0,0,0,0,4.41,-0.43,1.45,4.73,3.72,4.2,639,0.04,1,0,48,0,10,1,1,8,12,104,13,0,0,0,0,0,0,0,154,363,170,186,282,271,139,220,202,126,14,76,131,78,23,32,3,81,16,33,18,37,12,12,23,19,5,17,23,1,10,9,9,5,1,1,1,11,1,1,53.25,0,0.08,0,4,0,0.83,0.08,0.08,0.67,1,8.67,1.08,0,0,0,0,0,0,0,191,371,219,186,333,271,169,275,263,161,12,69,171,78,23,32,3,81,16,33,12,36,20,12,26,19,6,21,34,1,10,7,10,5,1,1,1,11,1,1,43,13.29,11.4,151.51,Good,Very Consistent,73,PR #19,83
260,PR #21,FIN BAXTER,,6,4.54,27.21,Prop,Harlequins,15.54,1.79,-0.34,7.61,-0.13,2.74,0,0,0,0,0,0,0,0,0,0,0,0,397,0.07,0,1,50,0,2,0,1,1,6,77,6,0,0,0,0,0,0,0,233,298,245,102,279,271,270,294,202,310,101,122,250,78,23,32,3,81,16,33,33,14,29,3,22,19,24,29,23,32,34,19,31,5,1,1,1,11,1,1,66.17,0.01,0,0.17,8.33,0,0.33,0,0.17,0.17,1,12.83,1,0,0,0,0,0,0,0,83,183,245,95,261,271,274,294,196,333,12,11,179,78,23,32,3,81,16,33,1,15,29,1,5,19,23,29,20,33,10,1,12,5,1,1,1,11,1,1,42,16.6,7.5,124.5,Squad,Consistent,122,PR #28,72
261,PR #22,JAMES HARPER,,16,1.7,27.14,Prop,Sale Sharks,0,0,3.27,2.31,0.13,3.42,-0.76,2.64,0.13,-0.34,1.42,2.31,-1.08,10.39,-0.37,1.22,0.98,1.47,811,0.03,2,0,33,1,2,3,0,2,18,118,18,0,0,0,0,0,0,0,89,387,118,186,318,193,270,139,287,274,3,56,65,78,23,32,3,81,16,33,7,49,4,12,34,6,24,9,42,22,3,7,2,5,1,1,1,11,1,1,50.69,0,0.13,0,2.06,0.06,0.13,0.19,0,0.13,1.13,7.38,1.13,0,0,0,0,0,0,0,209,371,172,186,383,259,331,224,287,342,9,117,161,78,23,32,3,81,16,33,14,36,5,12,51,13,39,14,42,37,7,16,8,5,1,1,1,11,1,1,42,11.64,14.6,169.94,Good,Average,46,PR #13,90
262,LF #58,TOM CURRY,,7,3.88,27.13,Loose Forward,Sale Sharks,0,0,0,0,0,0.02,2.79,9.78,3.23,-3.2,0,0,0,0,0,3.6,0,10.91,437,0.06,0,0,117,0,9,3,3,2,7,81,10,0,0,0,0,2,0,0,221,321,245,186,202,271,153,139,96,274,77,116,180,78,23,32,3,3,16,33,44,73,52,31,48,54,32,28,36,59,22,38,33,27,1,1,1,1,4,2,62.43,0.01,0,0,16.71,0,1.29,0.43,0.43,0.29,1,11.57,1.43,0,0,0,0,0.29,0,0,119,183,245,186,167,271,120,103,63,285,12,18,91,78,23,32,3,2,16,33,25,38,52,31,37,54,17,21,30,61,2,10,14,27,1,1,1,1,4,2,42,4.96,8,39.68,Fringe,Boom/Bust,386,LF #65,12
263,LK #29,STEPHAN LEWIES,,4,6.77,27.09,Lock,Harlequins,0,0,0,5.2,2.75,7.76,0,0,0,0,0,0,0,0,0,0,0,11.38,210,0.13,0,0,15,0,0,2,4,1,2,38,1,1,0,0,0,0,0,0,305,158,245,186,359,271,354,177,67,310,244,248,373,45,23,32,3,81,16,33,40,5,23,15,38,25,39,16,7,37,38,39,45,24,1,1,1,10,4,1,52.5,0.03,0,0,3.75,0,0,0.5,1,0.25,0.5,9.5,0.25,0.25,0,0,0,0,0,0,201,56,245,186,342,271,354,73,5,298,129,50,387,26,23,32,3,81,16,33,26,5,23,15,32,25,39,2,1,33,20,12,49,15,1,1,1,10,4,1,42,,,,,Very Consistent,,,
264,LF #59,DANIEL DU PREEZ,,5,5.31,26.57,Loose Forward,Sale Sharks,0,0,0,0,3.01,1.79,-0.03,0,0,0,16.66,5.14,0,0,0,0,0,0,224,0.12,1,0,85,1,4,2,1,7,2,34,5,1,0,0,0,0,0,0,301,181,170,186,228,193,227,177,202,138,244,260,274,45,23,32,3,81,16,33,60,42,39,31,51,42,51,37,53,26,48,63,53,15,1,1,1,17,4,2,44.8,0.02,0.2,0,17,0.2,0.8,0.4,0.2,1.4,0.4,6.8,1,0.2,0,0,0,0,0,0,250,91,128,186,164,174,175,111,167,40,188,144,179,33,23,32,3,81,16,33,56,18,29,31,35,33,34,24,49,5,42,62,36,13,1,1,1,17,4,2,42,5.98,7.6,45.45,Fringe,Inconsistent,366,LF #59,16
265,LK #30,ADAM SCOTT,,6,4.39,26.31,Lock,Newcastle Red Bull,0,0,0,0,0,0,0,0,0,0,7.09,2.7,3.39,0,0,5.76,3.23,4.14,430,0.06,0,0,38,0,2,0,0,1,3,47,4,1,0,0,0,0,0,0,224,321,245,186,308,271,270,294,287,310,198,212,297,45,23,32,3,81,16,33,29,36,23,15,27,25,23,32,34,37,33,33,36,24,1,1,1,10,4,1,71.67,0.01,0,0,6.33,0,0.33,0,0,0.17,0.5,7.83,0.67,0.17,0,0,0,0,0,0,48,183,245,186,288,271,274,294,287,333,129,95,294,41,23,32,3,81,16,33,8,15,23,15,20,25,20,32,34,39,20,23,34,21,1,1,1,10,4,1,41,8.65,7.6,65.74,Fringe,Very Consistent,292,LK #31,33
266,OB #53,JACK COTGREAVE,,4,6.47,25.86,Outside Back,Gloucester Rugby,0,0,0,0,12.93,0.33,0,0,11.87,0.73,0,0,0,0,0,0,0,0,183,0.14,0,0,103,4,9,0,0,4,0,7,5,0,0,0,0,0,0,0,315,147,245,186,209,94,153,294,287,214,363,386,274,78,23,32,3,81,16,33,55,46,53,42,53,39,48,58,46,51,58,57,51,1,1,6,1,17,3,6,45.75,0.04,0,0,25.75,1,2.25,0,0,1,0,1.75,1.25,0,0,0,0,0,0,0,243,44,245,186,107,30,53,294,287,81,363,402,127,78,23,32,3,81,16,33,56,12,53,42,54,27,34,58,46,43,58,58,35,1,1,6,1,17,3,6,41,9.16,6.9,63.2,Fringe,Average,301,OB #68,31
267,PR #23,MURRAY MCCALLUM,,18,1.43,25.76,Prop,Newcastle Red Bull,-1.17,2.55,1.85,-0.35,7.95,1.03,-2.27,5.43,1.86,-0.02,0.94,0.33,1.51,-1.6,0.66,1.09,5.97,0,825,0.03,2,0,55,0,0,0,2,6,10,92,14,1,0,0,0,0,0,0,86,387,118,186,272,271,354,294,139,162,29,93,116,45,23,32,3,81,16,33,5,49,4,12,18,19,48,29,14,2,14,13,6,1,1,1,1,11,1,1,45.83,0,0.11,0,3.06,0,0,0,0.11,0.33,0.56,5.11,0.78,0.06,0,0,0,0,0,0,241,371,194,186,354,271,354,294,241,267,113,224,263,71,23,32,3,81,16,33,21,36,11,12,35,19,48,29,29,10,41,39,27,3,1,1,1,11,1,1,41,10.87,16.2,176.09,Good,Average,44,PR #12,90
268,SH #20,JONNY WEIMANN,,5,5.09,25.43,Scrum Half,Northampton Saints,0,-0.34,0,0,0,0,0,0,0,0,0,0,0,0,0,0,0,25.77,93,0.27,2,2,48,1,0,0,0,4,0,11,4,0,0,0,0,0,0,1,369,15,118,75,282,193,354,294,287,214,363,356,297,78,23,32,3,81,16,4,25,3,9,18,23,15,28,24,22,18,24,23,22,1,1,2,1,4,1,2,18.6,0.05,0.4,0.4,9.6,0.2,0,0,0,0.8,0,2.2,0.8,0,0,0,0,0,0,0.2,396,30,54,31,245,174,354,294,287,126,363,374,252,78,23,32,3,81,16,2,25,5,3,10,18,12,28,24,22,11,24,17,18,1,1,2,1,4,1,1,41,4.19,7.5,31.43,Fringe,,411,SH #20,6
269,OB #54,JACK BATES,,6,4.23,25.39,Outside Back,Bristol Bears,0,0,4.6,0,13.78,1,0,0,0,0,0,0,0,0,1.89,0,0,4.12,260,0.10,0,0,99,2,6,1,1,5,0,28,5,0,0,0,0,0,0,0,285,227,245,186,214,144,195,220,202,187,363,289,274,78,23,32,3,81,16,33,48,53,53,42,55,49,53,50,34,50,58,33,51,1,1,6,1,17,3,6,43.33,0.02,0,0,16.5,0.33,1,0.17,0.17,0.83,0,4.67,0.83,0,0,0,0,0,0,0,264,91,245,186,173,121,140,232,196,121,363,247,241,78,23,32,3,81,16,33,58,28,53,42,64,56,58,55,37,50,58,13,56,1,1,6,1,17,3,6,40,7.38,7.2,53.14,Fringe,Average,330,OB #70,25
270,LK #31,GEORGE MARTIN,,6,4.21,25.27,Lock,Leicester Tigers,0,0,0,0,0,0,0,0,0,0,0,0,0.83,1.3,14.21,5.17,0.56,3.2,242,0.10,1,0,20,1,3,3,0,2,1,34,5,0,0,0,0,0,0,0,290,227,170,186,348,193,242,139,287,274,291,260,274,78,23,32,3,81,16,33,38,15,14,15,36,13,21,13,34,31,41,40,33,32,1,1,1,10,4,1,40.33,0.02,0.17,0,3.33,0.17,0.5,0.5,0,0.33,0.17,5.67,0.83,0,0,0,0,0,0,0,279,91,156,186,349,192,226,73,287,267,318,197,241,78,23,32,3,81,16,33,35,9,8,15,33,11,13,2,34,26,46,36,25,32,1,1,1,10,4,1,40,8.44,7.6,64.14,Fringe,Average,297,LK #32,32
271,PR #24,WILL HURD,,17,1.47,24.92,Prop,Leicester Tigers,1.29,0.66,0.43,0.33,0.33,0,0.53,3.54,0.57,1.59,1.09,1.18,8.15,0.82,0.43,2.67,0.98,0.33,418,0.06,0,0,57,1,0,0,2,1,2,54,4,0,0,0,0,0,0,0,226,321,245,186,270,193,354,294,139,310,244,187,297,78,23,32,3,81,16,33,32,21,29,12,17,6,48,29,14,32,54,38,42,5,1,1,1,11,1,1,24.59,0,0,0,3.35,0.06,0,0,0.12,0.06,0.12,3.18,0.24,0,0,0,0,0,0,0,368,371,245,186,348,259,354,294,237,367,342,329,395,78,23,32,3,81,16,33,61,36,29,12,33,13,48,29,28,51,69,63,68,5,1,1,1,11,1,1,40,10.98,15.4,169.09,Good,Consistent,47,PR #14,89
272,LK #32,ED PROWSE,,14,1.75,24.47,Lock,Northampton Saints,3.77,0,0,1.36,0.52,2.21,0,-0.65,0.66,-0.42,0.99,1.53,7.35,3.5,2.19,-7.63,9.09,0,626,0.04,0,1,73,0,1,2,1,4,4,114,11,0,0,0,0,2,0,0,161,363,245,102,244,271,314,177,202,214,158,65,162,78,23,32,3,3,16,33,22,46,23,5,22,25,31,16,26,23,25,20,20,32,1,1,1,1,4,1,44.71,0,0,0.07,5.21,0,0.07,0.14,0.07,0.29,0.29,8.14,0.79,0,0,0,0,0.14,0,0,251,371,245,163,312,271,349,248,272,285,248,83,260,78,23,32,3,16,16,33,32,47,23,9,27,25,37,24,31,29,39,20,28,32,1,1,1,2,4,1,40,4.16,13,54.08,Fringe,Boom/Bust,326,LK #43,25
273,PR #25,ARCHIE VAN DER FLIER,,10,2.45,24.45,Prop,Leicester Tigers,0,1.62,0,0,0,0.99,0,0,0,-1.12,-0.1,4.52,0,1.32,-0.36,15.17,1.32,1.09,239,0.10,1,0,37,1,3,0,0,1,2,50,5,0,0,0,0,0,0,0,293,227,170,186,309,193,242,294,287,310,244,201,274,78,23,32,3,81,16,33,44,7,12,12,32,6,19,29,42,32,54,40,36,5,1,1,1,11,1,1,23.9,0.01,0.1,0,3.7,0.1,0.3,0,0,0.1,0.2,5,0.5,0,0,0,0,0,0,0,369,183,204,186,343,231,285,294,287,351,293,226,332,78,23,32,3,81,16,33,62,15,16,12,30,7,26,29,42,43,63,40,47,5,1,1,1,11,1,1,40,13.78,9.8,135.04,Good,Average,102,PR #24,77
274,OB #55,BRANDON JACKSON,,2,12.2,24.4,Outside Back,Saracens,21.95,0,2.45,0,0,0,0,0,0,0,0,0,0,0,0,0,0,0,122,0.20,1,0,71,1,5,0,1,0,1,10,0,0,0,0,0,0,0,0,353,61,170,186,248,193,210,294,202,371,291,366,409,78,23,32,3,81,16,33,62,24,40,42,59,57,55,58,34,67,43,53,69,1,1,6,1,17,3,6,61,0.1,0.5,0,35.5,0.5,2.5,0,0.5,0,0.5,5,0,0,0,0,0,0,0,0,133,15,29,186,67,78,38,294,35,371,129,226,409,78,23,32,3,81,16,33,40,2,17,42,46,47,25,58,4,67,10,10,69,1,1,6,1,17,3,6,39,10.8,7.3,78.84,Fringe,,240,OB #47,45
275,LK #33,CHARLIE EWELS,,11,2.08,22.85,Lock,Bath Rugby,3.91,0.4,0,0,0,2.49,0,0,0,2.78,0.07,1.56,2.34,0,2.93,6.23,-0.56,0.7,540,0.04,0,0,35,0,5,0,0,10,3,85,18,2,0,0,0,0,0,0,193,363,245,186,313,271,210,294,287,96,198,107,65,28,23,32,3,81,16,33,25,46,23,15,29,25,15,32,34,7,33,26,8,16,1,1,1,10,4,1,49.09,0,0,0,3.18,0,0.45,0,0,0.91,0.27,7.73,1.64,0.18,0,0,0,0,0,0,222,371,245,186,353,271,247,294,287,107,253,101,61,38,23,32,3,81,16,33,29,47,23,15,35,25,16,32,34,1,40,25,3,20,1,1,1,10,4,1,39,4.77,10.6,50.56,Fringe,Average,347,LK #46,21
276,LK #34,CHUNYA MUNGA,,7,3.2,22.37,Lock,Northampton Saints,0,0,0,0,0,0,-0.34,13.24,0,0,3.1,0.73,0,-1,7.31,0,0,-0.67,277,0.08,0,0,15,0,2,0,1,2,5,54,1,2,0,0,0,0,0,0,278,276,245,186,359,271,270,294,202,274,127,187,373,28,23,32,3,81,16,33,33,26,23,15,38,25,23,32,26,31,19,30,45,16,1,1,1,10,4,1,39.57,0.01,0,0,2.14,0,0.29,0,0.14,0.29,0.71,7.71,0.14,0.29,0,0,0,0,0,0,285,183,245,186,379,271,287,294,216,285,68,102,404,22,23,32,3,81,16,33,36,15,23,15,44,25,22,32,25,29,11,26,50,13,1,1,1,10,4,1,39,7.15,7.9,56.49,Fringe,Boom/Bust,321,LK #41,27
277,LK #35,ELLIOT WILLIAMS,,6,3.7,22.2,Lock,Harlequins,0,0,0,0,0,0,0,0,0,4.63,0,6.01,6.5,0,0.93,2.07,2.06,0,262,0.08,0,0,82,1,1,1,3,5,5,40,4,0,0,0,0,0,0,0,284,276,245,186,234,193,314,220,96,187,127,237,297,78,23,32,3,81,16,33,36,26,23,15,19,13,31,23,9,18,19,36,36,32,1,1,1,10,4,1,43.67,0.01,0,0,13.67,0.17,0.17,0.17,0.5,0.83,0.83,6.67,0.67,0,0,0,0,0,0,0,262,183,245,186,199,192,320,232,35,121,42,151,294,78,23,32,3,81,16,33,34,15,23,15,7,11,29,23,4,5,9,30,34,32,1,1,1,10,4,1,39,7.85,7.6,59.66,Fringe,Very Consistent,309,LK #37,29
278,OB #56,OLLIE HARRIS,,1,22.18,22.18,Outside Back,Bristol Bears,0,0,0,0,0,0,0,0,0,0,0,0,0,0,0,0,0,22.18,28,0.79,0,1,66,2,3,1,1,0,0,1,1,0,0,0,0,0,0,0,422,2,245,102,258,144,242,220,202,371,363,431,373,78,23,32,3,81,16,33,69,1,53,23,62,49,60,50,34,67,58,66,65,1,1,6,1,17,3,6,28,0.79,0,1,66,2,3,1,1,0,0,1,1,0,0,0,0,0,0,0,353,1,245,3,6,2,21,14,5,371,363,419,179,78,23,32,3,81,16,33,67,1,53,1,5,2,15,8,1,67,58,64,43,1,1,6,1,17,3,6,38,11.48,7.8,89.54,Fringe,,198,OB #39,55
279,LK #36,TOM BURROW,,10,2.18,21.82,Lock,Sale Sharks,0,4.9,4.71,3.84,0,2.38,1.5,0.4,0.68,3.41,0,0,0,0,0,0,0,0,207,0.11,0,1,24,0,0,2,0,1,0,44,6,1,0,0,0,0,0,0,306,206,245,102,337,271,354,177,287,310,363,223,250,45,23,32,3,81,16,33,41,10,23,5,35,25,39,16,34,37,48,35,29,24,1,1,1,10,4,1,20.7,0.01,0,0.1,2.4,0,0,0.2,0,0.1,0,4.4,0.6,0.1,0,0,0,0,0,0,390,183,245,128,372,271,354,206,287,351,363,259,314,57,23,32,3,81,16,33,48,15,23,5,42,25,39,19,34,43,48,42,41,29,1,1,1,10,4,1,38,4.95,9.8,48.51,Fringe,Very Consistent,356,LK #48,19
280,OB #57,RICHARD LANE,,5,4.31,21.55,Outside Back,Bristol Bears,0,0,0,0,0,0,0,4.7,0,0,0,0,4.66,9.4,0,0.76,0,2.03,191,0.11,1,1,104,1,4,1,2,7,0,5,6,0,0,0,0,0,0,0,311,206,170,102,208,193,227,220,139,138,363,397,250,78,23,32,3,81,16,33,54,51,40,23,52,57,58,50,22,39,58,60,45,1,1,6,1,17,3,6,38.2,0.02,0.2,0.2,20.8,0.2,0.8,0.2,0.4,1.4,0,1,1.2,0,0,0,0,0,0,0,293,91,128,81,136,174,175,206,70,40,363,419,140,78,23,32,3,81,16,33,61,28,41,20,58,63,63,50,8,28,58,64,39,1,1,6,1,17,3,6,38,,,,,Consistent,,,
281,LK #37,HARRY WELLS,,7,3.08,21.53,Lock,Leicester Tigers,0,0,7.59,0,0.5,2.63,3.18,0,0,0,0,6.85,0.78,0,0,0,0,0,256,0.08,2,0,43,0,0,1,0,3,3,26,1,0,0,0,0,0,0,0,288,276,118,186,294,271,354,220,287,240,198,295,373,78,23,32,3,81,16,33,37,26,5,15,25,25,39,23,34,28,33,42,45,32,1,1,1,10,4,1,36.57,0.01,0.29,0,6.14,0,0,0.14,0,0.43,0.43,3.71,0.14,0,0,0,0,0,0,0,306,183,93,186,293,271,354,248,287,242,172,295,404,78,23,32,3,81,16,33,38,15,3,15,24,25,39,24,34,22,27,47,50,32,1,1,1,10,4,1,38,,,,,Consistent,,,
282,HK #26,CHARLIE CLARE,,15,1.43,21.5,Hooker,Leicester Tigers,-0.54,3.01,3.36,3.59,2.73,3.5,-15.49,0,1.83,5.61,0,0,1.83,1.53,-7.15,5.18,9.12,3.39,402,0.05,1,0,83,0,1,1,0,0,3,50,12,0,0,0,0,1,1,0,231,338,170,186,230,271,314,220,287,371,198,201,140,78,23,32,3,17,1,33,19,38,18,12,17,21,29,19,23,30,19,23,9,17,1,1,1,4,1,3,26.8,0,0.07,0,5.53,0,0.07,0.07,0,0,0.2,3.33,0.8,0,0,0,0,0.07,0.07,0,360,371,232,186,303,271,349,280,287,371,293,318,252,78,23,32,3,54,11,33,28,39,23,12,26,21,32,22,23,30,26,33,16,17,1,1,1,6,3,3,38,2.27,13.8,31.33,Fringe,Boom/Bust,412,HK #38,6
283,LK #38,HARRY WILSON,,8,2.61,20.9,Lock,Saracens,3.13,7.32,-1.67,1.98,0,2.26,-0.42,0,0,4.98,0,0,3.32,0,0,0,0,0,242,0.09,0,0,15,0,4,1,4,4,2,50,6,0,0,0,0,0,0,0,290,254,245,186,359,271,227,220,67,214,244,201,250,78,23,32,3,81,16,33,38,20,23,15,38,25,19,23,7,23,38,32,29,32,1,1,1,10,4,1,30.25,0.01,0,0,1.88,0,0.5,0.13,0.5,0.5,0.25,6.25,0.75,0,0,0,0,0,0,0,338,183,245,186,390,271,226,253,35,215,259,169,269,78,23,32,3,81,16,33,41,15,23,15,48,25,13,26,4,19,41,34,30,32,1,1,1,10,4,1,37,6.13,8.4,51.49,Fringe,Average,342,LK #45,22
284,OB #58,JOSH CARRINGTON,,4,5.2,20.8,Outside Back,Bristol Bears,14.26,7.76,0.33,0,-1.55,0,0,0,0,0,0,0,0,0,0,0,0,0,171,0.12,1,0,70,1,8,0,1,3,1,5,3,0,0,0,0,0,0,0,323,181,170,186,250,193,168,294,202,240,291,397,325,78,23,32,3,81,16,33,57,50,40,42,60,57,51,58,34,56,43,60,58,1,1,6,1,17,3,6,42.75,0.03,0.25,0,17.5,0.25,2,0,0.25,0.75,0.25,1.25,0.75,0,0,0,0,0,0,0,267,56,105,186,161,152,65,294,135,140,259,415,269,78,23,32,3,81,16,33,59,17,34,42,62,61,40,58,25,54,39,62,57,1,1,6,1,17,3,6,37,8.74,6.9,60.31,Fringe,Inconsistent,307,OB #69,30
285,HK #27,ETHAN CAINE,,8,2.56,20.45,Hooker,Sale Sharks,1.98,2.73,-0.27,3.47,0,0,0,0,0,3.2,-0.54,2.74,7.14,0,0,0,0,0,189,0.11,0,0,35,0,1,0,0,3,1,55,8,0,0,0,0,0,0,0,313,206,245,186,313,271,314,294,287,240,291,184,208,78,23,32,3,81,16,33,25,31,25,12,28,21,29,25,23,18,24,21,18,17,1,1,1,9,4,3,23.63,0.01,0,0,4.38,0,0.13,0,0,0.38,0.13,6.88,1,0,0,0,0,0,0,0,372,183,245,186,329,271,331,294,287,257,336,140,179,78,23,32,3,81,16,33,30,23,25,12,33,21,30,25,23,15,31,17,12,17,1,1,1,9,4,3,37,3.59,8.4,30.16,Fringe,Average,414,HK #39,5
286,PR #26,MARCUS STREET,,14,1.45,20.3,Prop,Saracens,0,0,0,5.07,0.6,-0.1,0.85,4.64,1.09,0,1.75,1.53,-1.1,0.23,2.51,0.9,1.98,0.35,563,0.04,0,0,32,1,0,2,1,1,6,70,8,0,0,0,0,0,0,0,188,363,245,186,320,193,354,177,202,310,101,145,208,78,23,32,3,81,16,33,24,37,29,12,35,6,48,12,23,32,34,29,24,5,1,1,1,11,1,1,40.21,0,0,0,2.29,0.07,0,0.14,0.07,0.07,0.43,5,0.57,0,0,0,0,0,0,0,281,371,245,186,376,251,354,248,272,364,172,226,325,78,23,32,3,81,16,33,30,36,29,12,46,11,48,17,37,48,55,40,44,5,1,1,1,11,1,1,37,10.93,13,142.09,Good,Consistent,92,PR #22,79
287,HK #28,JIMMY STAPLES,,2,10.15,20.29,Hooker,Harlequins,0,0,0,0,0,0,0,0,0,0,0,0,0,0,13.92,0,0,6.37,65,0.31,1,0,11,1,3,0,0,0,0,13,0,0,0,0,0,0,0,0,389,11,170,186,371,193,242,294,287,371,363,343,409,78,23,32,3,81,16,33,34,3,18,12,33,10,17,25,23,30,33,33,32,17,1,1,1,9,4,3,32.5,0.16,0.5,0,5.5,0.5,1.5,0,0,0,0,6.5,0,0,0,0,0,0,0,0,331,6,29,186,304,78,100,294,287,371,363,159,409,78,23,32,3,81,16,33,25,3,3,12,27,1,4,25,23,30,33,21,32,17,1,1,1,9,4,3,36,6.4,7.9,50.56,Fringe,,348,HK #26,20
288,HK #29,TOMAS GWILLIAM,,7,2.88,20.17,Hooker,Bristol Bears,0,0,0,0,0,0.5,0,0,0,0,0,0,0,0,3.23,3.29,0,13.15,129,0.16,1,0,48,0,2,0,0,1,1,14,3,1,0,0,0,0,0,0,348,118,170,186,282,271,270,294,287,310,291,337,325,45,23,32,3,81,16,33,29,17,18,12,25,21,23,25,23,24,24,32,28,8,1,1,1,9,4,3,18.43,0.02,0.14,0,6.86,0,0.29,0,0,0.14,0.14,2,0.43,0.14,0,0,0,0,0,0,397,91,165,186,286,271,287,294,287,339,330,385,358,45,23,32,3,81,16,33,32,13,20,12,25,21,24,25,23,27,30,35,27,7,1,1,1,9,4,3,36,4.03,7.9,31.84,Fringe,Inconsistent,408,HK #37,7
289,CE #39,BEN WAGHORN,,2,9.53,19.06,Centre,Harlequins,0,0,0,0,0,0,5.09,0,0,0,13.97,0,0,0,0,0,0,0,108,0.18,1,0,46,0,7,0,0,0,0,12,2,0,0,0,0,0,0,0,360,90,170,186,286,271,178,294,287,371,363,350,344,78,23,32,3,81,16,33,45,10,27,37,43,45,32,46,44,53,45,45,46,1,4,5,1,13,5,7,54,0.09,0.5,0,23,0,3.5,0,0,0,0,6,1,0,0,0,0,0,0,0,184,18,29,186,121,271,12,294,287,371,363,187,179,78,23,32,3,81,16,33,36,2,7,37,26,45,4,46,44,53,45,22,36,1,4,5,1,13,5,7,36,7.58,7.6,57.61,Fringe,,315,CE #32,28
290,HK #30,WILLS AUSTIN,,5,3.79,18.97,Hooker,Dragons RFC,0,0,0,0,0,7.48,0,0,0,0,0,0,0,0.3,5.84,3.66,1.69,0,110,0.17,0,0,46,0,2,0,1,2,1,24,1,1,0,0,0,0,0,0,358,106,245,186,286,271,270,294,202,274,291,299,373,45,23,32,3,81,16,33,30,14,25,12,26,21,23,25,15,22,24,28,31,8,1,1,1,9,4,3,22,0.03,0,0,9.2,0,0.4,0,0.2,0.4,0.2,4.8,0.2,0.2,0,0,0,0,0,0,382,56,245,186,254,271,256,294,167,249,293,243,397,33,23,32,3,81,16,33,31,9,25,12,19,21,20,25,13,14,26,29,31,4,1,1,1,9,4,3,36,4.93,6.9,34.02,Fringe,Average,401,HK #35,8
291,LF #60,LUKA IVANISHVILI,,7,2.68,18.76,Loose Forward,Bristol Bears,0,-2.12,0,0,0,6.13,0,0.66,0,0,0,0,4.58,0.66,1.32,7.53,0,0,145,0.13,2,0,32,0,1,1,1,2,0,22,6,0,0,0,0,0,0,0,340,158,118,186,320,271,314,220,202,274,363,308,250,78,23,32,3,81,16,33,67,34,30,31,68,54,64,46,53,59,68,69,51,27,1,1,1,17,4,2,20.71,0.02,0.29,0,4.57,0,0.14,0.14,0.14,0.29,0,3.14,0.86,0,0,0,0,0,0,0,389,91,93,186,325,271,328,248,216,285,363,331,237,78,23,32,3,81,16,33,74,18,17,31,72,54,67,52,56,61,68,76,48,27,1,1,1,17,4,2,36,4.26,8,34.08,Fringe,Boom/Bust,400,LF #71,8
292,CE #40,WILL KNIGHT,,5,3.63,18.13,Centre,Gloucester Rugby,0,0,0,0,0,0,1.97,13.26,2.57,0,0,0,0,0,0,0,0,0.33,165,0.11,1,0,71,1,2,1,1,5,0,16,3,0,0,0,0,0,0,0,328,206,170,186,248,193,270,220,202,187,363,327,325,78,23,32,3,81,16,33,42,33,27,37,38,36,41,39,31,30,45,41,45,1,4,5,1,13,5,7,33,0.02,0.2,0,14.2,0.2,0.4,0.2,0.2,1,0,3.2,0.6,0,0,0,0,0,0,0,325,91,128,186,197,174,256,206,167,81,363,327,314,78,23,32,3,81,16,33,48,11,26,37,39,34,45,41,32,13,45,47,48,1,4,5,1,13,5,7,35,5.7,7.2,41.04,Fringe,Average,382,CE #48,13
293,PR #27,FRANCOIS VAN WYK,,16,1.13,18.04,Prop,Bath Rugby,0.69,0.63,1.19,2.42,-7.01,-0.42,10.3,-0.23,0,1.22,0,0,0.44,-0.57,3.78,2.43,1.85,1.32,436,0.04,1,0,54,1,2,0,0,1,4,58,6,0,0,0,0,1,0,0,222,363,170,186,275,193,270,294,287,310,158,180,250,78,23,32,3,17,16,33,30,37,12,12,20,6,24,29,42,32,42,35,31,5,1,1,1,2,1,1,27.25,0,0.06,0,3.38,0.06,0.13,0,0,0.06,0.25,3.63,0.38,0,0,0,0,0.06,0,0,357,371,239,186,347,259,331,294,287,367,259,300,367,78,23,32,3,72,16,33,55,36,27,12,32,13,39,29,42,51,62,60,56,5,1,1,1,8,1,1,35,,,,,Boom/Bust,,,
294,LF #61,REUBEN LOGAN,,4,4.51,18.02,Loose Forward,Sale Sharks,0,0,0,0,0,0,0,0,0,0,0,0,2.79,0,0,0,12.22,3.01,114,0.16,0,0,49,0,2,1,2,1,1,29,3,0,0,0,0,0,0,0,357,118,245,186,281,271,270,220,139,310,291,284,325,78,23,32,3,81,16,33,72,22,52,31,63,54,58,46,42,64,55,66,62,27,1,1,1,17,4,2,28.5,0.04,0,0,12.25,0,0.5,0.25,0.5,0.25,0.25,7.25,0.75,0,0,0,0,0,0,0,352,44,245,186,214,271,226,178,35,298,259,123,269,78,23,32,3,81,16,33,71,8,52,31,52,54,52,37,20,64,52,54,53,27,1,1,1,17,4,2,35,5.81,7.7,44.74,Fringe,Average,369,LF #61,16
295,PR #28,ADAM BROCKLEBANK,,15,1.2,17.95,Prop,Newcastle Red Bull,2.32,0.81,-1.95,1.62,0.57,4.05,1.73,0.01,0,-0.16,-8.86,6.37,0.1,3.4,5.12,2.82,0,0,823,0.02,2,1,43,0,6,1,4,5,15,75,18,0,0,0,0,1,0,0,87,401,118,102,294,271,195,220,67,187,6,128,65,78,23,32,3,17,16,33,6,56,4,3,27,19,13,17,4,6,6,20,2,5,1,1,1,2,1,1,54.87,0,0.13,0.07,2.87,0,0.4,0.07,0.27,0.33,1,5,1.2,0,0,0,0,0.07,0,0,175,371,172,163,359,271,256,280,127,267,12,226,140,78,23,32,3,54,16,33,8,36,5,7,38,19,18,25,10,10,10,40,6,5,1,1,1,5,1,1,35,10.22,13.8,141.04,Good,Boom/Bust,95,PR #23,78
296,PR #29,BACHUKI TCHUMBADZE,,17,1.05,17.87,Prop,Exeter Chiefs,0.59,1.15,6.56,-5.75,0.86,2.74,-0.71,5.02,2.03,1.83,3.61,-1.91,6.76,0,2.09,-8.09,0.33,0.76,574,0.03,0,0,120,1,10,1,1,4,12,84,11,0,0,0,0,2,0,0,178,387,245,186,198,193,139,220,202,214,14,109,162,78,23,32,3,3,16,33,21,49,29,12,5,6,5,17,23,12,10,15,15,5,1,1,1,1,1,1,33.76,0,0,0,7.06,0.06,0.59,0.06,0.06,0.24,0.71,4.94,0.65,0,0,0,0,0.12,0,0,318,371,245,186,280,259,219,290,282,310,68,238,308,78,23,32,3,27,16,33,41,36,29,12,9,13,10,27,40,23,32,45,41,5,1,1,1,2,1,1,34,9.78,15.4,150.61,Good,Boom/Bust,74,PR #20,83
297,OB #59,LIAM WILLIAMS,,3,5.95,17.85,Outside Back,Newcastle Red Bull,0,2.99,0,5.39,0,9.47,0,0,0,0,0,0,0,0,0,0,0,0,175,0.10,0,0,103,1,3,0,1,0,3,10,1,0,0,0,0,0,0,0,322,227,245,186,209,193,242,294,202,371,198,366,373,78,23,32,3,81,16,33,56,53,53,42,53,57,60,58,34,67,23,53,65,1,1,6,1,17,3,6,58.33,0.03,0,0,34.33,0.33,1,0,0.33,0,1,3.33,0.33,0,0,0,0,0,0,0,150,56,245,186,73,121,140,294,90,371,12,318,373,78,23,32,3,81,16,33,45,17,53,42,49,56,58,58,14,67,1,32,66,1,1,6,1,17,3,6,34,9.38,7,65.66,Fringe,Very Consistent,293,OB #65,33
298,OB #60,GEORGE PEARSON,,3,5.92,17.75,Outside Back,Leicester Tigers,0,0,0,0,0,0,0,0,0.33,0,0,0,0,0,0,0,11.89,5.53,171,0.10,2,0,46,2,0,1,0,3,1,5,2,0,0,0,0,0,0,0,323,227,118,186,286,144,354,220,287,240,291,397,344,78,23,32,3,81,16,33,57,53,35,42,63,49,67,50,46,56,43,60,61,1,1,6,1,17,3,6,57,0.03,0.67,0,15.33,0.67,0,0.33,0,1,0.33,1.67,0.67,0,0,0,0,0,0,0,160,56,15,186,183,56,354,135,287,81,221,404,294,78,23,32,3,81,16,33,47,17,11,42,65,41,67,37,46,43,25,59,61,1,1,6,1,17,3,6,34,9.37,7,65.59,Fringe,Average,294,OB #66,33
299,OB #61,STEFAN COETZEE,,2,8.75,17.49,Outside Back,Newcastle Red Bull,0,0,0,12.83,4.66,0,0,0,0,0,0,0,0,0,0,0,0,0,109,0.16,1,0,95,1,5,0,0,3,0,3,4,0,0,0,0,0,0,0,359,118,170,186,217,193,210,294,287,240,363,413,297,78,23,32,3,81,16,33,63,43,40,42,57,57,55,58,46,56,58,65,56,1,1,6,1,17,3,6,54.5,0.08,0.5,0,47.5,0.5,2.5,0,0,1.5,0,1.5,2,0,0,0,0,0,0,0,179,21,29,186,36,78,38,294,287,30,363,407,21,78,23,32,3,81,16,33,49,6,17,42,30,47,25,58,46,21,58,61,8,1,1,6,1,17,3,6,34,,,,,,,,
300,LF #62,JOSH BASHAM,,6,2.9,17.38,Loose Forward,Gloucester Rugby,0,2.49,5.19,5.5,4.13,0,0.07,0,0,0,0,0,0,0,0,0,0,0,336,0.05,0,1,40,0,2,1,0,6,0,46,8,0,0,0,0,0,0,0,255,338,245,102,303,271,270,220,287,162,363,214,208,78,23,32,3,81,16,33,51,74,52,15,65,54,58,46,67,36,68,55,41,27,1,1,1,17,4,2,56,0.01,0,0.17,6.67,0,0.33,0.17,0,1,0,7.67,1.33,0,0,0,0,0,0,0,166,183,245,95,287,271,274,232,287,81,363,103,108,78,23,32,3,81,16,33,36,38,52,10,66,54,59,45,67,9,68,47,16,27,1,1,1,17,4,2,34,,,,,Consistent,,,
301,OB #62,DAN JOHN,,6,2.86,17.15,Outside Back,Exeter Chiefs,0,4.05,8.66,0,0,0,0,0,2.64,0,0,1.8,0,0,0,0,0,0,225,0.08,0,0,122,0,8,1,0,4,1,5,2,0,0,0,0,0,0,0,298,276,245,186,196,271,168,220,287,214,291,397,344,78,23,32,3,81,16,33,50,63,53,42,50,66,51,50,46,51,43,60,61,1,1,6,1,17,3,6,37.5,0.01,0,0,20.33,0,1.33,0.17,0,0.67,0.17,0.83,0.33,0,0,0,0,0,0,0,298,183,245,186,140,271,117,232,287,161,318,430,373,78,23,32,3,81,16,33,62,49,53,42,59,66,54,55,46,59,47,67,66,1,1,6,1,17,3,6,33,,,,,Consistent,,,
302,CE #41,CAMERON HUTCHISON,,5,3.41,17.04,Centre,Newcastle Red Bull,-1.09,0.66,0,0,0,0,0,0.96,0,2.09,0,0,0,0,0,0,14.42,0,64,0.27,0,1,45,1,2,0,1,2,0,13,1,0,0,0,0,0,0,0,390,15,245,102,290,193,270,294,202,274,363,343,373,78,23,32,3,81,16,33,52,1,35,24,44,36,41,46,31,42,45,43,49,1,4,5,1,13,5,7,12.8,0.05,0,0.2,9,0.2,0.4,0,0.2,0.4,0,2.6,0.2,0,0,0,0,0,0,0,420,30,245,81,255,174,256,294,167,249,363,358,397,78,23,32,3,81,16,33,54,3,35,19,47,34,45,46,32,47,45,51,52,1,4,5,1,13,5,7,33,5.61,7.2,40.39,Fringe,Boom/Bust,385,CE #50,12
303,PR #30,DIAN BLEULER,,11,1.51,16.64,Prop,Hollywoodbets Sharks,0.93,0,0.01,0,2.48,0,0,0,0,0,0.66,7.72,2.17,-8,4.38,4.01,0.97,1.31,293,0.06,1,0,43,0,0,0,2,0,9,73,9,1,0,0,0,1,0,0,271,321,170,186,294,271,354,294,139,371,41,133,191,45,23,32,3,17,16,33,41,21,12,12,27,19,48,29,14,53,20,23,21,1,1,1,1,2,1,1,26.64,0.01,0.09,0,3.91,0,0,0,0.18,0,0.82,6.64,0.82,0.09,0,0,0,0.09,0,0,361,183,209,186,340,271,354,294,189,371,46,153,248,60,23,32,3,37,16,33,56,15,18,12,29,19,48,29,17,53,21,19,23,1,1,1,1,3,1,1,33,10.98,8.8,96.62,Squad,Boom/Bust,173,PR #46,61
304,HK #31,HENRY WALKER,,4,4.08,16.32,Hooker,Northampton Saints,2.06,4.56,0,0,0,0,0,1.95,0,0,0,0,0,0,0,7.75,0,0,176,0.09,0,0,21,1,0,1,0,0,1,24,6,0,0,0,0,0,0,0,320,254,245,186,344,193,354,220,287,371,291,299,250,78,23,32,3,81,16,33,26,35,25,12,32,10,33,19,23,30,24,28,22,17,1,1,1,9,4,3,44,0.02,0,0,5.25,0.25,0,0.25,0,0,0.25,6,1.5,0,0,0,0,0,0,0,257,91,245,186,307,152,354,178,287,371,259,187,80,78,23,32,3,81,16,33,15,13,25,12,29,8,33,12,23,30,21,25,4,17,1,1,1,9,4,3,33,5.12,7.4,37.89,Fringe,Consistent,393,HK #33,10
305,LF #63,SEB DRISCOLL,,6,2.66,15.96,Loose Forward,Harlequins,0,0,0,0,0,0,0,0,0,4.18,0.89,3.76,0,0,0.85,5.98,0.3,0,225,0.07,0,0,20,0,1,1,3,1,3,37,3,0,0,0,0,0,0,0,298,298,245,186,348,271,314,220,96,310,198,252,325,78,23,32,3,81,16,33,59,71,52,31,70,54,64,46,36,64,43,60,62,27,1,1,1,17,4,2,37.5,0.01,0,0,3.33,0,0.17,0.17,0.5,0.17,0.5,6.17,0.5,0,0,0,0,0,0,0,298,183,245,186,349,271,320,232,35,333,129,177,332,78,23,32,3,81,16,33,64,38,52,31,76,54,66,45,20,68,33,66,66,27,1,1,1,17,4,2,32,4.56,7.7,35.11,Fringe,Average,399,LF #70,9
306,FH #21,OLLIE DAVIES,,5,3.19,15.95,Fly Half,Sale Sharks,0,0,0,0,0,0,0.4,0,0,0,0.16,0,0,14.54,0,2.8,-1.95,0,104,0.15,0,0,133,2,3,1,0,4,2,5,4,0,0,0,0,0,0,0,361,131,245,186,185,144,242,220,287,214,244,397,297,78,23,32,3,81,16,33,23,15,15,20,18,14,21,17,16,21,13,24,22,1,20,22,3,7,1,10,20.8,0.03,0,0,26.6,0.4,0.6,0.2,0,0.8,0.4,1,0.8,0,0,0,0,0,0,0,388,56,245,186,103,106,211,206,287,126,188,419,252,78,23,32,3,81,16,33,24,2,15,20,10,9,20,16,16,19,5,25,20,1,20,22,3,7,1,10,32,6.86,8.7,59.68,Squad,Boom/Bust,308,FH #20,30
307,LK #39,QUINN ROUX,,10,1.59,15.86,Lock,Bath Rugby,1.66,0.97,0,5.69,3.87,5.12,0,4.96,3.62,2.79,1.86,0,0,0,-14.68,0,0,0,511,0.03,0,1,30,0,2,0,0,1,4,92,10,0,0,0,0,0,1,0,199,387,245,102,325,271,270,294,287,310,158,93,180,78,23,32,3,81,1,33,27,50,23,5,33,25,23,32,34,37,25,23,22,32,1,1,1,10,1,1,51.1,0,0,0.1,3,0,0.2,0,0,0.1,0.4,9.2,1,0,0,0,0,0,0.1,0,206,371,245,128,356,271,309,294,287,351,188,54,179,78,23,32,3,81,6,33,27,47,23,5,36,25,27,32,34,43,31,14,16,32,1,1,1,10,1,1,32,3.86,9.8,37.83,Fringe,Boom/Bust,394,LK #50,10
308,LF #64,JACK MANN,,5,3.16,15.82,Loose Forward,Gloucester Rugby,0,4.78,3.64,0.76,2.59,0,0,0,0,4.05,0,0,0,0,0,0,0,0,166,0.10,0,0,61,0,2,0,1,3,1,34,2,0,0,0,0,0,0,0,327,227,245,186,264,271,270,294,202,240,291,260,344,78,23,32,3,81,16,33,65,56,52,31,60,54,58,62,53,51,55,63,68,27,1,1,1,17,4,2,33.2,0.02,0,0,12.2,0,0.4,0,0.2,0.6,0.2,6.8,0.4,0,0,0,0,0,0,0,323,91,245,186,216,271,256,294,167,191,293,144,362,78,23,32,3,81,16,33,68,18,52,31,54,54,57,62,49,36,54,62,72,27,1,1,1,17,4,2,32,5.09,7.6,38.68,Fringe,Very Consistent,391,LF #67,11
308,PR #31,LUKE GREEN,,9,1.76,15.82,Prop,Northampton Saints,0,0,1.32,1.29,1.89,0,0,0,0,0,2.22,0.96,0,2.88,2.21,0.84,2.21,0,382,0.04,0,0,9,0,0,0,0,2,3,74,6,0,0,0,0,0,0,0,238,363,245,186,381,271,354,294,287,274,198,129,250,78,23,32,3,81,16,33,35,37,29,12,56,19,48,29,42,22,47,21,31,5,1,1,1,11,1,1,42.44,0,0,0,1,0,0,0,0,0.22,0.33,8.22,0.67,0,0,0,0,0,0,0,268,371,245,186,406,271,354,294,287,313,221,79,294,78,23,32,3,81,16,33,26,36,29,12,64,19,48,29,42,25,60,9,35,5,1,1,1,11,1,1,32,11.78,9,106.02,Squad,Very Consistent,150,PR #36,66
310,PR #32,ETHAN BURGER,,10,1.56,15.58,Prop,Exeter Chiefs,0,0,0.33,6.08,1.29,0,0,0,0,0,0,0.29,2.59,1.59,0.99,0.9,0.33,1.19,229,0.07,0,0,51,0,3,0,0,1,1,31,1,0,0,0,0,0,0,0,297,298,245,186,278,271,242,294,287,310,291,274,373,78,23,32,3,81,16,33,47,14,29,12,21,19,19,29,42,32,62,46,65,5,1,1,1,11,1,1,22.9,0.01,0,0,5.1,0,0.3,0,0,0.1,0.1,3.1,0.1,0,0,0,0,0,0,0,379,183,245,186,316,271,285,294,287,351,347,333,408,78,23,32,3,81,16,33,65,15,29,12,20,19,26,29,42,43,70,64,73,5,1,1,1,11,1,1,31,11.24,9.8,110.15,Squad,Very Consistent,142,PR #33,68
311,SH #21,JAMES ELLIOTT,,17,0.9,15.3,Scrum Half,Newcastle Red Bull,3.16,1.98,0.94,0,0,0,0,0.93,0.66,0.86,-0.42,0.6,0.11,2.47,0.33,0,1.98,1.7,488,0.03,0,1,30,0,1,0,1,1,0,35,7,0,0,0,0,0,0,0,204,387,245,102,325,271,314,294,202,310,363,256,230,78,23,32,3,81,16,33,17,32,20,19,26,24,23,24,14,25,24,13,18,1,1,2,1,4,1,10,28.71,0,0,0.06,1.76,0,0.06,0,0.06,0.06,0,2.06,0.41,0,0,0,0,0,0,0,350,371,245,172,394,271,353,294,282,367,363,384,361,78,23,32,3,81,16,33,21,29,20,23,29,24,27,24,20,30,24,20,24,1,1,2,1,4,1,10,31,1.43,15.5,22.17,Fringe,Very Consistent,427,SH #27,2
312,LF #65,HUGH BOKENHAM,,4,3.75,14.99,Loose Forward,Gloucester Rugby,0,3.64,2.78,4.89,3.68,0,0,0,0,0,0,0,0,0,0,0,0,0,178,0.08,0,0,79,0,3,1,0,3,1,28,5,0,0,0,0,0,0,0,318,276,245,186,238,271,242,220,287,240,291,289,274,78,23,32,3,81,16,33,63,65,52,31,53,54,55,46,67,51,55,67,53,27,1,1,1,17,4,2,44.5,0.02,0,0,19.75,0,0.75,0.25,0,0.75,0.25,7,1.25,0,0,0,0,0,0,0,253,91,245,186,144,271,186,178,287,140,259,129,127,78,23,32,3,81,16,33,57,18,52,31,27,54,40,37,67,22,52,57,22,27,1,1,1,17,4,2,31,,,,,Very Consistent,,,
313,PR #33,BILLY SELA,,8,1.85,14.81,Prop,Bath Rugby,5.9,-1.92,0,0,0,0,0,0,5.63,0,0,-1,0.75,0,0,0.96,2.84,1.65,295,0.05,1,0,42,0,3,1,0,2,8,42,3,0,0,0,0,0,0,0,269,338,170,186,298,271,242,220,287,274,58,232,325,78,23,32,3,81,16,33,40,26,12,12,30,19,19,17,42,22,27,43,48,5,1,1,1,11,1,1,36.88,0.01,0.13,0,5.25,0,0.38,0.13,0,0.25,1,5.25,0.38,0,0,0,0,0,0,0,302,183,172,186,307,271,267,253,287,298,12,222,367,78,23,32,3,81,16,33,38,15,5,12,17,19,21,18,42,18,10,38,56,5,1,1,1,11,1,1,31,11.95,8.3,99.19,Squad,Average,159,PR #39,64
314,PR #34,RICHARD PALFRAMAN,,15,0.98,14.69,Prop,Newcastle Red Bull,-0.42,1.04,1.23,-0.37,-2.76,4.79,1.65,2.51,3.29,-1.85,1.65,1.64,1.32,0,0,0,0.65,0.32,665,0.02,1,0,23,0,0,0,0,3,11,83,8,0,0,0,0,0,0,0,140,401,170,186,340,271,354,294,287,240,21,112,208,78,23,32,3,81,16,33,14,56,12,12,41,19,48,29,42,14,12,17,24,5,1,1,1,11,1,1,44.33,0,0.07,0,1.53,0,0,0,0,0.2,0.73,5.53,0.53,0,0,0,0,0,0,0,254,371,232,186,399,271,354,294,287,316,63,207,331,78,23,32,3,81,16,33,23,36,25,12,59,19,48,29,42,26,29,34,46,5,1,1,1,11,1,1,30,9.58,13.8,132.2,Good,Average,104,PR #25,76
315,HK #32,FINN THEOBALD-THOMAS,,3,4.86,14.59,Hooker,Leicester Tigers,0,0,0,0,0,0,0,3.91,0,0,3.26,7.42,0,0,0,0,0,0,35,0.42,0,0,28,1,2,0,1,1,0,13,0,0,0,0,0,0,0,0,412,5,245,186,329,193,270,294,202,310,363,343,409,78,23,32,3,81,16,33,35,2,25,12,29,10,23,25,15,24,33,33,32,17,1,1,1,9,4,3,11.67,0.14,0,0,9.33,0.33,0.67,0,0.33,0.33,0,4.33,0,0,0,0,0,0,0,0,423,7,245,186,252,121,199,294,90,267,363,261,409,78,23,32,3,81,16,33,36,4,25,12,17,5,11,25,6,19,33,30,32,17,1,1,1,9,4,3,30,5.45,7.6,41.42,Fringe,Very Consistent,380,HK #31,13
316,PR #35,JAKE WOOLMORE,,15,0.95,14.29,Prop,Bristol Bears,3.62,0.43,-0.67,2.7,-3.33,2.04,0.33,0,0,0,1.12,-0.57,0.34,0.99,0.86,3.49,-0.68,3.62,568,0.03,0,0,59,0,3,1,2,3,9,58,9,0,0,0,0,0,0,0,186,387,245,186,268,271,242,220,139,240,41,180,191,78,23,32,3,81,16,33,23,49,29,12,16,19,19,17,14,14,20,35,21,5,1,1,1,11,1,1,37.87,0,0,0,3.93,0,0.2,0.07,0.13,0.2,0.6,3.87,0.6,0,0,0,0,0,0,0,296,371,245,186,338,271,309,280,226,316,99,290,314,78,23,32,3,81,16,33,36,36,29,12,27,19,32,25,23,26,39,58,42,5,1,1,1,11,1,1,30,9.5,13.8,131.1,Good,Inconsistent,107,PR #27,76
317,PR #36,SIMON MCINTYRE,,10,1.42,14.2,Prop,Sale Sharks,0.99,1.65,0.24,0.2,0,4.24,2.7,1.29,0.99,-0.42,2.32,0,0,0,0,0,0,0,335,0.04,0,0,16,0,1,0,1,1,2,45,3,0,0,0,0,0,0,0,256,363,245,186,356,271,314,294,202,310,244,218,325,78,23,32,3,81,16,33,36,37,29,12,47,19,38,29,23,32,54,42,48,5,1,1,1,11,1,1,33.5,0,0,0,1.6,0,0.1,0,0.1,0.1,0.2,4.5,0.3,0,0,0,0,0,0,0,319,371,245,186,397,271,344,294,251,351,293,252,382,78,23,32,3,81,16,33,42,36,29,12,58,19,46,29,33,43,63,49,62,5,1,1,1,11,1,1,30,10.84,9.8,106.23,Squad,Very Consistent,149,PR #35,66
318,LF #66,TOM LAWDAY,,3,4.62,13.87,Loose Forward,Harlequins,0,0,0,0,0,0,0,4.19,0,3.48,0,0,0,0,0,0,0,6.2,117,0.12,1,0,25,1,0,0,1,1,0,14,3,0,0,0,0,0,0,0,355,181,170,186,334,193,354,294,202,310,363,337,325,78,23,32,3,81,16,33,71,42,39,31,69,42,70,62,53,64,68,72,62,27,1,1,1,17,4,2,39,0.04,0.33,0,8.33,0.33,0,0,0.33,0.33,0,4.67,1,0,0,0,0,0,0,0,290,44,75,186,261,121,354,294,90,267,363,247,179,78,23,32,3,81,16,33,63,8,14,31,63,17,70,62,38,57,68,69,36,27,1,1,1,17,4,2,30,,,,,Very Consistent,,,
319,LF #67,FERGUS LEE-WARNER,,7,1.92,13.43,Loose Forward,Newcastle Red Bull,0.19,2.21,11.27,1.11,3.03,0,0,0,0,0,0,0,-1,0,0,-3.38,0,0,376,0.04,0,0,68,0,6,0,0,7,7,66,5,1,0,0,0,1,0,0,241,363,245,186,256,271,195,294,287,138,77,152,274,45,23,32,3,17,16,33,47,78,52,31,58,54,44,62,67,26,22,47,53,15,1,1,1,5,4,2,53.71,0.01,0,0,9.71,0,0.86,0,0,1,1,9.43,0.71,0.14,0,0,0,0.14,0,0,187,183,245,186,244,271,165,294,287,81,12,52,280,45,23,32,3,16,16,33,40,38,52,31,61,54,30,62,67,9,2,26,54,16,1,1,1,3,4,2,29,,,,,Boom/Bust,,,
320,LK #40,JONNY GREEN,,11,1.21,13.26,Lock,Harlequins,2.18,3.63,0.33,0,-0.35,0,0,0.33,0,0,1.32,1.47,0,0,4.18,0.99,1.99,-2.81,295,0.04,0,0,11,0,0,0,0,0,5,62,6,0,0,0,0,0,0,0,269,363,245,186,371,271,354,294,287,371,127,162,250,78,23,32,3,81,16,33,32,46,23,15,45,25,39,32,34,45,19,29,29,32,1,1,1,10,4,1,26.82,0,0,0,1,0,0,0,0,0,0.45,5.64,0.55,0,0,0,0,0,0,0,359,371,245,186,406,271,354,294,287,371,164,199,328,78,23,32,3,81,16,33,44,47,23,15,50,25,39,32,34,45,25,37,42,32,1,1,1,10,4,1,29,3.16,10.6,33.5,Fringe,Boom/Bust,402,LK #52,8
321,LK #41,DANNY EITE,,4,3.26,13.05,Lock,Gloucester Rugby,0,0,0,0,0,0,0,0,0,0,0,0,10.24,-0.09,0,2.9,0,0,70,0.19,0,0,13,1,0,0,2,0,0,20,3,0,0,0,0,0,0,0,381,72,245,186,366,193,354,294,139,371,363,316,325,78,23,32,3,81,16,33,47,1,23,15,42,13,39,32,16,45,48,45,40,32,1,1,1,10,4,1,17.5,0.05,0,0,3.25,0.25,0,0,0.5,0,0,5,0.75,0,0,0,0,0,0,0,401,30,245,186,352,152,354,294,35,371,363,226,269,78,23,32,3,81,16,33,51,3,23,15,34,5,39,32,4,45,48,39,30,32,1,1,1,10,4,1,29,7.55,7.5,56.63,Fringe,Average,320,LK #40,27
322,LK #42,LEWIS PEARSON,,10,1.3,12.98,Lock,Exeter Chiefs,2.06,1.65,1.13,0.43,0,0,0,0,0,2.53,0,0.06,0,5.12,0,0,0,0,205,0.06,0,0,25,0,1,0,1,2,1,31,5,1,0,0,0,0,0,0,307,321,245,186,334,271,314,294,202,274,291,274,274,45,23,32,3,81,16,33,42,36,23,15,34,25,31,32,26,31,41,41,33,24,1,1,1,10,4,1,20.5,0.01,0,0,2.5,0,0.1,0,0.1,0.2,0.1,3.1,0.5,0.1,0,0,0,0,0,0,391,183,245,186,366,271,344,294,251,316,347,333,332,57,23,32,3,81,16,33,49,15,23,15,40,25,35,32,29,36,47,51,43,29,1,1,1,10,4,1,29,3.32,9.8,32.54,Fringe,Consistent,406,LK #54,7
323,PR #37,CLEOPAS KUNDIONA,,8,1.62,12.93,Prop,Northampton Saints,0,3.24,0,0,0,2.16,0.68,0,1.22,0,1.89,0,-0.31,3.96,0,0,0,0.09,316,0.04,0,0,39,0,0,2,1,2,9,61,6,0,0,0,0,0,0,0,262,363,245,186,305,271,354,177,202,274,41,167,250,78,23,32,3,81,16,33,37,37,29,12,31,19,48,12,23,22,20,32,31,5,1,1,1,11,1,1,39.5,0.01,0,0,4.88,0,0,0.25,0.13,0.25,1.13,7.63,0.75,0,0,0,0,0,0,0,286,183,245,186,321,271,354,178,226,298,9,105,269,78,23,32,3,81,16,33,32,15,29,12,21,19,48,10,23,18,7,14,29,5,1,1,1,11,1,1,28,11.4,8.3,94.62,Squad,Very Consistent,180,PR #49,59
324,SH #22,STU TOWNSEND,,7,1.84,12.91,Scrum Half,Harlequins,0,0,-0.5,0.73,0,0,0,0,0,0,14.79,-1.23,-2.11,0,0,0,-0.67,1.9,244,0.05,0,1,53,1,3,1,3,7,0,12,9,0,0,0,0,0,0,0,289,338,245,102,276,193,242,220,96,138,363,350,191,78,23,32,3,81,16,33,20,25,20,19,22,15,18,16,2,17,24,22,15,1,1,2,1,4,1,10,34.86,0.01,0,0.14,7.57,0.14,0.43,0.14,0.43,1,0,1.71,1.29,0,0,0,0,0,0,0,312,183,245,109,272,211,253,248,63,81,363,403,119,78,23,32,3,81,16,33,19,11,20,20,22,15,16,19,3,8,24,23,9,1,1,2,1,4,1,10,28,2.55,8,20.4,Fringe,Boom/Bust,430,SH #30,2
325,PR #38,LOVEJOY CHAWATAMA,,13,0.98,12.78,Prop,Bristol Bears,0.66,1,0,0.42,2.6,2.45,3.97,2.21,1.49,0,-0.67,0.73,-2.41,0,0,0,0,0.33,392,0.03,0,0,24,0,0,0,1,1,7,61,5,0,0,0,0,0,0,0,236,387,245,186,337,271,354,294,202,310,77,167,274,78,23,32,3,81,16,33,34,49,29,12,39,19,48,29,23,32,30,32,36,5,1,1,1,11,1,1,30.15,0,0,0,1.85,0,0,0,0.08,0.08,0.54,4.69,0.38,0,0,0,0,0,0,0,340,371,245,186,392,271,354,294,263,361,121,246,367,78,23,32,3,81,16,33,48,36,29,12,56,19,48,29,34,47,43,48,56,5,1,1,1,11,1,1,28,9.58,12.2,116.88,Squad,Average,131,PR #31,70
326,PR #39,TREVOR DAVISON,,9,1.4,12.58,Prop,Northampton Saints,3.48,0,0.08,2.18,0.53,0.89,3.54,-0.1,0,1.98,0,0,0,0,0,0,0,0,434,0.03,0,0,21,0,1,0,1,3,5,56,4,0,0,0,0,0,0,0,223,387,245,186,344,271,314,294,202,240,127,182,297,78,23,32,3,81,16,33,31,49,29,12,44,19,38,29,23,14,38,37,42,5,1,1,1,11,1,1,48.22,0,0,0,2.33,0,0.11,0,0.11,0.33,0.56,6.22,0.44,0,0,0,0,0,0,0,226,371,245,186,375,271,339,294,241,267,113,171,355,78,23,32,3,81,16,33,18,36,29,12,45,19,43,29,29,10,41,24,54,5,1,1,1,11,1,1,28,10.82,9,97.38,Squad,Very Consistent,171,PR #44,61
327,PR #40,ELLIOT MILLAR MILLS,,9,1.35,12.19,Prop,Northampton Saints,-0.36,0.63,0,0,0,0,0,2.69,2.38,-0.01,0,0,-0.04,0,0.9,1.85,4.15,0,282,0.04,0,0,24,0,1,2,1,1,3,38,5,0,0,0,0,0,0,0,276,363,245,186,337,271,314,177,202,310,198,248,274,78,23,32,3,81,16,33,42,37,29,12,39,19,38,12,23,32,47,44,36,5,1,1,1,11,1,1,31.33,0,0,0,2.67,0,0.11,0.22,0.11,0.11,0.33,4.22,0.56,0,0,0,0,0,0,0,333,371,245,186,361,271,339,199,241,348,221,267,327,78,23,32,3,81,16,33,44,36,29,12,40,19,43,11,29,40,60,52,45,5,1,1,1,11,1,1,28,10.69,9,96.21,Squad,Very Consistent,174,PR #47,60
328,PR #41,CONNOR HANCOCK,,9,1.32,11.91,Prop,Newcastle Red Bull,0,0,0,0,0,-1,-1.5,1.74,0.9,0,0,6.46,0,0,0.57,2.11,0.55,2.08,233,0.05,1,0,17,0,1,0,1,0,4,37,8,0,0,0,0,0,0,0,295,338,170,186,353,271,314,294,202,371,158,252,208,78,23,32,3,81,16,33,46,26,12,12,46,19,38,29,23,53,42,45,24,5,1,1,1,11,1,1,25.89,0.01,0.11,0,1.89,0,0.11,0,0.11,0,0.44,4.11,0.89,0,0,0,0,0,0,0,363,183,194,186,389,271,339,294,241,371,166,272,224,78,23,32,3,81,16,33,58,15,11,12,54,19,43,29,29,53,53,53,20,5,1,1,1,11,1,1,27,10.61,9,95.49,Squad,Average,177,PR #48,60
329,OB #63,JAMES PATER,,5,2.36,11.82,Outside Back,Northampton Saints,0,0,0,0,0,-1.42,0,0,0,0,-3.68,0,0,0,0,0,0,16.92,154,0.08,0,0,96,3,2,1,0,7,2,9,5,0,0,0,0,0,0,0,334,276,245,186,216,114,270,220,287,138,244,374,274,78,23,32,3,81,16,33,61,63,53,42,56,44,64,50,46,39,34,56,51,1,1,6,1,17,3,6,30.8,0.02,0,0,19.2,0.6,0.4,0.2,0,1.4,0.4,1.8,1,0,0,0,0,0,0,0,336,91,245,186,150,67,256,206,287,40,188,398,179,78,23,32,3,81,16,33,65,28,53,42,61,43,66,50,46,28,19,57,43,1,1,6,1,17,3,6,27,7.11,7,49.77,Fringe,Boom/Bust,350,OB #72,20
330,LF #68,BEN CURRY,,2,5.91,11.81,Loose Forward,Sale Sharks,5.29,6.52,0,0,0,0,0,0,0,0,0,0,0,0,0,0,0,0,125,0.09,0,0,42,1,1,2,1,0,3,17,4,0,0,0,0,0,0,0,351,254,245,186,298,193,314,177,202,371,198,324,297,78,23,32,3,81,16,33,69,59,52,31,64,42,64,37,53,72,43,70,56,27,1,1,1,17,4,2,62.5,0.05,0,0,21,0.5,0.5,1,0.5,0,1.5,8.5,2,0,0,0,0,0,0,0,118,30,245,186,135,78,226,14,35,371,1,73,21,78,23,32,3,81,16,33,24,6,52,31,24,6,52,2,20,72,1,36,5,27,1,1,1,17,4,2,27,6.38,8.2,52.32,Fringe,,335,LF #50,23
331,PR #42,PEDRO DELGADO,,14,0.82,11.52,Prop,Harlequins,0,0,1.85,3.65,0.62,-2.26,0.66,-0.67,1.66,-0.79,0.75,1.52,0,0,3.59,2.22,-1.52,0.24,557,0.02,0,1,11,0,1,0,1,2,10,74,12,0,0,0,0,0,0,0,189,401,245,102,371,271,314,294,202,274,29,129,140,78,23,32,3,81,16,33,25,56,29,3,52,19,38,29,23,22,14,21,10,5,1,1,1,11,1,1,39.79,0,0,0.07,0.79,0,0.07,0,0.07,0.14,0.71,5.29,0.86,0,0,0,0,0,0,0,283,371,245,163,418,271,349,294,272,339,68,220,237,78,23,32,3,81,16,33,31,36,29,7,69,19,47,29,37,35,32,37,21,5,1,1,1,11,1,1,27,9.13,13,118.69,Squad,Inconsistent,129,PR #30,71
332,CE #42,CONNOR DOHERTY,,2,5.7,11.39,Centre,Newcastle Red Bull,0,7.58,3.81,0,0,0,0,0,0,0,0,0,0,0,0,0,0,0,127,0.09,0,1,16,0,1,1,2,1,2,13,2,0,0,0,0,0,0,0,350,254,245,102,356,271,314,220,139,310,244,343,344,78,23,32,3,81,16,33,44,35,35,24,51,45,46,39,24,47,32,43,46,1,4,5,1,13,5,7,63.5,0.05,0,0.5,8,0,0.5,0.5,1,0.5,1,6.5,1,0,0,0,0,0,0,0,108,30,245,18,267,271,226,73,5,215,12,159,179,78,23,32,3,81,16,33,23,3,35,1,48,45,39,19,1,38,2,15,36,1,4,5,1,13,5,7,26,,,,,,,,
333,PR #43,RALPH MCEACHRAN,,8,1.41,11.3,Prop,Sale Sharks,0,0,0,0,0,0,0,0,0,0,0.99,2.64,3.32,-0.58,0.32,0.8,0.96,2.85,242,0.05,0,0,15,0,0,0,2,0,3,30,2,0,0,0,0,0,0,0,290,338,245,186,359,271,354,294,139,371,198,280,344,78,23,32,3,81,16,33,43,26,29,12,49,19,48,29,14,53,47,48,52,5,1,1,1,11,1,1,30.25,0.01,0,0,1.88,0,0,0,0.25,0,0.38,3.75,0.25,0,0,0,0,0,0,0,338,183,245,186,390,271,354,294,135,371,207,294,387,78,23,32,3,81,16,33,47,15,29,12,55,19,48,29,12,53,59,59,66,5,1,1,1,11,1,1,26,10.91,8.3,90.55,Squad,Very Consistent,195,PR #54,56
334,CE #43,JOE JENKINS,,3,3.73,11.2,Centre,Bristol Bears,5.97,1.96,0,0,0,0,0,0,0,0,0,0,0,0,0,0,0,3.27,144,0.08,0,0,69,0,1,4,0,1,0,10,4,0,0,0,0,0,0,0,341,276,245,186,252,271,314,110,287,310,363,366,297,78,23,32,3,81,16,33,43,38,35,37,39,45,46,25,44,47,45,46,43,1,4,5,1,13,5,7,48,0.03,0,0,23,0,0.33,1.33,0,0.33,0,3.33,1.33,0,0,0,0,0,0,0,228,56,245,186,121,271,274,6,287,267,363,318,108,78,23,32,3,81,16,33,41,7,35,37,26,45,48,1,44,49,45,44,24,1,4,5,1,13,5,7,26,6.32,7.3,46.14,Fringe,Very Consistent,363,CE #41,17
335,PR #44,HARRY WILLIAMS,,10,1.09,10.92,Prop,Harlequins,0.72,2.29,-0.37,2.84,0.66,0,0.56,-0.77,0.58,1,3.41,0,0,0,0,0,0,0,503,0.02,0,0,8,0,0,3,0,1,7,64,8,0,0,0,0,0,0,0,201,401,245,186,388,271,354,139,287,310,77,156,208,78,23,32,3,81,16,33,27,56,29,12,59,19,48,9,42,32,30,30,24,5,1,1,1,11,1,1,50.3,0,0,0,0.8,0,0,0.3,0,0.1,0.7,6.4,0.8,0,0,0,0,0,0,0,213,371,245,186,417,271,354,162,287,351,74,165,252,78,23,32,3,81,16,33,16,36,29,12,68,19,48,7,42,43,35,22,25,5,1,1,1,11,1,1,26,9.9,9.8,97.02,Squad,Consistent,172,PR #45,61
336,FH #22,WILL HAYDON-WOOD,,11,0.98,10.83,Fly Half,Exeter Chiefs,0,0,0,0,0,0,0,0.66,0,-1.18,0,0.99,9.14,0,0.33,0.89,0,0,171,0.06,0,0,29,1,3,0,0,1,1,21,4,0,0,0,0,0,0,0,323,321,245,186,327,193,242,294,287,310,291,311,297,78,23,32,3,81,16,33,22,23,15,20,23,21,21,25,16,23,17,19,22,1,20,22,3,7,1,10,15.55,0.01,0,0,2.64,0.09,0.27,0,0,0.09,0.09,1.91,0.36,0,0,0,0,0,0,0,414,183,245,186,364,242,295,294,287,360,354,396,370,78,23,32,3,81,16,33,25,14,15,20,24,23,22,25,16,26,21,23,25,1,20,22,3,7,1,10,26,2.68,11.1,29.75,Fringe,Boom/Bust,415,FH #22,5
337,PR #45,WILL GOODRICK-CLARKE,,11,0.98,10.73,Prop,Exeter Chiefs,2.4,0.83,4.15,-2.24,0,0.42,-0.01,0.99,3.07,0,1.39,0,0,-0.27,0,0,0,0,459,0.02,0,0,23,0,0,0,0,3,9,71,4,0,0,0,0,0,0,0,211,401,245,186,340,271,354,294,287,240,41,144,297,78,23,32,3,81,16,33,28,56,29,12,41,19,48,29,42,14,20,28,42,5,1,1,1,11,1,1,41.73,0,0,0,2.09,0,0,0,0,0.27,0.82,6.45,0.36,0,0,0,0,0,0,0,272,371,245,186,381,271,354,294,287,296,46,163,370,78,23,32,3,81,16,33,27,36,29,12,50,19,48,29,42,17,21,21,59,5,1,1,1,11,1,1,25,9.58,10.6,101.55,Squad,Average,153,PR #37,65
338,SH #23,LUCAS FRIDAY,,10,1.05,10.5,Scrum Half,Harlequins,0,0,0,0,0,2.03,-1.57,-0.42,-2.48,-3.92,-0.7,0,0.41,-2.41,14.77,4.79,0,0,484,0.02,0,1,86,1,4,1,2,14,1,30,16,0,0,0,0,0,0,1,205,401,245,102,227,193,227,220,139,50,291,280,91,78,23,32,3,81,16,4,18,33,20,19,19,15,16,16,6,6,17,16,8,1,1,2,1,4,1,2,48.4,0,0,0.1,8.6,0.1,0.4,0.1,0.2,1.4,0.1,3,1.6,0,0,0,0,0,0,0.1,224,371,245,128,258,231,256,266,167,40,347,335,69,78,23,32,3,81,16,8,10,29,20,21,21,18,17,21,5,1,21,12,5,1,1,2,1,4,1,3,25,1.55,9.9,15.35,Fringe,Boom/Bust,434,SH #34,1
339,PR #46,CIARAN KNIGHT,,15,0.67,10.04,Prop,Gloucester Rugby,0,-0.35,-0.23,4.25,-0.56,0.72,0,0.33,4.63,-6.55,1.32,-1.42,0.99,0,0.57,3.46,1.56,1.32,571,0.02,1,0,32,0,0,0,2,1,10,73,11,0,0,0,0,1,0,0,183,401,170,186,320,271,354,294,139,310,29,133,162,78,23,32,3,17,16,33,22,56,12,12,35,19,48,29,14,32,14,23,15,5,1,1,1,2,1,1,38.07,0,0.07,0,2.13,0,0,0,0.13,0.07,0.67,4.87,0.73,0,0,0,0,0.07,0,0,294,371,232,186,380,271,354,294,226,364,82,241,277,78,23,32,3,54,16,33,34,36,25,12,49,19,48,29,23,48,37,47,32,5,1,1,1,5,1,1,25,8.7,13.8,120.06,Squad,Boom/Bust,126,PR #29,71
340,LF #69,RUSIATE TUIMA,,14,0.71,10,Loose Forward,Exeter Chiefs,0.58,0.01,-0.22,0.97,1.9,0,0,-7.67,3.04,0,0,3.02,0.01,1.15,3.24,1.66,0,2.31,389,0.03,0,0,56,0,3,1,2,8,1,60,12,0,0,0,0,1,0,0,237,387,245,186,271,271,242,220,139,126,291,172,140,78,23,32,3,17,16,33,46,81,52,31,62,54,55,46,42,23,55,48,29,27,1,1,1,5,4,2,27.79,0,0,0,4,0,0.21,0.07,0.14,0.57,0.07,4.29,0.86,0,0,0,0,0.07,0,0,355,371,245,186,333,271,307,280,216,199,358,266,237,78,23,32,3,54,16,33,72,82,52,31,73,54,62,58,56,41,67,73,48,27,1,1,1,14,4,2,25,1.86,13.1,24.37,Fringe,Boom/Bust,425,LF #74,3
341,PR #47,TUMY ONASANYA,,5,1.93,9.64,Prop,Sale Sharks,0,0,0,0,2.98,0,0.32,0,0,0,0,0,0,6.19,0.15,0,0,0,100,0.10,0,0,12,1,2,1,0,1,1,18,2,0,0,0,0,0,0,0,364,227,245,186,369,193,270,220,287,310,291,318,344,78,23,32,3,81,16,33,63,7,29,12,51,6,24,17,42,32,62,57,52,5,1,1,1,11,1,1,20,0.02,0,0,2.4,0.2,0.4,0.2,0,0.2,0.2,3.6,0.4,0,0,0,0,0,0,0,392,91,245,186,372,174,256,206,287,316,293,303,362,78,23,32,3,81,16,33,71,6,29,12,44,3,18,12,42,26,63,61,55,5,1,1,1,11,1,1,24,,,,,Very Consistent,,,
342,CE #44,HAYDEN HYDE,,1,9.35,9.35,Centre,Harlequins,0,0,0,0,0,0,0,0,0,0,0,0,0,9.35,0,0,0,0,69,0.14,1,0,37,0,1,0,0,2,0,5,0,0,0,0,0,0,0,0,382,147,170,186,309,271,314,294,287,274,363,397,409,78,23,32,3,81,16,33,51,22,27,37,47,45,46,46,44,42,45,51,53,1,4,5,1,13,5,7,69,0.14,1,0,37,0,1,0,0,2,0,5,0,0,0,0,0,0,0,0,65,7,3,186,62,271,140,294,287,4,363,226,409,78,23,32,3,81,16,33,14,1,1,37,10,45,30,46,44,1,45,31,53,1,4,5,1,13,5,7,24,,,,,,,,
343,PR #48,TOM WEST,,5,1.84,9.2,Prop,Northampton Saints,0,0,0,0,0,1.82,0,0,0,0,3.54,0,1.94,0,1.23,0,0,0.67,148,0.06,0,0,23,0,1,0,0,0,1,30,4,0,0,0,0,0,0,0,338,321,245,186,340,271,314,294,287,371,291,280,297,78,23,32,3,81,16,33,55,21,29,12,41,19,38,29,42,53,62,48,42,5,1,1,1,11,1,1,29.6,0.01,0,0,4.6,0,0.2,0,0,0,0.2,6,0.8,0,0,0,0,0,0,0,343,183,245,186,323,271,309,294,287,371,293,187,252,78,23,32,3,81,16,33,50,15,29,12,22,19,32,29,42,53,63,27,25,5,1,1,1,11,1,1,24,11.73,7.3,85.63,Fringe,Very Consistent,215,PR #62,51
344,OB #64,TOBY FRICKER,,2,4.25,8.5,Outside Back,Bristol Bears,0,0,0,8.5,0,0,0,0,0,0,0,0,0,0,0,0,0,0,47,0.18,0,0,45,2,3,0,0,1,1,0,4,0,0,0,0,0,0,0,403,90,245,186,290,144,242,294,287,310,291,440,297,78,23,32,3,81,16,33,66,34,53,42,64,49,60,58,46,65,43,69,56,1,1,6,1,17,3,6,23.5,0.09,0,0,22.5,1,1.5,0,0,0.5,0.5,0,2,0,0,0,0,0,0,0,375,18,245,186,126,30,100,294,287,215,129,440,21,78,23,32,3,81,16,33,68,4,53,42,56,27,51,58,46,63,10,69,8,1,1,6,1,17,3,6,24,9.47,7.3,69.13,Fringe,,278,OB #58,36
345,OB #65,ROB RUSSELL,,2,4.23,8.46,Outside Back,Gloucester Rugby,0,0,0,0,0,-0.48,8.94,0,0,0,0,0,0,0,0,0,0,0,95,0.09,0,0,44,1,4,0,0,3,0,7,3,0,0,0,0,0,0,0,366,254,245,186,292,193,227,294,287,240,363,386,325,78,23,32,3,81,16,33,64,60,53,42,65,57,58,58,46,56,58,57,58,1,1,6,1,17,3,6,47.5,0.05,0,0,22,0.5,2,0,0,1.5,0,3.5,1.5,0,0,0,0,0,0,0,232,30,245,186,129,78,65,294,287,30,363,308,80,78,23,32,3,81,16,33,55,8,53,42,57,47,40,58,46,21,58,28,25,1,1,6,1,17,3,6,24,,,,,,,,
346,HK #33,WILL CRANE,,1,8.45,8.45,Hooker,Gloucester Rugby,0,0,0,0,0,0,0,0,0,8.45,0,0,0,0,0,0,0,0,71,0.12,0,0,9,0,0,0,0,0,1,15,0,0,0,0,0,0,0,0,379,181,245,186,381,271,354,294,287,371,291,334,409,78,23,32,3,81,16,33,31,26,25,12,34,21,33,25,23,30,24,31,32,17,1,1,1,9,4,3,71,0.12,0,0,9,0,0,0,0,0,1,15,0,0,0,0,0,0,0,0,51,10,245,186,255,271,354,294,287,371,12,2,409,78,23,32,3,81,16,33,1,5,25,12,20,21,33,25,23,30,1,1,32,17,1,1,1,9,4,3,23,5.87,8.4,49.31,Fringe,,351,HK #27,20
347,PR #49,OLLIE STREETER,,7,1.18,8.23,Prop,Harlequins,1.32,0,0,0,0,0,0,0,0,0,0,0,-0.28,-1.09,4.32,1.42,0.99,1.55,202,0.04,0,0,1,0,1,0,1,1,3,31,2,0,0,0,0,0,0,0,309,363,245,186,420,271,314,294,202,310,198,274,344,78,23,32,3,81,16,33,48,37,29,12,72,19,38,29,23,32,47,46,52,5,1,1,1,11,1,1,28.86,0.01,0,0,0.14,0,0.14,0,0.14,0.14,0.43,4.43,0.29,0,0,0,0,0,0,0,348,183,245,186,425,271,328,294,216,339,172,258,384,78,23,32,3,81,16,33,54,15,29,12,75,19,38,29,22,35,55,51,63,5,1,1,1,11,1,1,23,10.49,7.8,81.82,Fringe,Consistent,232,PR #67,47
348,HK #34,JULIAN HEAVEN,,4,2.03,8.13,Hooker,Exeter Chiefs,0,0,0.63,0,0,0,4.29,0,0,0,0.15,3.06,0,0,0,0,0,0,67,0.12,0,0,22,0,2,1,0,0,1,16,5,0,0,0,0,0,0,0,385,181,245,186,343,271,270,220,287,371,291,327,274,78,23,32,3,81,16,33,33,26,25,12,31,21,23,19,23,30,24,30,24,17,1,1,1,9,4,3,16.75,0.03,0,0,5.5,0,0.5,0.25,0,0,0.25,4,1.25,0,0,0,0,0,0,0,405,56,245,186,304,271,226,178,287,371,259,273,127,78,23,32,3,81,16,33,33,9,25,12,27,21,15,12,23,30,21,31,5,17,1,1,1,9,4,3,23,4.44,7.4,32.86,Fringe,Average,404,HK #36,8
349,CE #45,ALEX LOZOWSKI,,2,4.03,8.06,Centre,Saracens,0,0,0,0,0,0,0,0,-0.37,8.43,0,0,0,0,0,0,0,0,93,0.09,0,0,55,1,1,0,1,4,1,7,1,0,0,0,0,0,0,0,369,254,245,186,272,193,314,294,202,214,291,386,373,78,23,32,3,81,16,33,48,35,35,37,42,36,46,46,31,34,39,48,49,1,4,5,1,13,5,7,46.5,0.05,0,0,27.5,0.5,0.5,0,0.5,2,0.5,3.5,0.5,0,0,0,0,0,0,0,236,30,245,186,97,78,226,294,35,4,129,308,332,78,23,32,3,81,16,33,42,3,35,37,20,18,39,46,7,1,15,41,49,1,4,5,1,13,5,7,23,6.66,7.6,50.62,Fringe,,346,CE #37,21
350,CE #46,TOBY THAME,,6,1.34,8.02,Centre,Northampton Saints,-0.35,0,0,0,0,-0.48,0.89,0,0,0,-0.34,0,0,0,0,0,0,8.3,196,0.04,2,0,64,2,2,1,0,4,2,14,12,0,0,0,0,1,0,0,310,363,118,186,261,144,270,220,287,214,244,337,140,78,23,32,3,17,16,33,41,49,22,37,40,27,41,39,44,34,32,42,23,1,4,5,1,4,5,7,32.67,0.01,0.33,0,10.67,0.33,0.33,0.17,0,0.67,0.33,2.33,2,0,0,0,0,0.17,0,0,330,183,75,186,233,121,274,232,287,161,221,370,21,78,23,32,3,10,16,33,50,25,15,37,44,24,48,43,44,29,28,52,5,1,4,5,1,4,5,7,22,4.26,7.4,31.52,Fringe,Boom/Bust,410,CE #53,6
351,CE #47,MAX CLARK,,6,1.3,7.79,Centre,Newcastle Red Bull,0.74,0,-6.1,0.31,7.93,4.58,0.33,0,0,0,0,0,0,0,0,0,0,0,396,0.02,0,1,42,1,3,3,1,4,6,43,12,0,0,0,0,1,0,0,234,401,245,102,298,193,242,139,202,214,101,226,140,78,23,32,3,17,16,33,33,52,35,24,45,36,38,29,31,34,9,28,23,1,4,5,1,4,5,7,66,0,0,0.17,7,0.17,0.5,0.5,0.17,0.67,1,7.17,2,0,0,0,0,0.17,0,0,85,371,245,95,281,192,226,73,196,161,12,126,21,78,23,32,3,10,16,33,16,53,35,25,49,38,39,19,35,29,2,8,5,1,4,5,1,4,5,7,22,,,,,Boom/Bust,,,
352,PR #50,MARCO RICCIONI,,13,0.58,7.56,Prop,Saracens,3.42,-0.64,-0.18,5.04,-4.99,1.63,0.56,0,-0.79,0,0.1,0.85,1.01,-0.09,0,0,0,1.64,603,0.01,0,0,43,0,2,1,4,4,10,72,14,0,0,0,0,1,0,0,167,418,245,186,294,271,270,220,67,214,29,140,116,78,23,32,3,17,16,33,20,67,29,12,27,19,24,17,4,12,14,26,6,5,1,1,1,2,1,1,46.38,0,0,0,3.31,0,0.15,0.08,0.31,0.31,0.77,5.54,1.08,0,0,0,0,0.08,0,0,237,371,245,186,351,271,326,275,112,282,52,205,171,78,23,32,3,43,16,33,20,36,29,12,34,19,36,21,7,13,25,32,10,5,1,1,1,4,1,1,22,,,,,Boom/Bust,,,
353,LK #43,SEBASTIAN DE CHAVES,,3,2.52,7.55,Lock,Newcastle Red Bull,0,0,0,0,0,0,5.11,2.44,0,0,0,0,0,0,0,0,0,0,133,0.06,0,0,8,0,0,1,0,0,0,10,1,0,0,0,0,0,0,0,346,321,245,186,388,271,354,220,287,371,363,366,373,78,23,32,3,81,16,33,44,36,23,15,46,25,39,23,34,45,48,48,45,32,1,1,1,10,4,1,44.33,0.02,0,0,2.67,0,0,0.33,0,0,0,3.33,0.33,0,0,0,0,0,0,0,254,91,245,186,361,271,354,135,287,371,363,318,373,78,23,32,3,81,16,33,33,9,23,15,38,25,39,11,34,45,48,50,46,32,1,1,1,10,4,1,22,,,,,,,,
354,LF #70,AIDEN AINSWORTH-CAVE,,1,7.36,7.36,Loose Forward,Northampton Saints,0,0,0,0,0,0,0,0,0,0,7.36,0,0,0,0,0,0,0,69,0.11,0,0,5,0,0,0,0,2,0,17,1,1,0,0,0,0,0,0,382,206,245,186,399,271,354,294,287,274,363,324,373,45,23,32,3,81,16,33,74,50,52,31,78,54,70,62,67,59,68,70,73,15,1,1,1,17,4,2,69,0.11,0,0,5,0,0,0,0,2,0,17,1,1,0,0,0,0,0,0,65,12,245,186,317,271,354,294,287,4,363,1,179,1,23,32,3,81,16,33,9,2,52,31,70,54,70,62,67,1,68,1,36,1,1,1,1,17,4,2,22,6.54,8.8,57.55,Fringe,,317,LF #43,28
355,PR #51,PATREECE BELL,,6,1.15,6.92,Prop,Sale Sharks,0,0,0,0,0,0,0,0,-1.17,2.22,0,0,0,0,0,2.56,0.76,2.55,102,0.07,0,0,10,0,2,0,0,0,1,24,4,0,0,0,0,0,0,0,362,298,245,186,375,271,270,294,287,371,291,299,297,78,23,32,3,81,16,33,62,14,29,12,53,19,24,29,42,53,62,52,42,5,1,1,1,11,1,1,17,0.01,0,0,1.67,0,0.33,0,0,0,0.17,4,0.67,0,0,0,0,0,0,0,402,183,245,186,396,271,274,294,287,371,318,273,294,78,23,32,3,81,16,33,73,15,29,12,57,19,23,29,42,53,68,54,35,5,1,1,1,11,1,1,21,10.57,7.5,79.28,Fringe,Very Consistent,238,PR #69,46
356,LK #44,FINN BAKER,,6,1.14,6.86,Lock,Newcastle Red Bull,0,0,0,0,0,0,2.79,1.23,0.57,0,0,0,0,0.73,1.54,0,0,0,140,0.05,0,0,12,0,1,0,0,2,0,22,4,0,0,0,0,0,0,0,343,338,245,186,369,271,314,294,287,274,363,308,297,78,23,32,3,81,16,33,43,43,23,15,44,25,31,32,34,31,48,43,36,32,1,1,1,10,4,1,23.33,0.01,0,0,2,0,0.17,0,0,0.33,0,3.67,0.67,0,0,0,0,0,0,0,377,183,245,186,384,271,320,294,287,267,363,296,294,78,23,32,3,81,16,33,46,15,23,15,46,25,29,32,34,26,48,48,34,32,1,1,1,10,4,1,21,4.89,7.6,37.16,Fringe,Very Consistent,396,LK #51,9
357,SH #24,MAX PEPPER,,4,1.66,6.62,Scrum Half,Bristol Bears,0,3.23,-5.3,4.72,0,0,0,0,0,0,0,0,0,0,0,0,0,3.97,161,0.04,0,0,75,0,1,0,2,1,1,14,2,0,0,0,0,1,0,0,331,363,245,186,242,271,314,294,139,310,291,337,344,78,23,32,3,17,16,33,23,29,20,24,21,24,23,24,6,25,17,20,26,1,1,2,1,1,1,10,40.25,0.01,0,0,18.75,0,0.25,0,0.5,0.25,0.25,3.5,0.5,0,0,0,0,0.25,0,0,280,183,245,186,153,271,296,294,35,298,259,308,332,78,23,32,3,3,16,33,17,11,20,24,8,24,20,24,1,23,4,9,21,1,1,2,1,1,1,10,21,2.91,7.5,21.83,Fringe,Boom/Bust,428,SH #28,2
358,OB #66,GURSHWIN NIKHOLE WEHR,,2,3.29,6.58,Outside Back,DHL Stormers,0,0,0,0,0,0,0,5.8,0.78,0,0,0,0,0,0,0,0,0,38,0.17,0,0,40,1,1,0,0,1,0,1,1,0,0,0,0,0,0,0,409,106,245,186,303,193,314,294,287,310,363,431,373,78,23,32,3,81,16,33,67,41,53,42,66,57,66,58,46,65,58,66,65,1,1,6,1,17,3,6,19,0.09,0,0,20,0.5,0.5,0,0,0.5,0,0.5,0.5,0,0,0,0,0,0,0,395,18,245,186,142,78,226,294,287,215,363,435,332,78,23,32,3,81,16,33,69,4,53,42,60,47,64,58,46,63,58,68,64,1,1,6,1,17,3,6,21,9.31,7.3,67.96,Fringe,,284,OB #61,35
359,PR #52,SCOTT KIRK,,4,1.63,6.52,Prop,Bath Rugby,0,0,0,0,0,0,0,0,2.24,0,0,0.99,1.85,1.44,0,0,0,0,153,0.04,0,0,21,0,0,0,0,0,2,24,2,0,0,0,0,0,0,0,335,363,245,186,344,271,354,294,287,371,244,299,344,78,23,32,3,81,16,33,53,37,29,12,44,19,48,29,42,53,54,52,52,5,1,1,1,11,1,1,38.25,0.01,0,0,5.25,0,0,0,0,0,0.5,6,0.5,0,0,0,0,0,0,0,292,183,245,186,307,271,354,294,287,371,129,187,332,78,23,32,3,81,16,33,33,15,29,12,17,19,48,29,42,53,45,27,47,5,1,1,1,11,1,1,20,11.41,7.3,83.29,Fringe,Very Consistent,224,PR #65,49
360,LF #71,CAMERON NEILD,,4,1.61,6.43,Loose Forward,Newcastle Red Bull,1.94,4.19,1.05,0,0,-0.75,0,0,0,0,0,0,0,0,0,0,0,0,147,0.04,0,0,7,0,0,0,0,1,2,31,2,0,0,0,0,0,0,0,339,363,245,186,393,271,354,294,287,310,244,274,344,78,23,32,3,81,16,33,66,78,52,31,76,54,70,62,67,64,48,65,68,27,1,1,1,17,4,2,36.75,0.01,0,0,1.75,0,0,0,0,0.25,0.5,7.75,0.5,0,0,0,0,0,0,0,305,183,245,186,395,271,354,294,287,298,129,99,332,78,23,32,3,81,16,33,66,38,52,31,79,54,70,62,67,64,33,45,66,27,1,1,1,17,4,2,20,,,,,Inconsistent,,,
361,LF #72,ANGUS SCOTT-YOUNG,,2,3.15,6.29,Loose Forward,Northampton Saints,3,3.29,0,0,0,0,0,0,0,0,0,0,0,0,0,0,0,0,136,0.05,0,0,35,0,0,1,0,3,1,23,4,0,0,0,0,0,0,0,344,338,245,186,313,271,354,220,287,240,291,307,297,78,23,32,3,81,16,33,68,74,52,31,67,54,70,46,67,51,55,68,56,27,1,1,1,17,4,2,68,0.03,0,0,17.5,0,0,0.5,0,1.5,0.5,11.5,2,0,0,0,0,0,0,0,69,56,245,186,161,271,354,73,287,30,129,19,21,78,23,32,3,81,16,33,10,12,52,31,34,54,70,15,67,4,33,11,5,27,1,1,1,17,4,2,20,5.92,8.2,48.54,Fringe,,355,LF #55,19
362,LK #45,GEORGE TAYLOR,,8,0.77,6.15,Lock,Bristol Bears,0,0,0,0,0,0,0,0,0,0,1.19,0.4,-7.34,1.87,0,0.24,5.98,3.81,267,0.02,0,0,31,1,1,0,0,3,4,40,5,1,0,0,0,1,0,0,283,401,245,186,323,193,314,294,287,240,158,237,274,45,23,32,3,17,16,33,35,53,23,15,31,13,31,32,34,28,25,36,33,24,1,1,1,2,4,1,33.38,0,0,0,3.88,0.13,0.13,0,0,0.38,0.5,5,0.63,0.13,0,0,0,0.13,0,0,321,371,245,186,341,217,331,294,287,257,129,226,311,48,23,32,3,22,16,33,40,47,23,15,31,17,33,32,34,24,20,39,40,25,1,1,1,3,4,1,20,3.29,8.4,27.64,Fringe,Boom/Bust,421,LK #55,4
363,SH #25,GARETH SIMPSON,,3,1.97,5.9,Scrum Half,Saracens,0,0,0,1.6,2.5,0,0,0,0,0,1.8,0,0,0,0,0,0,0,32,0.18,0,0,39,0,3,1,0,2,0,0,0,0,0,0,0,0,0,0,416,90,245,186,305,271,242,220,287,274,363,440,409,78,23,32,3,81,16,33,33,7,20,24,24,24,18,16,22,20,24,34,31,1,1,2,1,4,1,10,10.67,0.06,0,0,13,0,1,0.33,0,0.67,0,0,0,0,0,0,0,0,0,0,425,24,245,186,204,271,140,135,287,161,363,440,409,78,23,32,3,81,16,33,29,4,20,24,15,24,6,10,22,16,24,34,31,1,1,2,1,4,1,10,20,,,,,Very Consistent,,,
364,PR #53,JAMIE CLARK,,4,1.47,5.87,Prop,Newcastle Red Bull,0,0,0,0,0,0,0,0,0,0,0,0,0,0.33,0,1.85,1.16,2.53,88,0.07,0,0,9,0,2,0,0,0,0,9,0,0,0,0,0,0,0,0,371,298,245,186,381,271,270,294,287,371,363,374,409,78,23,32,3,81,16,33,64,14,29,12,56,19,24,29,42,53,71,70,74,5,1,1,1,11,1,1,22,0.02,0,0,2.25,0,0.5,0,0,0,0,2.25,0,0,0,0,0,0,0,0,382,91,245,186,377,271,226,294,287,371,363,372,409,78,23,32,3,81,16,33,67,6,29,12,47,19,12,29,42,53,71,73,74,5,1,1,1,11,1,1,19,,,,,Very Consistent,,,
365,SH #26,TOM JAMES,,5,1.16,5.82,Scrum Half,Northampton Saints,0,0,0,0,0,2.76,2.83,-1.42,0,0,0.99,0,0,0,0,0,0,0.66,52,0.11,0,0,26,0,1,1,0,0,1,9,1,0,0,0,0,0,0,0,399,206,245,186,332,271,314,220,287,371,291,374,373,78,23,32,3,81,16,33,29,13,20,24,27,24,23,16,22,31,17,25,27,1,1,2,1,4,1,10,10.4,0.02,0,0,5.2,0,0.2,0.2,0,0,0.2,1.8,0.2,0,0,0,0,0,0,0,427,91,245,186,313,271,309,206,287,371,293,398,397,78,23,32,3,81,16,33,31,7,20,24,26,24,23,16,22,31,10,22,29,1,1,2,1,4,1,10,19,2.55,7.5,19.13,Fringe,Consistent,431,SH #31,1
366,CE #48,NICK LILLEY,,4,1.43,5.7,Centre,Exeter Chiefs,2.13,2.66,0,0,0,0,0,0,0,0,0,0.91,0,0,0,0,0,0,102,0.06,0,0,28,0,1,1,1,2,0,5,1,0,0,0,0,0,0,0,362,321,245,186,329,271,314,220,202,274,363,397,373,78,23,32,3,81,16,33,46,46,35,37,48,45,46,39,31,42,45,51,49,1,4,5,1,13,5,7,25.5,0.02,0,0,7,0,0.25,0.25,0.25,0.5,0,1.25,0.25,0,0,0,0,0,0,0,365,91,245,186,281,271,296,178,135,215,363,415,387,78,23,32,3,81,16,33,51,11,35,37,49,45,50,38,25,38,45,55,51,1,4,5,1,13,5,7,19,5.27,7.2,37.94,Fringe,Very Consistent,392,CE #51,10
367,LF #73,RICHARD CAPSTICK,,1,5.66,5.66,Loose Forward,Exeter Chiefs,0,0,0,0,0,0,0,0,0,5.66,0,0,0,0,0,0,0,0,67,0.08,0,0,17,0,0,0,0,0,0,12,0,0,0,0,0,0,0,0,385,276,245,186,353,271,354,294,287,371,363,350,409,78,23,32,3,81,16,33,75,65,52,31,71,54,70,62,67,72,68,73,79,27,1,1,1,17,4,2,67,0.08,0,0,17,0,0,0,0,0,0,12,0,0,0,0,0,0,0,0,76,21,245,186,164,271,354,294,287,371,363,16,409,78,23,32,3,81,16,33,13,4,52,31,35,54,70,62,67,72,68,9,79,27,1,1,1,17,4,2,19,6.4,8.8,56.32,Fringe,,322,LF #44,26
368,PR #54,JIMMY ROOTS,,8,0.69,5.52,Prop,Exeter Chiefs,0,0,0,0,0,0,-0.05,0.77,4.77,0.24,-0.31,1.48,-2.01,0.63,0,0,0,0,235,0.02,0,0,46,0,1,0,1,1,9,49,11,0,0,0,0,0,0,0,294,401,245,186,286,271,314,294,202,310,41,208,162,78,23,32,3,81,16,33,45,56,29,12,25,19,38,29,23,32,20,41,15,5,1,1,1,11,1,1,29.38,0,0,0,5.75,0,0.13,0,0.13,0.13,1.13,6.13,1.38,0,0,0,0,0,0,0,344,371,245,186,299,271,331,294,226,342,9,182,99,78,23,32,3,81,16,33,51,36,29,12,14,19,39,29,23,37,7,25,4,5,1,1,1,11,1,1,18,9.19,8.3,76.28,Fringe,Boom/Bust,252,PR #73,42
369,FH #23,AJ MACGINTY,,2,2.72,5.43,Fly Half,Bristol Bears,2.25,0,0,0,0,0,0,0,0,0,0,0,0,0,0,0,3.18,0,54,0.10,0,0,2,0,0,1,0,2,0,6,1,0,1,1,0,0,0,0,396,227,245,186,415,271,354,220,287,274,363,392,373,78,18,29,3,81,16,33,25,19,15,20,25,24,24,17,16,22,23,23,25,1,16,21,3,7,1,10,27,0.05,0,0,1,0,0,0.5,0,1,0,3,0.5,0,0.5,0.5,0,0,0,0,358,30,245,186,406,271,354,73,287,81,363,335,332,78,4,24,3,81,16,33,23,1,15,20,25,24,24,7,16,12,23,18,24,1,3,18,3,7,1,10,18,8.36,9.8,81.93,Squad,,231,FH #16,47
370,LK #46,JOS GILMORE,,5,1,4.98,Lock,Sale Sharks,0,0,0,0,0,0,0,0,0.96,0,1.86,0.93,1.23,0,0,0,0,0,85,0.06,0,0,13,0,0,1,0,0,1,21,7,0,0,0,0,0,0,0,372,321,245,186,366,271,354,220,287,371,291,311,230,78,23,32,3,81,16,33,46,36,23,15,42,25,39,23,34,45,41,44,26,32,1,1,1,10,4,1,17,0.01,0,0,2.6,0,0,0.2,0,0,0.2,4.2,1.4,0,0,0,0,0,0,0,402,183,245,186,365,271,354,206,287,371,293,269,93,78,23,32,3,81,16,33,52,15,23,15,39,25,39,19,34,45,44,43,7,32,1,1,1,10,4,1,18,5.26,7.5,39.45,Fringe,Very Consistent,387,LK #49,11
371,LF #74,FINN WORLEY-BRADY,,5,0.99,4.97,Loose Forward,Exeter Chiefs,0,0,0,0,0,0,0,0,0,0,0,2.99,0,0,0,1.98,0,0,34,0.15,0,0,0,0,0,0,1,0,0,9,0,0,0,0,0,0,0,0,413,131,245,186,426,271,354,294,202,371,363,374,409,78,23,32,3,81,16,33,77,26,52,31,80,54,70,62,53,72,68,74,79,27,1,1,1,17,4,2,6.8,0.03,0,0,0,0,0,0,0.2,0,0,1.8,0,0,0,0,0,0,0,0,437,56,245,186,426,271,354,294,167,371,363,398,409,78,23,32,3,81,16,33,81,12,52,31,80,54,70,62,49,72,68,78,79,27,1,1,1,17,4,2,18,4.18,7.6,31.77,Fringe,,409,LF #72,6
372,PR #55,TIETIE TUIMAUGA,,2,2.45,4.9,Prop,Saracens,0,0,0,0,0,0,0,0.66,0,4.24,0,0,0,0,0,0,0,0,62,0.08,0,0,16,0,0,0,1,1,1,10,0,0,0,0,0,0,0,0,392,276,245,186,356,271,354,294,202,310,291,366,409,78,23,32,3,81,16,33,68,13,29,12,47,19,48,29,23,32,62,69,74,5,1,1,1,11,1,1,31,0.04,0,0,8,0,0,0,0.5,0.5,0.5,5,0,0,0,0,0,0,0,0,334,44,245,186,267,271,354,294,35,215,129,226,409,78,23,32,3,81,16,33,45,3,29,12,7,19,48,29,1,3,45,40,74,5,1,1,1,11,1,1,18,11.89,7.8,92.74,Squad,,187,PR #51,57
373,FH #24,BOETA CHAMBERLAIN,,9,0.54,4.82,Fly Half,Newcastle Red Bull,2.2,0,1.41,3.18,0,-1,0.8,-0.75,-1.02,0,0,0,0,0,0,0,0,0,308,0.02,0,0,91,2,2,1,0,6,2,9,11,0,0,0,0,0,0,0,265,401,245,186,222,144,270,220,287,162,244,374,162,78,23,32,3,81,16,33,20,24,15,20,21,14,23,17,16,19,13,22,16,1,20,22,3,7,1,10,34.22,0,0,0,10.11,0.22,0.22,0.11,0,0.67,0.22,1,1.22,0,0,0,0,0,0,0,316,371,245,186,238,164,305,260,287,161,284,419,133,78,23,32,3,81,16,33,20,25,15,20,20,14,23,20,16,20,13,25,14,1,20,22,3,7,1,10,17,,,,,Boom/Bust,,,
374,CE #49,JOE BEDLOW,,3,1.42,4.25,Centre,Sale Sharks,0,0,0,0,0,0,4.67,0,0,0,0,0,-0.42,0,0,0,0,0,99,0.04,0,0,17,0,2,0,1,0,1,10,5,0,0,0,0,0,0,0,365,363,245,186,353,271,270,294,202,371,291,366,274,78,23,32,3,81,16,33,47,49,35,37,50,45,41,46,31,53,39,46,42,1,4,5,1,13,5,7,33,0.01,0,0,5.67,0,0.67,0,0.33,0,0.33,3.33,1.67,0,0,0,0,0,0,0,325,183,245,186,300,271,199,294,90,371,221,318,57,78,23,32,3,81,16,33,48,25,35,37,52,45,35,46,16,53,28,44,13,1,4,5,1,13,5,7,17,,,,,,,,
375,CE #50,ANGUS HALL,,3,1.41,4.22,Centre,Saracens,0,0,0,0,0.33,-2.92,0,0,0,0,0,0,6.81,0,0,0,0,0,60,0.07,0,0,39,1,0,1,1,3,1,4,4,0,0,0,0,0,0,0,393,298,245,186,305,193,354,220,202,240,291,408,297,78,23,32,3,81,16,33,53,40,35,37,46,36,52,39,31,38,39,53,43,1,4,5,1,13,5,7,20,0.02,0,0,13,0.33,0,0.33,0.33,1,0.33,1.33,1.33,0,0,0,0,0,0,0,392,91,245,186,204,121,354,135,90,81,221,413,108,78,23,32,3,81,16,33,52,11,35,37,40,24,52,33,16,13,28,54,24,1,4,5,1,13,5,7,17,5.74,7.3,41.9,Fringe,Boom/Bust,378,CE #46,14
376,PR #56,TAREK HAFFAR,,7,0.56,3.94,Prop,Leicester Tigers,0.73,0,-0.47,0,-1.5,0,3.72,1.05,-0.34,0,0,0,0.75,0,0,0,0,0,165,0.02,0,0,25,0,2,0,0,0,5,18,2,0,0,0,0,0,0,0,328,401,245,186,334,271,270,294,287,371,127,318,344,78,23,32,3,81,16,33,51,56,29,12,38,19,24,29,42,53,38,57,52,5,1,1,1,11,1,1,23.57,0,0,0,3.57,0,0.29,0,0,0,0.71,2.57,0.29,0,0,0,0,0,0,0,373,371,245,186,344,271,287,294,287,371,68,359,384,78,23,32,3,81,16,33,63,36,29,12,31,19,28,29,42,53,32,69,63,5,1,1,1,11,1,1,17,9.2,7.8,71.76,Fringe,Boom/Bust,272,PR #76,38
377,SH #27,SAM STUART,,2,1.95,3.9,Scrum Half,Newcastle Red Bull,0,0,0,0,0,2.5,0,0,0,0,0,0,0,1.4,0,0,0,0,72,0.05,0,0,19,0,2,1,0,1,0,0,0,0,0,0,0,0,0,0,378,338,245,186,350,271,270,220,287,310,363,440,409,78,23,32,3,81,16,33,27,25,20,24,28,24,21,16,22,25,24,34,31,1,1,2,1,4,1,10,36,0.03,0,0,9.5,0,1,0.5,0,0.5,0,0,0,0,0,0,0,0,0,0,308,56,245,186,246,271,140,73,287,215,363,440,409,78,23,32,3,81,16,33,18,6,20,24,19,24,6,7,22,19,24,34,31,1,1,2,1,4,1,10,16,,,,,,,,
377,SH #27,JACK DICKENS,,2,1.95,3.9,Scrum Half,Newcastle Red Bull,0,3.9,0,0,0,0,0,0,0,0,0,0,0,0,0,0,0,0,3,1.30,0,0,9,1,0,0,0,0,0,0,0,0,0,0,0,0,0,0,443,1,245,186,381,193,354,294,287,371,363,440,409,78,23,32,3,81,16,33,37,1,20,24,30,15,28,24,22,31,24,34,31,1,1,2,1,4,1,10,1.5,0.65,0,0,4.5,0.5,0,0,0,0,0,0,0,0,0,0,0,0,0,0,444,3,245,186,328,78,354,294,287,371,363,440,409,78,23,32,3,81,16,33,37,1,20,24,28,5,28,24,22,31,24,34,31,1,1,2,1,4,1,10,16,3.28,8.1,26.57,Fringe,,422,SH #24,3
379,LK #47,OLAMIDE SODEKE,,3,1.29,3.88,Lock,Saracens,2.33,1.55,0,0,0,0,0,0,0,0,0,0,0,0,0,0,0,0,37,0.10,0,0,0,0,0,0,1,1,0,11,1,0,0,0,0,0,0,0,410,227,245,186,426,271,354,294,202,310,363,356,373,78,23,32,3,81,16,33,50,15,23,15,53,25,39,32,26,37,48,47,45,32,1,1,1,10,4,1,12.33,0.03,0,0,0,0,0,0,0.33,0.33,0,3.67,0.33,0,0,0,0,0,0,0,421,56,245,186,426,271,354,294,90,267,363,296,373,78,23,32,3,81,16,33,55,5,23,15,53,25,39,32,9,26,48,48,46,32,1,1,1,10,4,1,16,6.52,7.7,50.2,Fringe,,349,LK #47,20
380,LF #75,HARRY TAYLOR,,5,0.76,3.81,Loose Forward,Gloucester Rugby,0,1.51,-0.24,0.63,0,0,1.91,0,0,0,0,0,0,0,0,0,0,0,75,0.05,0,0,10,0,1,0,1,0,1,7,2,0,0,0,0,0,0,0,377,338,245,186,375,271,314,294,202,371,291,386,344,78,23,32,3,81,16,33,73,74,52,31,72,54,64,62,53,72,55,79,68,27,1,1,1,17,4,2,15,0.01,0,0,2,0,0.2,0,0.2,0,0.2,1.4,0.4,0,0,0,0,0,0,0,415,183,245,186,384,271,309,294,167,371,293,411,362,78,23,32,3,81,16,33,78,38,52,31,78,54,63,62,49,72,54,81,72,27,1,1,1,17,4,2,16,4.09,7.6,31.08,Fringe,Average,413,LF #73,6
381,LK #48,TIM CARDALL,,2,1.85,3.7,Lock,Newcastle Red Bull,0,0,0,0,0,0,0,0,0,0,0,0,0,0,0,0,2.31,1.39,67,0.06,0,0,0,0,0,0,0,0,0,10,0,0,0,0,0,0,0,0,385,321,245,186,426,271,354,294,287,371,363,366,409,78,23,32,3,81,16,33,48,36,23,15,53,25,39,32,34,45,48,48,52,32,1,1,1,10,4,1,33.5,0.03,0,0,0,0,0,0,0,0,0,5,0,0,0,0,0,0,0,0,319,56,245,186,426,271,354,294,287,371,363,226,409,78,23,32,3,81,16,33,39,5,23,15,53,25,39,32,34,45,48,39,52,32,1,1,1,10,4,1,16,,,,,,,,
382,CE #51,SAM BEDLOW,,2,1.83,3.66,Centre,Sale Sharks,0,-0.13,3.79,0,0,0,0,0,0,0,0,0,0,0,0,0,0,0,78,0.05,0,0,21,0,0,1,0,1,0,7,1,0,0,0,0,0,0,0,376,338,245,186,344,271,354,220,287,310,363,386,373,78,23,32,3,81,16,33,50,48,35,37,49,45,52,39,44,47,45,48,49,1,4,5,1,13,5,7,39,0.03,0,0,10.5,0,0,0.5,0,0.5,0,3.5,0.5,0,0,0,0,0,0,0,290,56,245,186,235,271,354,73,287,215,363,308,332,78,23,32,3,81,16,33,45,7,35,37,45,45,52,19,44,38,45,41,49,1,4,5,1,13,5,7,15,6.3,7.6,47.88,Fringe,,357,CE #38,18
383,CE #52,JOSEPH WOODWARD,,5,0.73,3.63,Centre,Leicester Tigers,0.22,-0.55,0,4.52,0,-0.34,-0.22,0,0,0,0,0,0,0,0,0,0,0,219,0.02,0,0,9,0,3,2,0,2,6,31,6,0,0,0,0,0,0,0,303,401,245,186,381,271,242,177,287,274,101,274,250,78,23,32,3,81,16,33,40,52,35,37,53,45,38,32,44,42,9,38,38,1,4,5,1,13,5,7,43.8,0,0,0,1.8,0,0.6,0.4,0,0.4,1.2,6.2,1.2,0,0,0,0,0,0,0,260,371,245,186,393,271,211,111,287,249,6,173,140,78,23,32,3,81,16,33,43,53,35,37,54,45,38,28,44,47,1,19,31,1,4,5,1,13,5,7,15,4.49,7.2,32.33,Fringe,Boom/Bust,407,CE #52,7
384,PR #57,ARCHIE MCARTHUR,,4,0.88,3.53,Prop,Gloucester Rugby,0.32,1.65,1.23,0.33,0,0,0,0,0,0,0,0,0,0,0,0,0,0,63,0.06,0,0,0,0,0,0,0,1,0,16,1,0,0,0,0,0,0,0,391,321,245,186,426,271,354,294,287,310,363,327,373,78,23,32,3,81,16,33,67,21,29,12,76,19,48,29,42,32,71,60,65,5,1,1,1,11,1,1,15.75,0.02,0,0,0,0,0,0,0,0.25,0,4,0.25,0,0,0,0,0,0,0,413,91,245,186,426,271,354,294,287,298,363,273,387,78,23,32,3,81,16,33,77,6,29,12,76,19,48,29,42,18,71,54,66,5,1,1,1,11,1,1,15,10.52,7.3,76.8,Fringe,Very Consistent,247,PR #71,44
385,PR #58,WILL STUART,,4,0.88,3.52,Prop,Bath Rugby,0,0,1.12,2.24,1.06,-0.9,0,0,0,0,0,0,0,0,0,0,0,0,141,0.02,0,0,10,0,2,0,0,0,3,14,2,0,0,0,0,0,0,0,342,401,245,186,375,271,270,294,287,371,198,337,344,78,23,32,3,81,16,33,56,56,29,12,53,19,24,29,42,53,47,62,52,5,1,1,1,11,1,1,35.25,0.01,0,0,2.5,0,0.5,0,0,0,0.75,3.5,0.5,0,0,0,0,0,0,0,310,183,245,186,366,271,226,294,287,371,56,308,332,78,23,32,3,81,16,33,39,15,29,12,41,19,12,29,42,53,27,62,47,5,1,1,1,11,1,1,14,10.52,7.3,76.8,Fringe,Consistent,248,PR #72,43
385,PR #59,ALEC CLAREY,,6,0.59,3.52,Prop,Saracens,0.99,2.64,-1,0,0,0,0,0,0,0,0,0,0,0,-0.77,0.67,0.99,0,176,0.02,0,0,1,0,0,0,0,0,3,24,2,0,0,0,0,0,0,0,320,401,245,186,420,271,354,294,287,371,198,299,344,78,23,32,3,81,16,33,50,56,29,12,72,19,48,29,42,53,47,52,52,5,1,1,1,11,1,1,29.33,0,0,0,0.17,0,0,0,0,0,0.5,4,0.33,0,0,0,0,0,0,0,345,371,245,186,424,271,354,294,287,371,129,273,373,78,23,32,3,81,16,33,52,36,29,12,74,19,48,29,42,53,45,54,60,5,1,1,1,11,1,1,14,9.58,7.5,71.85,Fringe,Inconsistent,271,PR #75,38
387,LF #76,JOHN HAWKINS,,3,1.16,3.49,Loose Forward,Newcastle Red Bull,0,0,0,0,0,0,0,0,0,0,2.09,0,0,-0.42,0,1.82,0,0,122,0.03,0,0,8,0,0,0,0,0,0,8,1,0,0,0,0,0,0,0,353,387,245,186,388,271,354,294,287,371,363,381,373,78,23,32,3,81,16,33,70,81,52,31,74,54,70,62,67,72,68,76,73,27,1,1,1,17,4,2,40.67,0.01,0,0,2.67,0,0,0,0,0,0,2.67,0.33,0,0,0,0,0,0,0,276,183,245,186,361,271,354,294,287,371,363,355,373,78,23,32,3,81,16,33,58,38,52,31,77,54,70,62,67,72,68,77,75,27,1,1,1,17,4,2,14,,,,,Inconsistent,,,
388,PR #60,JAMAL FORD-ROBINSON,,3,1.14,3.43,Prop,Gloucester Rugby,0,0,0,0,0,0,2.24,0.86,0.33,0,0,0,0,0,0,0,0,0,68,0.05,0,0,2,0,0,0,1,0,0,6,1,0,0,0,0,0,0,0,384,338,245,186,415,271,354,294,202,371,363,392,373,78,23,32,3,81,16,33,66,26,29,12,70,19,48,29,23,53,71,72,65,5,1,1,1,11,1,1,22.67,0.02,0,0,0.67,0,0,0,0.33,0,0,2,0.33,0,0,0,0,0,0,0,380,91,245,186,419,271,354,294,90,371,363,385,373,78,23,32,3,81,16,33,66,6,29,12,70,19,48,29,5,53,71,75,60,5,1,1,1,11,1,1,14,10.96,7.5,82.2,Fringe,Very Consistent,230,PR #66,47
388,HK #35,JACK MUSK,,5,0.69,3.43,Hooker,Harlequins,0,0,0,0,0,0,0,-0.12,0,0,-0.04,0,1.26,0,0,1.32,1.01,0,71,0.05,0,0,8,0,0,0,0,0,1,11,2,0,0,0,0,0,0,0,379,338,245,186,388,271,354,294,287,371,291,356,344,78,23,32,3,81,16,33,31,38,25,12,35,21,33,25,23,30,24,35,30,17,1,1,1,9,4,3,14.2,0.01,0,0,1.6,0,0,0,0,0,0.2,2.2,0.4,0,0,0,0,0,0,0,416,183,245,186,397,271,354,294,287,371,293,374,362,78,23,32,3,81,16,33,34,23,25,12,37,21,33,25,23,30,26,34,29,17,1,1,1,9,4,3,14,3.58,7.4,26.49,Fringe,Average,423,HK #42,3
390,LF #77,ARCHIE BENSON,,2,1.7,3.39,Loose Forward,Northampton Saints,0,0,0,0,0,2.33,0,1.06,0,0,0,0,0,0,0,0,0,0,17,0.20,0,0,0,0,0,0,0,0,0,3,0,1,0,0,0,0,0,0,431,61,245,186,426,271,354,294,287,371,363,413,409,45,23,32,3,81,16,33,80,9,52,31,80,54,70,62,67,72,68,80,79,15,1,1,1,17,4,2,8.5,0.1,0,0,0,0,0,0,0,0,0,1.5,0,0.5,0,0,0,0,0,0,432,15,245,186,426,271,354,294,287,371,363,407,409,7,23,32,3,81,16,33,79,3,52,31,80,54,70,62,67,72,68,79,79,3,1,1,1,17,4,2,14,5.67,8.2,46.49,Fringe,,361,LF #57,17
391,LK #49,ENOCH OPOKU-GYAMFI,,1,3.18,3.18,Lock,Bath Rugby,0,0,0,0,0,0,0,0,0,0,0,0,0,3.18,0,0,0,0,30,0.11,0,0,2,0,2,0,0,0,1,6,0,0,0,0,0,0,0,0,420,206,245,186,415,271,270,294,287,371,291,392,409,78,23,32,3,81,16,33,52,10,23,15,51,25,23,32,34,45,41,50,52,32,1,1,1,10,4,1,30,0.11,0,0,2,0,2,0,0,0,1,6,0,0,0,0,0,0,0,0,341,12,245,186,384,271,65,294,287,371,12,187,409,78,23,32,3,81,16,33,42,2,23,15,46,25,1,32,34,45,1,35,52,32,1,1,1,10,4,1,13,7.85,8.5,66.73,Fringe,,290,LK #29,34
392,HK #36,SAMSON ADEJIMI,,2,1.55,3.09,Hooker,Saracens,0,0,0,0,0,0,0,0,0,0,0,0,1.26,1.83,0,0,0,0,26,0.12,0,0,5,0,1,0,0,0,0,3,0,0,0,0,0,0,0,0,424,181,245,186,399,271,314,294,287,371,363,413,409,78,23,32,3,81,16,33,36,26,25,12,36,21,29,25,23,30,33,36,32,17,1,1,1,9,4,3,13,0.06,0,0,2.5,0,0.5,0,0,0,0,1.5,0,0,0,0,0,0,0,0,418,24,245,186,366,271,226,294,287,371,363,407,409,78,23,32,3,81,16,33,35,6,25,12,36,21,15,25,23,30,33,36,32,17,1,1,1,9,4,3,13,4.96,7.9,39.18,Fringe,,388,HK #32,11
393,PR #61,KWENZO BLOSE,,2,1.52,3.04,Prop,Exeter Chiefs,2.61,0.43,0,0,0,0,0,0,0,0,0,0,0,0,0,0,0,0,32,0.10,0,0,4,0,0,0,0,0,0,8,0,0,0,0,0,0,0,0,416,227,245,186,405,271,354,294,287,371,363,381,409,78,23,32,3,81,16,33,75,7,29,12,63,19,48,29,42,53,71,71,74,5,1,1,1,11,1,1,16,0.05,0,0,2,0,0,0,0,0,0,4,0,0,0,0,0,0,0,0,408,30,245,186,384,271,354,294,287,371,363,273,409,78,23,32,3,81,16,33,74,2,29,12,52,19,48,29,42,53,71,54,74,5,1,1,1,11,1,1,13,,,,,,,,
394,PR #62,JORDAN ELS,,1,2.98,2.98,Prop,Harlequins,2.98,0,0,0,0,0,0,0,0,0,0,0,0,0,0,0,0,0,26,0.11,0,0,1,0,0,0,0,0,0,11,1,0,0,0,0,0,0,0,424,206,245,186,420,271,354,294,287,371,363,356,373,78,23,32,3,81,16,33,77,6,29,12,72,19,48,29,42,53,71,64,65,5,1,1,1,11,1,1,26,0.11,0,0,1,0,0,0,0,0,0,11,1,0,0,0,0,0,0,0,362,12,245,186,406,271,354,294,287,371,363,23,179,78,23,32,3,81,16,33,57,1,29,12,64,19,48,29,42,53,71,2,12,5,1,1,1,11,1,1,13,11.8,8.3,97.94,Squad,,168,PR #43,62
395,SH #29,OLLIE ALLAN,,5,0.59,2.94,Scrum Half,Leicester Tigers,0,0,0,0.93,-0.9,4.33,0,0,-0.67,-0.75,0,0,0,0,0,0,0,0,51,0.06,0,1,7,0,0,0,0,2,0,3,1,0,0,0,0,0,0,0,400,321,245,102,393,271,354,294,287,274,363,413,373,78,23,32,3,81,16,33,30,24,20,19,32,24,28,24,22,20,24,29,27,1,1,2,1,4,1,10,10.2,0.01,0,0.2,1.4,0,0,0,0,0.4,0,0.6,0.2,0,0,0,0,0,0,0,428,183,245,81,402,271,354,294,287,249,363,433,397,78,23,32,3,81,16,33,32,11,20,19,30,24,28,24,22,22,24,30,29,1,1,2,1,4,1,10,12,2.32,7.5,17.4,Fringe,Boom/Bust,433,SH #33,1
396,LK #50,JOE LAUNCHBURY,,4,0.72,2.88,Lock,Harlequins,0,0,0,0,-0.94,0,1.46,0,0.32,0,0,0,0,2.04,0,0,0,0,95,0.03,0,0,4,0,0,0,0,1,3,16,0,0,0,0,0,0,0,0,366,387,245,186,405,271,354,294,287,310,198,327,409,78,23,32,3,81,16,33,45,50,23,15,49,25,39,32,34,37,33,46,52,32,1,1,1,10,4,1,23.75,0.01,0,0,1,0,0,0,0,0.25,0.75,4,0,0,0,0,0,0,0,0,370,183,245,186,406,271,354,294,287,298,56,273,409,78,23,32,3,81,16,33,45,15,23,15,50,25,39,32,34,33,10,44,52,32,1,1,1,10,4,1,12,,,,,Boom/Bust,,,
397,LF #78,JOSH MANZ,,2,1.3,2.59,Loose Forward,Leicester Tigers,1.32,0,0,0,0,1.27,0,0,0,0,0,0,0,0,0,0,0,0,33,0.08,0,0,7,0,0,0,0,0,0,8,1,0,0,0,0,0,0,0,414,276,245,186,393,271,354,294,287,371,363,381,373,78,23,32,3,81,16,33,78,65,52,31,76,54,70,62,67,72,68,76,73,27,1,1,1,17,4,2,16.5,0.04,0,0,3.5,0,0,0,0,0,0,4,0.5,0,0,0,0,0,0,0,407,44,245,186,345,271,354,294,287,371,363,273,332,78,23,32,3,81,16,33,76,8,52,31,75,54,70,62,67,72,68,74,66,27,1,1,1,17,4,2,12,5.61,8.2,46,Fringe,,364,LF #58,17
398,PR #63,ETHAN CLARKE,,2,1.14,2.28,Prop,Harlequins,0,0,0,0,0,0,0,0,0,0,0,0,1.05,1.23,0,0,0,0,43,0.05,0,0,4,0,0,0,0,0,1,11,1,0,0,0,0,0,0,0,406,338,245,186,405,271,354,294,287,371,291,356,373,78,23,32,3,81,16,33,73,26,29,12,63,19,48,29,42,53,62,64,65,5,1,1,1,11,1,1,21.5,0.03,0,0,2,0,0,0,0,0,0.5,5.5,0.5,0,0,0,0,0,0,0,386,56,245,186,384,271,354,294,287,371,129,208,332,78,23,32,3,81,16,33,70,5,29,12,52,19,48,29,42,53,45,35,47,5,1,1,1,11,1,1,12,11.11,7.8,86.66,Fringe,,210,PR #60,52
399,LF #79,KOFI CRIPPS,,1,2.22,2.22,Loose Forward,Bristol Bears,0,0,0,0,0,0,0,0,0,0,0,0,0,2.22,0,0,0,0,50,0.04,0,0,10,0,0,0,0,1,0,9,1,0,0,0,0,0,0,0,401,363,245,186,375,271,354,294,287,310,363,374,373,78,23,32,3,81,16,33,76,78,52,31,72,54,70,62,67,64,68,74,73,27,1,1,1,17,4,2,50,0.04,0,0,10,0,0,0,0,1,0,9,1,0,0,0,0,0,0,0,214,44,245,186,240,271,354,294,287,81,363,58,179,78,23,32,3,81,16,33,46,8,52,31,60,54,70,62,67,9,68,29,36,27,1,1,1,17,4,2,12,6.11,8.8,53.77,Fringe,,327,LF #46,25
400,CE #53,WILLIAM BUTLER,,2,1.09,2.18,Centre,Gloucester Rugby,0,0,0,0,0,0,2.18,0,0,0,0,0,0,0,0,0,0,0,84,0.03,0,0,7,0,1,0,0,0,0,6,2,0,0,0,0,0,0,0,373,387,245,186,393,271,314,294,287,371,363,392,344,78,23,32,3,81,16,33,49,51,35,37,54,45,46,46,44,53,45,50,46,1,4,5,1,13,5,7,42,0.02,0,0,3.5,0,0.5,0,0,0,0,3,1,0,0,0,0,0,0,0,270,91,245,186,345,271,226,294,287,371,363,335,179,78,23,32,3,81,16,33,44,11,35,37,53,45,39,46,44,53,45,49,36,1,4,5,1,13,5,7,11,,,,,,,,
401,LK #51,HARRY PALMER,,2,0.91,1.82,Lock,Leicester Tigers,0,0,0,0,0,0,0,0,0,0,1.49,0.33,0,0,0,0,0,0,28,0.07,0,0,0,0,0,0,0,0,0,4,2,1,0,0,0,0,0,0,422,298,245,186,426,271,354,294,287,371,363,408,344,45,23,32,3,81,16,33,53,31,23,15,53,25,39,32,34,45,48,52,43,24,1,1,1,10,4,1,14,0.04,0,0,0,0,0,0,0,0,0,2,1,0.5,0,0,0,0,0,0,417,44,245,186,426,271,354,294,287,371,363,385,179,7,23,32,3,81,16,33,54,4,23,15,53,25,39,32,34,45,48,54,16,5,1,1,1,10,4,1,11,6.85,8,54.8,Fringe,,325,LK #42,26
402,PR #64,SIMON KERROD,,5,0.36,1.8,Prop,Harlequins,0,0.9,0,0,0,0,0,0,0.86,-0.85,-0.67,1.56,0,0,0,0,0,0,165,0.01,0,0,3,0,2,0,0,1,4,25,5,0,0,0,0,0,0,0,328,418,245,186,412,271,270,294,287,310,158,297,274,78,23,32,3,81,16,33,51,67,29,12,67,19,24,29,42,32,42,51,36,5,1,1,1,11,1,1,33,0,0,0,0.6,0,0.4,0,0,0.2,0.8,5,1,0,0,0,0,0,0,0,325,371,245,186,423,271,256,294,287,316,49,226,179,78,23,32,3,81,16,33,43,36,29,12,73,19,18,29,42,26,24,40,12,5,1,1,1,11,1,1,11,9.53,7.3,69.57,Fringe,Boom/Bust,276,PR #78,37
403,SH #30,TOM CAIRNS,,10,0.17,1.66,Scrum Half,Exeter Chiefs,0,0,0,0,0,0,0,0,0,0,0,1.33,0,0.33,0,0,0,0,22,0.08,0,0,10,0,0,0,0,0,0,2,0,0,0,0,0,0,0,0,427,276,245,186,375,271,354,294,287,371,363,422,409,78,23,32,3,81,16,33,34,20,20,24,29,24,28,24,22,31,24,31,31,1,1,2,1,4,1,10,2.2,0.01,0,0,1,0,0,0,0,0,0,0.2,0,0,0,0,0,0,0,0,443,183,245,186,406,271,354,294,287,371,363,438,409,78,23,32,3,81,16,33,36,11,20,24,31,24,28,24,22,31,24,33,31,1,1,2,1,4,1,10,11,0.85,9.9,8.42,Fringe,,436,SH #36,0
404,LF #80,CHARLIE WEST,,1,1.64,1.64,Loose Forward,Saracens,0,1.64,0,0,0,0,0,0,0,0,0,0,0,0,0,0,0,0,7,0.23,0,0,5,0,0,0,0,0,0,8,2,0,0,0,0,0,0,0,439,36,245,186,399,271,354,294,287,371,363,381,344,78,23,32,3,81,16,33,81,5,52,31,78,54,70,62,67,72,68,76,68,27,1,1,1,17,4,2,7,0.23,0,0,5,0,0,0,0,0,0,8,2,0,0,0,0,0,0,0,436,4,245,186,317,271,354,294,287,371,363,87,21,78,23,32,3,81,16,33,80,1,52,31,70,54,70,62,67,72,68,42,5,27,1,1,1,17,4,2,10,6.07,8.8,53.42,Fringe,,329,LF #47,25
405,LF #81,SAM WILLIAMS,,2,0.77,1.54,Loose Forward,Leicester Tigers,0,0,0,0,0,0,0,0,0,0,0,0,0,1.56,-0.02,0,0,0,32,0.05,0,0,8,0,0,0,1,0,0,3,3,0,0,0,0,0,0,0,416,338,245,186,388,271,354,294,202,371,363,413,325,78,23,32,3,81,16,33,79,74,52,31,74,54,70,62,53,72,68,80,62,27,1,1,1,17,4,2,16,0.03,0,0,4,0,0,0,0.5,0,0,1.5,1.5,0,0,0,0,0,0,0,408,56,245,186,333,271,354,294,35,371,363,407,80,78,23,32,3,81,16,33,77,12,52,31,73,54,70,62,20,72,68,79,13,27,1,1,1,17,4,2,10,5.52,8.2,45.26,Fringe,,367,LF #60,16
406,PR #65,TYE RAYMONT,,2,0.77,1.53,Prop,Sale Sharks,0,0,0,0,0,0,0,0,0,0,0,2.95,-1.42,0,0,0,0,0,44,0.03,0,0,3,0,2,0,0,0,2,6,1,0,0,0,0,0,0,0,405,387,245,186,412,271,270,294,287,371,244,392,373,78,23,32,3,81,16,33,72,49,29,12,67,19,24,29,42,53,54,72,65,5,1,1,1,11,1,1,22,0.02,0,0,1.5,0,1,0,0,0,1,3,0.5,0,0,0,0,0,0,0,382,91,245,186,400,271,140,294,287,371,12,335,332,78,23,32,3,81,16,33,67,6,29,12,60,19,3,29,42,53,10,65,47,5,1,1,1,11,1,1,10,10.89,7.8,84.94,Fringe,,219,PR #63,50
407,SH #31,CHARLIE CHAPMAN,,10,0.14,1.44,Scrum Half,Exeter Chiefs,0,-0.67,0,3.25,0,-1.53,0,0,-1.51,1.9,0,0,0,0,0,0,0,0,221,0.01,0,1,9,0,1,0,1,2,2,13,9,0,0,0,0,0,0,0,302,418,245,102,381,271,314,294,202,274,244,343,191,78,23,32,3,81,16,33,21,34,20,19,30,24,23,24,14,20,10,21,15,1,1,2,1,4,1,10,22.1,0,0,0.1,0.9,0,0.1,0,0.1,0.2,0.2,1.3,0.9,0,0,0,0,0,0,0,381,371,245,128,416,271,344,294,251,316,293,414,222,78,23,32,3,81,16,33,24,29,20,21,32,24,26,24,15,25,10,26,16,1,1,2,1,4,1,10,10,,,,,Boom/Bust,,,
408,PR #66,KIERAN VERDEN,,1,1.23,1.23,Prop,Bath Rugby,0,0,0,0,0,0,0,0,0,0,0,0,0,1.23,0,0,0,0,50,0.02,0,0,1,0,0,0,0,0,1,11,2,0,0,0,0,0,0,0,401,401,245,186,420,271,354,294,287,371,291,356,344,78,23,32,3,81,16,33,70,56,29,12,72,19,48,29,42,53,62,64,52,5,1,1,1,11,1,1,50,0.02,0,0,1,0,0,0,0,0,1,11,2,0,0,0,0,0,0,0,214,91,245,186,406,271,354,294,287,371,12,23,21,78,23,32,3,81,16,33,17,6,29,12,64,19,48,29,42,53,10,2,1,5,1,1,1,11,1,1,10,11.28,8.3,93.62,Squad,,184,PR #50,58
409,SH #32,OSCAR LENNON,,3,0.4,1.19,Scrum Half,Bristol Bears,0,0,1.19,0,0,0,0,0,0,0,0,0,0,0,0,0,0,0,33,0.04,0,0,2,0,0,0,0,0,0,3,0,0,0,0,0,0,0,0,414,363,245,186,415,271,354,294,287,371,363,413,409,78,23,32,3,81,16,33,32,29,20,24,33,24,28,24,22,31,24,29,31,1,1,2,1,4,1,10,11,0.01,0,0,0.67,0,0,0,0,0,0,1,0,0,0,0,0,0,0,0,424,183,245,186,419,271,354,294,287,371,363,419,409,78,23,32,3,81,16,33,28,11,20,24,33,24,28,24,22,31,24,28,31,1,1,2,1,4,1,10,9,2.76,7.7,21.25,Fringe,,429,SH #29,2
409,PR #67,KIRILL GOTOVTSEV,,4,0.3,1.19,Prop,Gloucester Rugby,-0.43,0,0,0.9,0,1.98,0,0,0,-1.26,0,0,0,0,0,0,0,0,124,0.01,0,0,0,0,1,0,0,0,2,18,5,0,0,0,0,0,0,0,352,418,245,186,426,271,314,294,287,371,244,318,274,78,23,32,3,81,16,33,60,67,29,12,76,19,38,29,42,53,54,57,36,5,1,1,1,11,1,1,31,0,0,0,0,0,0.25,0,0,0,0.5,4.5,1.25,0,0,0,0,0,0,0,334,371,245,186,426,271,296,294,287,371,129,252,127,78,23,32,3,81,16,33,45,36,29,12,76,19,30,29,42,53,45,49,5,5,1,1,1,11,1,1,9,,,,,Boom/Bust,,,
411,PR #68,MIKE REWCASTLE,,4,0.28,1.13,Prop,Newcastle Red Bull,0,0,-0.42,0,0,0,0,0,0,0,0,0,0.19,-0.34,1.7,0,0,0,117,0.01,0,0,10,0,0,0,0,0,2,11,2,0,0,0,0,0,0,0,355,418,245,186,375,271,354,294,287,371,244,356,344,78,23,32,3,81,16,33,61,67,29,12,53,19,48,29,42,53,54,64,52,5,1,1,1,11,1,1,29.25,0,0,0,2.5,0,0,0,0,0,0.5,2.75,0.5,0,0,0,0,0,0,0,346,371,245,186,366,271,354,294,287,371,129,352,332,78,23,32,3,81,16,33,53,36,29,12,41,19,48,29,42,53,45,67,47,5,1,1,1,11,1,1,9,9.81,7.3,71.61,Fringe,Boom/Bust,273,PR #77,38
412,PR #69,ALE LOMAN,,3,0.35,1.06,Prop,Leicester Tigers,0,0,0,0,0,1.06,0,0,0,0,0,0,0,0,0,0,0,0,22,0.05,0,0,4,0,0,0,0,0,0,2,0,0,0,0,0,0,0,0,427,338,245,186,405,271,354,294,287,371,363,422,409,78,23,32,3,81,16,33,78,26,29,12,63,19,48,29,42,53,71,76,74,5,1,1,1,11,1,1,7.33,0.02,0,0,1.33,0,0,0,0,0,0,0.67,0,0,0,0,0,0,0,0,435,91,245,186,404,271,354,294,287,371,363,432,409,78,23,32,3,81,16,33,80,6,29,12,63,19,48,29,42,53,71,79,74,5,1,1,1,11,1,1,9,10.26,7.5,76.95,Fringe,,245,PR #70,44
413,HK #37,EOGHAN CLARKE,,1,1,1,Hooker,Saracens,1,0,0,0,0,0,0,0,0,0,0,0,0,0,0,0,0,0,5,0.20,0,0,1,0,0,0,0,0,0,0,0,0,0,0,0,0,0,0,440,61,245,186,420,271,354,294,287,371,363,440,409,78,23,32,3,81,16,33,38,12,25,12,38,21,33,25,23,30,33,38,32,17,1,1,1,9,4,3,5,0.2,0,0,1,0,0,0,0,0,0,0,0,0,0,0,0,0,0,0,438,5,245,186,406,271,354,294,287,371,363,440,409,78,23,32,3,81,16,33,37,2,25,12,38,21,33,25,23,30,33,38,32,17,1,1,1,9,4,3,8,5.25,8.4,44.1,Fringe,,372,HK #28,15
414,HK #38,GEORGE KNOWLES,,4,0.25,0.99,Hooker,Gloucester Rugby,0,0,0,0,0,0,0,0,0,0.99,0,0,0,0,0,0,0,0,13,0.08,0,0,0,0,0,0,0,0,0,3,0,0,0,0,0,0,0,0,435,276,245,186,426,271,354,294,287,371,363,413,409,78,23,32,3,81,16,33,37,36,25,12,39,21,33,25,23,30,33,36,32,17,1,1,1,9,4,3,3.25,0.02,0,0,0,0,0,0,0,0,0,0.75,0,0,0,0,0,0,0,0,441,91,245,186,426,271,354,294,287,371,363,431,409,78,23,32,3,81,16,33,38,13,25,12,39,21,33,25,23,30,33,37,32,17,1,1,1,9,4,3,8,3.84,7.4,28.42,Fringe,,417,HK #41,5
415,PR #70,JOE JONES,,3,0.32,0.97,Prop,Harlequins,0,0,0,0,0,0,0,0,0,0,0,1,1.97,-2,0,0,0,0,134,0.01,0,0,2,0,0,0,0,0,4,19,2,0,0,0,0,0,0,0,345,418,245,186,415,271,354,294,287,371,158,317,344,78,23,32,3,81,16,33,57,67,29,12,70,19,48,29,42,53,42,56,52,5,1,1,1,11,1,1,44.67,0,0,0,0.67,0,0,0,0,0,1.33,6.33,0.67,0,0,0,0,0,0,0,252,371,245,186,419,271,354,294,287,371,3,168,294,78,23,32,3,81,16,33,22,36,29,12,70,19,48,29,42,53,2,23,35,5,1,1,1,11,1,1,8,,,,,Boom/Bust,,,
416,HK #39,KIERAN HILL,,1,0.7,0.7,Hooker,Bristol Bears,0,0,0,0,0,0,0,0,0,0,0,0,0,0,0,0,0,0.7,1,0.70,0,0,4,0,0,0,0,0,0,0,0,0,0,0,0,0,0,0,446,3,245,186,405,271,354,294,287,371,363,440,409,78,23,32,3,81,16,33,39,1,25,12,37,21,33,25,23,30,33,38,32,17,1,1,1,9,4,3,1,0.7,0,0,4,0,0,0,0,0,0,0,0,0,0,0,0,0,0,0,446,2,245,186,333,271,354,294,287,371,363,440,409,78,23,32,3,81,16,33,39,1,25,12,35,21,33,25,23,30,33,38,32,17,1,1,1,9,4,3,8,5.23,8.4,43.93,Fringe,,373,HK #29,15
417,LK #52,EMEKA ATUANYA,,1,0.66,0.66,Lock,Northampton Saints,0,0,0,0,0,0,0,0,0,0,0,0,0,0,0.66,0,0,0,5,0.13,0,0,0,0,0,0,0,0,0,2,0,0,0,0,0,0,0,0,440,158,245,186,426,271,354,294,287,371,363,422,409,78,23,32,3,81,16,33,57,5,23,15,53,25,39,32,34,45,48,55,52,32,1,1,1,10,4,1,5,0.13,0,0,0,0,0,0,0,0,0,2,0,0,0,0,0,0,0,0,438,9,245,186,426,271,354,294,287,371,363,385,409,78,23,32,3,81,16,33,57,1,23,15,53,25,39,32,34,45,48,54,52,32,1,1,1,10,4,1,8,,,,,,,,
418,PR #71,JIMMY HALLIWELL,,5,0.12,0.58,Prop,Bristol Bears,0,0,0,0,0,-0.61,0,0.33,0,0.2,0,0,0,0,0,0,0,0.66,80,0.01,0,0,7,0,0,0,0,1,2,11,1,0,0,0,0,0,0,0,375,418,245,186,393,271,354,294,287,310,244,356,373,78,23,32,3,81,16,33,65,67,29,12,60,19,48,29,42,32,54,64,65,5,1,1,1,11,1,1,16,0,0,0,1.4,0,0,0,0,0.2,0.4,2.2,0.2,0,0,0,0,0,0,0,408,371,245,186,402,271,354,294,287,316,188,374,397,78,23,32,3,81,16,33,74,36,29,12,62,19,48,29,42,26,58,74,70,5,1,1,1,11,1,1,7,9.17,7.3,66.94,Fringe,Boom/Bust,289,PR #81,34
419,SH #33,JACK GRANT,,2,0.29,0.57,Scrum Half,Harlequins,0,0,0,0,0,0,0,0,0,0,0,0.33,0,0.24,0,0,0,0,15,0.04,0,0,0,0,0,0,0,0,0,4,1,0,0,0,0,0,0,0,434,363,245,186,426,271,354,294,287,371,363,408,373,78,23,32,3,81,16,33,35,29,20,24,34,24,28,24,22,31,24,28,27,1,1,2,1,4,1,10,7.5,0.02,0,0,0,0,0,0,0,0,0,2,0.5,0,0,0,0,0,0,0,434,91,245,186,426,271,354,294,287,371,363,385,332,78,23,32,3,81,16,33,34,7,20,24,34,24,28,24,22,31,24,21,21,1,1,2,1,4,1,10,7,,,,,,,,
420,FH #25,CHARLIE TITCOMBE,,2,0.28,0.55,Fly Half,Leicester Tigers,0,0,0,0,0,0,0,0,0,0,0,0,0,0,0,0,0.55,0,56,0.01,0,0,19,0,0,1,0,1,0,5,4,0,0,0,0,0,0,0,395,418,245,186,350,271,354,220,287,310,363,397,297,78,23,32,3,81,16,33,24,25,15,20,24,24,24,17,16,23,23,24,22,1,20,22,3,7,1,10,28,0.01,0,0,9.5,0,0,0.5,0,0.5,0,2.5,2,0,0,0,0,0,0,0,353,183,245,186,246,271,354,73,287,215,363,363,21,78,23,32,3,81,16,33,22,14,15,20,21,24,24,7,16,24,23,19,4,1,20,22,3,7,1,10,7,7.96,9.8,78.01,Squad,,242,FH #18,45
421,LK #53,KENZIE JENKINS,,1,0.34,0.34,Lock,Bristol Bears,0,0,0,0,0,0,0,0,0,0,0,0,0,0,0,0,0,0.34,23,0.01,0,0,1,0,0,0,0,0,0,3,1,0,0,0,0,0,0,0,426,418,245,186,420,271,354,294,287,371,363,413,373,78,23,32,3,81,16,33,54,54,23,15,52,25,39,32,34,45,48,54,45,32,1,1,1,10,4,1,23,0.01,0,0,1,0,0,0,0,0,0,3,1,0,0,0,0,0,0,0,378,183,245,186,406,271,354,294,287,371,363,335,179,78,23,32,3,81,16,33,47,15,23,15,50,25,39,32,34,45,48,52,16,32,1,1,1,10,4,1,7,7.31,8.5,62.14,Fringe,,302,LK #33,31
422,LF #82,FYN BROWN,,2,0.17,0.33,Loose Forward,Northampton Saints,0,0,0,0,0,0,0,0.33,0,0,0,0,0,0,0,0,0,0,3,0.11,0,0,0,0,0,0,0,0,0,1,0,0,0,0,0,0,0,0,443,206,245,186,426,271,354,294,287,371,363,431,409,78,23,32,3,81,16,33,82,50,52,31,80,54,70,62,67,72,68,82,79,27,1,1,1,17,4,2,1.5,0.06,0,0,0,0,0,0,0,0,0,0.5,0,0,0,0,0,0,0,0,444,24,245,186,426,271,354,294,287,371,363,435,409,78,23,32,3,81,16,33,82,5,52,31,80,54,70,62,67,72,68,82,79,27,1,1,1,17,4,2,6,5.42,8.2,44.44,Fringe,,370,LF #62,15
422,SH #34,NEIL LE ROUX,,1,0.33,0.33,Scrum Half,Bath Rugby,0,0,0.33,0,0,0,0,0,0,0,0,0,0,0,0,0,0,0,5,0.07,0,0,0,0,0,0,0,0,0,1,0,0,0,0,0,0,0,0,440,298,245,186,426,271,354,294,287,371,363,431,409,78,23,32,3,81,16,33,36,22,20,24,34,24,28,24,22,31,24,33,31,1,1,2,1,4,1,10,5,0.07,0,0,0,0,0,0,0,0,0,1,0,0,0,0,0,0,0,0,438,23,245,186,426,271,354,294,287,371,363,419,409,78,23,32,3,81,16,33,35,3,20,24,34,24,28,24,22,31,24,28,31,1,1,2,1,4,1,10,6,3.28,8.6,28.21,Fringe,,418,SH #21,4
422,PR #72,SONNY TONGA'UIHA,,1,0.33,0.33,Prop,Northampton Saints,0,0,0,0,0,0,0,0,0,0,0,0,0,0,0,0,0,0.33,8,0.04,0,0,0,0,0,0,0,0,0,1,0,0,0,0,0,0,0,0,438,363,245,186,426,271,354,294,287,371,363,431,409,78,23,32,3,81,16,33,80,37,29,12,76,19,48,29,42,53,71,78,74,5,1,1,1,11,1,1,8,0.04,0,0,0,0,0,0,0,0,0,1,0,0,0,0,0,0,0,0,433,44,245,186,426,271,354,294,287,371,363,419,409,78,23,32,3,81,16,33,79,3,29,12,76,19,48,29,42,53,71,77,74,5,1,1,1,11,1,1,6,11.02,8.3,91.47,Squad,,190,PR #52,57
422,PR #73,LUAN DE BRUIN,,6,0.06,0.33,Prop,Newcastle Red Bull,-0.86,0.43,0,0.57,0.32,0,0,0,0.96,-1.09,0,0,0,0,0,0,0,0,130,0.00,0,0,9,0,0,0,0,1,3,16,3,0,0,0,0,0,0,0,347,428,245,186,381,271,354,294,287,310,198,327,325,78,23,32,3,81,16,33,58,74,29,12,56,19,48,29,42,32,47,60,48,5,1,1,1,11,1,1,21.67,0,0,0,1.5,0,0,0,0,0.17,0.5,2.67,0.5,0,0,0,0,0,0,0,385,371,245,186,400,271,354,294,287,333,129,355,332,78,23,32,3,81,16,33,69,36,29,12,60,19,48,29,42,33,45,68,47,5,1,1,1,11,1,1,6,,,,,,,,
426,CE #54,LUDO KOLADE,,1,0.32,0.32,Centre,Harlequins,0.32,0,0,0,0,0,0,0,0,0,0,0,0,0,0,0,0,0,17,0.02,0,0,0,0,0,0,0,0,1,4,0,0,0,0,0,0,0,0,431,401,245,186,426,271,354,294,287,371,291,408,409,78,23,32,3,81,16,33,55,52,35,37,55,45,52,46,44,53,39,53,53,1,4,5,1,13,5,7,17,0.02,0,0,0,0,0,0,0,0,1,4,0,0,0,0,0,0,0,0,402,91,245,186,426,271,354,294,287,371,12,273,409,78,23,32,3,81,16,33,53,11,35,37,55,45,52,46,44,53,2,38,53,1,4,5,1,13,5,7,6,6.62,8.1,53.62,Fringe,,328,CE #33,25
427,LK #54,DYLAN HODKINSON,,1,0.31,0.31,Lock,Sale Sharks,0,0,0,0,0,0,0,0,0,0,0,0,0.31,0,0,0,0,0,9,0.03,0,0,4,0,0,0,0,0,0,2,1,0,0,0,0,0,0,0,437,387,245,186,405,271,354,294,287,371,363,422,373,78,23,32,3,81,16,33,56,50,23,15,49,25,39,32,34,45,48,55,45,32,1,1,1,10,4,1,9,0.03,0,0,4,0,0,0,0,0,0,2,1,0,0,0,0,0,0,0,430,56,245,186,333,271,354,294,287,371,363,385,179,78,23,32,3,81,16,33,56,5,23,15,30,25,39,32,34,45,48,54,16,32,1,1,1,10,4,1,5,7.31,8.5,62.14,Fringe,,303,LK #34,31
428,PR #74,ALEX O'DRISCOLL,,1,0.18,0.18,Prop,Saracens,0,0,0,0,0,0,0,0,0,0,0.18,0,0,0,0,0,0,0,16,0.01,0,0,6,0,0,0,0,0,0,1,1,0,0,0,0,0,0,0,433,418,245,186,398,271,354,294,287,371,363,431,373,78,23,32,3,81,16,33,79,67,29,12,61,19,48,29,42,53,71,78,65,5,1,1,1,11,1,1,16,0.01,0,0,6,0,0,0,0,0,0,1,1,0,0,0,0,0,0,0,408,183,245,186,295,271,354,294,287,371,363,419,179,78,23,32,3,81,16,33,74,15,29,12,12,19,48,29,42,53,71,77,12,5,1,1,1,11,1,1,5,10.97,8.3,91.05,Squad,,193,PR #53,56
429,SH #35,SAM WOLSTENHOLME,,4,0.04,0.16,Scrum Half,Bristol Bears,0,0,0,0,0,0.33,0,2.58,0,0,0,0,0,-1,0,0,0,-1.75,95,0.00,0,0,35,0,1,1,0,2,1,2,4,0,0,0,0,0,0,0,366,428,245,186,313,271,314,220,287,274,291,422,297,78,23,32,3,81,16,33,24,35,20,24,25,24,23,16,22,20,17,31,22,1,1,2,1,4,1,10,23.75,0,0,0,8.75,0,0.25,0.25,0,0.5,0.25,0.5,1,0,0,0,0,0,0,0,370,371,245,186,257,271,296,178,287,215,259,435,179,78,23,32,3,81,16,33,22,29,20,24,20,24,20,13,22,19,4,32,13,1,1,2,1,4,1,10,5,2.37,7.5,17.78,Fringe,,432,SH #32,1
430,CE #55,ZACK WIMBUSH,,2,0.03,0.06,Centre,Exeter Chiefs,0,0,0,0,0,0,0,0,0,0,0,0,0,0,0,0,0.73,-0.67,18,0.00,0,0,14,0,0,0,0,1,1,2,0,0,0,0,0,0,0,0,430,428,245,186,363,271,354,294,287,310,291,422,409,78,23,32,3,81,16,33,54,55,35,37,52,45,52,46,44,47,39,55,53,1,4,5,1,13,5,7,9,0,0,0,7,0,0,0,0,0.5,0.5,1,0,0,0,0,0,0,0,0,430,371,245,186,281,271,354,294,287,215,129,419,409,78,23,32,3,81,16,33,55,53,35,37,49,45,52,46,44,38,15,56,53,1,4,5,1,13,5,7,5,6,7.6,45.6,Fringe,,365,CE #42,17
431,OB #67,SAM WINTERS,,1,0,0,Outside Back,Bath Rugby,0,0,0,0,0,0,0,0,0,0,0,0,0,0,0,0,0,0,1,0.00,0,0,0,0,0,0,0,0,0,0,0,0,0,0,0,0,0,0,446,428,245,186,426,271,354,294,287,371,363,440,409,78,23,32,3,81,16,33,70,67,53,42,70,66,67,58,46,67,58,69,69,1,1,6,1,17,3,6,1,0,0,0,0,0,0,0,0,0,0,0,0,0,0,0,0,0,0,0,446,371,245,186,426,271,354,294,287,371,363,440,409,78,23,32,3,81,16,33,70,67,53,42,70,66,67,58,46,67,58,69,69,1,1,6,1,17,3,6,4,9.64,7.8,75.19,Fringe,,257,OB #52,41
431,HK #40,KEALAN FREEMAN-PRICE,,2,0,0,Hooker,Gloucester Rugby,0,0,0,0,0,0,0,0,0,0,0,0,0,0,0,0,0,0,0,0.00,0,0,0,0,0,0,0,0,0,0,0,0,0,0,0,0,0,0,448,428,245,186,426,271,354,294,287,371,363,440,409,78,23,32,3,81,16,33,40,40,25,12,39,21,33,25,23,30,33,38,32,17,1,1,1,9,4,3,0,0,0,0,0,0,0,0,0,0,0,0,0,0,0,0,0,0,0,0,448,371,245,186,426,271,354,294,287,371,363,440,409,78,23,32,3,81,16,33,40,39,25,12,39,21,33,25,23,30,33,38,32,17,1,1,1,9,4,3,4,4.7,7.9,37.13,Fringe,,397,HK #34,9
431,OB #67,REGAN GRACE,,1,0,0,Outside Back,Sale Sharks,0,0,0,0,0,0,0,0,0,0,0,0,0,0,0,0,0,0,0,0.00,0,0,0,0,0,0,0,0,0,0,0,0,0,0,0,0,0,0,448,428,245,186,426,271,354,294,287,371,363,440,409,78,23,32,3,81,16,33,71,67,53,42,70,66,67,58,46,67,58,69,69,1,1,6,1,17,3,6,0,0,0,0,0,0,0,0,0,0,0,0,0,0,0,0,0,0,0,0,448,371,245,186,426,271,354,294,287,371,363,440,409,78,23,32,3,81,16,33,71,67,53,42,70,66,67,58,46,67,58,69,69,1,1,6,1,17,3,6,4,9.64,7.8,75.19,Fringe,,258,OB #53,41
431,SH #36,RHYS PRICE,,1,0,0,Scrum Half,Gloucester Rugby,0,0,0,0,0,0,0,0,0,0,0,0,0,0,0,0,0,0,0,0.00,0,0,0,0,0,0,0,0,0,0,0,0,0,0,0,0,0,0,448,428,245,186,426,271,354,294,287,371,363,440,409,78,23,32,3,81,16,33,38,35,20,24,34,24,28,24,22,31,24,34,31,1,1,2,1,4,1,10,0,0,0,0,0,0,0,0,0,0,0,0,0,0,0,0,0,0,0,0,448,371,245,186,426,271,354,294,287,371,363,440,409,78,23,32,3,81,16,33,38,29,20,24,34,24,28,24,22,31,24,34,31,1,1,2,1,4,1,10,4,3.25,8.6,27.95,Fringe,,419,SH #22,4
431,SH #36,CHARLIE BEMAND,,1,0,0,Scrum Half,Leicester Tigers,0,0,0,0,0,0,0,0,0,0,0,0,0,0,0,0,0,0,0,0.00,0,0,0,0,0,0,0,0,0,0,0,0,0,0,0,0,0,0,448,428,245,186,426,271,354,294,287,371,363,440,409,78,23,32,3,81,16,33,38,35,20,24,34,24,28,24,22,31,24,34,31,1,1,2,1,4,1,10,0,0,0,0,0,0,0,0,0,0,0,0,0,0,0,0,0,0,0,0,448,371,245,186,426,271,354,294,287,371,363,440,409,78,23,32,3,81,16,33,38,29,20,24,34,24,28,24,22,31,24,34,31,1,1,2,1,4,1,10,4,3.25,8.6,27.95,Fringe,,420,SH #23,4
436,PR #75,HARRISON BELLAMY,,1,-0.04,-0.04,Prop,Gloucester Rugby,-0.04,0,0,0,0,0,0,0,0,0,0,0,0,0,0,0,0,0,41,0.00,0,0,3,0,0,0,0,0,1,2,0,0,0,0,0,0,0,0,407,428,245,186,412,271,354,294,287,371,291,422,409,78,23,32,3,81,16,33,74,74,29,12,67,19,48,29,42,53,62,76,74,5,1,1,1,11,1,1,41,0,0,0,3,0,0,0,0,0,1,2,0,0,0,0,0,0,0,0,274,371,245,186,356,271,354,294,287,371,12,385,409,78,23,32,3,81,16,33,28,36,29,12,37,19,48,29,42,53,10,75,74,5,1,1,1,11,1,1,3,10.91,8.3,90.55,Squad,,196,PR #55,55
437,OB #69,AMENA CAQUSAU,,1,-0.14,-0.14,Outside Back,Northampton Saints,0,0,0,0,0,-0.14,0,0,0,0,0,0,0,0,0,0,0,0,66,0.00,0,0,13,0,0,0,0,2,1,7,1,0,0,0,0,0,0,0,388,428,245,186,366,271,354,294,287,274,291,386,373,78,23,32,3,81,16,33,65,67,53,42,68,66,67,58,46,63,43,57,65,1,1,6,1,17,3,6,66,0,0,0,13,0,0,0,0,2,1,7,1,0,0,0,0,0,0,0,85,371,245,186,204,271,354,294,287,4,12,129,179,78,23,32,3,81,16,33,26,67,53,42,66,66,67,58,46,4,1,1,43,1,1,6,1,17,3,6,3,9.63,7.8,75.11,Fringe,,259,OB #54,41
438,LK #55,WILL JEANES,,1,-0.28,-0.28,Lock,Bath Rugby,0,0,0,0,0,0,0,0,0,0,0,-0.28,0,0,0,0,0,0,53,-0.01,0,0,5,0,0,0,0,0,1,4,2,0,0,0,0,0,0,0,397,439,245,186,399,271,354,294,287,371,291,408,344,78,23,32,3,81,16,33,49,55,23,15,47,25,39,32,34,45,41,52,43,32,1,1,1,10,4,1,53,-0.01,0,0,5,0,0,0,0,0,1,4,2,0,0,0,0,0,0,0,194,441,245,186,317,271,354,294,287,371,12,273,21,78,23,32,3,81,16,33,25,55,23,15,28,25,39,32,34,45,1,44,1,32,1,1,1,10,4,1,3,7.31,8.5,62.14,Fringe,,304,LK #35,31
439,CE #56,HENRY LUMLEY,,1,-0.34,-0.34,Centre,Northampton Saints,0,0,0,0,0,0,0,-0.34,0,0,0,0,0,0,0,0,0,0,3,-0.11,0,0,0,0,0,0,0,1,0,2,0,0,0,0,0,0,0,0,443,450,245,186,426,271,354,294,287,310,363,422,409,78,23,32,3,81,16,33,56,56,35,37,55,45,52,46,44,47,45,55,53,1,4,5,1,13,5,7,3,-0.11,0,0,0,0,0,0,0,1,0,2,0,0,0,0,0,0,0,0,442,451,245,186,426,271,354,294,287,81,363,385,409,78,23,32,3,81,16,33,56,56,35,37,55,45,52,46,44,13,45,53,53,1,4,5,1,13,5,7,2,6.56,8.1,53.14,Fringe,,331,CE #34,24
439,FH #26,JOSH BELLAMY,,1,-0.34,-0.34,Fly Half,Harlequins,0,0,0,0,0,0,0,0,0,0,0,0,0,0,0,0,0,-0.34,13,-0.03,0,0,0,0,0,0,0,1,0,2,0,0,0,0,0,0,0,0,435,445,245,186,426,271,354,294,287,310,363,422,409,78,23,32,3,81,16,33,26,26,15,20,26,24,24,25,16,23,23,26,26,1,20,22,3,7,1,10,13,-0.03,0,0,0,0,0,0,0,1,0,2,0,0,0,0,0,0,0,0,418,447,245,186,426,271,354,294,287,81,363,385,409,78,23,32,3,81,16,33,26,26,15,20,26,24,24,25,16,12,23,22,26,1,20,22,3,7,1,10,2,8.68,10.5,91.14,Squad,,192,FH #15,56
441,PR #76,HARVEY BEATON,,1,-0.51,-0.51,Prop,Saracens,0,0,0,0,0,0,0,0,0,-0.51,0,0,0,0,0,0,0,0,30,-0.02,0,0,0,0,0,0,0,0,0,3,2,0,0,0,0,0,0,0,420,442,245,186,426,271,354,294,287,371,363,413,344,78,23,32,3,81,16,33,76,78,29,12,76,19,48,29,42,53,71,75,52,5,1,1,1,11,1,1,30,-0.02,0,0,0,0,0,0,0,0,0,3,2,0,0,0,0,0,0,0,341,446,245,186,426,271,354,294,287,371,363,335,21,78,23,32,3,81,16,33,49,80,29,12,76,19,48,29,42,53,71,65,1,5,1,1,1,11,1,1,2,10.77,8.3,89.39,Squad,,199,PR #56,55
442,PR #77,TITI LAMOSITELE,,2,-0.3,-0.6,Prop,Harlequins,0,-0.42,0,0,0,-0.18,0,0,0,0,0,0,0,0,0,0,0,0,47,-0.01,0,0,0,0,0,0,0,0,0,5,3,0,0,0,0,0,0,0,403,439,245,186,426,271,354,294,287,371,363,397,325,78,23,32,3,81,16,33,71,76,29,12,76,19,48,29,42,53,71,74,48,5,1,1,1,11,1,1,23.5,-0.01,0,0,0,0,0,0,0,0,0,2.5,1.5,0,0,0,0,0,0,0,375,441,245,186,426,271,354,294,287,371,363,363,80,78,23,32,3,81,16,33,64,78,29,12,76,19,48,29,42,53,71,70,3,5,1,1,1,11,1,1,2,10.25,7.8,79.95,Fringe,,236,PR #68,46
443,LK #56,GEORGE BOLAM,,1,-0.67,-0.67,Lock,Newcastle Red Bull,0,0,0,0,0,0,0,0,0,0,0,0,0,-0.67,0,0,0,0,20,-0.03,0,0,0,0,0,0,0,0,1,1,0,0,0,0,0,0,0,0,429,445,245,186,426,271,354,294,287,371,291,431,409,78,23,32,3,81,16,33,55,56,23,15,53,25,39,32,34,45,41,57,52,32,1,1,1,10,4,1,20,-0.03,0,0,0,0,0,0,0,0,1,1,0,0,0,0,0,0,0,0,392,447,245,186,426,271,354,294,287,371,12,419,409,78,23,32,3,81,16,33,50,56,23,15,53,25,39,32,34,45,1,57,52,32,1,1,1,10,4,1,2,7.31,8.5,62.14,Fringe,,305,LK #36,30
444,OB #70,JAMES MARTIN,,2,-0.35,-0.69,Outside Back,Northampton Saints,0,-1.69,0,0,0,0,0,0,0,0,0,0,0,0,0,0,0,1,160,0.00,0,0,26,0,2,0,0,3,1,12,7,0,0,0,0,0,0,0,332,428,245,186,332,271,270,294,287,240,291,350,230,78,23,32,3,81,16,33,59,67,53,42,67,66,64,58,46,56,43,49,41,1,1,6,1,17,3,6,80,0,0,0,13,0,1,0,0,1.5,0.5,6,3.5,0,0,0,0,0,0,0,1,371,245,186,204,271,140,294,287,30,129,187,2,78,23,32,3,81,16,33,1,67,53,42,66,66,58,58,46,21,10,5,1,1,1,6,1,17,3,6,2,8.7,7.3,63.51,Fringe,,300,OB #67,31
445,SH #38,MAX GREEN,,4,-0.19,-0.75,Scrum Half,Harlequins,0,0,0,0,-0.75,0,0,0,0,0,0,0,0,0,0,0,0,0,40,-0.02,0,0,0,0,0,0,0,0,0,0,1,0,0,0,0,0,0,0,408,442,245,186,426,271,354,294,287,371,363,440,373,78,23,32,3,81,16,33,31,38,20,24,34,24,28,24,22,31,24,34,27,1,1,2,1,4,1,10,10,-0.01,0,0,0,0,0,0,0,0,0,0,0.25,0,0,0,0,0,0,0,429,441,245,186,426,271,354,294,287,371,363,440,387,78,23,32,3,81,16,33,33,38,20,24,34,24,28,24,22,31,24,34,26,1,1,2,1,4,1,10,1,,,,,,,,
446,PR #78,SAM GRAHAMSLAW,,5,-0.2,-1.02,Prop,Bristol Bears,0,0.38,0,-1,0,0,0,0,0,0,0,0,0,0,0,0,0,-0.4,59,-0.02,0,0,14,0,1,0,0,2,1,1,1,0,0,0,0,0,0,0,394,442,245,186,363,271,314,294,287,274,291,431,373,78,23,32,3,81,16,33,69,78,29,12,50,19,38,29,42,22,62,78,65,5,1,1,1,11,1,1,11.8,0,0,0,2.8,0,0.2,0,0,0.4,0.2,0.2,0.2,0,0,0,0,0,0,0,422,371,245,186,360,271,309,294,287,249,293,438,397,78,23,32,3,81,16,33,78,36,29,12,39,19,32,29,42,6,63,80,70,5,1,1,1,11,1,1,1,,,,,Average,,,
447,OB #71,NATHAN GREENWOOD,,1,-1.07,-1.07,Outside Back,Newcastle Red Bull,0,0,0,0,-1.07,0,0,0,0,0,0,0,0,0,0,0,0,0,36,-0.03,0,0,11,0,0,0,1,3,0,1,2,0,0,0,0,0,0,0,411,445,245,186,371,271,354,294,202,240,363,431,344,78,23,32,3,81,16,33,68,71,53,42,69,66,67,58,34,56,58,66,61,1,1,6,1,17,3,6,36,-0.03,0,0,11,0,0,0,1,3,0,1,2,0,0,0,0,0,0,0,308,447,245,186,227,271,354,294,5,1,363,419,21,78,23,32,3,81,16,33,63,71,53,42,68,66,67,58,1,1,58,64,8,1,1,6,1,17,3,6,1,9.55,7.8,74.49,Fringe,,260,OB #55,41
448,PR #79,WILLGRIFF JOHN,,5,-0.39,-1.93,Prop,Sale Sharks,1.76,-5.37,0,0,0,0,0.71,0,0,0,0.97,0,0,0,0,0,0,0,129,-0.01,0,0,5,0,0,1,0,0,6,29,0,0,0,0,0,1,0,0,348,439,245,186,399,271,354,220,287,371,101,284,409,78,23,32,3,17,16,33,59,76,29,12,62,19,48,17,42,53,34,50,74,5,1,1,1,2,1,1,25.8,0,0,0,1,0,0,0.2,0,0,1.2,5.8,0,0,0,0,0,0.2,0,0,364,371,245,186,406,271,354,206,287,371,6,195,409,78,23,32,3,5,16,33,59,36,29,12,64,19,48,12,42,53,5,29,74,5,1,1,1,1,1,1,1,,,,,Boom/Bust,,,
449,SH #39,DOM HANSON,,5,-0.57,-2.86,Scrum Half,Sale Sharks,0,0.66,0,0,0,0,0,0,0,0,0,0,-4.51,0.33,0.66,0,0,0,53,-0.05,0,0,0,0,0,0,0,1,0,8,6,0,0,0,0,0,0,0,397,449,245,186,426,271,354,294,287,310,363,381,250,78,23,32,3,81,16,33,28,39,20,24,34,24,28,24,22,25,24,27,19,1,1,2,1,4,1,10,10.6,-0.01,0,0,0,0,0,0,0,0.2,0,1.6,1.2,0,0,0,0,0,0,0,426,441,245,186,426,271,354,294,287,316,363,406,140,78,23,32,3,81,16,33,30,38,20,24,34,24,28,24,22,25,24,24,11,1,1,2,1,4,1,10,0,1.83,7.5,13.73,Fringe,Boom/Bust,435,SH #35,0
450,PR #80,NEPO LAULALA,,6,-0.83,-4.98,Prop,Gloucester Rugby,0,0,-1.13,0,-0.43,0,-2.01,0,0,0,0,0,0,-0.42,0,0,-0.99,0,152,-0.03,0,0,4,0,0,0,0,0,7,14,4,0,0,0,0,0,0,0,336,445,245,186,405,271,354,294,287,371,77,337,297,78,23,32,3,81,16,33,54,80,29,12,63,19,48,29,42,53,30,62,42,5,1,1,1,11,1,1,25.33,-0.01,0,0,0.67,0,0,0,0,0,1.17,2.33,0.67,0,0,0,0,0,0,0,366,441,245,186,419,271,354,294,287,371,8,370,294,78,23,32,3,81,16,33,60,78,29,12,70,19,48,29,42,53,6,72,35,5,1,1,1,11,1,1,0,,,,,Very Consistent,,,
451,LK #57,HARRY BROWNE,,2,-2.73,-5.45,Lock,Harlequins,0,0,0,-6.91,0,0,0,0,0,0,0,0,0,0,1.46,0,0,0,32,-0.17,0,0,5,0,0,0,0,0,1,5,0,0,0,0,0,1,0,0,416,451,245,186,399,271,354,294,287,371,291,397,409,78,23,32,3,17,16,33,51,57,23,15,47,25,39,32,34,45,41,51,52,32,1,1,1,2,4,1,16,-0.09,0,0,2.5,0,0,0,0,0,0.5,2.5,0,0,0,0,0,0.5,0,0,408,450,245,186,366,271,354,294,287,371,129,363,409,78,23,32,3,1,16,33,53,57,23,15,40,25,39,32,34,45,20,53,52,32,1,1,1,1,4,1,0,6.64,8,53.12,Fringe,,332,LK #44,24
,,WERNER KOK,,,,,Outside Back,Newcastle Red Bull,,,,,,,,,,,,,,,,,,,,,,,,,,,,,,,,,,,,,,,,,,,,,,,,,,,,,,,,,,,,,,,,,,,,,,,,,,,,,,,,,,,,,,,,,,,,,,,,,,,,,,,,,,,,,,,,,,,,,,,,,,,,,,,,,,,,,,,,,,,,16.55,12.8,211.88,Premium,,26,OB #6,94
,,AARON WAINWRIGHT,,,,,Loose Forward,Leicester Tigers,,,,,,,,,,,,,,,,,,,,,,,,,,,,,,,,,,,,,,,,,,,,,,,,,,,,,,,,,,,,,,,,,,,,,,,,,,,,,,,,,,,,,,,,,,,,,,,,,,,,,,,,,,,,,,,,,,,,,,,,,,,,,,,,,,,,,,,,,,,,0.01,10.6,0.11,Fringe,,437,LF #75,0
,,JAC MORGAN,,,,,Loose Forward,Gloucester Rugby,,,,,,,,,,,,,,,,,,,,,,,,,,,,,,,,,,,,,,,,,,,,,,,,,,,,,,,,,,,,,,,,,,,,,,,,,,,,,,,,,,,,,,,,,,,,,,,,,,,,,,,,,,,,,,,,,,,,,,,,,,,,,,,,,,,,,,,,,,,,8.93,7.9,70.57,Squad,,274,LF #37,37
,,PHIL COKANASIGA,,,,,Centre,Gloucester Rugby,,,,,,,,,,,,,,,,,,,,,,,,,,,,,,,,,,,,,,,,,,,,,,,,,,,,,,,,,,,,,,,,,,,,,,,,,,,,,,,,,,,,,,,,,,,,,,,,,,,,,,,,,,,,,,,,,,,,,,,,,,,,,,,,,,,,,,,,,,,,7.09,11.2,79.45,Squad,,237,CE #28,46
,,DEWI LAKE,,,,,Hooker,Gloucester Rugby,,,,,,,,,,,,,,,,,,,,,,,,,,,,,,,,,,,,,,,,,,,,,,,,,,,,,,,,,,,,,,,,,,,,,,,,,,,,,,,,,,,,,,,,,,,,,,,,,,,,,,,,,,,,,,,,,,,,,,,,,,,,,,,,,,,,,,,,,,,,8.73,8.8,76.82,Squad,,246,HK #13,44
,,MALIK FAISSAL,,,,,Outside Back,Northampton Saints,,,,,,,,,,,,,,,,,,,,,,,,,,,,,,,,,,,,,,,,,,,,,,,,,,,,,,,,,,,,,,,,,,,,,,,,,,,,,,,,,,,,,,,,,,,,,,,,,,,,,,,,,,,,,,,,,,,,,,,,,,,,,,,,,,,,,,,,,,,,12.13,6.9,83.68,Squad,,222,OB #43,49
,,JEAN KLEYN,,,,,Lock,Gloucester Rugby,,,,,,,,,,,,,,,,,,,,,,,,,,,,,,,,,,,,,,,,,,,,,,,,,,,,,,,,,,,,,,,,,,,,,,,,,,,,,,,,,,,,,,,,,,,,,,,,,,,,,,,,,,,,,,,,,,,,,,,,,,,,,,,,,,,,,,,,,,,,7.37,12.9,95.07,Squad,,179,LK #19,59
,,JOE JOYCE,,,,,Lock,Gloucester Rugby,,,,,,,,,,,,,,,,,,,,,,,,,,,,,,,,,,,,,,,,,,,,,,,,,,,,,,,,,,,,,,,,,,,,,,,,,,,,,,,,,,,,,,,,,,,,,,,,,,,,,,,,,,,,,,,,,,,,,,,,,,,,,,,,,,,,,,,,,,,,5.99,12.1,72.42,Fringe,,267,LK #27,39
,,ION NECULAI,,,,,Prop,Northampton Saints,,,,,,,,,,,,,,,,,,,,,,,,,,,,,,,,,,,,,,,,,,,,,,,,,,,,,,,,,,,,,,,,,,,,,,,,,,,,,,,,,,,,,,,,,,,,,,,,,,,,,,,,,,,,,,,,,,,,,,,,,,,,,,,,,,,,,,,,,,,,9.84,8.8,86.61,Fringe,,211,PR #61,52
,,CEBO DLAMINI,,,,,Prop,Sale Sharks,,,,,,,,,,,,,,,,,,,,,,,,,,,,,,,,,,,,,,,,,,,,,,,,,,,,,,,,,,,,,,,,,,,,,,,,,,,,,,,,,,,,,,,,,,,,,,,,,,,,,,,,,,,,,,,,,,,,,,,,,,,,,,,,,,,,,,,,,,,,9.51,7.1,67.5,Fringe,,287,PR #80,34
,,JAMIE BHATTI,,,,,Prop,Bath Rugby,,,,,,,,,,,,,,,,,,,,,,,,,,,,,,,,,,,,,,,,,,,,,,,,,,,,,,,,,,,,,,,,,,,,,,,,,,,,,,,,,,,,,,,,,,,,,,,,,,,,,,,,,,,,,,,,,,,,,,,,,,,,,,,,,,,,,,,,,,,,8.44,8.1,68.37,Fringe,,282,PR #79,36
,,WILL ROUE,,,,,Lock,Bath Rugby,,,,,,,,,,,,,,,,,,,,,,,,,,,,,,,,,,,,,,,,,,,,,,,,,,,,,,,,,,,,,,,,,,,,,,,,,,,,,,,,,,,,,,,,,,,,,,,,,,,,,,,,,,,,,,,,,,,,,,,,,,,,,,,,,,,,,,,,,,,,6.52,5,32.6,Fringe,,405,LK #53,7
,,JOSH CAULFIELD,,,,,Loose Forward,Bristol Bears,,,,,,,,,,,,,,,,,,,,,,,,,,,,,,,,,,,,,,,,,,,,,,,,,,,,,,,,,,,,,,,,,,,,,,,,,,,,,,,,,,,,,,,,,,,,,,,,,,,,,,,,,,,,,,,,,,,,,,,,,,,,,,,,,,,,,,,,,,,,6.07,8,48.56,Fringe,,352,LF #52,19
,,TOBI WILSON,,,,,Outside Back,Bristol Bears,,,,,,,,,,,,,,,,,,,,,,,,,,,,,,,,,,,,,,,,,,,,,,,,,,,,,,,,,,,,,,,,,,,,,,,,,,,,,,,,,,,,,,,,,,,,,,,,,,,,,,,,,,,,,,,,,,,,,,,,,,,,,,,,,,,,,,,,,,,,10.43,7,73.01,Fringe,,265,OB #56,39
,,KHALIK KAREEM,,,,,Prop,Bristol Bears,,,,,,,,,,,,,,,,,,,,,,,,,,,,,,,,,,,,,,,,,,,,,,,,,,,,,,,,,,,,,,,,,,,,,,,,,,,,,,,,,,,,,,,,,,,,,,,,,,,,,,,,,,,,,,,,,,,,,,,,,,,,,,,,,,,,,,,,,,,,10.61,8,84.89,Fringe,,220,PR #64,50
,,DALLAS MCLEOD,,,,,Centre,Exeter Chiefs,,,,,,,,,,,,,,,,,,,,,,,,,,,,,,,,,,,,,,,,,,,,,,,,,,,,,,,,,,,,,,,,,,,,,,,,,,,,,,,,,,,,,,,,,,,,,,,,,,,,,,,,,,,,,,,,,,,,,,,,,,,,,,,,,,,,,,,,,,,,8.73,11,96.03,Good,,175,CE #23,60
,,OBINNA NKWOCHA,,,,,Loose Forward,Exeter Chiefs,,,,,,,,,,,,,,,,,,,,,,,,,,,,,,,,,,,,,,,,,,,,,,,,,,,,,,,,,,,,,,,,,,,,,,,,,,,,,,,,,,,,,,,,,,,,,,,,,,,,,,,,,,,,,,,,,,,,,,,,,,,,,,,,,,,,,,,,,,,,6.07,8,48.56,Fringe,,353,LF #53,19
,,NIKA ABULADZE,,,,,Prop,Exeter Chiefs,,,,,,,,,,,,,,,,,,,,,,,,,,,,,,,,,,,,,,,,,,,,,,,,,,,,,,,,,,,,,,,,,,,,,,,,,,,,,,,,,,,,,,,,,,,,,,,,,,,,,,,,,,,,,,,,,,,,,,,,,,,,,,,,,,,,,,,,,,,,10.97,9,98.74,Squad,,163,PR #40,63
,,CALLUM MCCABE,,,,,Fly Half,Gloucester Rugby,,,,,,,,,,,,,,,,,,,,,,,,,,,,,,,,,,,,,,,,,,,,,,,,,,,,,,,,,,,,,,,,,,,,,,,,,,,,,,,,,,,,,,,,,,,,,,,,,,,,,,,,,,,,,,,,,,,,,,,,,,,,,,,,,,,,,,,,,,,,8.37,7,58.59,Squad,,312,FH #21,29
,,ELIOT SALT,,,,,Lock,Gloucester Rugby,,,,,,,,,,,,,,,,,,,,,,,,,,,,,,,,,,,,,,,,,,,,,,,,,,,,,,,,,,,,,,,,,,,,,,,,,,,,,,,,,,,,,,,,,,,,,,,,,,,,,,,,,,,,,,,,,,,,,,,,,,,,,,,,,,,,,,,,,,,,7.22,8,57.74,Fringe,,314,LK #38,28
,,MARCO FEPULEA'I,,,,,Prop,Gloucester Rugby,,,,,,,,,,,,,,,,,,,,,,,,,,,,,,,,,,,,,,,,,,,,,,,,,,,,,,,,,,,,,,,,,,,,,,,,,,,,,,,,,,,,,,,,,,,,,,,,,,,,,,,,,,,,,,,,,,,,,,,,,,,,,,,,,,,,,,,,,,,,10.86,8,86.9,Fringe,,209,PR #59,52
,,DAN ROBSON,,,,,Scrum Half,Gloucester Rugby,,,,,,,,,,,,,,,,,,,,,,,,,,,,,,,,,,,,,,,,,,,,,,,,,,,,,,,,,,,,,,,,,,,,,,,,,,,,,,,,,,,,,,,,,,,,,,,,,,,,,,,,,,,,,,,,,,,,,,,,,,,,,,,,,,,,,,,,,,,,5.21,11,57.27,Squad,,319,SH #14,27
,,HALEN KING,,,,,Scrum Half,Gloucester Rugby,,,,,,,,,,,,,,,,,,,,,,,,,,,,,,,,,,,,,,,,,,,,,,,,,,,,,,,,,,,,,,,,,,,,,,,,,,,,,,,,,,,,,,,,,,,,,,,,,,,,,,,,,,,,,,,,,,,,,,,,,,,,,,,,,,,,,,,,,,,,3.17,7,22.19,Fringe,,426,SH #26,3
,,SAMPIE SWIEGERS,,,,,Prop,Harlequins,,,,,,,,,,,,,,,,,,,,,,,,,,,,,,,,,,,,,,,,,,,,,,,,,,,,,,,,,,,,,,,,,,,,,,,,,,,,,,,,,,,,,,,,,,,,,,,,,,,,,,,,,,,,,,,,,,,,,,,,,,,,,,,,,,,,,,,,,,,,10.9,8,87.17,Fringe,,207,PR #58,53
,,HARRY JOHNSON-HOLMES,,,,,Prop,Harlequins,,,,,,,,,,,,,,,,,,,,,,,,,,,,,,,,,,,,,,,,,,,,,,,,,,,,,,,,,,,,,,,,,,,,,,,,,,,,,,,,,,,,,,,,,,,,,,,,,,,,,,,,,,,,,,,,,,,,,,,,,,,,,,,,,,,,,,,,,,,,11,10,109.98,Squad,,144,PR #34,67
,,ELLIOTT STOOKE,,,,,Lock,Leicester Tigers,,,,,,,,,,,,,,,,,,,,,,,,,,,,,,,,,,,,,,,,,,,,,,,,,,,,,,,,,,,,,,,,,,,,,,,,,,,,,,,,,,,,,,,,,,,,,,,,,,,,,,,,,,,,,,,,,,,,,,,,,,,,,,,,,,,,,,,,,,,,7.85,10,78.5,Fringe,,241,LK #25,45
,,JOEL SCLAVI,,,,,Prop,Leicester Tigers,,,,,,,,,,,,,,,,,,,,,,,,,,,,,,,,,,,,,,,,,,,,,,,,,,,,,,,,,,,,,,,,,,,,,,,,,,,,,,,,,,,,,,,,,,,,,,,,,,,,,,,,,,,,,,,,,,,,,,,,,,,,,,,,,,,,,,,,,,,,11.26,10,112.56,Squad,,136,PR #32,69
,,MAKO VUNIPOLA,,,,,Prop,Leicester Tigers,,,,,,,,,,,,,,,,,,,,,,,,,,,,,,,,,,,,,,,,,,,,,,,,,,,,,,,,,,,,,,,,,,,,,,,,,,,,,,,,,,,,,,,,,,,,,,,,,,,,,,,,,,,,,,,,,,,,,,,,,,,,,,,,,,,,,,,,,,,,11.2,9,100.8,Squad,,157,PR #38,64
,,ZACK HENRY,,,,,Fly Half,Newcastle Red Bull,,,,,,,,,,,,,,,,,,,,,,,,,,,,,,,,,,,,,,,,,,,,,,,,,,,,,,,,,,,,,,,,,,,,,,,,,,,,,,,,,,,,,,,,,,,,,,,,,,,,,,,,,,,,,,,,,,,,,,,,,,,,,,,,,,,,,,,,,,,,13.63,12,163.62,Good,,55,FH #9,88
,,FRANCO MOLINA,,,,,Lock,Newcastle Red Bull,,,,,,,,,,,,,,,,,,,,,,,,,,,,,,,,,,,,,,,,,,,,,,,,,,,,,,,,,,,,,,,,,,,,,,,,,,,,,,,,,,,,,,,,,,,,,,,,,,,,,,,,,,,,,,,,,,,,,,,,,,,,,,,,,,,,,,,,,,,,8.54,10,85.41,Fringe,,217,LK #24,50
,,ALLAN FERRIE,,,,,Lock,Newcastle Red Bull,,,,,,,,,,,,,,,,,,,,,,,,,,,,,,,,,,,,,,,,,,,,,,,,,,,,,,,,,,,,,,,,,,,,,,,,,,,,,,,,,,,,,,,,,,,,,,,,,,,,,,,,,,,,,,,,,,,,,,,,,,,,,,,,,,,,,,,,,,,,7.2,8,57.56,Fringe,,316,LK #39,28
,,HOSKINS SOTUTU,,,,,Loose Forward,Newcastle Red Bull,,,,,,,,,,,,,,,,,,,,,,,,,,,,,,,,,,,,,,,,,,,,,,,,,,,,,,,,,,,,,,,,,,,,,,,,,,,,,,,,,,,,,,,,,,,,,,,,,,,,,,,,,,,,,,,,,,,,,,,,,,,,,,,,,,,,,,,,,,,,9.88,10,98.78,Good,,162,LF #24,63
,,FEHI FINEANGANOFO,,,,,Outside Back,Newcastle Red Bull,,,,,,,,,,,,,,,,,,,,,,,,,,,,,,,,,,,,,,,,,,,,,,,,,,,,,,,,,,,,,,,,,,,,,,,,,,,,,,,,,,,,,,,,,,,,,,,,,,,,,,,,,,,,,,,,,,,,,,,,,,,,,,,,,,,,,,,,,,,,11.76,8,94.08,Squad,,182,OB #38,58
,,MAX HICKS,,,,,Outside Back,Newcastle Red Bull,,,,,,,,,,,,,,,,,,,,,,,,,,,,,,,,,,,,,,,,,,,,,,,,,,,,,,,,,,,,,,,,,,,,,,,,,,,,,,,,,,,,,,,,,,,,,,,,,,,,,,,,,,,,,,,,,,,,,,,,,,,,,,,,,,,,,,,,,,,,11.07,8,88.58,Fringe,,203,OB #40,54
,,POURI RAKETE-STONES,,,,,Prop,Newcastle Red Bull,,,,,,,,,,,,,,,,,,,,,,,,,,,,,,,,,,,,,,,,,,,,,,,,,,,,,,,,,,,,,,,,,,,,,,,,,,,,,,,,,,,,,,,,,,,,,,,,,,,,,,,,,,,,,,,,,,,,,,,,,,,,,,,,,,,,,,,,,,,,10.97,9,98.74,Squad,,164,PR #41,63
,,ZURIEL TOGIATAMA,,,,,Prop,Newcastle Red Bull,,,,,,,,,,,,,,,,,,,,,,,,,,,,,,,,,,,,,,,,,,,,,,,,,,,,,,,,,,,,,,,,,,,,,,,,,,,,,,,,,,,,,,,,,,,,,,,,,,,,,,,,,,,,,,,,,,,,,,,,,,,,,,,,,,,,,,,,,,,,10.95,9,98.5,Squad,,166,PR #42,62
,,BEN ALEXANDER,,,,,Hooker,Northampton Saints,,,,,,,,,,,,,,,,,,,,,,,,,,,,,,,,,,,,,,,,,,,,,,,,,,,,,,,,,,,,,,,,,,,,,,,,,,,,,,,,,,,,,,,,,,,,,,,,,,,,,,,,,,,,,,,,,,,,,,,,,,,,,,,,,,,,,,,,,,,,4.95,6,29.71,Fringe,,416,HK #40,5
,,JOSH TAYLOR,,,,,Loose Forward,Northampton Saints,,,,,,,,,,,,,,,,,,,,,,,,,,,,,,,,,,,,,,,,,,,,,,,,,,,,,,,,,,,,,,,,,,,,,,,,,,,,,,,,,,,,,,,,,,,,,,,,,,,,,,,,,,,,,,,,,,,,,,,,,,,,,,,,,,,,,,,,,,,,6.07,8,48.56,Fringe,,354,LF #54,19
,,LEFTY ZIGIRIADIS,,,,,Prop,Northampton Saints,,,,,,,,,,,,,,,,,,,,,,,,,,,,,,,,,,,,,,,,,,,,,,,,,,,,,,,,,,,,,,,,,,,,,,,,,,,,,,,,,,,,,,,,,,,,,,,,,,,,,,,,,,,,,,,,,,,,,,,,,,,,,,,,,,,,,,,,,,,,10.61,7,74.28,Fringe,,261,PR #74,40
,,JOE MARCHANT,,,,,Centre,Sale Sharks,,,,,,,,,,,,,,,,,,,,,,,,,,,,,,,,,,,,,,,,,,,,,,,,,,,,,,,,,,,,,,,,,,,,,,,,,,,,,,,,,,,,,,,,,,,,,,,,,,,,,,,,,,,,,,,,,,,,,,,,,,,,,,,,,,,,,,,,,,,,10.62,12,127.44,Good,,110,CE #12,75
,,COURTNEY LAWES,,,,,Lock,Sale Sharks,,,,,,,,,,,,,,,,,,,,,,,,,,,,,,,,,,,,,,,,,,,,,,,,,,,,,,,,,,,,,,,,,,,,,,,,,,,,,,,,,,,,,,,,,,,,,,,,,,,,,,,,,,,,,,,,,,,,,,,,,,,,,,,,,,,,,,,,,,,,10.26,9,92.34,Squad,,188,LK #20,57
,,ELIA CANAKAIVATA,,,,,Loose Forward,Sale Sharks,,,,,,,,,,,,,,,,,,,,,,,,,,,,,,,,,,,,,,,,,,,,,,,,,,,,,,,,,,,,,,,,,,,,,,,,,,,,,,,,,,,,,,,,,,,,,,,,,,,,,,,,,,,,,,,,,,,,,,,,,,,,,,,,,,,,,,,,,,,,6.91,10,69.1,Squad,,279,LF #39,36
,,PONIPATE LOGANIMASI,,,,,Outside Back,Sale Sharks,,,,,,,,,,,,,,,,,,,,,,,,,,,,,,,,,,,,,,,,,,,,,,,,,,,,,,,,,,,,,,,,,,,,,,,,,,,,,,,,,,,,,,,,,,,,,,,,,,,,,,,,,,,,,,,,,,,,,,,,,,,,,,,,,,,,,,,,,,,,11.76,10,117.6,Squad,,130,OB #33,70
,,DAVID OPOKU,,,,,Outside Back,Sale Sharks,,,,,,,,,,,,,,,,,,,,,,,,,,,,,,,,,,,,,,,,,,,,,,,,,,,,,,,,,,,,,,,,,,,,,,,,,,,,,,,,,,,,,,,,,,,,,,,,,,,,,,,,,,,,,,,,,,,,,,,,,,,,,,,,,,,,,,,,,,,,10.43,7,73.01,Fringe,,266,OB #57,39
,,TOMAS FRANCIS,,,,,Prop,Sale Sharks,,,,,,,,,,,,,,,,,,,,,,,,,,,,,,,,,,,,,,,,,,,,,,,,,,,,,,,,,,,,,,,,,,,,,,,,,,,,,,,,,,,,,,,,,,,,,,,,,,,,,,,,,,,,,,,,,,,,,,,,,,,,,,,,,,,,,,,,,,,,10.95,8,87.56,Fringe,,205,PR #57,53
,,XAVIER ROE,,,,,Scrum Half,Sale Sharks,,,,,,,,,,,,,,,,,,,,,,,,,,,,,,,,,,,,,,,,,,,,,,,,,,,,,,,,,,,,,,,,,,,,,,,,,,,,,,,,,,,,,,,,,,,,,,,,,,,,,,,,,,,,,,,,,,,,,,,,,,,,,,,,,,,,,,,,,,,,3.25,8,26,Fringe,,424,SH #25,3
,,SIONE VA'ENUKU,,,,,Centre,Saracens,,,,,,,,,,,,,,,,,,,,,,,,,,,,,,,,,,,,,,,,,,,,,,,,,,,,,,,,,,,,,,,,,,,,,,,,,,,,,,,,,,,,,,,,,,,,,,,,,,,,,,,,,,,,,,,,,,,,,,,,,,,,,,,,,,,,,,,,,,,,6.61,7,46.3,Fringe,,362,CE #40,17
