competition,team,player_name,user_status,user_notes,expected_return,injury_date,injury_type,body_part,confidence,last_verified,internal_status,presumption_rule_applied,source_name,source_date,source_url,internal_notes
PREM,Bath,Finn Russell,Healthy,"Calf injury from May fully resolved; played through Scotland's Jul window (started vs South Africa 11 Jul). Rested through Bath's early pre-season friendlies (Perpignan, Bedford, PREM Rugby Cup loss to Sale) as a workload-management measure, not injury, then returned to start at fly-half in Bath's final pre-season friendly away to Glasgow Warriors on 18 Sep 2026, one week before the PREM season opener.",n/a - fit and playing,2026-05-17,soft tissue (resolved),calf,high,2026-09-18,healthy,no,RugbyPass,2026-09-18,https://www.rugbypass.com/news/finn-russell-returns-for-bath-in-final-pre-season-friendly,Updated 2026-09-18 (incremental sweep): Jul 18 Scotland window closed long ago and PREM season has started; confirmed fit and starting at fly-half for Bath's final pre-season friendly vs Glasgow Warriors (18 Sep 2026). Reclassified from International Duty to Healthy.
PREM,Bath,Beno Obano,Injured,"Suffered a significant hamstring strain playing for England against South Africa on the Jul 2026 Nations Championship tour. As of the most recent specific reporting (24 Aug 2026), he was still working with Bath's medical staff on rehab with no confirmed return-to-play date, though the club was targeting having him ready for the start of the season. No explicit return-to-training or matchday confirmation found since. Note: Obano has separately agreed to leave Bath for Pau at the end of the 2026/27 season, but remains at Bath for the current campaign.","unknown - targeting start of 2026-27 season, not yet confirmed fit",2026-07-05,hamstring strain,hamstring,medium,2026-09-18,injured,no,Yahoo Sports (UK),2026-08-24,https://uk.sports.yahoo.com/news/bath-rugby-injury-latest-ben-134301053.html,"Updated 2026-09-18 (incremental sweep): found more specific source confirming hamstring strain (previously ""unspecified"" body part/type) and no return date as of 24 Aug 2026. Status unchanged (Injured) but evidence upgraded from generic to specific. Also confirmed his pre-arranged move to Pau is for 2027/28, not this season."
PREM,Bristol Bears,Jimmy Halliwell,Likely Healthy (Unconfirmed),"Was reported unavailable due to injury in late April 2026, with no specific details given about what the injury was. Since the season has since finished with no further update, and nothing on record suggested a long-term issue, they're presumed to have recovered by now under our default assumption for undetailed, non-serious reports - but this hasn't been individually confirmed, so treat it as a reasonable working assumption rather than a certainty. Best checked against recent squad appearances.",unknown,2026-04-26,unspecified,unspecified,low,2026-04-26,unknown_potentially_injured,yes,RugbyPass injury-list audit,2026-04-26,https://www.rugbypass.com/news/the-mind-blowing-injury-lists-mounting-up-across-prem-and-urc/,On club unavailable-for-selection list 26 Apr 2026; not re-verified since (stale >6 weeks) - pre-season re-check required.
PREM,Bristol Bears,Paddy Pearce,Likely Healthy (Unconfirmed),"Was reported unavailable due to injury in late April 2026, with no specific details given about what the injury was. Since the season has since finished with no further update, and nothing on record suggested a long-term issue, they're presumed to have recovered by now under our default assumption for undetailed, non-serious reports - but this hasn't been individually confirmed, so treat it as a reasonable working assumption rather than a certainty. Best checked against recent squad appearances.",unknown,2026-04-26,unspecified,unspecified,low,2026-04-26,unknown_potentially_injured,yes,RugbyPass injury-list audit,2026-04-26,https://www.rugbypass.com/news/the-mind-blowing-injury-lists-mounting-up-across-prem-and-urc/,On club unavailable-for-selection list 26 Apr 2026; not re-verified since (stale >6 weeks) - pre-season re-check required.
PREM,Bristol Bears,Pedro Rubiolo,Injured,Suffered a torn ACL (knee) in March 2026 and had surgery; ruled out for the remainder of the 2025-26 season. Argentina international targeting a return for Bristol's 2026/27 pre-season (typical ACL recovery is 6-7 months).,2026/27 pre-season (Bristol Bears target),2026-03-06,ACL rupture (surgery),knee,high,2026-07-07,injured,no,The Rugby Paper / ESPN Mexico / Bristol Bears Rugby,2026-03-06,https://www.therugbypaper.co.uk/all/domestic-club-rugby-union/womens-rugby/479514/bristols-rubiolo-sidelined-with-acl-surgery,"Updated 2026-07-07: was carrying generic presumption-rule 'Likely Healthy (Unconfirmed)' from the 26 Apr RugbyPass audit, but concrete evidence (ACL surgery, specific diagnosis) found - per playbook SS4 this should NOT have had the presumption rule applied. No news yet confirming a return to training/matches, so kept as Injured with target return date rather than presuming fit."
PREM,Bristol Bears,Steele Barker,Likely Healthy (Unconfirmed),"Was reported unavailable due to injury in late April 2026, with no specific details given about what the injury was. Since the season has since finished with no further update, and nothing on record suggested a long-term issue, they're presumed to have recovered by now under our default assumption for undetailed, non-serious reports - but this hasn't been individually confirmed, so treat it as a reasonable working assumption rather than a certainty. Best checked against recent squad appearances.",unknown,2026-04-26,unspecified,unspecified,low,2026-04-26,unknown_potentially_injured,yes,RugbyPass injury-list audit,2026-04-26,https://www.rugbypass.com/news/the-mind-blowing-injury-lists-mounting-up-across-prem-and-urc/,On club unavailable-for-selection list 26 Apr 2026; not re-verified since (stale >6 weeks) - pre-season re-check required.
PREM,Bristol Bears,Kenzie Jenkins,Likely Healthy (Unconfirmed),"Was reported unavailable due to injury in late April 2026, with no specific details given about what the injury was. Since the season has since finished with no further update, and nothing on record suggested a long-term issue, they're presumed to have recovered by now under our default assumption for undetailed, non-serious reports - but this hasn't been individually confirmed, so treat it as a reasonable working assumption rather than a certainty. Best checked against recent squad appearances.",unknown,2026-04-26,unspecified,unspecified,low,2026-04-26,unknown_potentially_injured,yes,RugbyPass injury-list audit,2026-04-26,https://www.rugbypass.com/news/the-mind-blowing-injury-lists-mounting-up-across-prem-and-urc/,On club unavailable-for-selection list 26 Apr 2026; not re-verified since (stale >6 weeks) - pre-season re-check required.
PREM,Bristol Bears,Santiago Grondona,Likely Healthy (Unconfirmed),"Was reported unavailable due to injury in late April 2026, with no specific details given about what the injury was. Since the season has since finished with no further update, and nothing on record suggested a long-term issue, they're presumed to have recovered by now under our default assumption for undetailed, non-serious reports - but this hasn't been individually confirmed, so treat it as a reasonable working assumption rather than a certainty. Best checked against recent squad appearances.",unknown,2026-04-26,unspecified,unspecified,low,2026-04-26,unknown_potentially_injured,yes,RugbyPass injury-list audit,2026-04-26,https://www.rugbypass.com/news/the-mind-blowing-injury-lists-mounting-up-across-prem-and-urc/,On club unavailable-for-selection list 26 Apr 2026; not re-verified since (stale >6 weeks) - pre-season re-check required.
PREM,Bristol Bears,Luka Ivanishvili,Likely Healthy (Unconfirmed),"Was reported unavailable due to injury in late April 2026, with no specific details given about what the injury was. Since the season has since finished with no further update, and nothing on record suggested a long-term issue, they're presumed to have recovered by now under our default assumption for undetailed, non-serious reports - but this hasn't been individually confirmed, so treat it as a reasonable working assumption rather than a certainty. Best checked against recent squad appearances.",unknown,2026-04-26,unspecified,unspecified,low,2026-04-26,unknown_potentially_injured,yes,RugbyPass injury-list audit,2026-04-26,https://www.rugbypass.com/news/the-mind-blowing-injury-lists-mounting-up-across-prem-and-urc/,On club unavailable-for-selection list 26 Apr 2026; not re-verified since (stale >6 weeks) - pre-season re-check required.
PREM,Bristol Bears,Steven Luatua,Likely Healthy (Unconfirmed),"Was reported unavailable due to injury in late April 2026, with no specific details given about what the injury was. Since the season has since finished with no further update, and nothing on record suggested a long-term issue, they're presumed to have recovered by now under our default assumption for undetailed, non-serious reports - but this hasn't been individually confirmed, so treat it as a reasonable working assumption rather than a certainty. Best checked against recent squad appearances.",unknown,2026-04-26,unspecified,unspecified,low,2026-04-26,unknown_potentially_injured,yes,RugbyPass injury-list audit,2026-04-26,https://www.rugbypass.com/news/the-mind-blowing-injury-lists-mounting-up-across-prem-and-urc/,On club unavailable-for-selection list 26 Apr 2026; not re-verified since (stale >6 weeks) - pre-season re-check required.
PREM,Bristol Bears,Viliame Mata,Injured,Suffered an ACL injury against Leicester Tigers (reported 2 Apr 2026); ruled out for the remainder of the 2025-26 season. Club/press reporting says he is 'scheduled to return next season' (2026/27) but no specific return-to-training or fitness confirmation has surfaced yet as of this pre-season sweep.,2026/27 season (no specific date confirmed),2026-04-02,ACL injury,knee,medium,2026-08-19,injured,no,Bristol Bears Rugby (official),2026-04-02,https://www.bristolbearsrugby.com/bristol-bears-men/injury-update-viliame-mata/,"Updated 2026-08-19 (pre-season sweep): previous row carried the generic 26 Apr RugbyPass presumption-rule text ('unspecified' injury). Found the actual club statement (2 Apr 2026): ACL injury vs Leicester, ruled out for rest of 2025-26, targeting 2026/27 return. Per playbook §4 this specific diagnosis means the presumption rule should NOT apply - reclassified from 'Likely Healthy (Unconfirmed)' to 'Injured'. He is named in Bristol's confirmed 2026/27 squad list (bristolbearsrugby.com, published 7 Aug 2026) but that is roster inclusion, not a fitness confirmation - no explicit return-to-training report found yet. Recheck next sweep."
PREM,Bristol Bears,Kieran Marmion,Likely Healthy (Unconfirmed),"Was reported unavailable due to injury in late April 2026, with no specific details given about what the injury was. Since the season has since finished with no further update, and nothing on record suggested a long-term issue, they're presumed to have recovered by now under our default assumption for undetailed, non-serious reports - but this hasn't been individually confirmed, so treat it as a reasonable working assumption rather than a certainty. Best checked against recent squad appearances.",unknown,2026-04-26,unspecified,unspecified,low,2026-04-26,unknown_potentially_injured,yes,RugbyPass injury-list audit,2026-04-26,https://www.rugbypass.com/news/the-mind-blowing-injury-lists-mounting-up-across-prem-and-urc/,On club unavailable-for-selection list 26 Apr 2026; not re-verified since (stale >6 weeks) - pre-season re-check required.
PREM,Bristol Bears,AJ MacGinty,Likely Healthy (Unconfirmed),"Was reported unavailable due to injury in late April 2026, with no specific details given about what the injury was. Since the season has since finished with no further update, and nothing on record suggested a long-term issue, they're presumed to have recovered by now under our default assumption for undetailed, non-serious reports - but this hasn't been individually confirmed, so treat it as a reasonable working assumption rather than a certainty. Best checked against recent squad appearances.",unknown,2026-04-26,unspecified,unspecified,low,2026-04-26,unknown_potentially_injured,yes,RugbyPass injury-list audit,2026-04-26,https://www.rugbypass.com/news/the-mind-blowing-injury-lists-mounting-up-across-prem-and-urc/,On club unavailable-for-selection list 26 Apr 2026; not re-verified since (stale >6 weeks) - pre-season re-check required.
PREM,Bristol Bears,Victor Worsnip,Likely Healthy (Unconfirmed),"Was reported unavailable due to injury in late April 2026, with no specific details given about what the injury was. Since the season has since finished with no further update, and nothing on record suggested a long-term issue, they're presumed to have recovered by now under our default assumption for undetailed, non-serious reports - but this hasn't been individually confirmed, so treat it as a reasonable working assumption rather than a certainty. Best checked against recent squad appearances.",unknown,2026-04-26,unspecified,unspecified,low,2026-04-26,unknown_potentially_injured,yes,RugbyPass injury-list audit,2026-04-26,https://www.rugbypass.com/news/the-mind-blowing-injury-lists-mounting-up-across-prem-and-urc/,On club unavailable-for-selection list 26 Apr 2026; not re-verified since (stale >6 weeks) - pre-season re-check required.
PREM,Bristol Bears,Aidan Boshoff,Likely Healthy (Unconfirmed),"Was reported unavailable due to injury in late April 2026, with no specific details given about what the injury was. Since the season has since finished with no further update, and nothing on record suggested a long-term issue, they're presumed to have recovered by now under our default assumption for undetailed, non-serious reports - but this hasn't been individually confirmed, so treat it as a reasonable working assumption rather than a certainty. Best checked against recent squad appearances.",unknown,2026-04-26,unspecified,unspecified,low,2026-04-26,unknown_potentially_injured,yes,RugbyPass injury-list audit,2026-04-26,https://www.rugbypass.com/news/the-mind-blowing-injury-lists-mounting-up-across-prem-and-urc/,On club unavailable-for-selection list 26 Apr 2026; not re-verified since (stale >6 weeks) - pre-season re-check required.
PREM,Bristol Bears,Josh Carrington,Likely Healthy (Unconfirmed),"Was reported unavailable due to injury in late April 2026, with no specific details given about what the injury was. Since the season has since finished with no further update, and nothing on record suggested a long-term issue, they're presumed to have recovered by now under our default assumption for undetailed, non-serious reports - but this hasn't been individually confirmed, so treat it as a reasonable working assumption rather than a certainty. Best checked against recent squad appearances.",unknown,2026-04-26,unspecified,unspecified,low,2026-04-26,unknown_potentially_injured,yes,RugbyPass injury-list audit,2026-04-26,https://www.rugbypass.com/news/the-mind-blowing-injury-lists-mounting-up-across-prem-and-urc/,On club unavailable-for-selection list 26 Apr 2026; not re-verified since (stale >6 weeks) - pre-season re-check required.
PREM,Bristol Bears,Benjamin Elizalde,Likely Healthy (Unconfirmed),"Was reported unavailable due to injury in late April 2026, with no specific details given about what the injury was. Since the season has since finished with no further update, and nothing on record suggested a long-term issue, they're presumed to have recovered by now under our default assumption for undetailed, non-serious reports - but this hasn't been individually confirmed, so treat it as a reasonable working assumption rather than a certainty. Best checked against recent squad appearances.",unknown,2026-04-26,unspecified,unspecified,low,2026-04-26,unknown_potentially_injured,yes,RugbyPass injury-list audit,2026-04-26,https://www.rugbypass.com/news/the-mind-blowing-injury-lists-mounting-up-across-prem-and-urc/,On club unavailable-for-selection list 26 Apr 2026; not re-verified since (stale >6 weeks) - pre-season re-check required.
PREM,Bristol Bears,Evan Morris,Likely Healthy (Unconfirmed),"Was reported unavailable due to injury in late April 2026, with no specific details given about what the injury was. Since the season has since finished with no further update, and nothing on record suggested a long-term issue, they're presumed to have recovered by now under our default assumption for undetailed, non-serious reports - but this hasn't been individually confirmed, so treat it as a reasonable working assumption rather than a certainty. Best checked against recent squad appearances.",unknown,2026-04-26,unspecified,unspecified,low,2026-04-26,unknown_potentially_injured,yes,RugbyPass injury-list audit,2026-04-26,https://www.rugbypass.com/news/the-mind-blowing-injury-lists-mounting-up-across-prem-and-urc/,On club unavailable-for-selection list 26 Apr 2026; not re-verified since (stale >6 weeks) - pre-season re-check required.
PREM,Bristol Bears,Louis Rees-Zammit,Likely Healthy (Unconfirmed),"Wales's Jul 2026 Nations Championship window (through 18 Jul) ended over two months ago and the PREM season has since started; no reporting found confirming his return to Bristol training/matchday squad specifically, but he does not appear on Bristol's current (10 Sep 2026) injury list, and there is no news of any new injury or extended absence. Treated as likely fit pending explicit confirmation.","unknown - Wales window long since ended, presumed available",,,,low,2026-09-18,unknown_potentially_injured,no,Yahoo Sports (UK) - Bristol Bears injury roundup (absence from list) / Wales NC squad (30 Jun),2026-09-10,https://uk.sports.yahoo.com/news/bristol-bears-injury-availablity-latest-141233302.html,"Updated 2026-09-18 (incremental sweep): Wales window (last Test 18 Jul) is long lapsed. Not named on Bristol's 10 Sep 2026 injury list (Thacker/Oghre/Moroni/Genge roundup), which is a positive signal but not an explicit return-to-play confirmation, so kept at Likely Healthy (Unconfirmed) rather than upgraded to Healthy - reclassified from International Duty per playbook lapsed-window guidance."
PREM,Exeter Chiefs,Jack Yeandle,Injured,Ruled out for the remainder of the 2025-26 season after surgery on a foot injury suffered against Northampton. Rob Baxter confirmed the surgery was done promptly so he would be fully fit and able to play a full part in pre-season 2026.,around start of 2026-27 PREM pre-season (Aug/Sep 2026),2026-06-04,surgery,foot,medium,2026-07-05,injured,no,DevonLive via Yahoo (Baxter press conf),2026-06-04,https://uk.sports.yahoo.com/news/exeter-chiefs-injury-latest-ahead-104939314.html,Updated 2026-07-05: surgery confirmed by Rob Baxter; expected fit for pre-season. Originally: ruled out rest of season 4 Jun.
PREM,Exeter Chiefs,Ross Vintcent,Healthy,Italy's Jul 2026 Nations Championship window is long over. Confirmed back playing for Exeter in pre-season - reported as boosting Exeter's cup bid on his return 'after four months out' and praised as 'brutal' in a 'gutsy' pre-season win.,n/a - fit and playing,,,,high,2026-09-18,healthy,no,PlanetRugby / RugbyPass,2026-09-01,https://www.planetrugby.com/news/exeter-chiefs-five-takeaways-as-brutal-ross-vintcent-shines-in-gutsy-pre-season-win,Updated 2026-09-18 (incremental sweep): reclassified from International Duty to Healthy - confirmed playing and performing well in Exeter pre-season action.
PREM,Exeter Chiefs,Tommy Wyatt,Healthy,Missed the entire 2025-26 season with a knee ligament injury but has recovered; described in end-of-Aug 2026 squad analysis as 'now that he's healthy' and competing to reclaim the starting fullback spot from Olly Woodburn.,n/a - recovered,2026-06-04,knee ligament (recovered),knee,high,2026-09-18,healthy,no,RugbyPass,2026-08-29,https://www.rugbypass.com/news/gallagher-prem-2026-27-squads-rated-exeter-chiefs/,"Updated 2026-09-18 (incremental sweep): concrete confirmation of recovery found (29 Aug 2026 RugbyPass squad review: ""now that he's healthy""). Reclassified from Injured to Healthy."
PREM,Exeter Chiefs,Immanuel Feyi-Waboso,Healthy,"England's Jul 2026 Nations Championship window (through 18 Jul) is long over. He had already fully recovered from his facial-surgery injury by June, starting in the PREM final. No injury reporting found for him since, and he remains part of Exeter's core 2026/27 squad plans.",n/a - fit,,,,medium,2026-09-18,healthy,no,Exeter Chiefs squad coverage (RugbyPass / Wikipedia player record),2026-09-01,https://www.rugbypass.com/news/gallagher-prem-2026-27-squads-rated-exeter-chiefs/,"Updated 2026-09-18 (incremental sweep): Jul window long lapsed, no new injury news found; reclassified from International Duty to Healthy per playbook lapsed-window guidance."
PREM,Exeter Chiefs,Greg Fisilau,Healthy,"England's Jul 2026 Nations Championship window (through 18 Jul) is long over. Named as part of Exeter's back-row group (with Kane James, Ross Vintcent, Ethan Roots, Tom Hooper) heading into the 2026-27 season; no injury reporting found since his facial injury (resolved by mid-Jun 2026).",n/a - fit,,,,medium,2026-09-18,healthy,no,Exeter Chiefs back-row squad coverage,2026-09-01,https://www.rugbypass.com/news/gallagher-prem-2026-27-squads-rated-exeter-chiefs/,"Updated 2026-09-18 (incremental sweep): Jul window long lapsed, no new injury news found; reclassified from International Duty to Healthy per playbook lapsed-window guidance."
PREM,Exeter Chiefs,Dafydd Jenkins,Injured,"Shoulder surgery after the Jun 2026 Premiership final continues to progress well, aided by being rested from Wales's summer Tests. As of 3 Sep 2026, Rob Baxter said Jenkins 'should be there or thereabouts' for Exeter's PREM opener against Gloucester on 26 Sep 2026 - not yet confirmed fit, but on track.","targeting PREM opener vs Gloucester, 26 Sep 2026",2026-06-20,surgery (shoulder),shoulder,high,2026-09-18,injured,no,RugbyPass,2026-09-03,https://www.rugbypass.com/news/exeter-issue-mixed-injury-update-on-test-locks-dafydd-jenkins-andrea-zambonin-gallagher-prem/,"Updated 2026-09-18 (incremental sweep): more specific, more recent source found (3 Sep 2026) with a concrete target date (26 Sep opener) replacing the previous vague ""Sep/Oct 2026"" window. Status remains Injured (not yet confirmed fit)."
PREM,Exeter Chiefs,Kane James,Healthy,"Wales's Jul 2026 Nations Championship window (through 18 Jul) is long over. Named as part of Exeter's back-row group (with Greg Fisilau, Ross Vintcent, Ethan Roots, Tom Hooper) heading into the 2026-27 season; no injury reporting found.",n/a - fit,,,,medium,2026-09-18,healthy,no,Exeter Chiefs back-row squad coverage,2026-09-01,https://www.rugbypass.com/news/gallagher-prem-2026-27-squads-rated-exeter-chiefs/,"Updated 2026-09-18 (incremental sweep): Jul window long lapsed, no new injury news found; reclassified from International Duty to Healthy per playbook lapsed-window guidance."
PREM,Exeter Chiefs,Tom Hooper,Injured,"Named in Australia's Nations Championship squad, injured his shoulder after coming on as a second-half replacement against Ireland; ruled out of the following Tests against France and Italy.",ruled out for France and Italy Tests,2026-07-04,unspecified,shoulder,high,2026-07-07,injured,no,Rugby.com.au / The Star,2026-07-06,https://www.rugby.com.au/news/carter-gordon-tom-hooper-ruled-out-for-wallabies-test-against-france-202677,NEW row (SS1a). Named in Wallabies NC squad (18 Jun); shoulder injury sustained coming on vs Ireland. Ruled out of France and Italy Tests. Team corrected to Exeter Chiefs (his actual PREM club per app data) - source article covers him under his Wallabies context only.
PREM,Gloucester,Seb Blake,Likely Healthy (Unconfirmed),"Was reported unavailable due to injury in late April 2026, with no specific details given about what the injury was. Since the season has since finished with no further update, and nothing on record suggested a long-term issue, they're presumed to have recovered by now under our default assumption for undetailed, non-serious reports - but this hasn't been individually confirmed, so treat it as a reasonable working assumption rather than a certainty. Best checked against recent squad appearances.",unknown,2026-04-26,unspecified,unspecified,low,2026-04-26,unknown_potentially_injured,yes,RugbyPass injury-list audit,2026-04-26,https://www.rugbypass.com/news/the-mind-blowing-injury-lists-mounting-up-across-prem-and-urc/,On club unavailable-for-selection list 26 Apr 2026; not re-verified since (stale >6 weeks) - pre-season re-check required.
PREM,Gloucester,Jack Singleton,Unavailable (Other),"Now 'entering the final phase' of his rehabilitation from the Sep 2025 cardiac event and a return to full training is being considered (as of 24 Aug 2026), pending completion of remaining recovery stages. However, Gloucester have confirmed he will NOT be contracted at Kingsholm for 2026/27 - any playing return would be with a different club. Open to interest from other PREM clubs or abroad.",unknown - rehab in final phase but no longer contracted at Gloucester for 2026/27,2025-09-01,"cardiac incident (under specialist review, rehab advanced)",heart,medium,2026-09-18,unavailable_other,no,RugbyPass,2026-08-24,https://www.rugbypass.com/news/gloucester-deliver-huge-update-on-jack-singletons-future-a-year-after-cardiac-event/,"Updated 2026-09-18 (incremental sweep): significant new development - rehab reaching final phase, AND Gloucester have confirmed he will not be contracted there for 2026/27. Not one of the required flagged statuses for this sweep (Unavailable (Other) wasn't in scope) but included since it materially changes his club situation. No new club/destination confirmed yet."
PREM,Gloucester,Jack Mann,Likely Healthy (Unconfirmed),"Was reported unavailable due to injury in late April 2026, with no specific details given about what the injury was. Since the season has since finished with no further update, and nothing on record suggested a long-term issue, they're presumed to have recovered by now under our default assumption for undetailed, non-serious reports - but this hasn't been individually confirmed, so treat it as a reasonable working assumption rather than a certainty. Best checked against recent squad appearances.",unknown,2026-04-26,unspecified,unspecified,low,2026-04-26,unknown_potentially_injured,yes,RugbyPass injury-list audit,2026-04-26,https://www.rugbypass.com/news/the-mind-blowing-injury-lists-mounting-up-across-prem-and-urc/,On club unavailable-for-selection list 26 Apr 2026; not re-verified since (stale >6 weeks) - pre-season re-check required.
PREM,Gloucester,Callum Braley,Likely Healthy (Unconfirmed),"Was reported unavailable due to injury in late April 2026, with no specific details given about what the injury was. Since the season has since finished with no further update, and nothing on record suggested a long-term issue, they're presumed to have recovered by now under our default assumption for undetailed, non-serious reports - but this hasn't been individually confirmed, so treat it as a reasonable working assumption rather than a certainty. Best checked against recent squad appearances.",unknown,2026-04-26,unspecified,unspecified,low,2026-04-26,unknown_potentially_injured,yes,RugbyPass injury-list audit,2026-04-26,https://www.rugbypass.com/news/the-mind-blowing-injury-lists-mounting-up-across-prem-and-urc/,On club unavailable-for-selection list 26 Apr 2026; not re-verified since (stale >6 weeks) - pre-season re-check required.
PREM,Gloucester,Josh Hathaway,Likely Healthy (Unconfirmed),"Was reported unavailable due to injury in late April 2026, with no specific details given about what the injury was. Since the season has since finished with no further update, and nothing on record suggested a long-term issue, they're presumed to have recovered by now under our default assumption for undetailed, non-serious reports - but this hasn't been individually confirmed, so treat it as a reasonable working assumption rather than a certainty. Best checked against recent squad appearances.",unknown,2026-04-26,unspecified,unspecified,low,2026-04-26,unknown_potentially_injured,yes,RugbyPass injury-list audit,2026-04-26,https://www.rugbypass.com/news/the-mind-blowing-injury-lists-mounting-up-across-prem-and-urc/,On club unavailable-for-selection list 26 Apr 2026; not re-verified since (stale >6 weeks) - pre-season re-check required.
PREM,Gloucester,Ben Redshaw,Likely Healthy (Unconfirmed),"Was reported unavailable due to injury in late April 2026, with no specific details given about what the injury was. Since the season has since finished with no further update, and nothing on record suggested a long-term issue, they're presumed to have recovered by now under our default assumption for undetailed, non-serious reports - but this hasn't been individually confirmed, so treat it as a reasonable working assumption rather than a certainty. Best checked against recent squad appearances.",unknown,2026-04-26,unspecified,unspecified,low,2026-04-26,unknown_potentially_injured,yes,RugbyPass injury-list audit,2026-04-26,https://www.rugbypass.com/news/the-mind-blowing-injury-lists-mounting-up-across-prem-and-urc/,On club unavailable-for-selection list 26 Apr 2026; not re-verified since (stale >6 weeks) - pre-season re-check required.
PREM,Gloucester,Rob Russell,Likely Healthy (Unconfirmed),"Was reported unavailable due to injury in late April 2026, with no specific details given about what the injury was. Since the season has since finished with no further update, and nothing on record suggested a long-term issue, they're presumed to have recovered by now under our default assumption for undetailed, non-serious reports - but this hasn't been individually confirmed, so treat it as a reasonable working assumption rather than a certainty. Best checked against recent squad appearances.",unknown,2026-04-26,unspecified,unspecified,low,2026-04-26,unknown_potentially_injured,yes,RugbyPass injury-list audit,2026-04-26,https://www.rugbypass.com/news/the-mind-blowing-injury-lists-mounting-up-across-prem-and-urc/,On club unavailable-for-selection list 26 Apr 2026; not re-verified since (stale >6 weeks) - pre-season re-check required.
PREM,Gloucester,Jack Cotgreave,Likely Healthy (Unconfirmed),"Was reported unavailable due to injury in late April 2026, with no specific details given about what the injury was. Since the season has since finished with no further update, and nothing on record suggested a long-term issue, they're presumed to have recovered by now under our default assumption for undetailed, non-serious reports - but this hasn't been individually confirmed, so treat it as a reasonable working assumption rather than a certainty. Best checked against recent squad appearances.",unknown,2026-04-26,unspecified,unspecified,low,2026-04-26,unknown_potentially_injured,yes,RugbyPass injury-list audit,2026-04-26,https://www.rugbypass.com/news/the-mind-blowing-injury-lists-mounting-up-across-prem-and-urc/,On club unavailable-for-selection list 26 Apr 2026; not re-verified since (stale >6 weeks) - pre-season re-check required.
PREM,Gloucester,Jamal Ford-Robinson,Likely Healthy (Unconfirmed),"Was reported unavailable due to injury in late April 2026, with no specific details given about what the injury was. Since the season has since finished with no further update, and nothing on record suggested a long-term issue, they're presumed to have recovered by now under our default assumption for undetailed, non-serious reports - but this hasn't been individually confirmed, so treat it as a reasonable working assumption rather than a certainty. Best checked against recent squad appearances.",unknown,2026-04-26,unspecified,unspecified,low,2026-04-26,unknown_potentially_injured,yes,RugbyPass injury-list audit,2026-04-26,https://www.rugbypass.com/news/the-mind-blowing-injury-lists-mounting-up-across-prem-and-urc/,On club unavailable-for-selection list 26 Apr 2026; not re-verified since (stale >6 weeks) - pre-season re-check required.
PREM,Gloucester,Ciaran Knight,Likely Healthy (Unconfirmed),"Was reported unavailable due to injury in late April 2026, with no specific details given about what the injury was. Since the season has since finished with no further update, and nothing on record suggested a long-term issue, they're presumed to have recovered by now under our default assumption for undetailed, non-serious reports - but this hasn't been individually confirmed, so treat it as a reasonable working assumption rather than a certainty. Best checked against recent squad appearances.",unknown,2026-04-26,unspecified,unspecified,low,2026-04-26,unknown_potentially_injured,yes,RugbyPass injury-list audit,2026-04-26,https://www.rugbypass.com/news/the-mind-blowing-injury-lists-mounting-up-across-prem-and-urc/,On club unavailable-for-selection list 26 Apr 2026; not re-verified since (stale >6 weeks) - pre-season re-check required.
PREM,Gloucester,Olly Allport,Likely Healthy (Unconfirmed),"Was reported unavailable due to injury in late April 2026, with no specific details given about what the injury was. Since the season has since finished with no further update, and nothing on record suggested a long-term issue, they're presumed to have recovered by now under our default assumption for undetailed, non-serious reports - but this hasn't been individually confirmed, so treat it as a reasonable working assumption rather than a certainty. Best checked against recent squad appearances.",unknown,2026-04-26,unspecified,unspecified,low,2026-04-26,unknown_potentially_injured,yes,RugbyPass injury-list audit,2026-04-26,https://www.rugbypass.com/news/the-mind-blowing-injury-lists-mounting-up-across-prem-and-urc/,On club unavailable-for-selection list 26 Apr 2026; not re-verified since (stale >6 weeks) - pre-season re-check required.
PREM,Gloucester,Harry Taylor,Likely Healthy (Unconfirmed),"Was reported unavailable due to injury in late April 2026, with no specific details given about what the injury was. Since the season has since finished with no further update, and nothing on record suggested a long-term issue, they're presumed to have recovered by now under our default assumption for undetailed, non-serious reports - but this hasn't been individually confirmed, so treat it as a reasonable working assumption rather than a certainty. Best checked against recent squad appearances.",unknown,2026-04-26,unspecified,unspecified,low,2026-04-26,unknown_potentially_injured,yes,RugbyPass injury-list audit,2026-04-26,https://www.rugbypass.com/news/the-mind-blowing-injury-lists-mounting-up-across-prem-and-urc/,On club unavailable-for-selection list 26 Apr 2026; not re-verified since (stale >6 weeks) - pre-season re-check required.
PREM,Gloucester,Max Llewellyn,Healthy,Wales's Jul 2026 Nations Championship window (through 18 Jul) is long over. Named alongside Seb Atkinson as part of Gloucester's 'powerful international midfield combination' heading into the 2026-27 season; no injury reporting found.,n/a - fit,,,,medium,2026-09-18,healthy,no,MSN / Gloucester 2026-27 season preview,2026-09-13,https://www.msn.com/en-us/news/other/3-reasons-to-watch-gloucester-rugby-in-the-2026-27-gallagher-prem-season/ar-AA2c8q0j,"Updated 2026-09-18 (incremental sweep): Jul window long lapsed, confirmed part of 2026-27 midfield plans; reclassified from International Duty to Healthy."
PREM,Gloucester,Tomos Williams,International Duty,"Named in Wales's squad for the summer internationals (through 18 July). Fit and away on international duty, not injured.",after Wales window (Jul 18 last Test),,,,high,2026-06-30,international_duty,no,Wales 33-man Nations Championship squad via Nation.Cymru/PA,2026-06-30,https://nation.cymru/sport/dafydd-jenkins-out-of-wales-nations-championship-matches-due-to-shoulder-injury/,"STALE/HISTORICAL as of 2026-09-18 - Williams has transferred to Saracens for the 2026/27 season (confirmed, announced Dec 2025). Left as historical per playbook SS5 rather than deleted; see new Saracens row for his current club/status. Row kept unchanged otherwise since it was accurate while he was at Gloucester."
PREM,Harlequins,Harry Browne,Likely Healthy (Unconfirmed),"Was reported unavailable due to injury in late April 2026, with no specific details given about what the injury was. Since the season has since finished with no further update, and nothing on record suggested a long-term issue, they're presumed to have recovered by now under our default assumption for undetailed, non-serious reports - but this hasn't been individually confirmed, so treat it as a reasonable working assumption rather than a certainty. Best checked against recent squad appearances.",unknown,2026-04-26,unspecified,unspecified,low,2026-04-26,unknown_potentially_injured,yes,RugbyPass injury-list audit,2026-04-26,https://www.rugbypass.com/news/the-mind-blowing-injury-lists-mounting-up-across-prem-and-urc/,On club unavailable-for-selection list 26 Apr 2026; not re-verified since (stale >6 weeks) - pre-season re-check required. Quins had 26 unavailable in Apr - highest in Prem.
PREM,Harlequins,Pedro Delgado,Likely Healthy (Unconfirmed),"Was reported unavailable due to injury in late April 2026, with no specific details given about what the injury was. Since the season has since finished with no further update, and nothing on record suggested a long-term issue, they're presumed to have recovered by now under our default assumption for undetailed, non-serious reports - but this hasn't been individually confirmed, so treat it as a reasonable working assumption rather than a certainty. Best checked against recent squad appearances.",unknown,2026-04-26,unspecified,unspecified,low,2026-04-26,unknown_potentially_injured,yes,RugbyPass injury-list audit,2026-04-26,https://www.rugbypass.com/news/the-mind-blowing-injury-lists-mounting-up-across-prem-and-urc/,On club unavailable-for-selection list 26 Apr 2026; not re-verified since (stale >6 weeks) - pre-season re-check required. Quins had 26 unavailable in Apr - highest in Prem.
PREM,Harlequins,Jonny Green,Likely Healthy (Unconfirmed),"Was reported unavailable due to injury in late April 2026, with no specific details given about what the injury was. Since the season has since finished with no further update, and nothing on record suggested a long-term issue, they're presumed to have recovered by now under our default assumption for undetailed, non-serious reports - but this hasn't been individually confirmed, so treat it as a reasonable working assumption rather than a certainty. Best checked against recent squad appearances.",unknown,2026-04-26,unspecified,unspecified,low,2026-04-26,unknown_potentially_injured,yes,RugbyPass injury-list audit,2026-04-26,https://www.rugbypass.com/news/the-mind-blowing-injury-lists-mounting-up-across-prem-and-urc/,On club unavailable-for-selection list 26 Apr 2026; not re-verified since (stale >6 weeks) - pre-season re-check required. Quins had 26 unavailable in Apr - highest in Prem.
PREM,Harlequins,Harry Williams,Likely Healthy (Unconfirmed),"Was reported unavailable due to injury in late April 2026, with no specific details given about what the injury was. Since the season has since finished with no further update, and nothing on record suggested a long-term issue, they're presumed to have recovered by now under our default assumption for undetailed, non-serious reports - but this hasn't been individually confirmed, so treat it as a reasonable working assumption rather than a certainty. Best checked against recent squad appearances.",unknown,2026-04-26,unspecified,unspecified,low,2026-04-26,unknown_potentially_injured,yes,RugbyPass injury-list audit,2026-04-26,https://www.rugbypass.com/news/the-mind-blowing-injury-lists-mounting-up-across-prem-and-urc/,On club unavailable-for-selection list 26 Apr 2026; not re-verified since (stale >6 weeks) - pre-season re-check required. Quins had 26 unavailable in Apr - highest in Prem.
PREM,Harlequins,Boris Wenger,Likely Healthy (Unconfirmed),"Was reported unavailable due to injury in late April 2026, with no specific details given about what the injury was. Since the season has since finished with no further update, and nothing on record suggested a long-term issue, they're presumed to have recovered by now under our default assumption for undetailed, non-serious reports - but this hasn't been individually confirmed, so treat it as a reasonable working assumption rather than a certainty. Best checked against recent squad appearances.",unknown,2026-04-26,unspecified,unspecified,low,2026-04-26,unknown_potentially_injured,yes,RugbyPass injury-list audit,2026-04-26,https://www.rugbypass.com/news/the-mind-blowing-injury-lists-mounting-up-across-prem-and-urc/,On club unavailable-for-selection list 26 Apr 2026; not re-verified since (stale >6 weeks) - pre-season re-check required. Quins had 26 unavailable in Apr - highest in Prem.
PREM,Harlequins,Cameron Doak,Likely Healthy (Unconfirmed),"Was reported unavailable due to injury in late April 2026, with no specific details given about what the injury was. Since the season has since finished with no further update, and nothing on record suggested a long-term issue, they're presumed to have recovered by now under our default assumption for undetailed, non-serious reports - but this hasn't been individually confirmed, so treat it as a reasonable working assumption rather than a certainty. Best checked against recent squad appearances.",unknown,2026-04-26,unspecified,unspecified,low,2026-04-26,unknown_potentially_injured,yes,RugbyPass injury-list audit,2026-04-26,https://www.rugbypass.com/news/the-mind-blowing-injury-lists-mounting-up-across-prem-and-urc/,On club unavailable-for-selection list 26 Apr 2026; not re-verified since (stale >6 weeks) - pre-season re-check required. Quins had 26 unavailable in Apr - highest in Prem.
PREM,Harlequins,James Chisholm,Likely Healthy (Unconfirmed),"Was reported unavailable due to injury in late April 2026, with no specific details given about what the injury was. Since the season has since finished with no further update, and nothing on record suggested a long-term issue, they're presumed to have recovered by now under our default assumption for undetailed, non-serious reports - but this hasn't been individually confirmed, so treat it as a reasonable working assumption rather than a certainty. Best checked against recent squad appearances.",unknown,2026-04-26,unspecified,unspecified,low,2026-04-26,unknown_potentially_injured,yes,RugbyPass injury-list audit,2026-04-26,https://www.rugbypass.com/news/the-mind-blowing-injury-lists-mounting-up-across-prem-and-urc/,On club unavailable-for-selection list 26 Apr 2026; not re-verified since (stale >6 weeks) - pre-season re-check required. Quins had 26 unavailable in Apr - highest in Prem.
PREM,Harlequins,Tate Williams,Likely Healthy (Unconfirmed),"Was reported unavailable due to injury in late April 2026, with no specific details given about what the injury was. Since the season has since finished with no further update, and nothing on record suggested a long-term issue, they're presumed to have recovered by now under our default assumption for undetailed, non-serious reports - but this hasn't been individually confirmed, so treat it as a reasonable working assumption rather than a certainty. Best checked against recent squad appearances.",unknown,2026-04-26,unspecified,unspecified,low,2026-04-26,unknown_potentially_injured,yes,RugbyPass injury-list audit,2026-04-26,https://www.rugbypass.com/news/the-mind-blowing-injury-lists-mounting-up-across-prem-and-urc/,On club unavailable-for-selection list 26 Apr 2026; not re-verified since (stale >6 weeks) - pre-season re-check required. Quins had 26 unavailable in Apr - highest in Prem.
PREM,Harlequins,Fin Baxter,Likely Healthy (Unconfirmed),"Was reported unavailable due to injury in late April 2026, with no specific details given about what the injury was. Since the season has since finished with no further update, and nothing on record suggested a long-term issue, they're presumed to have recovered by now under our default assumption for undetailed, non-serious reports - but this hasn't been individually confirmed, so treat it as a reasonable working assumption rather than a certainty. Best checked against recent squad appearances.",unknown,2026-04-26,unspecified,unspecified,low,2026-04-26,unknown_potentially_injured,yes,RugbyPass injury-list audit,2026-04-26,https://www.rugbypass.com/news/the-mind-blowing-injury-lists-mounting-up-across-prem-and-urc/,On club unavailable-for-selection list 26 Apr 2026; not re-verified since (stale >6 weeks) - pre-season re-check required. Quins had 26 unavailable in Apr - highest in Prem.
PREM,Harlequins,Titi Lamositele,Likely Healthy (Unconfirmed),"Was reported unavailable due to injury in late April 2026, with no specific details given about what the injury was. Since the season has since finished with no further update, and nothing on record suggested a long-term issue, they're presumed to have recovered by now under our default assumption for undetailed, non-serious reports - but this hasn't been individually confirmed, so treat it as a reasonable working assumption rather than a certainty. Best checked against recent squad appearances.",unknown,2026-04-26,unspecified,unspecified,low,2026-04-26,unknown_potentially_injured,yes,RugbyPass injury-list audit,2026-04-26,https://www.rugbypass.com/news/the-mind-blowing-injury-lists-mounting-up-across-prem-and-urc/,On club unavailable-for-selection list 26 Apr 2026; not re-verified since (stale >6 weeks) - pre-season re-check required. Quins had 26 unavailable in Apr - highest in Prem.
PREM,Harlequins,Tom Lawday,Likely Healthy (Unconfirmed),"Was reported unavailable due to injury in late April 2026, with no specific details given about what the injury was. Since the season has since finished with no further update, and nothing on record suggested a long-term issue, they're presumed to have recovered by now under our default assumption for undetailed, non-serious reports - but this hasn't been individually confirmed, so treat it as a reasonable working assumption rather than a certainty. Best checked against recent squad appearances.",unknown,2026-04-26,unspecified,unspecified,low,2026-04-26,unknown_potentially_injured,yes,RugbyPass injury-list audit,2026-04-26,https://www.rugbypass.com/news/the-mind-blowing-injury-lists-mounting-up-across-prem-and-urc/,On club unavailable-for-selection list 26 Apr 2026; not re-verified since (stale >6 weeks) - pre-season re-check required. Quins had 26 unavailable in Apr - highest in Prem.
PREM,Harlequins,Jordan Els,Unavailable (Other),Recovered from the Achilles injury that had him on the April 2026 unavailable list - fully fit - but was released by Harlequins at the end of the 2025-26 season and is now a free agent no longer contracted to the club for 2026/27.,n/a - no longer at club,,,,medium,2026-07-07,unavailable_other,no,All.Rugby transfers list / Ultimate Rugby,2026-07-01,https://all.rugby/transfers/harlequins,"Updated 2026-07-07: was 'Likely Healthy (Unconfirmed)' via Apr 26 presumption rule for an Achilles injury. Now confirmed fit AND departed the club (free agent, released end of season); reclassified since 'Likely Healthy' implies still on the roster recovering, which is no longer accurate."
PREM,Harlequins,Simon Kerrod,Likely Healthy (Unconfirmed),"Was reported unavailable due to injury in late April 2026, with no specific details given about what the injury was. Since the season has since finished with no further update, and nothing on record suggested a long-term issue, they're presumed to have recovered by now under our default assumption for undetailed, non-serious reports - but this hasn't been individually confirmed, so treat it as a reasonable working assumption rather than a certainty. Best checked against recent squad appearances.",unknown,2026-04-26,unspecified,unspecified,low,2026-04-26,unknown_potentially_injured,yes,RugbyPass injury-list audit,2026-04-26,https://www.rugbypass.com/news/the-mind-blowing-injury-lists-mounting-up-across-prem-and-urc/,On club unavailable-for-selection list 26 Apr 2026; not re-verified since (stale >6 weeks) - pre-season re-check required. Quins had 26 unavailable in Apr - highest in Prem.
PREM,Harlequins,Lucas Schmid,Likely Healthy (Unconfirmed),"Was reported unavailable due to injury in late April 2026, with no specific details given about what the injury was. Since the season has since finished with no further update, and nothing on record suggested a long-term issue, they're presumed to have recovered by now under our default assumption for undetailed, non-serious reports - but this hasn't been individually confirmed, so treat it as a reasonable working assumption rather than a certainty. Best checked against recent squad appearances.",unknown,2026-04-26,unspecified,unspecified,low,2026-04-26,unknown_potentially_injured,yes,RugbyPass injury-list audit,2026-04-26,https://www.rugbypass.com/news/the-mind-blowing-injury-lists-mounting-up-across-prem-and-urc/,On club unavailable-for-selection list 26 Apr 2026; not re-verified since (stale >6 weeks) - pre-season re-check required. Quins had 26 unavailable in Apr - highest in Prem.
PREM,Harlequins,Jamie Benson,Likely Healthy (Unconfirmed),"Was reported unavailable due to injury in late April 2026, with no specific details given about what the injury was. Since the season has since finished with no further update, and nothing on record suggested a long-term issue, they're presumed to have recovered by now under our default assumption for undetailed, non-serious reports - but this hasn't been individually confirmed, so treat it as a reasonable working assumption rather than a certainty. Best checked against recent squad appearances.",unknown,2026-04-26,unspecified,unspecified,low,2026-04-26,unknown_potentially_injured,yes,RugbyPass injury-list audit,2026-04-26,https://www.rugbypass.com/news/the-mind-blowing-injury-lists-mounting-up-across-prem-and-urc/,On club unavailable-for-selection list 26 Apr 2026; not re-verified since (stale >6 weeks) - pre-season re-check required. Quins had 26 unavailable in Apr - highest in Prem.
PREM,Harlequins,Josh Bellamy,Likely Healthy (Unconfirmed),"Was reported unavailable due to injury in late April 2026, with no specific details given about what the injury was. Since the season has since finished with no further update, and nothing on record suggested a long-term issue, they're presumed to have recovered by now under our default assumption for undetailed, non-serious reports - but this hasn't been individually confirmed, so treat it as a reasonable working assumption rather than a certainty. Best checked against recent squad appearances.",unknown,2026-04-26,unspecified,unspecified,low,2026-04-26,unknown_potentially_injured,yes,RugbyPass injury-list audit,2026-04-26,https://www.rugbypass.com/news/the-mind-blowing-injury-lists-mounting-up-across-prem-and-urc/,On club unavailable-for-selection list 26 Apr 2026; not re-verified since (stale >6 weeks) - pre-season re-check required. Quins had 26 unavailable in Apr - highest in Prem.
PREM,Harlequins,Rodrigo Isgro,Likely Healthy (Unconfirmed),"Was reported unavailable due to injury in late April 2026, with no specific details given about what the injury was. Since the season has since finished with no further update, and nothing on record suggested a long-term issue, they're presumed to have recovered by now under our default assumption for undetailed, non-serious reports - but this hasn't been individually confirmed, so treat it as a reasonable working assumption rather than a certainty. Best checked against recent squad appearances.",unknown,2026-04-26,unspecified,unspecified,low,2026-04-26,unknown_potentially_injured,yes,RugbyPass injury-list audit,2026-04-26,https://www.rugbypass.com/news/the-mind-blowing-injury-lists-mounting-up-across-prem-and-urc/,On club unavailable-for-selection list 26 Apr 2026; not re-verified since (stale >6 weeks) - pre-season re-check required. Quins had 26 unavailable in Apr - highest in Prem.
PREM,Harlequins,Ludo Kolade,Likely Healthy (Unconfirmed),"Was reported unavailable due to injury in late April 2026, with no specific details given about what the injury was. Since the season has since finished with no further update, and nothing on record suggested a long-term issue, they're presumed to have recovered by now under our default assumption for undetailed, non-serious reports - but this hasn't been individually confirmed, so treat it as a reasonable working assumption rather than a certainty. Best checked against recent squad appearances.",unknown,2026-04-26,unspecified,unspecified,low,2026-04-26,unknown_potentially_injured,yes,RugbyPass injury-list audit,2026-04-26,https://www.rugbypass.com/news/the-mind-blowing-injury-lists-mounting-up-across-prem-and-urc/,On club unavailable-for-selection list 26 Apr 2026; not re-verified since (stale >6 weeks) - pre-season re-check required. Quins had 26 unavailable in Apr - highest in Prem.
PREM,Harlequins,Will Porter,Likely Healthy (Unconfirmed),"Was reported unavailable due to injury in late April 2026, with no specific details given about what the injury was. Since the season has since finished with no further update, and nothing on record suggested a long-term issue, they're presumed to have recovered by now under our default assumption for undetailed, non-serious reports - but this hasn't been individually confirmed, so treat it as a reasonable working assumption rather than a certainty. Best checked against recent squad appearances.",unknown,2026-04-26,unspecified,unspecified,low,2026-04-26,unknown_potentially_injured,yes,RugbyPass injury-list audit,2026-04-26,https://www.rugbypass.com/news/the-mind-blowing-injury-lists-mounting-up-across-prem-and-urc/,On club unavailable-for-selection list 26 Apr 2026; not re-verified since (stale >6 weeks) - pre-season re-check required. Quins had 26 unavailable in Apr - highest in Prem.
PREM,Harlequins,Oscar Beard,Likely Healthy (Unconfirmed),"Was reported unavailable due to injury in late April 2026, with no specific details given about what the injury was. Since the season has since finished with no further update, and nothing on record suggested a long-term issue, they're presumed to have recovered by now under our default assumption for undetailed, non-serious reports - but this hasn't been individually confirmed, so treat it as a reasonable working assumption rather than a certainty. Best checked against recent squad appearances.",unknown,2026-04-26,unspecified,unspecified,low,2026-04-26,unknown_potentially_injured,yes,RugbyPass injury-list audit,2026-04-26,https://www.rugbypass.com/news/the-mind-blowing-injury-lists-mounting-up-across-prem-and-urc/,On club unavailable-for-selection list 26 Apr 2026; not re-verified since (stale >6 weeks) - pre-season re-check required. Quins had 26 unavailable in Apr - highest in Prem.
PREM,Harlequins,Frank McMillan,Likely Healthy (Unconfirmed),"Was reported unavailable due to injury in late April 2026, with no specific details given about what the injury was. Since the season has since finished with no further update, and nothing on record suggested a long-term issue, they're presumed to have recovered by now under our default assumption for undetailed, non-serious reports - but this hasn't been individually confirmed, so treat it as a reasonable working assumption rather than a certainty. Best checked against recent squad appearances.",unknown,2026-04-26,unspecified,unspecified,low,2026-04-26,unknown_potentially_injured,yes,RugbyPass injury-list audit,2026-04-26,https://www.rugbypass.com/news/the-mind-blowing-injury-lists-mounting-up-across-prem-and-urc/,On club unavailable-for-selection list 26 Apr 2026; not re-verified since (stale >6 weeks) - pre-season re-check required. Quins had 26 unavailable in Apr - highest in Prem.
PREM,Harlequins,Sean Sharp,Likely Healthy (Unconfirmed),"Was reported unavailable due to injury in late April 2026, with no specific details given about what the injury was. Since the season has since finished with no further update, and nothing on record suggested a long-term issue, they're presumed to have recovered by now under our default assumption for undetailed, non-serious reports - but this hasn't been individually confirmed, so treat it as a reasonable working assumption rather than a certainty. Best checked against recent squad appearances.",unknown,2026-04-26,unspecified,unspecified,low,2026-04-26,unknown_potentially_injured,yes,RugbyPass injury-list audit,2026-04-26,https://www.rugbypass.com/news/the-mind-blowing-injury-lists-mounting-up-across-prem-and-urc/,On club unavailable-for-selection list 26 Apr 2026; not re-verified since (stale >6 weeks) - pre-season re-check required. Quins had 26 unavailable in Apr - highest in Prem.
PREM,Harlequins,Ben Waghorn,Likely Healthy (Unconfirmed),"Was reported unavailable due to injury in late April 2026, with no specific details given about what the injury was. Since the season has since finished with no further update, and nothing on record suggested a long-term issue, they're presumed to have recovered by now under our default assumption for undetailed, non-serious reports - but this hasn't been individually confirmed, so treat it as a reasonable working assumption rather than a certainty. Best checked against recent squad appearances.",unknown,2026-04-26,unspecified,unspecified,low,2026-04-26,unknown_potentially_injured,yes,RugbyPass injury-list audit,2026-04-26,https://www.rugbypass.com/news/the-mind-blowing-injury-lists-mounting-up-across-prem-and-urc/,On club unavailable-for-selection list 26 Apr 2026; not re-verified since (stale >6 weeks) - pre-season re-check required. Quins had 26 unavailable in Apr - highest in Prem.
PREM,Harlequins,Tyrone Green,Likely Healthy (Unconfirmed),"Was reported unavailable due to injury in late April 2026, with no specific details given about what the injury was. Since the season has since finished with no further update, and nothing on record suggested a long-term issue, they're presumed to have recovered by now under our default assumption for undetailed, non-serious reports - but this hasn't been individually confirmed, so treat it as a reasonable working assumption rather than a certainty. Best checked against recent squad appearances.",unknown,2026-04-26,unspecified,unspecified,low,2026-04-26,unknown_potentially_injured,yes,RugbyPass injury-list audit,2026-04-26,https://www.rugbypass.com/news/the-mind-blowing-injury-lists-mounting-up-across-prem-and-urc/,On club unavailable-for-selection list 26 Apr 2026; not re-verified since (stale >6 weeks) - pre-season re-check required. Quins had 26 unavailable in Apr - highest in Prem.
PREM,Harlequins,Cassius Cleaves,Likely Healthy (Unconfirmed),"Was reported unavailable due to injury in late April 2026, with no specific details given about what the injury was. Since the season has since finished with no further update, and nothing on record suggested a long-term issue, they're presumed to have recovered by now under our default assumption for undetailed, non-serious reports - but this hasn't been individually confirmed, so treat it as a reasonable working assumption rather than a certainty. Best checked against recent squad appearances.",unknown,2026-04-26,unspecified,unspecified,low,2026-04-26,unknown_potentially_injured,yes,RugbyPass injury-list audit,2026-04-26,https://www.rugbypass.com/news/the-mind-blowing-injury-lists-mounting-up-across-prem-and-urc/,On club unavailable-for-selection list 26 Apr 2026; not re-verified since (stale >6 weeks) - pre-season re-check required. Quins had 26 unavailable in Apr - highest in Prem.
PREM,Harlequins,Stephan Lewies,Likely Healthy (Unconfirmed),"Was reported unavailable due to injury in late April 2026, with no specific details given about what the injury was. Since the season has since finished with no further update, and nothing on record suggested a long-term issue, they're presumed to have recovered by now under our default assumption for undetailed, non-serious reports - but this hasn't been individually confirmed, so treat it as a reasonable working assumption rather than a certainty. Best checked against recent squad appearances. He's also been reported as joining the Sharks in South Africa for 2026-27, so double-check which club any future appearance is actually for.",unknown,2026-04-26,unspecified,unspecified,low,2026-04-26,unknown_potentially_injured,yes,RugbyPass injury-list audit,2026-04-26,https://www.rugbypass.com/news/the-mind-blowing-injury-lists-mounting-up-across-prem-and-urc/,On club unavailable list 26 Apr; also reported joining Sharks (SA) for 2026-27
PREM,Harlequins,Cadan Murley,Injured,"Suffered a shoulder injury in England's 45-21 Nations Championship defeat to South Africa in Johannesburg (5 Jul 2026), leaving the field after 55 minutes at Ellis Park. Ruled out of the following Fiji fixture (11 Jul); Chandler Cunningham-South called up as cover.",unknown - not yet confirmed fit,2026-07-05,soft tissue (shoulder),shoulder,medium,2026-07-13,injured,no,Sky Sports / RugbyPass,2026-07-07,https://www.skysports.com/rugby-union/news/12321/13561218/nations-championship-england-call-up-emmanuel-iyogun-and-chandler-cunningham-south-to-replace-injured-cadan-murley-beno-obano,"Added 2026-07-13: was previously only in international_squads.csv (implicitly International Duty) with no injury on file. Per playbook §1a, real club/country-sourced injury during international window takes priority — found via squad-withdrawal search. Extent/severity of shoulder injury not detailed in reporting; flag for follow-up next sweep."
PREM,Leicester Tigers,Freddie Steward,Healthy,"Had thumb surgery in May after an injury against Sale, but recovered in time to return for the play-off game on 11 June.",returned 2026-06-11,2026-05-16,surgery,thumb,high,2026-06-11,healthy,no,Leicester Tigers official,2026-06-11,https://www.leicestertigers.com/news,Thumb surgery after Sale game (club statement 21 May); club TEAM NEWS confirmed return for play-off 11 Jun - resolved
PREM,Leicester Tigers,Billy Searle,Healthy,"Was sidelined earlier in the season, but returned for the 11 June play-off game.",returned 2026-06-11,2026-05-01,unspecified,unspecified,high,2026-06-11,healthy,no,Leicester Tigers official,2026-06-11,https://www.leicestertigers.com/news,One of two sidelined fly-halves in May; club TEAM NEWS confirmed return 11 Jun - resolved
PREM,Leicester Tigers,James O'Connor,Healthy,"Recovered from the injury that had sidelined him alongside Billy Searle, and played in Leicester's final regular-season match on 6 June. His contract with the club was reportedly coming to an end.",returned 2026-06-06,2026-05-01,unspecified,unspecified,medium,2026-07-05,healthy,no,RugbyPass (Parling press conf),2026-06-03,https://www.rugbypass.com/news/leicester-injury-news/,Updated 2026-07-05: played R18 2026-06-06 per match data — resolved. Contract situation uncertain.
PREM,Leicester Tigers,Nicky Smith,International Duty,"Named in Wales's squad for the summer internationals (through 18 July). Fit and away on international duty, not injured.",after Wales window (Jul 18 last Test),,,,high,2026-06-30,international_duty,no,Wales 33-man Nations Championship squad via Nation.Cymru/PA,2026-06-30,https://nation.cymru/sport/dafydd-jenkins-out-of-wales-nations-championship-matches-due-to-shoulder-injury/,"STALE/HISTORICAL as of 2026-09-18 - Smith has transferred to Sale Sharks for the 2026/27 season (three-year deal, confirmed by both clubs; he cited wanting to be closer to his family in Wales). Left as historical per playbook SS5 rather than deleted; see new Sale Sharks row for his current club/status."
PREM,Leicester Tigers,Tommy Reffell,Healthy,Wales's Jul 2026 Nations Championship window (through 18 Jul) is long over. Confirmed as part of Leicester's back-row group (with Olly Cracknell and Joaquin Moro) heading into the 2026-27 season as of a 13 Sep 2026 season preview; no injury reporting found.,n/a - fit,,,,medium,2026-09-18,healthy,no,"Yahoo Sports - ""3 Reasons to Watch Leicester Tigers in 2026-27""",2026-09-13,https://sports.yahoo.com/articles/3-reasons-watch-leicester-tigers-150153046.html,"Updated 2026-09-18 (incremental sweep): Jul window long lapsed, confirmed part of 2026-27 back-row plans; reclassified from International Duty to Healthy."
PREM,Leicester Tigers,Olly Cracknell,Healthy,Wales's Jul 2026 Nations Championship window (through 18 Jul) is long over. Confirmed as part of Leicester's back-row group (with Tommy Reffell and Joaquin Moro) heading into the 2026-27 season as of a 13 Sep 2026 season preview; no injury reporting found.,n/a - fit,,,,medium,2026-09-18,healthy,no,"Yahoo Sports - ""3 Reasons to Watch Leicester Tigers in 2026-27""",2026-09-13,https://sports.yahoo.com/articles/3-reasons-watch-leicester-tigers-150153046.html,"Updated 2026-09-18 (incremental sweep): Jul window long lapsed, confirmed part of 2026-27 back-row plans; reclassified from International Duty to Healthy."
PREM,Newcastle Red Bulls,Sammy Arnold,Likely Healthy (Unconfirmed),"Was reported unavailable due to injury in late April 2026, with no specific details given about what the injury was. Since the season has since finished with no further update, and nothing on record suggested a long-term issue, they're presumed to have recovered by now under our default assumption for undetailed, non-serious reports - but this hasn't been individually confirmed, so treat it as a reasonable working assumption rather than a certainty. Best checked against recent squad appearances.",unknown,2026-04-26,unspecified,unspecified,low,2026-04-26,unknown_potentially_injured,yes,RugbyPass injury-list audit,2026-04-26,https://www.rugbypass.com/news/the-mind-blowing-injury-lists-mounting-up-across-prem-and-urc/,On club unavailable-for-selection list 26 Apr 2026; not re-verified since (stale >6 weeks) - pre-season re-check required.
PREM,Newcastle Red Bulls,Eduardo Bello,Likely Healthy (Unconfirmed),"Was reported unavailable due to injury in late April 2026, with no specific details given about what the injury was. Since the season has since finished with no further update, and nothing on record suggested a long-term issue, they're presumed to have recovered by now under our default assumption for undetailed, non-serious reports - but this hasn't been individually confirmed, so treat it as a reasonable working assumption rather than a certainty. Best checked against recent squad appearances.",unknown,2026-04-26,unspecified,unspecified,low,2026-04-26,unknown_potentially_injured,yes,RugbyPass injury-list audit,2026-04-26,https://www.rugbypass.com/news/the-mind-blowing-injury-lists-mounting-up-across-prem-and-urc/,On club unavailable-for-selection list 26 Apr 2026; not re-verified since (stale >6 weeks) - pre-season re-check required.
PREM,Newcastle Red Bulls,Max Clark,Likely Healthy (Unconfirmed),"Was reported unavailable due to injury in late April 2026, with no specific details given about what the injury was. Since the season has since finished with no further update, and nothing on record suggested a long-term issue, they're presumed to have recovered by now under our default assumption for undetailed, non-serious reports - but this hasn't been individually confirmed, so treat it as a reasonable working assumption rather than a certainty. Best checked against recent squad appearances.",unknown,2026-04-26,unspecified,unspecified,low,2026-04-26,unknown_potentially_injured,yes,RugbyPass injury-list audit,2026-04-26,https://www.rugbypass.com/news/the-mind-blowing-injury-lists-mounting-up-across-prem-and-urc/,On club unavailable-for-selection list 26 Apr 2026; not re-verified since (stale >6 weeks) - pre-season re-check required.
PREM,Newcastle Red Bulls,Luan de Bruin,Likely Healthy (Unconfirmed),"Was reported unavailable due to injury in late April 2026, with no specific details given about what the injury was. Since the season has since finished with no further update, and nothing on record suggested a long-term issue, they're presumed to have recovered by now under our default assumption for undetailed, non-serious reports - but this hasn't been individually confirmed, so treat it as a reasonable working assumption rather than a certainty. Best checked against recent squad appearances.",unknown,2026-04-26,unspecified,unspecified,low,2026-04-26,unknown_potentially_injured,yes,RugbyPass injury-list audit,2026-04-26,https://www.rugbypass.com/news/the-mind-blowing-injury-lists-mounting-up-across-prem-and-urc/,On club unavailable-for-selection list 26 Apr 2026; not re-verified since (stale >6 weeks) - pre-season re-check required.
PREM,Newcastle Red Bulls,Connor Doherty,Likely Healthy (Unconfirmed),"Was reported unavailable due to injury in late April 2026, with no specific details given about what the injury was. Since the season has since finished with no further update, and nothing on record suggested a long-term issue, they're presumed to have recovered by now under our default assumption for undetailed, non-serious reports - but this hasn't been individually confirmed, so treat it as a reasonable working assumption rather than a certainty. Best checked against recent squad appearances.",unknown,2026-04-26,unspecified,unspecified,low,2026-04-26,unknown_potentially_injured,yes,RugbyPass injury-list audit,2026-04-26,https://www.rugbypass.com/news/the-mind-blowing-injury-lists-mounting-up-across-prem-and-urc/,On club unavailable-for-selection list 26 Apr 2026; not re-verified since (stale >6 weeks) - pre-season re-check required.
PREM,Newcastle Red Bulls,Ethan Grayson,Likely Healthy (Unconfirmed),"Was reported unavailable due to injury in late April 2026, with no specific details given about what the injury was. Since the season has since finished with no further update, and nothing on record suggested a long-term issue, they're presumed to have recovered by now under our default assumption for undetailed, non-serious reports - but this hasn't been individually confirmed, so treat it as a reasonable working assumption rather than a certainty. Best checked against recent squad appearances.",unknown,2026-04-26,unspecified,unspecified,low,2026-04-26,unknown_potentially_injured,yes,RugbyPass injury-list audit,2026-04-26,https://www.rugbypass.com/news/the-mind-blowing-injury-lists-mounting-up-across-prem-and-urc/,On club unavailable-for-selection list 26 Apr 2026; not re-verified since (stale >6 weeks) - pre-season re-check required.
PREM,Newcastle Red Bulls,Joel Grayson,Likely Healthy (Unconfirmed),"Was reported unavailable due to injury in late April 2026, with no specific details given about what the injury was. Since the season has since finished with no further update, and nothing on record suggested a long-term issue, they're presumed to have recovered by now under our default assumption for undetailed, non-serious reports - but this hasn't been individually confirmed, so treat it as a reasonable working assumption rather than a certainty. Best checked against recent squad appearances.",unknown,2026-04-26,unspecified,unspecified,low,2026-04-26,unknown_potentially_injured,yes,RugbyPass injury-list audit,2026-04-26,https://www.rugbypass.com/news/the-mind-blowing-injury-lists-mounting-up-across-prem-and-urc/,On club unavailable-for-selection list 26 Apr 2026; not re-verified since (stale >6 weeks) - pre-season re-check required.
PREM,Newcastle Red Bulls,Callum Hancock,Likely Healthy (Unconfirmed),"Was reported unavailable due to injury in late April 2026, with no specific details given about what the injury was. Since the season has since finished with no further update, and nothing on record suggested a long-term issue, they're presumed to have recovered by now under our default assumption for undetailed, non-serious reports - but this hasn't been individually confirmed, so treat it as a reasonable working assumption rather than a certainty. Best checked against recent squad appearances.",unknown,2026-04-26,unspecified,unspecified,low,2026-04-26,unknown_potentially_injured,yes,RugbyPass injury-list audit,2026-04-26,https://www.rugbypass.com/news/the-mind-blowing-injury-lists-mounting-up-across-prem-and-urc/,On club unavailable-for-selection list 26 Apr 2026; not re-verified since (stale >6 weeks) - pre-season re-check required.
PREM,Newcastle Red Bulls,Connor Hancock,Likely Healthy (Unconfirmed),"Was reported unavailable due to injury in late April 2026, with no specific details given about what the injury was. Since the season has since finished with no further update, and nothing on record suggested a long-term issue, they're presumed to have recovered by now under our default assumption for undetailed, non-serious reports - but this hasn't been individually confirmed, so treat it as a reasonable working assumption rather than a certainty. Best checked against recent squad appearances.",unknown,2026-04-26,unspecified,unspecified,low,2026-04-26,unknown_potentially_injured,yes,RugbyPass injury-list audit,2026-04-26,https://www.rugbypass.com/news/the-mind-blowing-injury-lists-mounting-up-across-prem-and-urc/,On club unavailable-for-selection list 26 Apr 2026; not re-verified since (stale >6 weeks) - pre-season re-check required.
PREM,Newcastle Red Bulls,Elvis Kitenge-Fuki,Likely Healthy (Unconfirmed),"Was reported unavailable due to injury in late April 2026, with no specific details given about what the injury was. Since the season has since finished with no further update, and nothing on record suggested a long-term issue, they're presumed to have recovered by now under our default assumption for undetailed, non-serious reports - but this hasn't been individually confirmed, so treat it as a reasonable working assumption rather than a certainty. Best checked against recent squad appearances.",unknown,2026-04-26,unspecified,unspecified,low,2026-04-26,unknown_potentially_injured,yes,RugbyPass injury-list audit,2026-04-26,https://www.rugbypass.com/news/the-mind-blowing-injury-lists-mounting-up-across-prem-and-urc/,On club unavailable-for-selection list 26 Apr 2026; not re-verified since (stale >6 weeks) - pre-season re-check required.
PREM,Newcastle Red Bulls,Freddie Lockwood,Likely Healthy (Unconfirmed),"Was reported unavailable due to injury in late April 2026, with no specific details given about what the injury was. Since the season has since finished with no further update, and nothing on record suggested a long-term issue, they're presumed to have recovered by now under our default assumption for undetailed, non-serious reports - but this hasn't been individually confirmed, so treat it as a reasonable working assumption rather than a certainty. Best checked against recent squad appearances.",unknown,2026-04-26,unspecified,unspecified,low,2026-04-26,unknown_potentially_injured,yes,RugbyPass injury-list audit,2026-04-26,https://www.rugbypass.com/news/the-mind-blowing-injury-lists-mounting-up-across-prem-and-urc/,On club unavailable-for-selection list 26 Apr 2026; not re-verified since (stale >6 weeks) - pre-season re-check required.
PREM,Newcastle Red Bulls,Amanaki Mafi,Likely Healthy (Unconfirmed),"Was reported unavailable due to injury in late April 2026, with no specific details given about what the injury was. Since the season has since finished with no further update, and nothing on record suggested a long-term issue, they're presumed to have recovered by now under our default assumption for undetailed, non-serious reports - but this hasn't been individually confirmed, so treat it as a reasonable working assumption rather than a certainty. Best checked against recent squad appearances.",unknown,2026-04-26,unspecified,unspecified,low,2026-04-26,unknown_potentially_injured,yes,RugbyPass injury-list audit,2026-04-26,https://www.rugbypass.com/news/the-mind-blowing-injury-lists-mounting-up-across-prem-and-urc/,On club unavailable-for-selection list 26 Apr 2026; not re-verified since (stale >6 weeks) - pre-season re-check required.
PREM,Newcastle Red Bulls,George McGuigan,Likely Healthy (Unconfirmed),"Was reported unavailable due to injury in late April 2026, with no specific details given about what the injury was. Since the season has since finished with no further update, and nothing on record suggested a long-term issue, they're presumed to have recovered by now under our default assumption for undetailed, non-serious reports - but this hasn't been individually confirmed, so treat it as a reasonable working assumption rather than a certainty. Best checked against recent squad appearances.",unknown,2026-04-26,unspecified,unspecified,low,2026-04-26,unknown_potentially_injured,yes,RugbyPass injury-list audit,2026-04-26,https://www.rugbypass.com/news/the-mind-blowing-injury-lists-mounting-up-across-prem-and-urc/,On club unavailable-for-selection list 26 Apr 2026; not re-verified since (stale >6 weeks) - pre-season re-check required.
PREM,Newcastle Red Bulls,Cameron Neild,Likely Healthy (Unconfirmed),"Was reported unavailable due to injury in late April 2026, with no specific details given about what the injury was. Since the season has since finished with no further update, and nothing on record suggested a long-term issue, they're presumed to have recovered by now under our default assumption for undetailed, non-serious reports - but this hasn't been individually confirmed, so treat it as a reasonable working assumption rather than a certainty. Best checked against recent squad appearances.",unknown,2026-04-26,unspecified,unspecified,low,2026-04-26,unknown_potentially_injured,yes,RugbyPass injury-list audit,2026-04-26,https://www.rugbypass.com/news/the-mind-blowing-injury-lists-mounting-up-across-prem-and-urc/,On club unavailable-for-selection list 26 Apr 2026; not re-verified since (stale >6 weeks) - pre-season re-check required.
PREM,Newcastle Red Bulls,Oli Spencer,Likely Healthy (Unconfirmed),"Was reported unavailable due to injury in late April 2026, with no specific details given about what the injury was. Since the season has since finished with no further update, and nothing on record suggested a long-term issue, they're presumed to have recovered by now under our default assumption for undetailed, non-serious reports - but this hasn't been individually confirmed, so treat it as a reasonable working assumption rather than a certainty. Best checked against recent squad appearances.",unknown,2026-04-26,unspecified,unspecified,low,2026-04-26,unknown_potentially_injured,yes,RugbyPass injury-list audit,2026-04-26,https://www.rugbypass.com/news/the-mind-blowing-injury-lists-mounting-up-across-prem-and-urc/,On club unavailable-for-selection list 26 Apr 2026; not re-verified since (stale >6 weeks) - pre-season re-check required.
PREM,Newcastle Red Bulls,Oscar Usher,Likely Healthy (Unconfirmed),"Was reported unavailable due to injury in late April 2026, with no specific details given about what the injury was. Since the season has since finished with no further update, and nothing on record suggested a long-term issue, they're presumed to have recovered by now under our default assumption for undetailed, non-serious reports - but this hasn't been individually confirmed, so treat it as a reasonable working assumption rather than a certainty. Best checked against recent squad appearances.",unknown,2026-04-26,unspecified,unspecified,low,2026-04-26,unknown_potentially_injured,yes,RugbyPass injury-list audit,2026-04-26,https://www.rugbypass.com/news/the-mind-blowing-injury-lists-mounting-up-across-prem-and-urc/,On club unavailable-for-selection list 26 Apr 2026; not re-verified since (stale >6 weeks) - pre-season re-check required.
PREM,Northampton Saints,Alex Coles,Likely Healthy (Unconfirmed),"Was reported unavailable due to injury in late April 2026, with no specific details given about what the injury was. Since the season has since finished with no further update, and nothing on record suggested a long-term issue, they're presumed to have recovered by now under our default assumption for undetailed, non-serious reports - but this hasn't been individually confirmed, so treat it as a reasonable working assumption rather than a certainty. Best checked against recent squad appearances. Northampton went on to win the Premiership final on 20 June, so some of this group may well have featured in that run-in.",unknown,2026-04-26,unspecified,unspecified,low,2026-04-26,unknown_potentially_injured,yes,RugbyPass injury-list audit,2026-04-26,https://www.rugbypass.com/news/the-mind-blowing-injury-lists-mounting-up-across-prem-and-urc/,On club unavailable-for-selection list 26 Apr 2026; not re-verified since (stale >6 weeks) - pre-season re-check required. Saints won the Prem final 20 Jun - some of these likely returned during the run-in; check final team sheets.
PREM,Northampton Saints,Trevor Davison,Potential Injury,Still confirmed rehabbing an existing injury as of Northampton's team news ahead of their 5 Sep 2026 PREM Rugby Cup match against Saracens - one of ten players unavailable for that fixture. Specific injury type/body part not disclosed.,unknown - still in rehab as of early Sep 2026,,"unspecified (rehab, ongoing)",unspecified,medium,2026-09-18,unknown_potentially_injured,no,RugbyPass,2026-09-04,https://www.rugbypass.com/news/anthony-belleau-injury-opens-door-for-teenage-debut-at-northampton/,"Updated 2026-09-18 (incremental sweep): the generic Apr 2026 presumption-rule status no longer applies - confirmed still out via a dated (4 Sep 2026) team-news report. Reclassified from Likely Healthy (Unconfirmed) to Potential Injury; presumption_rule_applied set back to no since we now have a specific, current confirmation of ongoing unavailability rather than an absence of information."
PREM,Northampton Saints,George Furbank,Injured,"Suffered appendicitis; hospitalised evening of 3 Jul 2026 after England's captain's run in Johannesburg, had emergency appendix surgery 4 Jul, ruled out of the Nations Championship opener vs South Africa and subsequently ruled out of the rest of England's summer internationals. Note: Furbank has also since agreed to join Harlequins for 2026/27.",out for rest of England's summer tour; club return date unconfirmed,2026-07-03,surgery (appendectomy),abdomen/appendix,high,2026-07-06,injured,no,Sky Sports,2026-07-04,https://www.skysports.com/rugby-union/news/12321/13560345/george-furbank-england-full-back-out-of-nations-championship-opener-vs-south-africa-with-appendicitis,STALE/HISTORICAL as of 2026-09-18 - Furbank has now transferred to Harlequins for 2026/27 (confirmed 8 Apr 2026) and has recovered from the appendicitis. Left as historical per playbook SS5; see new Harlequins row for his current club/status.
PREM,Northampton Saints,Tom James,Likely Healthy (Unconfirmed),"Was reported unavailable due to injury in late April 2026, with no specific details given about what the injury was. Since the season has since finished with no further update, and nothing on record suggested a long-term issue, they're presumed to have recovered by now under our default assumption for undetailed, non-serious reports - but this hasn't been individually confirmed, so treat it as a reasonable working assumption rather than a certainty. Best checked against recent squad appearances. Northampton went on to win the Premiership final on 20 June, so some of this group may well have featured in that run-in.",unknown,2026-04-26,unspecified,unspecified,low,2026-04-26,unknown_potentially_injured,yes,RugbyPass injury-list audit,2026-04-26,https://www.rugbypass.com/news/the-mind-blowing-injury-lists-mounting-up-across-prem-and-urc/,On club unavailable-for-selection list 26 Apr 2026; not re-verified since (stale >6 weeks) - pre-season re-check required. Saints won the Prem final 20 Jun - some of these likely returned during the run-in; check final team sheets.
PREM,Northampton Saints,Curtis Langdon,Likely Healthy (Unconfirmed),"Was reported unavailable due to injury in late April 2026, with no specific details given about what the injury was. Since the season has since finished with no further update, and nothing on record suggested a long-term issue, they're presumed to have recovered by now under our default assumption for undetailed, non-serious reports - but this hasn't been individually confirmed, so treat it as a reasonable working assumption rather than a certainty. Best checked against recent squad appearances. Northampton went on to win the Premiership final on 20 June, so some of this group may well have featured in that run-in.",unknown,2026-04-26,unspecified,unspecified,low,2026-04-26,unknown_potentially_injured,yes,RugbyPass injury-list audit,2026-04-26,https://www.rugbypass.com/news/the-mind-blowing-injury-lists-mounting-up-across-prem-and-urc/,On club unavailable-for-selection list 26 Apr 2026; not re-verified since (stale >6 weeks) - pre-season re-check required. Saints won the Prem final 20 Jun - some of these likely returned during the run-in; check final team sheets.
PREM,Northampton Saints,Henry Lumley,Potential Injury,Carrying a knock and not considered for selection as of Northampton's team news ahead of their 5 Sep 2026 PREM Rugby Cup match against Saracens - one of ten players unavailable for that fixture. Specific injury type/body part not disclosed.,unknown - unavailable as of early Sep 2026,,unspecified (knock),unspecified,low,2026-09-18,unknown_potentially_injured,no,RugbyPass,2026-09-04,https://www.rugbypass.com/news/anthony-belleau-injury-opens-door-for-teenage-debut-at-northampton/,"Updated 2026-09-18 (incremental sweep): reclassified from Likely Healthy (Unconfirmed) to Potential Injury on confirmation he was still unavailable (""various knocks"") for the 5 Sep 2026 fixture. Low confidence given the vagueness - recheck next sweep."
PREM,Northampton Saints,Tom Pearson,Likely Healthy (Unconfirmed),"Was reported unavailable due to injury in late April 2026, with no specific details given about what the injury was. Since the season has since finished with no further update, and nothing on record suggested a long-term issue, they're presumed to have recovered by now under our default assumption for undetailed, non-serious reports - but this hasn't been individually confirmed, so treat it as a reasonable working assumption rather than a certainty. Best checked against recent squad appearances. Northampton went on to win the Premiership final on 20 June, so some of this group may well have featured in that run-in.",unknown,2026-04-26,unspecified,unspecified,low,2026-04-26,unknown_potentially_injured,yes,RugbyPass injury-list audit,2026-04-26,https://www.rugbypass.com/news/the-mind-blowing-injury-lists-mounting-up-across-prem-and-urc/,On club unavailable-for-selection list 26 Apr 2026; not re-verified since (stale >6 weeks) - pre-season re-check required. Saints won the Prem final 20 Jun - some of these likely returned during the run-in; check final team sheets.
PREM,Northampton Saints,James Ramm,Likely Healthy (Unconfirmed),"Was reported unavailable due to injury in late April 2026, with no specific details given about what the injury was. Since the season has since finished with no further update, and nothing on record suggested a long-term issue, they're presumed to have recovered by now under our default assumption for undetailed, non-serious reports - but this hasn't been individually confirmed, so treat it as a reasonable working assumption rather than a certainty. Best checked against recent squad appearances. Northampton went on to win the Premiership final on 20 June, so some of this group may well have featured in that run-in.",unknown,2026-04-26,unspecified,unspecified,low,2026-04-26,unknown_potentially_injured,yes,RugbyPass injury-list audit,2026-04-26,https://www.rugbypass.com/news/the-mind-blowing-injury-lists-mounting-up-across-prem-and-urc/,On club unavailable-for-selection list 26 Apr 2026; not re-verified since (stale >6 weeks) - pre-season re-check required. Saints won the Prem final 20 Jun - some of these likely returned during the run-in; check final team sheets.
PREM,Northampton Saints,Freddie St John,Likely Healthy (Unconfirmed),"Was reported unavailable due to injury in late April 2026, with no specific details given about what the injury was. Since the season has since finished with no further update, and nothing on record suggested a long-term issue, they're presumed to have recovered by now under our default assumption for undetailed, non-serious reports - but this hasn't been individually confirmed, so treat it as a reasonable working assumption rather than a certainty. Best checked against recent squad appearances. Northampton went on to win the Premiership final on 20 June, so some of this group may well have featured in that run-in.",unknown,2026-04-26,unspecified,unspecified,low,2026-04-26,unknown_potentially_injured,yes,RugbyPass injury-list audit,2026-04-26,https://www.rugbypass.com/news/the-mind-blowing-injury-lists-mounting-up-across-prem-and-urc/,On club unavailable-for-selection list 26 Apr 2026; not re-verified since (stale >6 weeks) - pre-season re-check required. Saints won the Prem final 20 Jun - some of these likely returned during the run-in; check final team sheets.
PREM,Northampton Saints,Edoardo Todaro,Potential Injury,Still confirmed rehabbing an existing injury as of Northampton's team news ahead of their 5 Sep 2026 PREM Rugby Cup match against Saracens - one of ten players unavailable for that fixture. Specific injury type/body part not disclosed.,unknown - still in rehab as of early Sep 2026,,"unspecified (rehab, ongoing)",unspecified,medium,2026-09-18,unknown_potentially_injured,no,RugbyPass,2026-09-04,https://www.rugbypass.com/news/anthony-belleau-injury-opens-door-for-teenage-debut-at-northampton/,"Updated 2026-09-18 (incremental sweep): the generic Apr 2026 presumption-rule status no longer applies - confirmed still out via a dated (4 Sep 2026) team-news report. Reclassified from Likely Healthy (Unconfirmed) to Potential Injury; presumption_rule_applied set back to no since we now have a specific, current confirmation of ongoing unavailability rather than an absence of information."
PREM,Northampton Saints,JJ van der Mescht,Likely Healthy (Unconfirmed),"Was reported unavailable due to injury in late April 2026, with no specific details given about what the injury was. Since the season has since finished with no further update, and nothing on record suggested a long-term issue, they're presumed to have recovered by now under our default assumption for undetailed, non-serious reports - but this hasn't been individually confirmed, so treat it as a reasonable working assumption rather than a certainty. Best checked against recent squad appearances. Northampton went on to win the Premiership final on 20 June, so some of this group may well have featured in that run-in.",unknown,2026-04-26,unspecified,unspecified,low,2026-04-26,unknown_potentially_injured,yes,RugbyPass injury-list audit,2026-04-26,https://www.rugbypass.com/news/the-mind-blowing-injury-lists-mounting-up-across-prem-and-urc/,On club unavailable-for-selection list 26 Apr 2026; not re-verified since (stale >6 weeks) - pre-season re-check required. Saints won the Prem final 20 Jun - some of these likely returned during the run-in; check final team sheets.
PREM,Northampton Saints,Charlie Ulcoq,Likely Healthy (Unconfirmed),"Was reported unavailable due to injury in late April 2026, with no specific details given about what the injury was. Since the season has since finished with no further update, and nothing on record suggested a long-term issue, they're presumed to have recovered by now under our default assumption for undetailed, non-serious reports - but this hasn't been individually confirmed, so treat it as a reasonable working assumption rather than a certainty. Best checked against recent squad appearances. Northampton went on to win the Premiership final on 20 June, so some of this group may well have featured in that run-in.",unknown,2026-04-26,unspecified,unspecified,low,2026-04-26,unknown_potentially_injured,yes,RugbyPass injury-list audit,2026-04-26,https://www.rugbypass.com/news/the-mind-blowing-injury-lists-mounting-up-across-prem-and-urc/,On club unavailable-for-selection list 26 Apr 2026; not re-verified since (stale >6 weeks) - pre-season re-check required. Saints won the Prem final 20 Jun - some of these likely returned during the run-in; check final team sheets.
PREM,Northampton Saints,Alex Mitchell,Potential Injury,"Hamstring issue originally from the Six Nations, reaggravated playing for England against Fiji in July 2026 and has been managed carefully since. As of 9 Sep 2026, Director of Rugby Phil Dowson said Mitchell is 'back in training really well' and expressed confidence he will be fit for Northampton's PREM season opener against Newcastle Red Bulls on 25 Sep 2026, though the club is still 'managing him' to mitigate reaggravation risk.","targeting PREM opener vs Newcastle Red Bulls, 25 Sep 2026",2026-07-01,"soft tissue (hamstring, recurring)",hamstring,high,2026-09-18,unknown_potentially_injured,no,RugbyPass,2026-09-09,https://www.rugbypass.com/news/phil-dowson-provides-update-on-alex-mitchell-and-archie-mcparland-after-england-setback-northampton-saints/,"Updated 2026-09-18 (incremental sweep): concrete new update found (9 Sep 2026) - back in training, targeting the 25 Sep opener but not yet match-fit. Reclassified from Injured to Potential Injury given the specific, dated, positive-trending evidence (previous row only had a vague ""doubt for Jul window"" note)."
PREM,Northampton Saints,Elliot Millar Mills,Injured,"Sustained a calf injury early in Scotland's 47-38 win over Argentina in Cordoba (4 Jul 2026), unable to continue after the second scrum. Flew home from Scotland's tour the following day; Gregor Townsend confirmed the injury is tour-ending, ruling him out of the remaining Nations Championship Tests against South Africa and Fiji.","unknown - tour-ending, ruled out of remaining Nations Championship Tests",2026-07-04,soft tissue,calf,high,2026-07-09,injured,no,The Offside Line / Northampton Chronicle,2026-07-07,https://www.theoffsideline.com/elliot-millar-mills-flies-home-as-finn-russell-closes-in-on-scotland-return-versus-south-africa/,"STALE/HISTORICAL as of 2026-09-18 - Millar Mills has now transferred to Newcastle Red Bulls for 2026/27 (two-year deal, confirmed) and has recovered from the calf injury (made his Newcastle debut in Sep 2026). Left as historical per playbook SS5; see new Newcastle Red Bulls row for his current club/status."
PREM,Sale Sharks,Tom Curry,Healthy,Recovered from a calf injury and made his first start since January on 15 May.,returned 2026-05-17,2026-01-24,soft tissue,calf,high,2026-05-15,healthy,no,Sale Sharks official team news,2026-05-15,https://www.salesharks.com/2026/05/15/team-news-sharks-v-leicester-tigers/,"Club team news: fit again, first start since Jan - resolved"
PREM,Sale Sharks,Raffi Quirke,Healthy,Recovered from a hamstring injury in time to start on 15 May.,returned 2026-05-17,2026-04-01,soft tissue,hamstring,high,2026-05-15,healthy,no,Sale Sharks official team news,2026-05-15,https://www.salesharks.com/2026/05/15/team-news-sharks-v-leicester-tigers/,Club team news: recovered from hamstring - resolved
PREM,Sale Sharks,Ben Curry,Likely Healthy (Unconfirmed),"Was reported unavailable due to injury in late April 2026, with no specific details given about what the injury was. Since the season has since finished with no further update, and nothing on record suggested a long-term issue, they're presumed to have recovered by now under our default assumption for undetailed, non-serious reports - but this hasn't been individually confirmed, so treat it as a reasonable working assumption rather than a certainty. Best checked against recent squad appearances.",unknown,2026-04-26,unspecified,unspecified,low,2026-04-26,unknown_potentially_injured,yes,RugbyPass injury-list audit,2026-04-26,https://www.rugbypass.com/news/the-mind-blowing-injury-lists-mounting-up-across-prem-and-urc/,On club unavailable-for-selection list 26 Apr 2026; not re-verified since (stale >6 weeks) - pre-season re-check required.
PREM,Sale Sharks,Bevan Rodd,Injured,Suffered a dislocated shoulder playing for Sale in their 26-17 win over Harlequins (4 Apr 2026); had it put back in at the Twickenham Stoop and underwent surgery. Ruled out for the remainder of the 2025-26 season with an initial 14-16 week recovery timeline (into the 2026/27 pre-season). Not included in England's provisional 42-man training-camp squad for the summer internationals as a result.,2026/27 pre-season (14-16 week recovery from 4 Apr surgery),2026-04-04,dislocation (surgery),shoulder,high,2026-07-09,injured,no,RugbyPass / iomtoday.co.im / Yahoo Sports,2026-04-07,https://www.rugbypass.com/news/bevan-rodd-becomes-latest-england-player-at-sale-to-suffer-injury-setback/,"Updated 2026-07-09: baseline row carried the generic 26 Apr presumption-rule text ('no specific details'), but a specific, well-documented injury (dislocated shoulder, surgery, season-ending, explicit 14-16 week timeline, confirmed excluded from England's summer squad) was found - per playbook SS4 the presumption rule must NOT apply here. Reclassified from 'Likely Healthy (Unconfirmed)' to 'Injured.'"
PREM,Sale Sharks,Luke Cowan-Dickie,Likely Healthy (Unconfirmed),"England's Jul 2026 Nations Championship window (through 18 Jul) ended over two months ago and the PREM season has since started. He was already back playing for England before the window even closed (4 Jul), so there is no reason to think he remained unavailable, but no explicit report confirming his return to Sale training/matchday squad specifically was found this sweep.","unknown - England window long since ended, presumed available",,,,low,2026-09-18,unknown_potentially_injured,no,England NC squad / no negative reporting found,2026-07-18,https://www.englandrugby.com/follow/news-and-media/england-squad-named-nations-championship-2026,Updated 2026-09-18 (incremental sweep): Jul window long lapsed and he was already playing for England before it closed; no fresh Sep 2026 confirmation of his Sale return found (only a stale Oct 2025 article surfaced in search). Reclassified from International Duty to Likely Healthy (Unconfirmed) rather than a full Healthy given the lack of a current source - recheck next sweep.
PREM,Sale Sharks,Rob du Preez,Likely Healthy (Unconfirmed),"Was reported unavailable due to injury in late April 2026, with no specific details given about what the injury was. Since the season has since finished with no further update, and nothing on record suggested a long-term issue, they're presumed to have recovered by now under our default assumption for undetailed, non-serious reports - but this hasn't been individually confirmed, so treat it as a reasonable working assumption rather than a certainty. Best checked against recent squad appearances.",unknown,2026-04-26,unspecified,unspecified,low,2026-04-26,unknown_potentially_injured,yes,RugbyPass injury-list audit,2026-04-26,https://www.rugbypass.com/news/the-mind-blowing-injury-lists-mounting-up-across-prem-and-urc/,On club unavailable-for-selection list 26 Apr 2026; not re-verified since (stale >6 weeks) - pre-season re-check required.
PREM,Saracens,(no players identified),,,,,,,,2026-07-02,coverage_gap,no,Sweep note,2026-07-02,,No current injury data captured for Saracens in this sweep despite the club running per-match SQUAD UPDATE posts - fill from saracens.com archive before publishing
PREM,Saracens,Rhys Carre,Likely Healthy (Unconfirmed),Wales's Jul 2026 Nations Championship window (through 18 Jul) ended over two months ago and the PREM season has since started. Saracens are a known low-coverage club for injury reporting (see playbook SS6); no news of any kind (positive or negative) found for him this sweep beyond old pre-2026 archive material.,"unknown - Wales window long since ended, presumed available",,,,low,2026-09-18,unknown_potentially_injured,no,Wales NC squad (30 Jun) / no negative reporting found,2026-06-30,https://nation.cymru/sport/dafydd-jenkins-out-of-wales-nations-championship-matches-due-to-shoulder-injury/,Updated 2026-09-18 (incremental sweep): Jul window long lapsed; Saracens remain a known coverage-gap club (playbook SS6) so no fresh confirmation was found either way. Reclassified from International Duty to Likely Healthy (Unconfirmed) rather than a full Healthy given the total absence of current sourcing.
URC,Leinster,Caelan Doris,Injured,"Recovering from foot and knee surgery; head coach Leo Cullen said the recovery has been 'slow' and that he did not expect his captain to be back before November, and was uncertain whether Doris would be fit for the Nations Championship.",not before November 2026,2026-06-19,surgery (foot and knee),foot/knee,high,2026-09-18,injured,no,Irish Times (Leo Cullen pre-season press conference),2026-09-14,https://www.irishtimes.com/sport/rugby/2026/09/14/leo-cullen-we-wont-be-taking-bullshit-off-anybody-this-year-nobody-none-of-our-players-nobody/,"Updated 2026-09-18 sweep: still out; recovery from foot/knee surgery described as slow, Cullen not expecting him back before November 2026. injury_type upgraded from unspecified to surgery (foot and knee) per this source."
URC,Leinster,Tommy O'Brien,Healthy,"Back in full training as of Leinster's pre-season update (head coach Leo Cullen, 14 Sept 2026), having recovered from the groin injury suffered in the URC final (19 Jun) that ruled him out of Ireland's summer tour.",returned to full training 2026-09-14,2026-06-19,unspecified,groin,high,2026-09-18,healthy,no,Irish Times (Leo Cullen pre-season press conference),2026-09-14,https://www.irishtimes.com/sport/rugby/2026/09/14/leo-cullen-we-wont-be-taking-bullshit-off-anybody-this-year-nobody-none-of-our-players-nobody/,Updated 2026-09-18 sweep: confirmed back training fully. Reclassified from Injured to Healthy.
URC,Leinster,Andrew Porter,Healthy,"Back in full training as of Leinster's pre-season update (head coach Leo Cullen, 14 Sept 2026), having recovered from the calf injury suffered in the URC semi-final vs Stormers.",returned to full training 2026-09-14,2026-06-17,soft tissue,calf,high,2026-09-18,healthy,no,Irish Times (Leo Cullen pre-season press conference),2026-09-14,https://www.irishtimes.com/sport/rugby/2026/09/14/leo-cullen-we-wont-be-taking-bullshit-off-anybody-this-year-nobody-none-of-our-players-nobody/,Updated 2026-09-18 sweep: confirmed back training fully. Reclassified from Injured to Healthy.
URC,Leinster,Ryan Baird,Healthy,"Made a 40-minute pre-season appearance for Leinster (reported 14 Sept 2026 by head coach Leo Cullen) after an injury-afflicted 2025-26 season, marking his return to play.",returned to play (40-min appearance) pre-season Sept 2026,2026-06-17,unspecified,unspecified,high,2026-09-18,healthy,no,Irish Times (Leo Cullen pre-season press conference),2026-09-14,https://www.irishtimes.com/sport/rugby/2026/09/14/leo-cullen-we-wont-be-taking-bullshit-off-anybody-this-year-nobody-none-of-our-players-nobody/,Updated 2026-09-18 sweep: returned to match action (40-min pre-season run-out). Reclassified from Injured to Healthy.
URC,Leinster,Jack Boyle,Injured,"Recovering from an Achilles injury; head coach Leo Cullen said (14 Sept 2026) he will 'be a little bit later on' returning, alongside RG Snyman who has the same injury.",a little bit later on (no firm date),2026-06-17,Achilles,Achilles,high,2026-09-18,injured,no,Irish Times (Leo Cullen pre-season press conference),2026-09-14,https://www.irishtimes.com/sport/rugby/2026/09/14/leo-cullen-we-wont-be-taking-bullshit-off-anybody-this-year-nobody-none-of-our-players-nobody/,Updated 2026-09-18 sweep: specific diagnosis (Achilles) found
URC,Leinster,Paddy McCarthy,Injured,Still unavailable; head coach Leo Cullen said (14 Sept 2026) his recovery will 'probably be a little bit longer than we originally thought.',longer than originally expected (no firm date),2026-06-17,unspecified,unspecified,high,2026-09-18,injured,no,Irish Times (Leo Cullen pre-season press conference),2026-09-14,https://www.irishtimes.com/sport/rugby/2026/09/14/leo-cullen-we-wont-be-taking-bullshit-off-anybody-this-year-nobody-none-of-our-players-nobody/,Updated 2026-09-18 sweep: still out
URC,Leinster,Jordan Larmour,Likely Healthy (Unconfirmed),"Was reported unavailable due to injury in late April 2026, with no specific details given about what the injury was. Since the season has since finished with no further update, and nothing on record suggested a long-term issue, they're presumed to have recovered by now under our default assumption for undetailed, non-serious reports - but this hasn't been individually confirmed, so treat it as a reasonable working assumption rather than a certainty. Best checked against recent squad appearances.",unknown,2026-04-26,unspecified,unspecified,low,2026-04-26,unknown_potentially_injured,yes,RugbyPass injury-list audit,2026-04-26,https://www.rugbypass.com/news/the-mind-blowing-injury-lists-mounting-up-across-prem-and-urc/,On club unavailable-for-selection list 26 Apr 2026; not re-verified since (stale >6 weeks) - pre-season re-check required.
URC,Leinster,Diarmuid Mangan,Likely Healthy (Unconfirmed),"Was reported unavailable due to injury in late April 2026, with no specific details given about what the injury was. Since the season has since finished with no further update, and nothing on record suggested a long-term issue, they're presumed to have recovered by now under our default assumption for undetailed, non-serious reports - but this hasn't been individually confirmed, so treat it as a reasonable working assumption rather than a certainty. Best checked against recent squad appearances.",unknown,2026-04-26,unspecified,unspecified,low,2026-04-26,unknown_potentially_injured,yes,RugbyPass injury-list audit,2026-04-26,https://www.rugbypass.com/news/the-mind-blowing-injury-lists-mounting-up-across-prem-and-urc/,On club unavailable-for-selection list 26 Apr 2026; not re-verified since (stale >6 weeks) - pre-season re-check required.
URC,Leinster,RG Snyman,Injured,"Recovering from an Achilles injury; head coach Leo Cullen said (14 Sept 2026) he will 'be a little bit later on' returning, alongside Jack Boyle who has the same injury.",a little bit later on (no firm date),2026-09-14,Achilles,Achilles,high,2026-09-18,injured,no,Irish Times (Leo Cullen pre-season press conference),2026-09-14,https://www.irishtimes.com/sport/rugby/2026/09/14/leo-cullen-we-wont-be-taking-bullshit-off-anybody-this-year-nobody-none-of-our-players-nobody/,"Updated 2026-09-18 sweep: corrects prior 'Likely Healthy (Unconfirmed)' presumption row - new dated source (14 Sept 2026) found a specific diagnosis (Achilles injury), so presumption rule no longer applies. Reclassified from Likely Healthy (Unconfirmed) to Injured."
URC,Leinster,Alex Usanov,Likely Healthy (Unconfirmed),"Was reported unavailable due to injury in late April 2026, with no specific details given about what the injury was. Since the season has since finished with no further update, and nothing on record suggested a long-term issue, they're presumed to have recovered by now under our default assumption for undetailed, non-serious reports - but this hasn't been individually confirmed, so treat it as a reasonable working assumption rather than a certainty. Best checked against recent squad appearances.",unknown,2026-04-26,unspecified,unspecified,low,2026-04-26,unknown_potentially_injured,yes,RugbyPass injury-list audit,2026-04-26,https://www.rugbypass.com/news/the-mind-blowing-injury-lists-mounting-up-across-prem-and-urc/,On club unavailable-for-selection list 26 Apr 2026; not re-verified since (stale >6 weeks) - pre-season re-check required.
URC,Leinster,James Lowe,Unavailable (Other),"Was reported unavailable in April, but has since announced his retirement from international rugby - this is a career decision, not an injury. His club availability for Leinster isn't affected by this.",permanent (international retirement),2026-04-26,,,high,2026-06-01,unavailable_other,no,RugbyPass injury-list audit,2026-04-26,https://www.rugbypass.com/news/the-mind-blowing-injury-lists-mounting-up-across-prem-and-urc/,"Was on Apr club list; has since announced international retirement (not an injury signal) - not a Test player going forward, club status unclear"
URC,Leinster,Dan Sheehan,Likely Healthy (Unconfirmed),"Was fit and captaining Ireland's summer tour to Australia and New Zealand (through 18 Jul 2026). That international window has now clearly lapsed with the URC season starting 25/26 Sept, and no negative signal (injury or continued absence) was found in this sweep - though no explicit confirmation of a return to Leinster training was found either.",unknown,,,,low,2026-09-18,unknown_potentially_injured,no,IRFU squad announcement via RTE/Irish Times,2026-06-20,https://www.rte.ie/sport/rugby/2026/0620/1579488-blow-for-ireland-as-doris-and-obrien-ruled-out-of-tour/,"Updated 2026-09-18 sweep: Jul 18 Ireland window has clearly lapsed; searched Leinster's 14 Sept 2026 pre-season injury rundown (Irish Times) and general news, found no mention of Sheehan either as injured or returned. Reclassified from International Duty to Likely Healthy (Unconfirmed) per playbook lapsed-window guidance pending a clearer signal next sweep."
URC,Munster,Oli Jager,Retired (Medical),"Announced his retirement from professional rugby on medical grounds on 20 June, following a history of concussions. No longer an active player.",permanent,2026-06-20,concussion history,head,high,2026-06-20,retired_medical,no,Munster Rugby official / RTE,2026-06-20,https://www.munsterrugby.ie/2026/06/20/oli-jager-to-retire-on-medical-grounds/oli-jager-30-9-2025-2/,Medically retired with immediate effect after concussion-related issues; remove from active player pool
URC,Munster,Roman Salanoa,Unavailable (Other),"His Munster contract expired at the end of July 2026 and was not renewed, but he has continued his hamstring rehabilitation at Munster's High Performance Centre through the end of September with the club's support, hoping to return to action for Nenagh Ormond RFC (AIL Division 1B). No longer a contracted Munster player; the club has reportedly left the door open for a possible future return if he proves his fitness.","unknown (targeting AIL/club-level return for Nenagh Ormond, not a Munster contract)",2026-04-01,soft tissue,hamstring,high,2026-09-18,unavailable_other,no,Irish Examiner,2026-07-27,https://www.irishexaminer.com/sport/rugby/arid-41886706.html,"Updated 2026-09-18 sweep: materially different fact - his Munster contract expired late Jul 2026 and was not renewed; he is no longer a contracted Munster player, though still rehabbing at the club's HPC. Reclassified from Potential Injury to Unavailable (Other); kept under Munster as historical per playbook §5 (James Lang/Edinburgh precedent) since not confirmed at a new club."
URC,Munster,Jack Crowley,Injured,"Sidelined since April with a lower-limb vascular injury; assessed by specialists and, per Munster head coach Clayton McMillan (27 Aug 2026), ruled out until the new year (Jan 2027). Will miss Munster's URC opener at home to Glasgow Warriors (26 Sept).",new year (Jan 2027),2026-06-17,vascular,leg (blood vessel),high,2026-09-18,injured,no,RTE / Irish Times / Munster Rugby official (Clayton McMillan),2026-08-27,https://www.rte.ie/sport/rugby/2026/0827/1589448-munster-setback-as-crowley-ruled-out-until-the-new-year/,"Updated 2026-09-18 sweep: Munster confirmed (27 Aug 2026) he is ruled out until the new year, will miss URC Round 1 vs Glasgow. Previously 'no return date confirmed' - expected_return now specified."
URC,Munster,Edwin Edogbo,Injured,"Underwent successful shoulder surgery over the summer; per Munster's official pre-season update (27 Aug 2026), expected to return during the opening block of the 2026-27 URC fixtures.",opening rounds of 2026-27 season,2026-06-17,surgery,shoulder,high,2026-09-18,injured,no,Munster Rugby official / RTE,2026-08-27,https://www.rte.ie/sport/rugby/2026/0827/1589448-munster-setback-as-crowley-ruled-out-until-the-new-year/,Updated 2026-09-18 sweep: body part/injury type upgraded from unspecified to shoulder surgery per Munster's 27 Aug pre-season update; expected back in opening rounds of the season.
URC,Munster,Tom Farrell,Injured,"Underwent successful shoulder surgery over the summer (the shoulder injury picked up vs Ulster in April); per Munster's official pre-season update (27 Aug 2026), expected to return during the opening block of the 2026-27 URC fixtures.",opening rounds of 2026-27 season,2026-04-25,surgery,shoulder,high,2026-09-18,injured,no,Munster Rugby official / RTE,2026-08-27,https://www.rte.ie/sport/rugby/2026/0827/1589448-munster-setback-as-crowley-ruled-out-until-the-new-year/,Updated 2026-09-18 sweep: confirmed surgery over summer per Munster's 27 Aug pre-season update; expected back in opening rounds of the season.
URC,Munster,Calvin Nash,Injured,"Underwent successful hamstring surgery over the summer (the hamstring injury picked up around his 100th Munster cap in April); per Munster's official pre-season update (27 Aug 2026), expected to return during the opening block of the 2026-27 URC fixtures.",opening rounds of 2026-27 season,2026-04-25,surgery,hamstring,high,2026-09-18,injured,no,Munster Rugby official / RTE,2026-08-27,https://www.rte.ie/sport/rugby/2026/0827/1589448-munster-setback-as-crowley-ruled-out-until-the-new-year/,Updated 2026-09-18 sweep: confirmed surgery over summer per Munster's 27 Aug pre-season update; expected back in opening rounds of the season.
URC,Munster,John Ryan,Unavailable (Other),"Retiring from professional rugby after 16 years at Munster. This is a career decision, not an injury.",permanent (retiring),2026-06-21,,,high,2026-06-21,unavailable_other,no,Irish Examiner,2026-06-21,https://www.irishexaminer.com/sport/rugby/arid-41866182.html,"Retiring after 16 years (age, not medical)"
URC,Munster,Jeremy Loughman,Healthy,"Cleared return-to-play concussion protocols after the head knock suffered against Australia (4 Jul); back in full training ahead of the New Zealand Test and available for selection for Ireland's final Nations Championship Test (18 Jul, lost 40-21).",,2026-07-04,concussion,head,high,2026-08-11,healthy,no,RTE / RugbyPass,2026-07-14,https://www.rugbypass.com/news/rob-baloucoune-and-jeremy-loughman-fit-for-irelands-clash-with-new-zealand/,"Updated 2026-08-11: confirmed cleared concussion protocols and fit for the New Zealand Test 18 Jul, per RTE (14 Jul) reporting he was back in full training. Reclassified from Injured to Healthy."
URC,Ulster,Bryn Ward,Injured,"Won his first Ireland cap off the bench against Japan in July, but has since undergone shoulder surgery this off-season and is in a rehab period, expected to miss the start of the 2026-27 season.","unknown (rehab period, start-of-season doubt)",2026-08-11,surgery,shoulder,high,2026-08-19,injured,no,RugbyPass / RTE / Ulster Rugby official,2026-08-11,https://www.rugbypass.com/news/ulster-reveal-summer-surgery-to-iain-henderson-alongside-three-team-mates-bryn-ward-juarno-augustus-jude-postlethwaite/,"Updated 2026-08-19: was International Duty (fit, capped debut vs Japan Jul). Ulster confirmed 11 Aug he has since had off-season shoulder surgery and is in rehab, doubt for start of season. Reclassified from International Duty to Injured per SS1a-style pattern (fit-when-selected, injured after)."
URC,Ulster,Zac Ward,Likely Healthy (Unconfirmed),"Was fit and in Ireland's squad for the summer tour (through 18 Jul 2026), in contention for a first cap. That international window has now clearly lapsed with the URC season starting 25 Sept (Ulster's opener vs Edinburgh). No negative signal found in this sweep - he was Ulster's top try-scorer in 2025-26, suggesting no lingering fitness concern - but no explicit September confirmation of his return to training was found either.",unknown,,,,low,2026-09-18,unknown_potentially_injured,no,IRFU squad announcement via RTE/Irish Times,2026-06-20,https://www.rte.ie/sport/rugby/2026/0620/1579488-blow-for-ireland-as-doris-and-obrien-ruled-out-of-tour/,"Updated 2026-09-18 sweep: Jul 18 Ireland window has clearly lapsed; searched for current status, found no negative or positive September signal. Reclassified from International Duty to Likely Healthy (Unconfirmed) per playbook lapsed-window guidance."
URC,Ulster,Angus Bell,Likely Healthy (Unconfirmed),"Was reported unavailable due to injury in late April 2026, with no specific details given about what the injury was. Since the season has since finished with no further update, and nothing on record suggested a long-term issue, they're presumed to have recovered by now under our default assumption for undetailed, non-serious reports - but this hasn't been individually confirmed, so treat it as a reasonable working assumption rather than a certainty. Best checked against recent squad appearances.",unknown,2026-04-26,unspecified,unspecified,low,2026-04-26,unknown_potentially_injured,yes,RugbyPass injury-list audit,2026-04-26,https://www.rugbypass.com/news/the-mind-blowing-injury-lists-mounting-up-across-prem-and-urc/,On club unavailable-for-selection list 26 Apr 2026; not re-verified since (stale >6 weeks) - pre-season re-check required.
URC,Ulster,Scott Wilson,Likely Healthy (Unconfirmed),"Was reported unavailable due to injury in late April 2026, with no specific details given about what the injury was. Since the season has since finished with no further update, and nothing on record suggested a long-term issue, they're presumed to have recovered by now under our default assumption for undetailed, non-serious reports - but this hasn't been individually confirmed, so treat it as a reasonable working assumption rather than a certainty. Best checked against recent squad appearances.",unknown,2026-04-26,unspecified,unspecified,low,2026-04-26,unknown_potentially_injured,yes,RugbyPass injury-list audit,2026-04-26,https://www.rugbypass.com/news/the-mind-blowing-injury-lists-mounting-up-across-prem-and-urc/,On club unavailable-for-selection list 26 Apr 2026; not re-verified since (stale >6 weeks) - pre-season re-check required.
URC,Ulster,Tom O'Toole,Likely Healthy (Unconfirmed),"Was reported unavailable due to injury in late April 2026, with no specific details given about what the injury was. Since the season has since finished with no further update, and nothing on record suggested a long-term issue, they're presumed to have recovered by now under our default assumption for undetailed, non-serious reports - but this hasn't been individually confirmed, so treat it as a reasonable working assumption rather than a certainty. Best checked against recent squad appearances.",unknown,2026-04-26,unspecified,unspecified,low,2026-04-26,unknown_potentially_injured,yes,RugbyPass injury-list audit,2026-04-26,https://www.rugbypass.com/news/the-mind-blowing-injury-lists-mounting-up-across-prem-and-urc/,On club unavailable-for-selection list 26 Apr 2026; not re-verified since (stale >6 weeks) - pre-season re-check required.
URC,Ulster,James Hume,Likely Healthy (Unconfirmed),"Was reported unavailable due to injury in late April 2026, with no specific details given about what the injury was. Since the season has since finished with no further update, and nothing on record suggested a long-term issue, they're presumed to have recovered by now under our default assumption for undetailed, non-serious reports - but this hasn't been individually confirmed, so treat it as a reasonable working assumption rather than a certainty. Best checked against recent squad appearances.",unknown,2026-04-26,unspecified,unspecified,low,2026-04-26,unknown_potentially_injured,yes,RugbyPass injury-list audit,2026-04-26,https://www.rugbypass.com/news/the-mind-blowing-injury-lists-mounting-up-across-prem-and-urc/,On club unavailable-for-selection list 26 Apr 2026; not re-verified since (stale >6 weeks) - pre-season re-check required.
URC,Ulster,Jude Postlethwaite,Injured,"Was drafted into Ireland's Six Nations squad earlier in 2026 without earning his first cap, and has since undergone knee surgery this off-season; in a rehab period expected to miss the start of the 2026-27 season.","unknown (rehab period, start-of-season doubt)",2026-08-11,surgery,knee,high,2026-08-19,injured,no,RugbyPass / RTE / Ulster Rugby official,2026-08-11,https://www.rugbypass.com/news/ulster-reveal-summer-surgery-to-iain-henderson-alongside-three-team-mates-bryn-ward-juarno-augustus-jude-postlethwaite/,"Updated 2026-08-19: corrects prior 'Likely Healthy (Unconfirmed)' presumption row - new dated source found a specific diagnosis (knee surgery, off-season), so presumption rule no longer applies. Ulster confirmed 11 Aug he's in a rehab period, doubt for start of season."
URC,Ulster,Nick Timoney,Likely Healthy (Unconfirmed),"Was reported unavailable due to injury in late April 2026, with no specific details given about what the injury was. Since the season has since finished with no further update, and nothing on record suggested a long-term issue, they're presumed to have recovered by now under our default assumption for undetailed, non-serious reports - but this hasn't been individually confirmed, so treat it as a reasonable working assumption rather than a certainty. Best checked against recent squad appearances.",unknown,2026-04-26,unspecified,unspecified,low,2026-04-26,unknown_potentially_injured,yes,RugbyPass injury-list audit,2026-04-26,https://www.rugbypass.com/news/the-mind-blowing-injury-lists-mounting-up-across-prem-and-urc/,On club unavailable-for-selection list 26 Apr 2026; not re-verified since (stale >6 weeks) - pre-season re-check required.
URC,Ulster,James McNabney,Healthy,"Made a welcome return to action for Ulster in a pre-season friendly against Edinburgh (4 Sept 2026 at the Hive Stadium), his first match since undergoing ACL surgery and missing the whole of the 2025-26 season.",returned to play 2026-09-04,2026-04-26,ACL reconstruction,knee,high,2026-09-18,healthy,no,The42.ie,2026-09-04,https://www.the42.ie/ulster-edinburgh-pre-season-rugby-7153193-Sep2026/,Updated 2026-09-18 sweep: confirmed match return (pre-season friendly vs Edinburgh
URC,Ulster,Rob Herring,Likely Healthy (Unconfirmed),"Was reported unavailable due to injury in late April 2026, with no specific details given about what the injury was. Since the season has since finished with no further update, and nothing on record suggested a long-term issue, they're presumed to have recovered by now under our default assumption for undetailed, non-serious reports - but this hasn't been individually confirmed, so treat it as a reasonable working assumption rather than a certainty. Best checked against recent squad appearances.",unknown,2026-04-26,unspecified,unspecified,low,2026-04-26,unknown_potentially_injured,yes,RugbyPass injury-list audit,2026-04-26,https://www.rugbypass.com/news/the-mind-blowing-injury-lists-mounting-up-across-prem-and-urc/,On club unavailable-for-selection list 26 Apr 2026; not re-verified since (stale >6 weeks) - pre-season re-check required.
URC,Ulster,Robert Baloucoune,Healthy,"Recovered from the tight hamstring picked up in Ireland's pre-match warm-up before the Australia Test (4 Jul); passed fitness checks in training (14 Jul) and started at right wing for Ireland's final Nations Championship Test against New Zealand (18 Jul, lost 40-21).",,2026-07-04,tight hamstring,hamstring,high,2026-08-11,healthy,no,RTE / Irish Times,2026-07-15,https://www.irishtimes.com/sport/rugby/2026/07/15/ireland-v-new-zealand-jimmy-obrien-to-start-over-jamie-osborne-as-farrell-names-team/,"Updated 2026-08-11: confirmed fit and started for Ireland vs New Zealand 18 Jul (final NC Test of the window), resolving the hamstring issue that had kept him out of the Japan Test. Reclassified from Injured to Healthy."
URC,Ulster,Rory McGuire,Potential Injury,"Sidelined with a shoulder injury, a specific doubt for Ulster's Challenge Cup semi-final vs Exeter (2 May 2026). No confirmation found of his return to match fitness since.",unknown,2026-04-26,shoulder injury,shoulder,medium,2026-07-07,unknown_potentially_injured,no,Irish Examiner / RugbyPass,2026-04-26,https://www.irishexaminer.com/sport/rugby/arid-41832020.html,"Corrects prior row that had presumption_rule_applied=yes with 'no specific details' - new research found a specific diagnosis (shoulder), so per SS4 the presumption rule must NOT apply. Downgraded from 'Likely Healthy (Unconfirmed)' to 'Potential Injury.'"
URC,Ulster,Stewart Moore,Likely Healthy (Unconfirmed),"Was reported unavailable due to injury in late April 2026, with no specific details given about what the injury was. Since the season has since finished with no further update, and nothing on record suggested a long-term issue, they're presumed to have recovered by now under our default assumption for undetailed, non-serious reports - but this hasn't been individually confirmed, so treat it as a reasonable working assumption rather than a certainty. Best checked against recent squad appearances.",unknown,2026-04-26,unspecified,unspecified,low,2026-04-26,unknown_potentially_injured,yes,RugbyPass injury-list audit,2026-04-26,https://www.rugbypass.com/news/the-mind-blowing-injury-lists-mounting-up-across-prem-and-urc/,On club unavailable-for-selection list 26 Apr 2026; not re-verified since (stale >6 weeks) - pre-season re-check required.
URC,Ulster,Iain Henderson,Injured,"Ulster's captain underwent hip surgery this summer (his third career hip operation, after 2014 and 2020) and will be unavailable for a number of months, missing the start of the 2026-27 season.","unknown ('a number of months' from summer surgery; will miss start of season, which opens 25 Sep vs Edinburgh)",2026-08-11,surgery,hip,high,2026-08-19,injured,no,RTE / RugbyPass / Ulster Rugby official,2026-08-11,https://www.rte.ie/sport/rugby/2026/0811/1587446-henderson-out-for-a-number-of-months-after-surgery/,"NEW row (2026-08-19 sweep). Ulster Performance Medicine Team confirmed captain underwent hip surgery this summer; ruled out for start of 2026-27 season. Third hip surgery of career (2014, 2020). Last played May 2026 (sent off vs Stormers) - separate to this surgery."
URC,Ulster,Juarno Augustus,Injured,"Underwent ankle surgery this off-season after being ruled out of test contention for South Africa this summer; in a rehab period alongside Bryn Ward and Jude Postlethwaite, expected to miss the start of the 2026-27 season.","unknown (rehab period, start-of-season doubt)",2026-08-11,surgery,ankle,high,2026-08-19,injured,no,RugbyPass / RTE / Ulster Rugby official,2026-08-11,https://www.rugbypass.com/news/ulster-reveal-summer-surgery-to-iain-henderson-alongside-three-team-mates-bryn-ward-juarno-augustus-jude-postlethwaite/,NEW row (2026-08-19 sweep). Ulster confirmed off-season ankle surgery; ruled out of Springbok test contention this summer. Rehabbing alongside Ward/Postlethwaite.
URC,Connacht,Mack Hansen,Healthy,"Returned to match action, featuring in both of Connacht's pre-season games - away to Vannes (28 Aug) and at home to Ealing Trailfinders (5 Sept) - after missing most of 2025-26 recovering from foot surgery (bone fusion, six screws and a plate).",returned to play (2 pre-season appearances) 2026-08-28/2026-09-05,2026-06-17,surgery,foot,high,2026-09-18,healthy,no,RTE,2026-09-17,https://www.rte.ie/sport/rugby/2026/0909/1590943-hansen-hails-lancaster-as-connacht-target-silverware/,Updated 2026-09-18 sweep: confirmed match returns in both Connacht pre-season fixtures. Reclassified from Injured to Healthy.
URC,Connacht,Shayne Bolton,Healthy,"Started for Connacht against Ealing Trailfinders in pre-season (5 Sept 2026), confirming his recovery.",returned to play (started) 2026-09-05,2026-06-17,unspecified,unspecified,high,2026-09-18,healthy,no,Connacht Rugby official (team announcement),2026-09-04,https://www.connachtrugby.ie/news/team-announcement-connacht-v-ealing-trailfinders/bp3795/,Updated 2026-09-18 sweep: confirmed starting for the 5 Sept 2026 Ealing Trailfinders pre-season match. Reclassified from Injured to Healthy.
URC,Connacht,Josh Ioane,Healthy,"Started at fly-half for Connacht against RC Vannes in pre-season (28 Aug 2026), confirming his fitness.",confirmed fit (started) 2026-08-28,,,,high,2026-09-18,healthy,no,Connacht Rugby official (team announcement),2026-08-27,https://www.connachtrugby.ie/news/team-announcement-rc-vannes-v-connacht/bp3789/,Updated 2026-09-18 sweep: confirmed starting fly-half for the 28 Aug 2026 Vannes pre-season match. Reclassified from Likely Healthy (Unconfirmed) to Healthy (confirmed
URC,Connacht,Oisin McCormack,Likely Healthy (Unconfirmed),"Was reported unavailable due to injury in late April 2026, with no specific details given about what the injury was. Since the season has since finished with no further update, and nothing on record suggested a long-term issue, they're presumed to have recovered by now under our default assumption for undetailed, non-serious reports - but this hasn't been individually confirmed, so treat it as a reasonable working assumption rather than a certainty. Best checked against recent squad appearances.",unknown,2026-04-26,unspecified,unspecified,low,2026-04-26,unknown_potentially_injured,yes,RugbyPass injury-list audit,2026-04-26,https://www.rugbypass.com/news/the-mind-blowing-injury-lists-mounting-up-across-prem-and-urc/,On club unavailable-for-selection list 26 Apr 2026; not re-verified since (stale >6 weeks) - pre-season re-check required.
URC,Connacht,Temi Lasisi,Likely Healthy (Unconfirmed),"Was reported unavailable due to injury in late April 2026, with no specific details given about what the injury was. Since the season has since finished with no further update, and nothing on record suggested a long-term issue, they're presumed to have recovered by now under our default assumption for undetailed, non-serious reports - but this hasn't been individually confirmed, so treat it as a reasonable working assumption rather than a certainty. Best checked against recent squad appearances.",unknown,2026-04-26,unspecified,unspecified,low,2026-04-26,unknown_potentially_injured,yes,RugbyPass injury-list audit,2026-04-26,https://www.rugbypass.com/news/the-mind-blowing-injury-lists-mounting-up-across-prem-and-urc/,On club unavailable-for-selection list 26 Apr 2026; not re-verified since (stale >6 weeks) - pre-season re-check required.
URC,Connacht,Oisin Dowling,Likely Healthy (Unconfirmed),"Was reported unavailable due to injury in late April 2026, with no specific details given about what the injury was. Since the season has since finished with no further update, and nothing on record suggested a long-term issue, they're presumed to have recovered by now under our default assumption for undetailed, non-serious reports - but this hasn't been individually confirmed, so treat it as a reasonable working assumption rather than a certainty. Best checked against recent squad appearances.",unknown,2026-04-26,unspecified,unspecified,low,2026-04-26,unknown_potentially_injured,yes,RugbyPass injury-list audit,2026-04-26,https://www.rugbypass.com/news/the-mind-blowing-injury-lists-mounting-up-across-prem-and-urc/,On club unavailable-for-selection list 26 Apr 2026; not re-verified since (stale >6 weeks) - pre-season re-check required.
URC,Connacht,Caolin Blade,Healthy,"Named among the replacements for Connacht against Ealing Trailfinders in pre-season (5 Sept 2026), confirming his fitness.",confirmed fit (bench) 2026-09-05,,,,high,2026-09-18,healthy,no,Connacht Rugby official (team announcement),2026-09-04,https://www.connachtrugby.ie/news/team-announcement-connacht-v-ealing-trailfinders/bp3795/,Updated 2026-09-18 sweep: confirmed named on the bench for the 5 Sept 2026 Ealing Trailfinders pre-season match. Reclassified from Likely Healthy (Unconfirmed) to Healthy (confirmed
URC,Connacht,David Hawkshaw,Likely Healthy (Unconfirmed),"Was reported unavailable due to injury in late April 2026, with no specific details given about what the injury was. Since the season has since finished with no further update, and nothing on record suggested a long-term issue, they're presumed to have recovered by now under our default assumption for undetailed, non-serious reports - but this hasn't been individually confirmed, so treat it as a reasonable working assumption rather than a certainty. Best checked against recent squad appearances.",unknown,2026-04-26,unspecified,unspecified,low,2026-04-26,unknown_potentially_injured,yes,RugbyPass injury-list audit,2026-04-26,https://www.rugbypass.com/news/the-mind-blowing-injury-lists-mounting-up-across-prem-and-urc/,On club unavailable-for-selection list 26 Apr 2026; not re-verified since (stale >6 weeks) - pre-season re-check required.
URC,Connacht,Byron Ralston,Healthy,"Described as a 'long-term injury absentee' who was named in the starting XV for Connacht's pre-season match against RC Vannes (28 Aug 2026), confirming his return.",returned to play (started) 2026-08-28,,,,high,2026-09-18,healthy,no,Connacht Rugby official (team announcement),2026-08-27,https://www.connachtrugby.ie/news/team-announcement-rc-vannes-v-connacht/bp3789/,Updated 2026-09-18 sweep: confirmed starting for the 28 Aug 2026 Vannes pre-season match
URC,Connacht,Finn Treacy,Healthy,Named in the matchday squad for both of Connacht's pre-season fixtures - replacements vs RC Vannes (28 Aug) and Ealing Trailfinders (5 Sept) - confirming his fitness.,"confirmed fit (bench, 2 appearances) 2026-08-28/2026-09-05",,,,high,2026-09-18,healthy,no,Connacht Rugby official (team announcements),2026-09-04,https://www.connachtrugby.ie/news/team-announcement-connacht-v-ealing-trailfinders/bp3795/,Updated 2026-09-18 sweep: confirmed named on the bench for both pre-season fixtures. Reclassified from Likely Healthy (Unconfirmed) to Healthy.
URC,Glasgow Warriors,George Horne,Likely Healthy (Unconfirmed),"Was named in Scotland's Nations Championship squad (18 Jun 2026) after recovering from a fitness concern ahead of Glasgow's URC semi-final. That international window has now clearly lapsed. No negative signal found in this sweep, but no explicit September confirmation of his return to Glasgow training/squad either.",unknown,2026-06-06,unspecified,unspecified,low,2026-09-18,unknown_potentially_injured,no,Scotland NC squad via The Offside Line,2026-06-18,https://www.theoffsideline.com/scotland-2026-summer-nations-championship-series-squad-announced/,"Updated 2026-09-18 sweep: Scotland Jul window has clearly lapsed; searched Glasgow pre-season squad announcements (Bath/Newcastle Red Bulls), found no mention of Horne either way. Reclassified from International Duty to Likely Healthy (Unconfirmed) per playbook lapsed-window guidance."
URC,Glasgow Warriors,Huw Jones,Healthy,"Returned from a foot injury to feature in Glasgow Warriors' URC semi-final against the Bulls (6 June 2026). Has since confirmed he will join Toulon for the 2026-27 season, ending his second spell at Glasgow.",returned 2026-06-06,2026-04-25,unspecified,foot,high,2026-07-05,healthy,no,The Post / The Scotsman,2026-06-03,https://thepost.co.za/sport/rugby/urc/2026-06-03-glasgow-warriors-have-plan-in-place-for-bulls-as-huw-jones-returns-for-semi-final-clash/,Updated 2026-07-05: returned for URC semi-final vs Bulls 6 Jun. Joining Toulon for 2026-27 (per The Scotsman). Previously Injured (foot).
URC,Glasgow Warriors,Gregor Brown,Likely Healthy (Unconfirmed),"Returned from hamstring/calf issues to play in Glasgow's final regular-season URC fixture (16 May 2026) and was subsequently named in Scotland's Nations Championship squad. That international window has now clearly lapsed. No negative signal found in this sweep, but no explicit September confirmation of his return to Glasgow training/squad either.",unknown,2026-03-07,soft tissue,hamstring then calf,low,2026-09-18,unknown_potentially_injured,no,Scotland NC squad via The Offside Line,2026-06-18,https://www.theoffsideline.com/scotland-2026-summer-nations-championship-series-squad-announced/,"Updated 2026-09-18 sweep: Scotland Jul window has clearly lapsed; searched for current status, found no mention either way. Reclassified from International Duty to Likely Healthy (Unconfirmed) per playbook lapsed-window guidance."
URC,Glasgow Warriors,Jamie Dobie,Healthy,"Had shoulder surgery after the Calcutta Cup in February, but returned to start Glasgow's URC semi-final on 6 June.",returned 2026-06-06,2026-02-14,surgery,shoulder,high,2026-06-06,healthy,no,The Scotsman,2026-06-06,https://www.scotsman.com/sport/rugby-union/glasgow-warriors-injury-news-rugby-bulls-urc-semi-final-george-horne-jamie-dobbie-8661659,Shoulder surgery after Calcutta Cup; started URC semi-final - resolved
URC,Glasgow Warriors,Scott Cummings,Healthy,"Missed several months with a calf injury from the Six Nations, but returned to start Glasgow's URC semi-final.",returned by 2026-06-06,2026-03-07,soft tissue,calf,high,2026-06-06,healthy,no,Planet Rugby semi-final team news,2026-06-06,https://www.planetrugby.com/news/glasgow-warriors-suffer-critical-injury-blow-ahead-of-urc-semi-final-as-scotland-international-ruled-out,Calf injury in Six Nations; started URC semi-final - resolved
URC,Glasgow Warriors,Kyle Steyn,Healthy,Played through a foot stress fracture and captained Glasgow through the URC play-offs in May and June.,returned by 2026-05-08,2026-03-14,fracture,foot (stress fracture),high,2026-06-06,healthy,no,RugbyPass / semi-final team sheet,2026-06-06,https://www.rugbypass.com/news/urc-leaders-glasgow-dealt-major-setback-with-damaging-injury-list-from-six-nations/,Foot stress fracture from Six Nations; captained side in May/June - resolved
URC,Glasgow Warriors,Gregor Hiddleston,Likely Healthy (Unconfirmed),"Was named in Scotland's squad for the summer internationals, fit and uncapped, in contention for a Test debut. That international window has now clearly lapsed. No negative signal found in this sweep, but no explicit September confirmation of his return to Glasgow training/squad either.",unknown,,,,low,2026-09-18,unknown_potentially_injured,no,Glasgow Warriors official,2026-06-09,https://glasgowwarriors.org/news-and-features/,"Updated 2026-09-18 sweep: Scotland Jul window has clearly lapsed; searched for current status, found no mention either way. Reclassified from International Duty to Likely Healthy (Unconfirmed) per playbook lapsed-window guidance."
URC,Glasgow Warriors,Seb Stephen,Likely Healthy (Unconfirmed),"Was named in Scotland's squad for the summer internationals, fit and uncapped, in contention for a Test debut. That international window has now clearly lapsed. No negative signal found in this sweep, but no explicit September confirmation of his return to Glasgow training/squad either.",unknown,,,,low,2026-09-18,unknown_potentially_injured,no,Glasgow Warriors official,2026-06-09,https://glasgowwarriors.org/news-and-features/,"Updated 2026-09-18 sweep: Scotland Jul window has clearly lapsed; searched for current status, found no mention either way. Reclassified from International Duty to Likely Healthy (Unconfirmed) per playbook lapsed-window guidance."
URC,Glasgow Warriors,Alex Samuel,Injured,Named in Scotland's bench for the Nations Championship Test against South Africa (11 July) but was withdrawn hours before kick-off with a knee injury; replaced by fellow Glasgow lock Max Williamson. Head coach Gregor Townsend confirmed Samuel will have knee surgery and will be 'out a number of weeks' — he will also miss the final Test of the window against Fiji (18 July).,unknown (out 'a number of weeks' from ~mid-Jul surgery),2026-07-11,knee injury (surgery scheduled),knee,high,2026-07-13,injured,no,The Scotsman / Scottish Rugby (X),2026-07-12,https://www.scotsman.com/sport/rugby-union/scotland-forward-ruled-out-for-weeks-and-needs-surgery-with-concerns-over-another-ahead-of-fiji-match-8791469,"§1a international-duty injury: was correctly on Scotland squad list (international_squads.csv), picked up injury on matchday itself before kick-off vs South Africa 11 Jul. Also see Glasgow Warriors official confirming surgery timeline."
URC,Glasgow Warriors,Rory Darge,Potential Injury,Failed a Head Injury Assessment (HIA) at half-time during Scotland's Nations Championship Test against South Africa (11 July) and was replaced by Josh Bayliss. Being assessed for concussion protocol clearance ahead of Scotland's final Test of the window against Fiji (18 July); no confirmed team announcement yet as of 13 July on whether he has cleared return-to-play protocols.,"unknown (pending HIA/return-to-play clearance, targeting Fiji 18 Jul)",2026-07-11,head injury assessment (failed HIA),head,medium,2026-07-13,unknown_potentially_injured,no,readrugbyunion.com / Scottish Rugby news,2026-07-13,https://readrugbyunion.com/2026/07/13/scotland-rugby-samuel-surgery-darge-fiji/,"§1a international-duty injury: was correctly on Scotland squad list (international_squads.csv) and had been playing/captaining during the window; failed HIA vs South Africa 11 Jul is a fresh, dated signal but outcome (cleared vs. concussion) not yet confirmed. Check Fiji team announcement (~17 Jul) on next sweep to resolve."
URC,Edinburgh Rugby,Charlie McCaig,Likely Healthy (Unconfirmed),"Was reported unavailable due to injury in late April 2026, with no specific details given about what the injury was. Since the season has since finished with no further update, and nothing on record suggested a long-term issue, they're presumed to have recovered by now under our default assumption for undetailed, non-serious reports - but this hasn't been individually confirmed, so treat it as a reasonable working assumption rather than a certainty. Best checked against recent squad appearances.",unknown,2026-04-26,unspecified,unspecified,low,2026-04-26,unknown_potentially_injured,yes,RugbyPass injury-list audit,2026-04-26,https://www.rugbypass.com/news/the-mind-blowing-injury-lists-mounting-up-across-prem-and-urc/,On club unavailable-for-selection list 26 Apr 2026; not re-verified since (stale >6 weeks) - pre-season re-check required. 19 unavailable in Apr - second-worst in URC.
URC,Edinburgh Rugby,Rhys Litterick,Injured,Listed as unavailable (Achilles) for Edinburgh's pre-season friendly against Harlequins (18 Sept 2026).,unknown,2026-09-17,Achilles,Achilles,high,2026-09-18,injured,no,Edinburgh Rugby official / RugbyPass,2026-09-17,https://edinburghrugby.org/news-and-features/scotland-quartet-return-for-quins-friendly/,"Updated 2026-09-18 sweep: corrects prior 'Likely Healthy (Unconfirmed)' presumption row - new dated source (17 Sept 2026 squad list) found a specific diagnosis (Achilles), so presumption rule no longer applies. Reclassified to Injured."
URC,Edinburgh Rugby,Rob Carmichael,Likely Healthy (Unconfirmed),"Was reported unavailable due to injury in late April 2026, with no specific details given about what the injury was. Since the season has since finished with no further update, and nothing on record suggested a long-term issue, they're presumed to have recovered by now under our default assumption for undetailed, non-serious reports - but this hasn't been individually confirmed, so treat it as a reasonable working assumption rather than a certainty. Best checked against recent squad appearances.",unknown,2026-04-26,unspecified,unspecified,low,2026-04-26,unknown_potentially_injured,yes,RugbyPass injury-list audit,2026-04-26,https://www.rugbypass.com/news/the-mind-blowing-injury-lists-mounting-up-across-prem-and-urc/,On club unavailable-for-selection list 26 Apr 2026; not re-verified since (stale >6 weeks) - pre-season re-check required. 19 unavailable in Apr - second-worst in URC.
URC,Edinburgh Rugby,Luke Crosbie,Injured,Listed as unavailable (hamstring) for Edinburgh's pre-season friendly against Harlequins (18 Sept 2026).,unknown,2026-09-17,soft tissue,hamstring,high,2026-09-18,injured,no,Edinburgh Rugby official / RugbyPass,2026-09-17,https://edinburghrugby.org/news-and-features/scotland-quartet-return-for-quins-friendly/,Updated 2026-09-18 sweep: corrects prior 'Likely Healthy (Unconfirmed)' presumption row - new dated source found a specific diagnosis (hamstring). Reclassified to Injured.
URC,Edinburgh Rugby,Sam Skinner,Likely Healthy (Unconfirmed),"Was reported unavailable due to injury in late April 2026, with no specific details given about what the injury was. Since the season has since finished with no further update, and nothing on record suggested a long-term issue, they're presumed to have recovered by now under our default assumption for undetailed, non-serious reports - but this hasn't been individually confirmed, so treat it as a reasonable working assumption rather than a certainty. Best checked against recent squad appearances.",unknown,2026-04-26,unspecified,unspecified,low,2026-04-26,unknown_potentially_injured,yes,RugbyPass injury-list audit,2026-04-26,https://www.rugbypass.com/news/the-mind-blowing-injury-lists-mounting-up-across-prem-and-urc/,On club unavailable-for-selection list 26 Apr 2026; not re-verified since (stale >6 weeks) - pre-season re-check required. 19 unavailable in Apr - second-worst in URC.
URC,Edinburgh Rugby,Paddy Harrison,Injured,Listed as unavailable (back) for Edinburgh's pre-season friendly against Harlequins (18 Sept 2026).,unknown,2026-09-17,back injury,back,high,2026-09-18,injured,no,Edinburgh Rugby official / RugbyPass,2026-09-17,https://edinburghrugby.org/news-and-features/scotland-quartet-return-for-quins-friendly/,Updated 2026-09-18 sweep: corrects prior 'Likely Healthy (Unconfirmed)' presumption row - new dated source found a specific diagnosis (back). Reclassified to Injured.
URC,Edinburgh Rugby,Conor McAlpine,Healthy,"Named among the replacements for Edinburgh's pre-season friendly against Harlequins (18 Sept 2026), confirming his fitness.",confirmed fit (bench) 2026-09-18,,,,high,2026-09-18,healthy,no,Edinburgh Rugby official / RugbyPass,2026-09-17,https://edinburghrugby.org/news-and-features/scotland-quartet-return-for-quins-friendly/,Updated 2026-09-18 sweep: confirmed named on the bench. Reclassified from Likely Healthy (Unconfirmed) to Healthy (confirmed
URC,Edinburgh Rugby,Wes Goosen,Injured,Listed as unavailable (hamstring) for Edinburgh's pre-season friendly against Harlequins (18 Sept 2026); Harry Paterson started at fullback in his place.,unknown,2026-09-17,soft tissue,hamstring,high,2026-09-18,injured,no,Edinburgh Rugby official / RugbyPass,2026-09-17,https://edinburghrugby.org/news-and-features/scotland-quartet-return-for-quins-friendly/,Updated 2026-09-18 sweep: corrects prior 'Likely Healthy (Unconfirmed)' presumption row - new dated source found a specific diagnosis (hamstring). Reclassified to Injured.
URC,Edinburgh Rugby,Duhan van der Merwe,Injured,Listed as unavailable (ankle) for Edinburgh's pre-season friendly against Harlequins (18 Sept 2026).,unknown,2026-09-17,ankle injury,ankle,high,2026-09-18,injured,no,Edinburgh Rugby official / RugbyPass,2026-09-17,https://edinburghrugby.org/news-and-features/scotland-quartet-return-for-quins-friendly/,Updated 2026-09-18 sweep: corrects prior 'Likely Healthy (Unconfirmed)' presumption row - new dated source found a specific diagnosis (ankle). Reclassified to Injured.
URC,Edinburgh Rugby,Harry Paterson,Healthy,"Started at full-back for Edinburgh's pre-season friendly against Harlequins (18 Sept 2026), stepping in for the still-injured Wes Goosen - confirming his recovery from the ankle injury that had kept him out since April.",returned to play (started) 2026-09-18,2026-04-26,ankle,ankle,high,2026-09-18,healthy,no,Edinburgh Rugby official / RugbyPass,2026-09-17,https://edinburghrugby.org/news-and-features/scotland-quartet-return-for-quins-friendly/,Updated 2026-09-18 sweep: confirmed starting fullback for the 18 Sept 2026 Harlequins pre-season match. Reclassified from Potential Injury to Healthy.
URC,Edinburgh Rugby,Magnus Bradbury,Healthy,"Started in the back row for Edinburgh's pre-season friendly against Harlequins (18 Sept 2026), confirming his fitness.",confirmed fit (started) 2026-09-18,,,,high,2026-09-18,healthy,no,Edinburgh Rugby official / RugbyPass,2026-09-17,https://edinburghrugby.org/news-and-features/scotland-quartet-return-for-quins-friendly/,Updated 2026-09-18 sweep: confirmed starting back row. Reclassified from Likely Healthy (Unconfirmed) to Healthy (confirmed
URC,Edinburgh Rugby,Matt Currie,Healthy,"Started at centre for Edinburgh's pre-season friendly against Harlequins (18 Sept 2026), confirming his fitness.",confirmed fit (started) 2026-09-18,,,,high,2026-09-18,healthy,no,Edinburgh Rugby official / RugbyPass,2026-09-17,https://edinburghrugby.org/news-and-features/scotland-quartet-return-for-quins-friendly/,Updated 2026-09-18 sweep: confirmed starting centre. Reclassified from Likely Healthy (Unconfirmed) to Healthy (confirmed
URC,Edinburgh Rugby,Mikey Jones,Likely Healthy (Unconfirmed),"Was reported unavailable due to injury in late April 2026, with no specific details given about what the injury was. Since the season has since finished with no further update, and nothing on record suggested a long-term issue, they're presumed to have recovered by now under our default assumption for undetailed, non-serious reports - but this hasn't been individually confirmed, so treat it as a reasonable working assumption rather than a certainty. Best checked against recent squad appearances.",unknown,2026-04-26,unspecified,unspecified,low,2026-04-26,unknown_potentially_injured,yes,RugbyPass injury-list audit,2026-04-26,https://www.rugbypass.com/news/the-mind-blowing-injury-lists-mounting-up-across-prem-and-urc/,On club unavailable-for-selection list 26 Apr 2026; not re-verified since (stale >6 weeks) - pre-season re-check required. 19 unavailable in Apr - second-worst in URC.
URC,Edinburgh Rugby,Ben Muncaster,Healthy,"Named among the replacements for Edinburgh's pre-season friendly against Harlequins (18 Sept 2026), marking his comeback off the bench after being out since April with knee (PCL) and then foot injuries.",returned to play (bench) 2026-09-18,2026-04-26,PCL then foot injury,knee/foot,high,2026-09-18,healthy,no,Edinburgh Rugby official / RugbyPass,2026-09-17,https://edinburghrugby.org/news-and-features/scotland-quartet-return-for-quins-friendly/,Updated 2026-09-18 sweep: confirmed named on the bench for the 18 Sept 2026 Harlequins pre-season match
URC,Edinburgh Rugby,James Lang,Injured,"Suffered a serious ankle injury (ligament damage, requiring surgery) in Edinburgh's Champions Cup last-16 defeat to Leinster; that match was confirmed as his final Edinburgh appearance, as his contract was not renewed and he has left the club. He has since had surgery and is training with a Gallagher Premiership side while assessing offers from England, France and Japan, but remains unattached to a new club as of the most recent reporting - no longer part of Edinburgh's playing squad.",unknown (recovering from surgery; club-less as of latest reports),2026-04-01,ankle ligament (surgery),ankle,high,2026-08-19,unavailable_other,no,The Scotsman / Scotland Rugby News,2026-06-01,https://www.scotlandrugbynews.com/edinburgh-rugby/news/26030904.james-lang-confirms-edinburgh-rugby-departure-amid-injury-update/,"Updated 2026-08-19: corrects prior 'Likely Healthy (Unconfirmed)' presumption row - found a specific diagnosis (ankle ligament surgery) AND a confirmed club departure. He is no longer an Edinburgh player (contract not renewed); left row under Edinburgh as historical per playbook SS5 rather than deleting, since he was on the prior Edinburgh sweep and has not been confirmed at a new club. Reclassified internal_status to unavailable_other to reflect he's not currently registered anywhere; user_status kept as Injured since that's the operative reason he's unavailable/clubless. Exact injury date approximate (Champions Cup R16 vs Leinster, spring 2026)."
URC,Edinburgh Rugby,D'arcy Rae,Injured,Listed as unavailable (calf) for Edinburgh's pre-season friendly against Harlequins (18 Sept 2026).,unknown,2026-09-17,soft tissue,calf,high,2026-09-18,injured,no,Edinburgh Rugby official / RugbyPass,2026-09-17,https://edinburghrugby.org/news-and-features/scotland-quartet-return-for-quins-friendly/,Updated 2026-09-18 sweep: corrects prior 'Likely Healthy (Unconfirmed)' presumption row - new dated source found a specific diagnosis (calf). Reclassified to Injured.
URC,Edinburgh Rugby,Liam McConnell,Healthy,"Named among the replacements for Edinburgh's pre-season friendly against Harlequins (18 Sept 2026), confirming his fitness.",confirmed fit (bench) 2026-09-18,,,,high,2026-09-18,healthy,no,Edinburgh Rugby official / RugbyPass,2026-09-17,https://edinburghrugby.org/news-and-features/scotland-quartet-return-for-quins-friendly/,Updated 2026-09-18 sweep: confirmed named on the bench. Reclassified from Likely Healthy (Unconfirmed) to Healthy (confirmed
URC,Edinburgh Rugby,Connor Boyle,Injured,Listed as unavailable (knee) for Edinburgh's pre-season friendly against Harlequins (18 Sept 2026).,unknown,2026-09-17,knee injury,knee,high,2026-09-18,injured,no,Edinburgh Rugby official / RugbyPass,2026-09-17,https://edinburghrugby.org/news-and-features/scotland-quartet-return-for-quins-friendly/,Updated 2026-09-18 sweep: corrects prior 'Likely Healthy (Unconfirmed)' presumption row - new dated source found a specific diagnosis (knee). Reclassified to Injured.
URC,Edinburgh Rugby,Ben Vellacott,Injured,Listed as unavailable (shoulder) for Edinburgh's pre-season friendly against Harlequins (18 Sept 2026).,unknown,2026-09-17,shoulder injury,shoulder,high,2026-09-18,injured,no,Edinburgh Rugby official / RugbyPass,2026-09-17,https://edinburghrugby.org/news-and-features/scotland-quartet-return-for-quins-friendly/,Updated 2026-09-18 sweep: corrects prior 'Likely Healthy (Unconfirmed)' presumption row - new dated source found a specific diagnosis (shoulder). Reclassified to Injured.
URC,Edinburgh Rugby,Hamish Watson,Healthy,"Recovered from injury and made appearances on loan at Leicester Tigers in May. He remains contracted to Edinburgh, but his club for 2026-27 should be confirmed.",returned 2026-05-17 (on loan at Leicester),2026-01-01,unspecified,unspecified,medium,2026-05-18,healthy,no,The Scotsman,2026-05-18,https://www.scotsman.com/sport/rugby-union/leicester-tigers-gallagher-premiership-hamish-watson-sale-sharks-edinburgh-scottish-rugby-play-offs-8550854,Returned from injury for loan club Leicester in May; contracted to Edinburgh - confirm 2026-27 club
URC,Cardiff Rugby,(no players identified),,,,,,,,2026-07-02,coverage_gap,no,Sweep note,2026-07-02,,No current injury data captured for Cardiff this sweep - fill via WalesOnline archive before publishing
URC,Cardiff Rugby,Josh Adams,Likely Healthy (Unconfirmed),"Was named in Wales's original 33-man Nations Championship squad (30 Jun 2026), fit. That international window has now clearly lapsed. He was not included in Cardiff's 29-man squad for the 18 Sept 2026 Exeter Chiefs pre-season match (unlike several other Wales-window teammates who returned), but no injury news was found either - may simply have been rotated/rested.",unknown,,,,low,2026-09-18,unknown_potentially_injured,no,Wales 33-man Nations Championship squad via Nation.Cymru/PA,2026-06-30,https://nation.cymru/sport/dafydd-jenkins-out-of-wales-nations-championship-matches-due-to-shoulder-injury/,"Updated 2026-09-18 sweep: Wales Jul window has clearly lapsed; absent from Cardiff's 18 Sept pre-season squad while several fellow Wales-window players returned, but no injury reported. Reclassified from International Duty to Likely Healthy (Unconfirmed) pending a clearer signal - genuinely unclear rather than confirmed healthy."
URC,Cardiff Rugby,Ben Thomas,Healthy,"Started for Cardiff Rugby's final pre-season match against Exeter Chiefs (18 Sept 2026), confirming his return from the Wales international window.",returned to play (started) 2026-09-18,,,,high,2026-09-18,healthy,no,Cardiff Rugby official,2026-09-18,https://www.cardiffrugby.wales/news/sio-named-in-29-man-squad-to-face-exeter-chiefs/,Updated 2026-09-18 sweep: confirmed starting for the 18 Sept 2026 Exeter Chiefs pre-season match. Reclassified from International Duty to Healthy.
URC,Cardiff Rugby,James Botham,Healthy,"Named among the replacements for Cardiff Rugby's final pre-season match against Exeter Chiefs (18 Sept 2026), confirming his return from the Wales international window.",returned to play (bench) 2026-09-18,,,,high,2026-09-18,healthy,no,Cardiff Rugby official,2026-09-18,https://www.cardiffrugby.wales/news/sio-named-in-29-man-squad-to-face-exeter-chiefs/,Updated 2026-09-18 sweep: confirmed named on the bench for the 18 Sept 2026 Exeter Chiefs pre-season match. Reclassified from International Duty to Healthy.
URC,Cardiff Rugby,Mason Grady,Healthy,"Started for Cardiff Rugby's final pre-season match against Exeter Chiefs (18 Sept 2026), confirming his return from the Wales international window.",returned to play (started) 2026-09-18,,,,high,2026-09-18,healthy,no,Cardiff Rugby official,2026-09-18,https://www.cardiffrugby.wales/news/sio-named-in-29-man-squad-to-face-exeter-chiefs/,Updated 2026-09-18 sweep: confirmed starting for the 18 Sept 2026 Exeter Chiefs pre-season match. Reclassified from International Duty to Healthy.
URC,Cardiff Rugby,Evan Lloyd,Healthy,"Named among the replacements for Cardiff Rugby's final pre-season match against Exeter Chiefs (18 Sept 2026), confirming his return from the Wales international window.",returned to play (bench) 2026-09-18,,,,high,2026-09-18,healthy,no,Cardiff Rugby official,2026-09-18,https://www.cardiffrugby.wales/news/sio-named-in-29-man-squad-to-face-exeter-chiefs/,Updated 2026-09-18 sweep: confirmed named on the bench for the 18 Sept 2026 Exeter Chiefs pre-season match. Reclassified from International Duty to Healthy.
URC,Cardiff Rugby,Alex Mann,Healthy,"Started for Cardiff Rugby's final pre-season match against Exeter Chiefs (18 Sept 2026), confirming his return from the Wales international window.",returned to play (started) 2026-09-18,,,,high,2026-09-18,healthy,no,Cardiff Rugby official,2026-09-18,https://www.cardiffrugby.wales/news/sio-named-in-29-man-squad-to-face-exeter-chiefs/,Updated 2026-09-18 sweep: confirmed starting for the 18 Sept 2026 Exeter Chiefs pre-season match. Reclassified from International Duty to Healthy.
URC,Cardiff Rugby,Keiron Assiratti,Injured,"Named in Wales's original 33-man Nations Championship squad (30 June) as fit, but was subsequently withdrawn after being confirmed to be carrying a calf injury picked up in Cardiff's URC quarter-final defeat to the Stormers (late May 2026). Will miss Wales's Fiji, Argentina and South Africa Tests; no replacement was called up for him specifically. No return date given.",unknown,2026-05-30,soft tissue,calf,high,2026-07-09,injured,no,The Rugby Paper / RugbyPass / nation.cymru,2026-06-21,https://www.therugbypaper.co.uk/latest-news/487496/calf-injury-puts-assiratti-out-of-wales-squad,"Updated 2026-07-09 (SS1a pattern): was correctly International Duty per the 30 Jun Wales squad naming, but subsequently confirmed withdrawn from that same squad due to a calf injury from the Stormers URC quarter-final (late May). Reclassified from International Duty to Injured per playbook SS1a - this is a normal club injury row, not a new status. Second Wales withdrawal alongside Liam Belcher (already on file) and Bath's Louie Hennessey (not a URC-10 player)."
URC,Cardiff Rugby,Seb Wainwright,Likely Healthy (Unconfirmed),"Was named in Wales's squad for the summer internationals, fit. That international window has now clearly lapsed. Not mentioned in Cardiff's 18 Sept 2026 pre-season squad announcement (a Sam Wainwright, a different player, was named instead) and no injury news was found either way.",unknown,,,,low,2026-09-18,unknown_potentially_injured,no,Wales 33-man Nations Championship squad via Nation.Cymru/PA,2026-06-30,https://nation.cymru/sport/dafydd-jenkins-out-of-wales-nations-championship-matches-due-to-shoulder-injury/,"Updated 2026-09-18 sweep: Wales Jul window has clearly lapsed; no negative or positive September signal found (do not confuse with Sam Wainwright, a separate Cardiff player named in the 18 Sept squad). Reclassified from International Duty to Likely Healthy (Unconfirmed) per playbook lapsed-window guidance."
URC,Cardiff Rugby,Teddy Williams,Healthy,"Started for Cardiff Rugby's final pre-season match against Exeter Chiefs (18 Sept 2026), confirming his return from the Wales international window.",returned to play (started) 2026-09-18,,,,high,2026-09-18,healthy,no,Cardiff Rugby official,2026-09-18,https://www.cardiffrugby.wales/news/sio-named-in-29-man-squad-to-face-exeter-chiefs/,Updated 2026-09-18 sweep: confirmed starting for the 18 Sept 2026 Exeter Chiefs pre-season match. Reclassified from International Duty to Healthy.
URC,Cardiff Rugby,Liam Belcher,Healthy,"Started and captained Cardiff Rugby's final pre-season match against Exeter Chiefs (18 Sept 2026), confirming his full recovery from the neck injury that ruled him out of Wales's Nations Championship squad.","returned to play (started, captain) 2026-09-18",2026-05-30,unspecified,neck,high,2026-09-18,healthy,no,Cardiff Rugby official,2026-09-18,https://www.cardiffrugby.wales/news/sio-named-in-29-man-squad-to-face-exeter-chiefs/,Updated 2026-09-18 sweep: confirmed starting and captaining the 18 Sept 2026 Exeter Chiefs pre-season match. Reclassified from Injured to Healthy.
URC,Dragons RFC,(no players identified),,,,,,,,2026-07-02,coverage_gap,no,Sweep note,2026-07-02,,No current injury data captured for Dragons this sweep - fill via WalesOnline/South Wales Argus before publishing
URC,Dragons RFC,Ben Carter,Healthy,"Named co-captain of Dragons RFC (alongside Angus O'Brien) for the 2026-27 season, confirming his fitness and return from the Wales international window.",confirmed fit (named co-captain) 2026-09-04,,,,high,2026-09-18,healthy,no,RugbyPass,2026-09-04,https://www.rugbypass.com/news/dragons-rfc-assign-dual-captains-ahead-of-urc-season/,Updated 2026-09-18 sweep: confirmed named Dragons co-captain for 2026-27 (announced 4 Sept 2026). Reclassified from International Duty to Healthy.
URC,Dragons RFC,Dillon Lewis,Likely Healthy (Unconfirmed),"Was named in Wales's squad for the summer internationals, fit. That international window has now clearly lapsed. No negative signal found in this sweep, but no explicit September confirmation of his return to Dragons training/squad either.",unknown,,,,low,2026-09-18,unknown_potentially_injured,no,Wales 33-man Nations Championship squad via Nation.Cymru/PA,2026-06-30,https://nation.cymru/sport/dafydd-jenkins-out-of-wales-nations-championship-matches-due-to-shoulder-injury/,"Updated 2026-09-18 sweep: Wales Jul window has clearly lapsed; searched for current status, found no mention either way. Reclassified from International Duty to Likely Healthy (Unconfirmed) per playbook lapsed-window guidance."
URC,Dragons RFC,Aaron Wainwright,Unavailable (Other),Left Dragons RFC at the end of the 2025-26 season (his Dragons career ended in May 2026 after nine years/117 appearances) to join Leicester Tigers in the Gallagher Premiership for 2026-27. No longer a Dragons/URC player.,N/A - transferred to Leicester Tigers (Premiership),,,,high,2026-09-18,unavailable_other,no,britbrief.co.uk / Leicester Tigers / Ruck,2026-08-25,https://britbrief.co.uk/sports/doping/wainwright-bids-farewell-to-dragons-ahead-of-tigers-move.html,"Updated 2026-09-18 sweep: confirms the transfer flagged in the previous sweep's notes ('reported to be transferring to Leicester Tigers') is now completed - his Dragons spell ended May 2026, playing in England from 2026-27. Reclassified from International Duty to Unavailable (Other); kept under Dragons as historical per playbook SS5 since he's left the URC-10 scope entirely."
URC,Ospreys,Dewi Lake,Unavailable (Other),"Left Ospreys at the end of the 2025-26 season to join Gloucester in the Gallagher Premiership for 2026-27, per Ospreys' official leavers list (21 May 2026). He also underwent shoulder surgery in the interim and did not play for Ospreys again after being sidelined mid-2026. No longer an Ospreys/URC player.",N/A - transferred to Gloucester (Premiership),,shoulder surgery,shoulder,high,2026-09-18,unavailable_other,no,Ospreys Rugby official (25/26 leavers list) / Yahoo Sports,2026-05-21,https://www.ospreysrugby.com/news/ospreys-announce-2526-leavers-list,Updated 2026-09-18 sweep: confirmed on the official leavers list (21 May 2026); also had a shoulder injury/surgery mid-2026 that ended his Ospreys season before the move. Reclassified from International Duty to Unavailable (Other); kept as historical per playbook SS5.
URC,Ospreys,Gareth Thomas,Likely Healthy (Unconfirmed),"Was named in Wales's squad for the summer internationals, fit. That international window has now clearly lapsed. Not mentioned in Ospreys' 10 Sept 2026 pre-season squad (vs Ulster) or found in any current injury report - no negative signal found, but no explicit confirmation of his return either.",unknown,,,,low,2026-09-18,unknown_potentially_injured,no,Wales 33-man Nations Championship squad via Nation.Cymru/PA,2026-06-30,https://nation.cymru/sport/dafydd-jenkins-out-of-wales-nations-championship-matches-due-to-shoulder-injury/,Updated 2026-09-18 sweep: Wales Jul window has clearly lapsed; not in Ospreys' 10 Sept pre-season squad (vs Ulster) but no injury news found either. Reclassified from International Duty to Likely Healthy (Unconfirmed) per playbook lapsed-window guidance.
URC,Ospreys,Jac Morgan,Unavailable (Other),"Left Ospreys at the end of the 2025-26 season to join Gloucester in the Gallagher Premiership for 2026-27, per Ospreys' official leavers list (21 May 2026). No longer an Ospreys/URC player.",N/A - transferred to Gloucester (Premiership),,,,high,2026-09-18,unavailable_other,no,Ospreys Rugby official (25/26 leavers list),2026-05-21,https://www.ospreysrugby.com/news/ospreys-announce-2526-leavers-list,Updated 2026-09-18 sweep: confirms the transfer flagged in the previous sweep's notes ('reported to be leaving Ospreys this summer') is now completed per the club's own leavers list. Reclassified from International Duty to Unavailable (Other); kept as historical per playbook SS5.
URC,Ospreys,Ben Warren,Likely Healthy (Unconfirmed),"Was named in Wales's squad for the summer internationals, fit. That international window has now clearly lapsed. Not mentioned in Ospreys' 10 Sept 2026 pre-season squad (vs Ulster) or found in any current injury report - no negative signal found, but no explicit confirmation of his return either.",unknown,,,,low,2026-09-18,unknown_potentially_injured,no,Wales 33-man Nations Championship squad via Nation.Cymru/PA,2026-06-30,https://nation.cymru/sport/dafydd-jenkins-out-of-wales-nations-championship-matches-due-to-shoulder-injury/,Updated 2026-09-18 sweep: Wales Jul window has clearly lapsed; not in Ospreys' 10 Sept pre-season squad (vs Ulster) but no injury news found either. Reclassified from International Duty to Likely Healthy (Unconfirmed) per playbook lapsed-window guidance.
URC,Ospreys,Dan Edwards,Likely Healthy (Unconfirmed),"Was named in Wales's squad for the summer internationals, fit; was Ospreys' top points-scorer in 2025-26. That international window has now clearly lapsed. Not mentioned in Ospreys' 10 Sept 2026 pre-season squad (vs Ulster) or found in any current injury report - no negative signal found, but no explicit confirmation of his return either.",unknown,,,,low,2026-09-18,unknown_potentially_injured,no,Wales 33-man Nations Championship squad via Nation.Cymru/PA,2026-06-30,https://nation.cymru/sport/dafydd-jenkins-out-of-wales-nations-championship-matches-due-to-shoulder-injury/,Updated 2026-09-18 sweep: Wales Jul window has clearly lapsed; not in Ospreys' 10 Sept pre-season squad (vs Ulster) but no injury news found either. Reclassified from International Duty to Likely Healthy (Unconfirmed) per playbook lapsed-window guidance.
URC,Ospreys,Kieran Hardy,Likely Healthy (Unconfirmed),"Was named in Wales's squad for the summer internationals, fit. That international window has now clearly lapsed. Not mentioned in Ospreys' 10 Sept 2026 pre-season squad (vs Ulster) or found in any current injury report - no negative signal found, but no explicit confirmation of his return either.",unknown,,,,low,2026-09-18,unknown_potentially_injured,no,Wales 33-man Nations Championship squad via Nation.Cymru/PA,2026-06-30,https://nation.cymru/sport/dafydd-jenkins-out-of-wales-nations-championship-matches-due-to-shoulder-injury/,Updated 2026-09-18 sweep: Wales Jul window has clearly lapsed; not in Ospreys' 10 Sept pre-season squad (vs Ulster) but no injury news found either. Reclassified from International Duty to Likely Healthy (Unconfirmed) per playbook lapsed-window guidance.
URC,Ospreys,Reuben Morgan-Williams,Likely Healthy (Unconfirmed),"Was named in Wales's squad for the summer internationals, fit. That international window has now clearly lapsed. Not mentioned in Ospreys' 10 Sept 2026 pre-season squad (vs Ulster) or found in any current injury report - no negative signal found, but no explicit confirmation of his return either.",unknown,,,,low,2026-09-18,unknown_potentially_injured,no,Wales 33-man Nations Championship squad via Nation.Cymru/PA,2026-06-30,https://nation.cymru/sport/dafydd-jenkins-out-of-wales-nations-championship-matches-due-to-shoulder-injury/,Updated 2026-09-18 sweep: Wales Jul window has clearly lapsed; not in Ospreys' 10 Sept pre-season squad (vs Ulster) but no injury news found either. Reclassified from International Duty to Likely Healthy (Unconfirmed) per playbook lapsed-window guidance.
URC,Scarlets,Ellis Mee,Healthy,"Named in the Scarlets' matchday squad (started on the wing) for their final pre-season match against Saracens (17 Sept 2026), making his first appearance of the campaign after returning from the Wales international window.",returned to play (started) 2026-09-17,,,,high,2026-09-18,healthy,no,Swansea Bay News,2026-09-17,https://swanseabaynews.com/scarlets-wales-stars-return-as-costelow-leads-first-choice-xv-out-against-saracens/,Updated 2026-09-18 sweep: confirmed starting wing for the 17 Sept 2026 Saracens pre-season match. Reclassified from International Duty to Healthy.
URC,Scarlets,Sam Costelow,Healthy,"Started at fly-half for the Scarlets' final pre-season match against Saracens (17 Sept 2026) - his first Scarlets appearance since January, having recovered from the ankle injury suffered on Wales duty in the Six Nations that dogged the second half of his season.",returned to play (started) 2026-09-17,2026-02-21,ankle,ankle,high,2026-09-18,healthy,no,Swansea Bay News,2026-09-17,https://swanseabaynews.com/scarlets-wales-stars-return-as-costelow-leads-first-choice-xv-out-against-saracens/,Updated 2026-09-18 sweep: confirmed starting fly-half for the 17 Sept 2026 Saracens pre-season match
URC,Scarlets,Ryan Elias,Healthy,"Started at hooker for the Scarlets' final pre-season match against Saracens (17 Sept 2026), making his first appearance of the campaign after returning from the Wales international window.",returned to play (started) 2026-09-17,,,,high,2026-09-18,healthy,no,Swansea Bay News,2026-09-17,https://swanseabaynews.com/scarlets-wales-stars-return-as-costelow-leads-first-choice-xv-out-against-saracens/,Updated 2026-09-18 sweep: confirmed starting hooker for the 17 Sept 2026 Saracens pre-season match. Reclassified from International Duty to Healthy.
URC,Scarlets,Taine Plumtree,Injured,"Underwent shoulder surgery over the summer after picking up the injury on Wales duty; per Scarlets reporting (4 Sept 2026), targeting a return for the South Africa double-header (24 and 31 October) and will miss the opening four fixtures of the season.",targeting 24/31 October 2026 (South Africa double-header),2026-07-18,surgery,shoulder,high,2026-09-18,injured,no,Swansea Bay News,2026-09-04,https://swanseabaynews.com/scarlets-apoua-released-after-achilles-rupture-as-injuries-mount-before-exeter-opener/,"Updated 2026-09-18 sweep (playbook SS1a pattern): was correctly International Duty when named/selected for Wales in June/July; has since had shoulder surgery and is in rehab, targeting an October return. Reclassified from International Duty to Injured - normal club injury row, not a new status."
URC,Scarlets,Eddie James,Healthy,"Started at centre for the Scarlets' final pre-season match against Saracens (17 Sept 2026), making his first appearance of the campaign after returning from the Wales international window.",returned to play (started) 2026-09-17,,,,high,2026-09-18,healthy,no,Swansea Bay News,2026-09-17,https://swanseabaynews.com/scarlets-wales-stars-return-as-costelow-leads-first-choice-xv-out-against-saracens/,Updated 2026-09-18 sweep: confirmed starting centre for the 17 Sept 2026 Saracens pre-season match. Reclassified from International Duty to Healthy.
URC,Scarlets,Joe Hawkins,Healthy,"Named among the replacements for the Scarlets' final pre-season match against Saracens (17 Sept 2026), returning from the Wales international window.",returned to play (bench) 2026-09-17,,,,high,2026-09-18,healthy,no,Swansea Bay News,2026-09-17,https://swanseabaynews.com/scarlets-wales-stars-return-as-costelow-leads-first-choice-xv-out-against-saracens/,Updated 2026-09-18 sweep: confirmed named on the bench for the 17 Sept 2026 Saracens pre-season match. Reclassified from International Duty to Healthy.
URC,Scarlets,Blair Murray,Healthy,"Started at fullback for the Scarlets' final pre-season match against Saracens (17 Sept 2026), making his first appearance of the campaign after returning from the Wales international window.",returned to play (started) 2026-09-17,,,,high,2026-09-18,healthy,no,Swansea Bay News,2026-09-17,https://swanseabaynews.com/scarlets-wales-stars-return-as-costelow-leads-first-choice-xv-out-against-saracens/,Updated 2026-09-18 sweep: confirmed starting fullback for the 17 Sept 2026 Saracens pre-season match. Reclassified from International Duty to Healthy.
URC,Scarlets,Archer Holz,Likely Healthy (Unconfirmed),"Was reported unavailable due to injury in late April 2026, with no specific details given about what the injury was. Since the season has since finished with no further update, and nothing on record suggested a long-term issue, they're presumed to have recovered by now under our default assumption for undetailed, non-serious reports - but this hasn't been individually confirmed, so treat it as a reasonable working assumption rather than a certainty. Best checked against recent squad appearances.",unknown,2026-04-26,unspecified,unspecified,low,2026-04-26,unknown_potentially_injured,yes,RugbyPass injury-list audit,2026-04-26,https://www.rugbypass.com/news/the-mind-blowing-injury-lists-mounting-up-across-prem-and-urc/,On club unavailable-for-selection list 26 Apr 2026; not re-verified since (stale >6 weeks) - pre-season re-check required.
URC,Scarlets,Josh Macleod,Healthy,"Captained the Scarlets from openside flanker in their final pre-season match against Saracens (17 Sept 2026), confirming his fitness.","confirmed fit (started, captain) 2026-09-17",,,,high,2026-09-18,healthy,no,Swansea Bay News,2026-09-17,https://swanseabaynews.com/scarlets-wales-stars-return-as-costelow-leads-first-choice-xv-out-against-saracens/,"Updated 2026-09-18 sweep: confirmed starting and captaining the 17 Sept 2026 Saracens pre-season match. Reclassified from Likely Healthy (Unconfirmed) to Healthy (confirmed, presumption no longer needed)."
URC,Scarlets,Jake Ball,Likely Healthy (Unconfirmed),"Was reported unavailable due to injury in late April 2026, with no specific details given about what the injury was. Since the season has since finished with no further update, and nothing on record suggested a long-term issue, they're presumed to have recovered by now under our default assumption for undetailed, non-serious reports - but this hasn't been individually confirmed, so treat it as a reasonable working assumption rather than a certainty. Best checked against recent squad appearances.",unknown,2026-04-26,unspecified,unspecified,low,2026-04-26,unknown_potentially_injured,yes,RugbyPass injury-list audit,2026-04-26,https://www.rugbypass.com/news/the-mind-blowing-injury-lists-mounting-up-across-prem-and-urc/,On club unavailable-for-selection list 26 Apr 2026; not re-verified since (stale >6 weeks) - pre-season re-check required.
URC,Scarlets,Alec Hepburn,Likely Healthy (Unconfirmed),"Was reported unavailable due to injury in late April 2026, with no specific details given about what the injury was. Since the season has since finished with no further update, and nothing on record suggested a long-term issue, they're presumed to have recovered by now under our default assumption for undetailed, non-serious reports - but this hasn't been individually confirmed, so treat it as a reasonable working assumption rather than a certainty. Best checked against recent squad appearances.",unknown,2026-04-26,unspecified,unspecified,low,2026-04-26,unknown_potentially_injured,yes,RugbyPass injury-list audit,2026-04-26,https://www.rugbypass.com/news/the-mind-blowing-injury-lists-mounting-up-across-prem-and-urc/,On club unavailable-for-selection list 26 Apr 2026; not re-verified since (stale >6 weeks) - pre-season re-check required.
URC,Scarlets,Will Evans,Healthy,"Started at lock for the Scarlets' final pre-season match against Saracens (17 Sept 2026), confirming his fitness.",confirmed fit (started) 2026-09-17,,,,high,2026-09-18,healthy,no,Swansea Bay News,2026-09-17,https://swanseabaynews.com/scarlets-wales-stars-return-as-costelow-leads-first-choice-xv-out-against-saracens/,Updated 2026-09-18 sweep: confirmed starting lock for the 17 Sept 2026 Saracens pre-season match. Reclassified from Likely Healthy (Unconfirmed) to Healthy (confirmed
URC,Scarlets,Dom Kossuth,Healthy,"Named among the replacements for the Scarlets' final pre-season match against Saracens (17 Sept 2026), confirming his fitness.",confirmed fit (bench) 2026-09-17,,,,high,2026-09-18,healthy,no,Swansea Bay News,2026-09-17,https://swanseabaynews.com/scarlets-wales-stars-return-as-costelow-leads-first-choice-xv-out-against-saracens/,Updated 2026-09-18 sweep: confirmed named on the bench for the 17 Sept 2026 Saracens pre-season match. Reclassified from Likely Healthy (Unconfirmed) to Healthy (confirmed
URC,Benetton Rugby,Simone Ferrari,Injured,"Suffered a neck injury playing for Italy in the Six Nations in March and underwent surgery to stabilise his cervical spine. Confirmed present at Benetton's 2026-27 pre-season squad gathering (13 July) but still marked as recovering from injury, with no specific return-to-play date given - his full match availability for the new season remains unconfirmed.","unknown (in pre-season training group, marked as recovering)",2026-03-14,surgery (cervical spine stabilisation),neck,medium,2026-08-19,injured,no,OnRugby.it (Benetton pre-season convocati list),2026-07-13,https://www.onrugby.it/2026/07/13/benetton-rugby-i-convocati-in-preparazione-alla-stagione-2026-2027/,"Updated 2026-08-19: previous row (last_verified 2026-03-24) had no post-surgery update. New evidence: Ferrari included in Benetton's 13 Jul 2026 pre-season training group list, but flagged with the squad's asterisk marker for players 'recuperando dai rispettivi infortuni' (recovering from their injuries) - so back with the group but not yet confirmed match-fit. No specific new timeline given. Keeping status as Injured (not Healthy) until a match appearance or explicit clearance is found."
URC,Benetton Rugby,Mirco Spagnolo,Healthy,"Had a calf injury from the Six Nations in March expected to last about a month, and returned to action for Benetton before the end of the season.",returned (featured in late-season URC match),2026-03-07,muscle lesion,calf (right medial gastrocnemius),medium,2026-05-01,healthy,no,Benetton medical bulletin + match data,2026-05-01,https://www.rugbymeet.com/news/111603518982/benetton-rugby-perde-due-piloni-per-infortunio-nel-6-nazioni,One-month calf lesion from Six Nations; appeared in subsequent URC fixture - resolved
URC,Zebre Parma,(no players identified),,,,,,,,2026-07-02,coverage_gap,no,Sweep note,2026-07-02,,No injury data captured for Zebre this sweep - weakest coverage in the league; fill via OnRugby.it before publishing
URC,Hollywoodbets Sharks,Siya Kolisi,Healthy,"Hamstring injury (sustained 8 Aug v Argentina) has fully resolved - started and captained South Africa throughout the remainder of the four-Test 'Rugby's Greatest Rivalry' series against the All Blacks, including the series-deciding 4th Test in Baltimore (12 September 2026), a 43-28 win that clinched the series 3-1 for South Africa.",n/a - playing,2026-08-08,strain (hamstring) - resolved,hamstring,high,2026-09-18,healthy,no,PlanetRugby (Springboks team news) / RNZ (4th Test report),2026-09-12,https://www.planetrugby.com/news/springboks-team-rassie-erasmus-makes-two-changes-as-damian-willemse-returns-for-final-greatest-rivalry-series-test,"Updated 2026-09-18: resolved via match-appearance rule (playbook §5) - started and captained South Africa in the 4th/final Test v All Blacks in Baltimore, 12 Sept 2026 (43-28 win, series won 3-1). Previous row (last_verified 2026-08-19) had him as Potential Injury, trending toward the 22 Aug selection but not yet match-confirmed; he has since started every remaining Test in the series through to the finale, confirming full recovery from the 8 Aug hamstring strain."
URC,Hollywoodbets Sharks,Aphelele Fassi,Healthy,"Was reported unavailable due to injury in late April 2026, but has since recovered fully - confirmed starting at fullback for South Africa against Scotland in the Nations Championship (Loftus Versfeld, 11 July 2026).",n/a - playing,2026-04-26,unspecified,unspecified,high,2026-07-09,healthy,no,Multiple (Citizen / TheSouthAfrican / Rugby Puntit team announcement),2026-07-06,https://www.citizen.co.za/network-news/network-sport/2026/07/06/massive-bok-shake-up-for-scotland-clash-at-loftus/,"Updated 2026-07-09: upgraded from International Duty (squad-naming only, low confidence, presumption-rule leftover) to Healthy — confirmed starting XV for South Africa v Scotland 11 Jul is stronger evidence of fitness than a 20 Jun squad naming. Presumption flag cleared as concrete matchday evidence now supersedes the stale Apr list."
URC,Hollywoodbets Sharks,Bongi Mbonambi,Likely Healthy (Unconfirmed),"Was reported unavailable due to injury in late April 2026, with no specific details given, and was still explicitly flagged with 'fitness and availability concerns' by the club as of 10 August 2026. New evidence: named in Hollywoodbets Sharks' 67-man squad for the 2026-27 URC season (announced 16 Sept 2026) - a positive signal, but a season-roster naming rather than a confirmed matchday appearance, so treated as likely-but-unconfirmed recovery rather than fully Healthy.",n/a - included in 2026-27 season squad,2026-04-26,unspecified,unspecified,medium,2026-09-18,unknown_potentially_injured,no,Rugby365 (Sharks 67-man squad for 2026-27 URC season),2026-09-16,https://rugby365.com/tournaments/united-rugby-championship/sharks-name-67-man-squad-ahead-of-new-urc-season/,"Updated 2026-09-18: previous row (last_verified 2026-08-19) had him as Potential Injury per the 10 Aug SA Rugby Mag 'fitness and availability concerns' report. New evidence: included by name in the Sharks' 67-man squad for the 2026-27 URC season (rugby365.com, 16 Sept 2026). Upgrading to Likely Healthy (Unconfirmed) - squad inclusion is a positive signal but not as strong as a matchday appearance. Re-check once he appears in an actual URC matchday squad."
URC,Hollywoodbets Sharks,Bryce Calvert,Potential Injury,"Was reported unavailable due to injury in late April 2026, with no specific details given about what the injury was. The presumption-of-recovery default no longer applies: club matchday squad releases dated 14 May 2026 (vs Zebre Parma) and 11 August 2026 (vs the All Blacks, a depleted pre-season squad missing many first-choice players) both explicitly excluded this player, indicating a genuinely prolonged absence rather than a routine short-term knock. No specific diagnosis has surfaced, so severity remains unconfirmed.",unknown,2026-04-26,unspecified,unspecified,medium,2026-08-19,unknown_potentially_injured,no,Sharks Rugby team releases (vs Zebre Parma 14 May; vs All Blacks 11 Aug),2026-08-11,https://sharksrugby.co.za/2026/05/14/team-release-hollywoodbets-sharks-vs-zebre-parma-2/,"Updated 2026-08-19: previous row (last_verified 2026-04-26, presumption_rule_applied=yes) assumed recovered by default after 6+ weeks silence. Checked against club matchday squads on 14 May 2026 (Sharks v Zebre Parma team release explicitly lists players 'not considered for selection due to injury') and 11 Aug 2026 (Sharks v All Blacks, a squad already missing most Springboks on Argentina duty) - Bryce Calvert absent from both, meaning the presumption of quick recovery is contradicted by real evidence of continued unavailability spanning 3.5+ months. Reverting presumption_rule_applied to 'no' and upgrading to Potential Injury per playbook methodology.md §5.3 (unexplained absence spanning 2+ rounds/appearances = fresh signal, not straight to Injured given no diagnosis). Pre-season squad news (mid-Aug) not yet found for this specific player - re-check once 2026-27 URC squad lists are published."
URC,Hollywoodbets Sharks,Coetzee le Roux,Likely Healthy (Unconfirmed),"Was reported unavailable due to injury in late April 2026, with no specific details ever surfacing, and was still explicitly absent from club matchday squads as of 11 August 2026. New evidence: named in Hollywoodbets Sharks' 67-man squad for the 2026-27 URC season (announced 16 Sept 2026) - a positive signal, but a season-roster naming rather than a confirmed matchday appearance, so treated as likely-but-unconfirmed recovery rather than fully Healthy.",n/a - included in 2026-27 season squad,2026-04-26,unspecified,unspecified,medium,2026-09-18,unknown_potentially_injured,no,Rugby365 (Sharks 67-man squad for 2026-27 URC season),2026-09-16,https://rugby365.com/tournaments/united-rugby-championship/sharks-name-67-man-squad-ahead-of-new-urc-season/,"Updated 2026-09-18: previous row (last_verified 2026-08-19) had him as Potential Injury based on absence from the 14 May and 11 Aug matchday squads. New evidence: included by name in the Sharks' 67-man squad for the 2026-27 URC season (rugby365.com, 16 Sept 2026). Upgrading to Likely Healthy (Unconfirmed) rather than Healthy since this is a season-roster naming, not a matchday appearance. Re-check once he appears in an actual URC matchday squad."
URC,Hollywoodbets Sharks,Eben Etzebeth,Healthy,"Cleared his concussion return and played the full 80 minutes in South Africa's 17-10 win over Argentina (8 August 2026), with Erasmus praising his physicality. Included in the travelling squad for the All Blacks series opener at Ellis Park (22 August).",,2026-07-01,concussion (resolved),head,high,2026-08-11,healthy,no,SuperSport / IOL,2026-08-08,https://supersport.com/rugby/news/669bbac3-ed6d-4e48-bfa8-f5080bbcf586/ox-will-be-ready-to-face-all-blacks-eben-out-for-a-few-more-weeks,"Updated 2026-08-11: resolved via match-appearance rule (playbook §5/methodology §5) - played full 80 minutes v Argentina 8 Aug, confirming concussion protocol clearance. Previous row (last_verified 2026-07-07) had him targeting the Argentina Test as a return date; that target was met and confirmed by an actual appearance."
URC,Hollywoodbets Sharks,Ethan Bester,Likely Healthy (Unconfirmed),"Was reported unavailable due to injury in late April 2026, with no specific details ever surfacing, and was still explicitly absent from club matchday squads as of 11 August 2026. New evidence: named in Hollywoodbets Sharks' 67-man squad for the 2026-27 URC season (announced 16 Sept 2026) - a positive signal, but a season-roster naming rather than a confirmed matchday appearance, so treated as likely-but-unconfirmed recovery rather than fully Healthy.",n/a - included in 2026-27 season squad,2026-04-26,unspecified,unspecified,medium,2026-09-18,unknown_potentially_injured,no,Rugby365 (Sharks 67-man squad for 2026-27 URC season),2026-09-16,https://rugby365.com/tournaments/united-rugby-championship/sharks-name-67-man-squad-ahead-of-new-urc-season/,"Updated 2026-09-18: previous row (last_verified 2026-08-19) had him as Potential Injury based on absence from the 14 May and 11 Aug matchday squads. New evidence: included by name in the Sharks' 67-man squad for the 2026-27 URC season (rugby365.com, 16 Sept 2026). Upgrading to Likely Healthy (Unconfirmed) rather than Healthy since this is a season-roster naming, not a matchday appearance. Re-check once he appears in an actual URC matchday squad."
URC,Hollywoodbets Sharks,Ethan Hooker,Healthy,"Fully recovered from the April shoulder dislocation/surgery and remained a first-choice Springbok throughout 2026 - started on the wing for South Africa in the 4th/final Test of the 'Rugby's Greatest Rivalry' series v the All Blacks (Baltimore, 12 September 2026), which concluded the international window (series won 3-1). Now named in Hollywoodbets Sharks' 67-man squad for the 2026-27 URC season (announced 16 Sept 2026), confirming his return to the club for the new domestic season.",n/a - playing,2026-04-18,dislocation + surgery - resolved,shoulder,high,2026-09-18,healthy,no,"PlanetRugby (Springboks team news, 4th Test) / Rugby365 (Sharks 67-man squad)",2026-09-16,https://rugby365.com/tournaments/united-rugby-championship/sharks-name-67-man-squad-ahead-of-new-urc-season/,"Updated 2026-09-18: previous row (last_verified 2026-08-19) had him as International Duty, open-ended through the RGR series. That series concluded 12 Sept 2026 (South Africa won 3-1; Hooker started the decider on the wing) and he is now named in the Sharks' 2026-27 URC squad (announced 16 Sept 2026) - moving from International Duty to Healthy per playbook §5, since the international window has closed and he has returned to the club picture for the new domestic season."
URC,Hollywoodbets Sharks,Francois Venter,Potential Injury,"Was reported unavailable due to injury in late April 2026, with no specific details given about what the injury was. The presumption-of-recovery default no longer applies: club matchday squad releases dated 14 May 2026 (vs Zebre Parma) and 11 August 2026 (vs the All Blacks, a depleted pre-season squad missing many first-choice players) both explicitly excluded this player, indicating a genuinely prolonged absence rather than a routine short-term knock. No specific diagnosis has surfaced, so severity remains unconfirmed.",unknown,2026-04-26,unspecified,unspecified,medium,2026-08-19,unknown_potentially_injured,no,Sharks Rugby team releases (vs Zebre Parma 14 May; vs All Blacks 11 Aug),2026-08-11,https://sharksrugby.co.za/2026/05/14/team-release-hollywoodbets-sharks-vs-zebre-parma-2/,"Updated 2026-08-19: previous row (last_verified 2026-04-26, presumption_rule_applied=yes) assumed recovered by default after 6+ weeks silence. Checked against club matchday squads on 14 May 2026 (Sharks v Zebre Parma team release explicitly lists players 'not considered for selection due to injury') and 11 Aug 2026 (Sharks v All Blacks, a squad already missing most Springboks on Argentina duty) - Francois Venter absent from both, meaning the presumption of quick recovery is contradicted by real evidence of continued unavailability spanning 3.5+ months. Reverting presumption_rule_applied to 'no' and upgrading to Potential Injury per playbook methodology.md §5.3 (unexplained absence spanning 2+ rounds/appearances = fresh signal, not straight to Injured given no diagnosis). Pre-season squad news (mid-Aug) not yet found for this specific player - re-check once 2026-27 URC squad lists are published."
URC,Hollywoodbets Sharks,Grant Williams,Healthy,"Was reported unavailable due to injury in late April 2026, but has since recovered fully - named on the bench for South Africa against Scotland in the Nations Championship (Loftus Versfeld, 11 July 2026).",n/a - playing,2026-04-26,unspecified,unspecified,high,2026-07-09,healthy,no,Multiple (Citizen / TheSouthAfrican / Rugby Puntit team announcement),2026-07-06,https://www.citizen.co.za/network-news/network-sport/2026/07/06/massive-bok-shake-up-for-scotland-clash-at-loftus/,"Updated 2026-07-09: upgraded from International Duty (squad-naming only, low confidence, presumption-rule leftover) to Healthy — confirmed on the matchday 23 (bench) for South Africa v Scotland 11 Jul, stronger evidence of fitness than the 20 Jun squad naming per methodology.md SS5 (bench appearance counts). Presumption flag cleared."
URC,Hollywoodbets Sharks,Hakeem Kunene,Potential Injury,"Was reported unavailable due to injury in late April 2026, with no specific details given about what the injury was. The presumption-of-recovery default no longer applies: club matchday squad releases dated 14 May 2026 (vs Zebre Parma) and 11 August 2026 (vs the All Blacks, a depleted pre-season squad missing many first-choice players) both explicitly excluded this player, indicating a genuinely prolonged absence rather than a routine short-term knock. No specific diagnosis has surfaced, so severity remains unconfirmed.",unknown,2026-04-26,unspecified,unspecified,medium,2026-08-19,unknown_potentially_injured,no,Sharks Rugby team releases (vs Zebre Parma 14 May; vs All Blacks 11 Aug),2026-08-11,https://sharksrugby.co.za/2026/05/14/team-release-hollywoodbets-sharks-vs-zebre-parma-2/,"Updated 2026-08-19: previous row (last_verified 2026-04-26, presumption_rule_applied=yes) assumed recovered by default after 6+ weeks silence. Checked against club matchday squads on 14 May 2026 (Sharks v Zebre Parma team release explicitly lists players 'not considered for selection due to injury') and 11 Aug 2026 (Sharks v All Blacks, a squad already missing most Springboks on Argentina duty) - Hakeem Kunene absent from both, meaning the presumption of quick recovery is contradicted by real evidence of continued unavailability spanning 3.5+ months. Reverting presumption_rule_applied to 'no' and upgrading to Potential Injury per playbook methodology.md §5.3 (unexplained absence spanning 2+ rounds/appearances = fresh signal, not straight to Injured given no diagnosis). Pre-season squad news (mid-Aug) not yet found for this specific player - re-check once 2026-27 URC squad lists are published."
URC,Hollywoodbets Sharks,Jaco Williams,Healthy,"Was reported unavailable due to injury in late April 2026, but recovered and was named in South Africa's Nations Championship squad. Released back to the Sharks (among five players sent to their franchises) to play the midweek match against the touring All Blacks, and started for the Sharks against Zebre Parma (14 May 2026) - confirmed fit and playing.",,2026-04-26,unspecified,unspecified,high,2026-08-19,healthy,no,Sharks Rugby team release / RugbyPass (Boks release 5 to franchises),2026-08-08,https://www.rugbypass.com/news/boks-cut-5-from-squad-ahead-of-argentina-and-greatest-rivalry-tests/,"Updated 2026-08-19: previous row (last_verified 2026-07-05) was International Duty based on the 20 Jun NC squad naming. Since then, confirmed starting for the Sharks v Zebre Parma (14 May, wing #14) and released back to the Sharks by the Springboks for franchise midweek AB fixtures around the RGR series (per RugbyPass 8 Aug), i.e. he is playing rather than centrally contracted for the current international window - upgrading to Healthy per playbook §5/methodology §5 match-appearance rule, since active club/franchise selection is stronger current evidence than a squad-naming from two months ago."
URC,Hollywoodbets Sharks,Jordan Hendrikse,Likely Healthy (Unconfirmed),"Was reported unavailable due to injury in late April 2026, with no specific details ever surfacing, and was still explicitly absent from club matchday squads as of 11 August 2026. New evidence: named in Hollywoodbets Sharks' 67-man squad for the 2026-27 URC season (announced 16 Sept 2026) - a positive signal, but a season-roster naming rather than a confirmed matchday appearance, so treated as likely-but-unconfirmed recovery rather than fully Healthy.",n/a - included in 2026-27 season squad,2026-04-26,unspecified,unspecified,medium,2026-09-18,unknown_potentially_injured,no,Rugby365 (Sharks 67-man squad for 2026-27 URC season),2026-09-16,https://rugby365.com/tournaments/united-rugby-championship/sharks-name-67-man-squad-ahead-of-new-urc-season/,"Updated 2026-09-18: previous row (last_verified 2026-08-19) had him as Potential Injury based on absence from the 14 May and 11 Aug matchday squads. New evidence: included by name in the Sharks' 67-man squad for the 2026-27 URC season (rugby365.com, 16 Sept 2026). Upgrading to Likely Healthy (Unconfirmed) rather than Healthy since this is a season-roster naming, not a matchday appearance. Re-check once he appears in an actual URC matchday squad."
URC,Hollywoodbets Sharks,Jurenzo Julius,Healthy,"Was reported unavailable due to injury in late April 2026 with no specific details given. Since resolved - started at outside centre for the Sharks against the All Blacks (Kings Park,11 August 2026).",,2026-04-26,unspecified - resolved,unspecified,high,2026-08-11,healthy,no,Sharks Rugby (official team release) / Planet Rugby,2026-08-10,https://sharksrugby.co.za/blogs/news/team-release-hollywoodbets-sharks-vs-all-blacks,Updated 2026-08-11: resolved via match-appearance rule (playbook §5) - started (13) for Sharks v All Blacks 11 Aug 2026. Previous row (last_verified 2026-04-26) was a presumption-rule 'Likely Healthy (Unconfirmed)' carried from the April RugbyPass aggregator list; now confirmed.
URC,Hollywoodbets Sharks,Le Roux Malan,Healthy,"Was reported unavailable due to injury in late April 2026 with no specific details given. Since resolved - named among the replacements (bench) for the Sharks against Zebre Parma (14 May 2026), confirming he had returned to full training and matchday availability well before this sweep.",,2026-04-26,unspecified - resolved,unspecified,high,2026-08-19,healthy,no,Sharks Rugby (official team release),2026-05-14,https://sharksrugby.co.za/2026/05/14/team-release-hollywoodbets-sharks-vs-zebre-parma-2/,"Updated 2026-08-19: resolved via match-appearance rule (playbook §5) - named among replacements (23) for Sharks v Zebre Parma 14 May 2026. Previous row (last_verified 2026-04-26) was a presumption-rule 'Likely Healthy (Unconfirmed)' carried from the April RugbyPass aggregator list; now confirmed by an actual matchday squad appearance, superseding the presumption."
URC,Hollywoodbets Sharks,Luan Giliomee,Healthy,"Was reported unavailable due to injury in late April 2026 with no specific details given. Since resolved - named on the bench for the Sharks against the All Blacks (Kings Park, 11 August 2026).",,2026-04-26,unspecified - resolved,unspecified,high,2026-08-11,healthy,no,Sharks Rugby (official team release) / Planet Rugby,2026-08-10,https://sharksrugby.co.za/blogs/news/team-release-hollywoodbets-sharks-vs-all-blacks,Updated 2026-08-11: resolved via match-appearance rule (playbook §5) - named among replacements (22) for Sharks v All Blacks 11 Aug 2026. Previous row (last_verified 2026-04-26) was a presumption-rule 'Likely Healthy (Unconfirmed)' carried from the April RugbyPass aggregator list; now confirmed.
URC,Hollywoodbets Sharks,Marvin Orie,Potential Injury,"Was reported unavailable due to injury in late April 2026, with no specific details given about what the injury was. The presumption-of-recovery default no longer applies: club matchday squad releases dated 14 May 2026 (vs Zebre Parma) and 11 August 2026 (vs the All Blacks, a depleted pre-season squad missing many first-choice players) both explicitly excluded this player, indicating a genuinely prolonged absence rather than a routine short-term knock. No specific diagnosis has surfaced, so severity remains unconfirmed.",unknown,2026-04-26,unspecified,unspecified,medium,2026-08-19,unknown_potentially_injured,no,Sharks Rugby team releases (vs Zebre Parma 14 May; vs All Blacks 11 Aug),2026-08-11,https://sharksrugby.co.za/2026/05/14/team-release-hollywoodbets-sharks-vs-zebre-parma-2/,"Updated 2026-08-19: previous row (last_verified 2026-04-26, presumption_rule_applied=yes) assumed recovered by default after 6+ weeks silence. Checked against club matchday squads on 14 May 2026 (Sharks v Zebre Parma team release explicitly lists players 'not considered for selection due to injury') and 11 Aug 2026 (Sharks v All Blacks, a squad already missing most Springboks on Argentina duty) - Marvin Orie absent from both, meaning the presumption of quick recovery is contradicted by real evidence of continued unavailability spanning 3.5+ months. Reverting presumption_rule_applied to 'no' and upgrading to Potential Injury per playbook methodology.md §5.3 (unexplained absence spanning 2+ rounds/appearances = fresh signal, not straight to Injured given no diagnosis). Pre-season squad news (mid-Aug) not yet found for this specific player - re-check once 2026-27 URC squad lists are published."
URC,Hollywoodbets Sharks,Matt Romao,Healthy,"Was reported unavailable due to injury in late April 2026 with no specific details given. Since resolved - named on the bench for the Sharks against the All Blacks (Kings Park, 11 August 2026).",,2026-04-26,unspecified - resolved,unspecified,high,2026-08-11,healthy,no,Sharks Rugby (official team release) / Planet Rugby,2026-08-10,https://sharksrugby.co.za/blogs/news/team-release-hollywoodbets-sharks-vs-all-blacks,Updated 2026-08-11: resolved via match-appearance rule (playbook §5) - named among replacements (20) for Sharks v All Blacks 11 Aug 2026. Previous row (last_verified 2026-04-26) was a presumption-rule 'Likely Healthy (Unconfirmed)' carried from the April RugbyPass aggregator list; now confirmed.
URC,Hollywoodbets Sharks,Ruan Dreyer,Potential Injury,"Was reported unavailable due to injury in late April 2026, with no specific details given about what the injury was. The presumption-of-recovery default no longer applies: club matchday squad releases dated 14 May 2026 (vs Zebre Parma) and 11 August 2026 (vs the All Blacks, a depleted pre-season squad missing many first-choice players) both explicitly excluded this player, indicating a genuinely prolonged absence rather than a routine short-term knock. No specific diagnosis has surfaced, so severity remains unconfirmed.",unknown,2026-04-26,unspecified,unspecified,medium,2026-08-19,unknown_potentially_injured,no,Sharks Rugby team releases (vs Zebre Parma 14 May; vs All Blacks 11 Aug),2026-08-11,https://sharksrugby.co.za/2026/05/14/team-release-hollywoodbets-sharks-vs-zebre-parma-2/,"Updated 2026-08-19: previous row (last_verified 2026-04-26, presumption_rule_applied=yes) assumed recovered by default after 6+ weeks silence. Checked against club matchday squads on 14 May 2026 (Sharks v Zebre Parma team release explicitly lists players 'not considered for selection due to injury') and 11 Aug 2026 (Sharks v All Blacks, a squad already missing most Springboks on Argentina duty) - Ruan Dreyer absent from both, meaning the presumption of quick recovery is contradicted by real evidence of continued unavailability spanning 3.5+ months. Reverting presumption_rule_applied to 'no' and upgrading to Potential Injury per playbook methodology.md §5.3 (unexplained absence spanning 2+ rounds/appearances = fresh signal, not straight to Injured given no diagnosis). Pre-season squad news (mid-Aug) not yet found for this specific player - re-check once 2026-27 URC squad lists are published."
URC,Hollywoodbets Sharks,Simphiwe Matanzima,Likely Healthy (Unconfirmed),"Was reported unavailable due to injury in late April 2026; as of 10 August 2026 the club gave an expected-return estimate of approximately three weeks (i.e. around early September 2026), which has now passed. New evidence: named in Hollywoodbets Sharks' 67-man squad for the 2026-27 URC season (announced 16 Sept 2026), consistent with the club's own ~early-September return estimate having been met - but this is a season-roster naming rather than a confirmed matchday appearance, so treated as likely-but-unconfirmed recovery rather than fully Healthy.",n/a - included in 2026-27 season squad; club's ~early-Sept estimate has passed,2026-04-26,unspecified,unspecified,medium,2026-09-18,unknown_potentially_injured,no,Rugby365 (Sharks 67-man squad for 2026-27 URC season),2026-09-16,https://rugby365.com/tournaments/united-rugby-championship/sharks-name-67-man-squad-ahead-of-new-urc-season/,"Updated 2026-09-18: previous row (last_verified 2026-08-19) had him as Potential Injury with a club-given ~3-week return estimate from 10 Aug (i.e. early Sept), which has now elapsed. New evidence: included by name in the Sharks' 67-man squad for the 2026-27 URC season (rugby365.com, 16 Sept 2026), consistent with the expected timeline. Upgrading to Likely Healthy (Unconfirmed) rather than Healthy since this is a season-roster naming, not yet a matchday appearance. Re-check once he appears in an actual URC matchday squad."
URC,Hollywoodbets Sharks,Tom Dyer,Likely Healthy (Unconfirmed),"Was reported unavailable due to injury in late April 2026, with no specific details ever surfacing, and was still explicitly absent from club matchday squads as of 11 August 2026. New evidence: named (as 'Thomas Dyer') in Hollywoodbets Sharks' 67-man squad for the 2026-27 URC season (announced 16 Sept 2026) - a positive signal, but a season-roster naming rather than a confirmed matchday appearance, so treated as likely-but-unconfirmed recovery rather than fully Healthy.",n/a - included in 2026-27 season squad,2026-04-26,unspecified,unspecified,medium,2026-09-18,unknown_potentially_injured,no,Rugby365 (Sharks 67-man squad for 2026-27 URC season),2026-09-16,https://rugby365.com/tournaments/united-rugby-championship/sharks-name-67-man-squad-ahead-of-new-urc-season/,"Updated 2026-09-18: previous row (last_verified 2026-08-19) had him as Potential Injury based on absence from the 14 May and 11 Aug matchday squads. New evidence: included (listed as 'Thomas Dyer') in the Sharks' 67-man squad for the 2026-27 URC season (rugby365.com, 16 Sept 2026). Upgrading to Likely Healthy (Unconfirmed) rather than Healthy since this is a season-roster naming, not a matchday appearance. Re-check once he appears in an actual URC matchday squad."
URC,Hollywoodbets Sharks,Trevor Nyakane,Likely Healthy (Unconfirmed),"Was reported unavailable due to injury in late April 2026, with no specific details ever surfacing, and was still explicitly absent from club matchday squads as of 11 August 2026. New evidence: named in Hollywoodbets Sharks' 67-man squad for the 2026-27 URC season (announced 16 Sept 2026) - a positive signal, but a season-roster naming rather than a confirmed matchday appearance, so treated as likely-but-unconfirmed recovery rather than fully Healthy.",n/a - included in 2026-27 season squad,2026-04-26,unspecified,unspecified,medium,2026-09-18,unknown_potentially_injured,no,Rugby365 (Sharks 67-man squad for 2026-27 URC season),2026-09-16,https://rugby365.com/tournaments/united-rugby-championship/sharks-name-67-man-squad-ahead-of-new-urc-season/,"Updated 2026-09-18: previous row (last_verified 2026-08-19) had him as Potential Injury based on absence from the 14 May and 11 Aug matchday squads. New evidence: included by name in the Sharks' 67-man squad for the 2026-27 URC season (rugby365.com, 16 Sept 2026). Upgrading to Likely Healthy (Unconfirmed) rather than Healthy since this is a season-roster naming, not a matchday appearance. Re-check once he appears in an actual URC matchday squad."
URC,Hollywoodbets Sharks,Yaw Penxe,Likely Healthy (Unconfirmed),"Was reported unavailable due to injury in late April 2026, with no specific details ever surfacing, and was still explicitly absent from club matchday squads as of 11 August 2026. New evidence: named in Hollywoodbets Sharks' 67-man squad for the 2026-27 URC season (announced 16 Sept 2026) - a positive signal, but a season-roster naming rather than a confirmed matchday appearance, so treated as likely-but-unconfirmed recovery rather than fully Healthy.",n/a - included in 2026-27 season squad,2026-04-26,unspecified,unspecified,medium,2026-09-18,unknown_potentially_injured,no,Rugby365 (Sharks 67-man squad for 2026-27 URC season),2026-09-16,https://rugby365.com/tournaments/united-rugby-championship/sharks-name-67-man-squad-ahead-of-new-urc-season/,"Updated 2026-09-18: previous row (last_verified 2026-08-19) had him as Potential Injury based on absence from the 14 May and 11 Aug matchday squads. New evidence: included by name in the Sharks' 67-man squad for the 2026-27 URC season (rugby365.com, 16 Sept 2026). Upgrading to Likely Healthy (Unconfirmed) rather than Healthy since this is a season-roster naming, not a matchday appearance. Re-check once he appears in an actual URC matchday squad."
URC,Hollywoodbets Sharks,Ox Nche,Healthy,"Knee 'niggle' from the 4 July Test v England has fully resolved - started at loosehead prop for South Africa in the 4th/final Test of the 'Rugby's Greatest Rivalry' series v the All Blacks in Baltimore (12 September 2026), playing a full and busy first half (13 tackles, won a scrum penalty) before being withdrawn early in the second half. Also named in Hollywoodbets Sharks' 67-man squad for the 2026-27 URC season (announced 16 Sept 2026).",n/a - playing,2026-07-04,unspecified (knee) - resolved,knee,high,2026-09-18,healthy,no,"RugbyPass (Springboks player ratings, 4th Test) / Rugby365 (Sharks 67-man squad)",2026-09-12,https://www.rugbypass.com/news/springboks-player-ratings-vs-all-blacks-4th-test-rugbys-greatest-rivalry-2026/,"Updated 2026-09-18: resolved via match-appearance rule (playbook §5) - started at prop for South Africa's 4th Test v All Blacks in Baltimore, 12 Sept 2026, playing into the second half. Previous row (last_verified 2026-08-19) had him as Potential Injury, trending toward 22 Aug selection but unconfirmed. Also now named in Sharks' 2026-27 URC squad announced 16 Sept 2026 (rugby365.com), confirming return to club fold for the new season."
URC,Hollywoodbets Sharks,Andre Esterhuizen,Healthy,"The cheekbone fracture/HIA sustained 4 July and the further HIA picked up on his 8 Aug return v Argentina have both resolved - came off the bench for South Africa in the 4th/final Test of the 'Rugby's Greatest Rivalry' series v the All Blacks in Baltimore (12 September 2026), replacing captain Siya Kolisi and adding carrying power. Named Hollywoodbets Sharks captain for the 2026-27 URC season (announced 17 Sept 2026).",n/a - playing,2026-07-04,fracture (cheekbone) + HIA - resolved,face/cheekbone (+ head),high,2026-09-18,healthy,no,"RugbyPass (Springboks player ratings, 4th Test) / The Citizen (Sharks captaincy announcement)",2026-09-17,https://www.citizen.co.za/sport/rugby/andre-esterhuizen-captain-sharks-2026-27-urc-campaign/,"Updated 2026-09-18: resolved via match-appearance rule (playbook §5) - came off the bench for South Africa in the 4th Test v All Blacks, Baltimore, 12 Sept 2026. Previous row (last_verified 2026-08-11) had fitness for the 22 Aug Test described as genuinely uncertain following a second HIA v Argentina; he has since played through the remainder of the series and been named Sharks captain for 2026-27 (Citizen, 17 Sept 2026) - a strong combined signal of full fitness."
URC,DHL Stormers,Sacha Feinberg-Mngomezulu,Healthy,Recovered from the ankle syndesmosis injury/surgery well ahead of the original 3-6 month estimate - named in the Springboks' 43-man squad (22 July) and was one of six of seven returning players who came through the Argentina Test (8 August) safely. On track for the All Blacks series.,,2026-05-30,ligament (ankle syndesmosis) - resolved,ankle,high,2026-08-11,healthy,no,Daily Maverick,2026-07-22,https://www.dailymaverick.co.za/article/2026-07-22-sacha-feinberg-mngomezulu-returns-to-face-all-blacks-in-greatest-rivalry-series/,Updated 2026-08-11: resolved via squad selection + confirmed clean fitness-test appearance v Argentina 8 Aug (one of the '6 of 7' who came through safely per citizen.co.za 10 Aug). Recovery was notably faster than the original 3-6 month prognosis in the previous row (last_verified 2026-07-05).
URC,DHL Stormers,Seabelo Senatla,Healthy,Returned from the concussion that ruled him out of the URC semi-final and started on the wing for the Stormers' pre-season match against the All Blacks at DHL Stadium (7 August 2026).,,2026-05-30,concussion/HIA - resolved,head,high,2026-08-11,healthy,no,NZ Herald / newswire.co.nz (Stormers v All Blacks team lineups),2026-08-07,https://www.nzherald.co.nz/sport/rugby/all-blacks/all-blacks-v-stormers-kickoff-times-how-to-watch-all-you-need-to-know/ONKP4NECP5EODP2Y4HGI2Q23IE/,"Updated 2026-08-11: resolved via match-appearance rule (playbook §5) - started at wing (14) for Stormers v All Blacks 7 Aug 2026, well past the standard concussion return-to-play window referenced in the previous row (last_verified 2026-06-05)."
URC,DHL Stormers,Ruben van Heerden,Healthy,"Now confirmed playing club rugby for Montpellier (Top 14, France) following his transfer from DHL Stormers ahead of 2026-27 - appeared as a substitute (on in the 65th minute) for Montpellier v Section Paloise on 5 September 2026. No longer a DHL Stormers/URC player; row kept as historical per the carry-forward rule rather than deleted. No injury concern.",n/a - playing for Montpellier,2026-06-01,concussion/HIA - resolved (historical),head,high,2026-09-18,healthy,no,Sofascore (Montpellier match log),2026-09-05,https://www.sofascore.com/rugby/player/ruben-van-heerden/1017896,"Updated 2026-09-18: previous row (last_verified 2026-08-19) had him as International Duty/on-standby while settling in at Montpellier, no injury concern. Confirmed via match record that he appeared as a substitute for Montpellier v Section Paloise, 5 Sept 2026 (came on 65th minute) - now an active, healthy Top 14 player. Kept as historical per playbook §5 since he no longer joins to current DHL Stormers/URC squad data, but updating status to reflect confirmed current fitness rather than leaving a stale 'International Duty' label."
URC,DHL Stormers,Damian Willemse,Healthy,Missed time with a hamstring injury but returned to start the Stormers' URC semi-final.,returned by 2026-06-06 (started semi-final),2026-05-15,soft tissue,hamstring,high,2026-06-05,healthy,no,SA Rugby magazine (semi-final team news),2026-06-05,https://www.sarugbymag.co.za/injury-hit-stormers-suffer-another-blow/,Named at 15 in semi-final XV after hamstring layoff - resolved
URC,Vodacom Bulls,Sebastian de Klerk,Injured,"Suffered a Lisfranc mid-foot ligament injury in March requiring surgery; still out as of this sweep, with no confirmed return-to-play date. Club posted a positive but non-specific rehab-progress update (""Update from the rehab corner"") on 22 July 2026 without disclosing a timeline.",late 2026/early 2027 (unchanged - no new timeline given),2026-03-14,"ligament (Lisfranc, surgery)",foot (Lisfranc),high,2026-08-19,injured,no,SA Rugby Mag,2026-07-22,https://www.sarugbymag.co.za/watch-bulls-speedster-back-in-business/,"Updated 2026-08-11: no material status change - still Injured, no confirmed return date. Adding a supplementary source: a 22 Jul 2026 rehab-progress social post/article confirms he is actively in rehab and trending positively, but gives no concrete return-to-play date, so status and expected_return are unchanged from the previous row (last_verified 2026-07-05). | Re-checked 2026-08-19: no new timeline surfaced. Confirms the same Lisfranc/foot-surgery injury and ~6-month prognosis already on file (originally reported as likely to keep him out for the remainder of 2026); no fresh return-to-play date found. Status and expected_return unchanged."
URC,Vodacom Bulls,Harold Vorster,Healthy,Failed a concussion test in March but returned to start the URC semi-final in June.,returned (started URC semi-final 6 Jun),2026-03-14,concussion/HIA,head,high,2026-06-06,healthy,no,Planet Rugby semi-final team sheet,2026-06-06,https://www.planetrugby.com/news/glasgow-warriors-suffer-critical-injury-blow-ahead-of-urc-semi-final-as-scotland-international-ruled-out,Failed HIA in March; started semi-final vs Glasgow - resolved
URC,Emirates Lions,Conraad van Vuuren,Healthy,"Served a four-match suspension for a red card earlier in the season. The ban is fully complete, with nothing carrying over.",ban completed (4 matches from early Mar),2026-02-28,suspension (served),,high,2026-03-07,healthy,no,Kickoff.com / URC disciplinary,2026-03-07,https://www.kickoff.com/rugby/urc/lions-prop-conraad-van-vuuren-banned-4-matches-after-red-card-in-urc,4-match ban (red card vs Stormers) fully served during 2025-26 - no carryover
URC,Emirates Lions,(no players identified),,,,,,,,2026-07-02,coverage_gap,no,Sweep note,2026-07-02,,No current injury data captured for Lions this sweep - fill via Rugby365/SA Rugby magazine before publishing
BOTH,(league-wide),(suspensions),,,,,,,,2026-07-02,review_item,no,URC news index,2026-06-12,https://www.unitedrugby.com/latest/,URC posted a Disciplinary Press Release dated 12 Jun 2026 whose content was not reviewed in this sweep - check for any ban carrying into 2026-27. No active carryover suspensions otherwise identified in either league
BOTH,(league-wide),(international squads),,,,,,,,2026-07-02,review_item,no,Sweep note,2026-07-02,,"Full England, Scotland (19 Glasgow players), Ireland (36-man), Springbok (51-man) and Italy squads not yet ingested - Wales 33 and named Irish call-ups only. July window ends before 2026-27 club season so fantasy impact is nil, but ingest for completeness"
PREM,Bristol Bears,Matias Moroni,Injured,"Argentina (Pumas) centre, signed by Bristol as injury cover / now on a longer deal. Fractured his cheekbone while playing international rugby for Argentina (reported 10 Sep 2026); specialists were still assessing whether surgery would be required. Expected to be out for up to 4-6 weeks.",4-6 weeks from ~early Sep 2026 (pending surgical decision),,fracture (surgery pending decision),face (cheekbone),medium,2026-09-18,injured,no,Yahoo Sports (UK) / RugbyPass,2026-09-10,https://uk.sports.yahoo.com/news/bristol-bears-injury-availablity-latest-141233302.html,"NEW row added 2026-09-18 (incremental sweep). Per playbook SS1a: injury sustained while on international duty for Argentina, so logged here as a normal injured row rather than in international_squads.csv. Exact injury date within the Aug/Sep 2026 Pumas window not specified in reporting."
PREM,Bristol Bears,Harry Thacker,Injured,Stretchered off with a neck injury in the 52nd minute of Bristol's 43-40 PREM Rugby Cup win over Gloucester (6 Sep 2026); taken to hospital as a precaution and released the same evening with no significant damage confirmed. In Bristol's Return to Play (concussion/head-injury-style) protocol as of 10 Sep 2026 with an uncertain timeline.,uncertain timeline (in Return to Play protocol as of 10 Sep 2026),2026-09-06,"neck injury (assessed, no significant damage)",neck,medium,2026-09-18,injured,no,Yahoo Sports (UK),2026-09-10,https://uk.sports.yahoo.com/news/bristol-bears-injury-availablity-latest-141233302.html,NEW row added 2026-09-18 (incremental sweep) - not previously tracked; surfaced via the Bristol injury-roundup search while checking Louis Rees-Zammit.
PREM,Bristol Bears,Gabriel Oghre,Potential Injury,"England international hooker recovering from knee surgery undergone in May 2026. As of 10 Sep 2026, described by Director of Rugby Pat Lam as 'not far from being back' and out on the training pitch, but not yet confirmed for matchday selection.","imminent - in training, no confirmed return date",2026-05-01,surgery (knee),knee,medium,2026-09-18,unknown_potentially_injured,no,Yahoo Sports (UK),2026-09-10,https://uk.sports.yahoo.com/news/bristol-bears-injury-availablity-latest-141233302.html,"NEW row added 2026-09-18 (incremental sweep) - not previously tracked; surfaced via the Bristol injury-roundup search while checking Louis Rees-Zammit. injury_date is approximate (surgery reported as ""May 2026"", exact date not given)."
PREM,Saracens,Tomos Williams,Healthy,"Wales scrum-half, transferred from Gloucester to Saracens for the 2026/27 season (announced Dec 2025, since confirmed by both clubs). Played through Wales's Jul 2026 Nations Championship window (fit as of the 30 Jun squad naming, last Test 18 Jul). No injury reporting found since. Saracens faced Scarlets in a pre-season friendly on 18 Sep 2026.",n/a - fit,,,,medium,2026-09-18,healthy,no,Saracens.com / RugbyPass (transfer confirmation),2026-09-01,https://saracens.com/tomos-williams-signs-for-saracens/,NEW row added 2026-09-18 (incremental sweep) - transfer from Gloucester discovered while checking his old Gloucester row. See Gloucester row (kept as historical) for his prior club context.
PREM,Harlequins,George Furbank,Healthy,"England fullback, transferred from Northampton Saints to Harlequins for 2026/27 (confirmed 8 Apr 2026). Recovered from the emergency appendectomy (surgery 4 Jul 2026) that ended his England summer tour; reported as arriving for Harlequins' pre-season and part of the club's plans alongside Marcus Smith as of a 13 Sep 2026 article discussing their reunion at Quins.","n/a - recovered, part of Harlequins pre-season plans",2026-07-03,"surgery (appendectomy, resolved)",abdomen/appendix,medium,2026-09-18,healthy,no,The Rugby Paper,2026-09-13,https://www.therugbypaper.co.uk/latest-news/492516/smith-relishing-link-up-with-furbank-at-quins,"NEW row added 2026-09-18 (incremental sweep) - transfer from Northampton discovered while checking his old Northampton row (see that row, kept as historical). Appendicitis recovery confirmed via a separate report of him joining Harlequins pre-season training after the surgery."
PREM,Sale Sharks,Nicky Smith,Healthy,"Wales loosehead prop, transferred from Leicester Tigers to Sale Sharks on a three-year deal for the 2026/27 season (move made 'for family' reasons). Played through Wales's Jul 2026 Nations Championship window (fit as of the 30 Jun squad naming, last Test 18 Jul). No injury reporting found since, and no negative fitness news around his move.",n/a - fit,,,,low,2026-09-18,healthy,no,The Rugby Paper (transfer confirmation),2026-09-01,https://www.therugbypaper.co.uk/all/domestic-club-rugby-union/english-premiership/487059/smith-makes-sale-move-for-family,"NEW row added 2026-09-18 (incremental sweep) - transfer from Leicester discovered while checking his old Leicester row. No explicit pre-season debut/fitness confirmation found for Sale specifically, so confidence kept low despite Healthy status; recheck next sweep."
PREM,Newcastle Red Bulls,Elliot Millar Mills,Healthy,"Scotland prop, transferred from Northampton Saints to Newcastle Red Bulls on a two-year deal for 2026/27 (his final Northampton appearance was the PREM final vs Exeter). Made his debut for Newcastle Red Bulls at tighthead prop in a September 2026 PREM Rugby Cup fixture.",n/a - fit and has debuted,,,,high,2026-09-18,healthy,no,Newcastle Red Bulls official (team news),2026-09-01,https://www.newcastleredbulls.com/en/articles/team-news-leic-cup-sep-2026,"NEW row added 2026-09-18 (incremental sweep) - transfer from Northampton discovered while checking his old Northampton row (see that row, kept as historical). Debut confirmed via Newcastle Red Bulls team news for a Sep 2026 PREM Rugby Cup match."
PREM,Northampton Saints,Anthony Belleau,Potential Injury,Picked up an unspecified training-ground injury which opened a debut opportunity for a teenage fly-half; unavailable for Northampton's 5 Sep 2026 PREM Rugby Cup match against Saracens.,unknown,2026-09-04,unspecified (training ground),unspecified,low,2026-09-18,unknown_potentially_injured,no,RugbyPass,2026-09-04,https://www.rugbypass.com/news/anthony-belleau-injury-opens-door-for-teenage-debut-at-northampton/,NEW row added 2026-09-18 (incremental sweep) - not previously tracked; surfaced via the Northampton injury-roundup search.
PREM,Northampton Saints,Ollie Sleightholme,Potential Injury,Picked up a training-ground injury of unknown severity; unavailable for Northampton's 5 Sep 2026 PREM Rugby Cup match against Saracens.,unknown - severity not yet known,2026-09-04,unspecified (training ground),unspecified,low,2026-09-18,unknown_potentially_injured,no,RugbyPass,2026-09-04,https://www.rugbypass.com/news/anthony-belleau-injury-opens-door-for-teenage-debut-at-northampton/,NEW row added 2026-09-18 (incremental sweep) - not previously tracked; surfaced via the Northampton injury-roundup search.
URC,Edinburgh Rugby,Marshall Sykes,Injured,"Underwent shoulder surgery over the summer; per RugbyPass (17 Sept 2026), will return to contact training 'next week' but will miss Edinburgh's opening URC games, expected available after this initial block of matches.",after opening block of URC fixtures,2026-09-17,surgery,shoulder,high,2026-09-18,injured,no,RugbyPass,2026-09-17,https://www.rugbypass.com/news/backline-injuries-pile-up-for-edinburgh-before-season-start/,NEW row (2026-09-18 sweep) - not previously tracked. Found incidentally while researching other flagged Edinburgh rows.
URC,Ospreys,Tom Rogers,Healthy,"Transferred from Scarlets to Ospreys for the 2026-27 season (his home region). Started on the wing for Ospreys' final pre-season friendly against Bath (10 Sept 2026 at Old Anniesland), confirming his fitness with his new club.",confirmed fit (started for new club) 2026-09-10,,,,high,2026-09-18,healthy,no,Swansea Bay News / Ospreys Rugby / Scarlets Rugby,2026-09-10,https://swanseabaynews.com/ospreys-parry-and-watkin-lead-together-for-the-first-time-as-ulster-close-out-pre-season/,"Updated 2026-09-18 sweep: IMPORTANT - team change. Rogers left Scarlets for Ospreys ahead of 2026-27 (confirmed via Ospreys/Scarlets official announcements and swanseabaynews.com, which shows him named in an Ospreys squad on 10 Sept 2026). The old Scarlets row for Tom Rogers has been deleted (not left as historical), since he is now an active Ospreys player, not a departed one. Reclassified from Likely Healthy (Unconfirmed) to Healthy."
