OVERALL RANK,POSITION RANK,PLAYER,SEASON SUMMARY,GMS,PPG,TOT. PTS.,POS,TEAM,R1,R2,R3,R4,R5,R6,R7,R8,R9,R10,R11,R12,R13,R14,R15,R16,R17,R18,MINS,PPM,TRIES,ASSISTS,METRES,CLEAN BREAKS,DEFENDERS BEATEN,OFFLOADS,TURNOVERS,TURNOVERS CONCEDED,PENALTIES CONCEDED,TACKLES,TACKLES MISSED,LINEOUT STEALS,PENALTIES,CONVERSIONS,DROP GOALS,YELLOW CARDS,RED CARDS,50-22s,MINS RANK,PPM RANK,TRIES RANK,ASSISTS RANK,METRES RANK,CLEAN BREAKS RANK,DEFENDERS BEATEN RANK,OFFLOADS RANK,TURNOVERS RANK,TURNOVERS CONCEDED RANK,PENALTIES CONCEDED RANK,TACKLES RANK,TACKLES MISSED RANK,LINEOUT STEALS RANK,PENALTIES RANK,CONVERSIONS RANK,DROP GOALS RANK,YELLOW CARDS RANK,RED CARDS RANK,50-22s RANK,MINS RANK POS,PPM RANK POS,TRIES RANK POS,ASSISTS RANK POS,METRES RANK POS,CLEAN BREAKS RANK POS,DEFENDERS BEATEN RANK POS,OFFLOADS RANK POS,TURNOVERS RANK POS,TURNOVERS CONCEDED RANK POS,PENALTIES CONCEDED RANK POS,TACKLES RANK POS,TACKLES MISSED RANK POS,LINEOUT STEALS RANK POS,PENALTIES RANK POS,CONVERSIONS RANK POS,DROP GOALS RANK POS,YELLOW CARDS RANK POS,RED CARDS RANK POS,50-22s RANK POS,MINS PER GAME,PPM PER GAME,TRIES PER GAME,ASSISTS PER GAME,METRES PER GAME,CLEAN BREAKS PER GAME,DEFENDERS BEATEN PER GAME,OFFLOADS PER GAME,TURNOVERS PER GAME,TURNOVERS CONCEDED PER GAME,PENALTIES CONCEDED PER GAME,TACKLES PER GAME,TACKLES MISSED PER GAME,LINEOUT STEALS PER GAME,PENALTIES PER GAME,CONVERSIONS PER GAME,DROP GOALS PER GAME,YELLOW CARDS PER GAME,RED CARDS PER GAME,50-22s PER GAME,MINS RANK PER GAME,PPM RANK PER GAME,TRIES RANK PER GAME,ASSISTS RANK PER GAME,METRES RANK PER GAME,CLEAN BREAKS RANK PER GAME,DEFENDERS BEATEN RANK PER GAME,OFFLOADS RANK PER GAME,TURNOVERS RANK PER GAME,TURNOVERS CONCEDED RANK PER GAME,PENALTIES CONCEDED RANK PER GAME,TACKLES RANK PER GAME,TACKLES MISSED RANK PER GAME,LINEOUT STEALS RANK PER GAME,PENALTIES RANK PER GAME,CONVERSIONS RANK PER GAME,DROP GOALS RANK PER GAME,YELLOW CARDS RANK PER GAME,RED CARDS RANK PER GAME,50-22s RANK PER GAME,MINS RANK PER GAME POS,PPM RANK PER GAME POS,TRIES RANK PER GAME POS,ASSISTS RANK PER GAME POS,METRES RANK PER GAME POS,CLEAN BREAKS RANK PER GAME POS,DEFENDERS BEATEN RANK PER GAME POS,OFFLOADS RANK PER GAME POS,TURNOVERS RANK PER GAME POS,TURNOVERS CONCEDED RANK PER GAME POS,PENALTIES CONCEDED RANK PER GAME POS,TACKLES RANK PER GAME POS,TACKLES MISSED RANK PER GAME POS,LINEOUT STEALS RANK PER GAME POS,PENALTIES RANK PER GAME POS,CONVERSIONS RANK PER GAME POS,DROP GOALS RANK PER GAME POS,YELLOW CARDS RANK PER GAME POS,RED CARDS RANK PER GAME POS,50-22s RANK PER GAME POS,PERCENTILE,PROJ_PPG,EXPECTED_GMS,PROJ_TOTAL_EXPECTED_GMS,PROJ_TIER,CONSISTENCY_LABEL,PROJ RANK,PROJ POS RANK,PROJ PERCENTILE
1,FH #1,SACHA FEINBERG-MNGOMEZULU,"Looks like the hype was real! Sacha missed 6 of the first 8 rounds (although he still came in and put up 65 points in R3 and R4), but the level of dominance from then on was such that he ended up finishing 51 points clear of Zac Ward in 2nd place. With 40+ point scores in both Semi-Final legs, he was almost certainly worth the high draft pick this season, and most likely will be again next.",12,26.58,318.97,Fly Half,DHL Stormers,0,0,18.23,47.52,0,0,0,0,12.48,17.83,11.88,15.64,38.38,19.65,22.33,48.78,43.33,22.92,943,0.34,9,5,698,16,47,9,4,33,7,69,22,0,15,29,0,1,0,2,53,8,4,15,9,3,4,44,107,1,104,211,19,118,2,4,4,23,18,3,8,4,1,6,1,1,1,5,2,1,3,13,6,2,2,3,2,2,2,1,78.58,0.03,0.75,0.42,58.17,1.33,3.92,0.75,0.33,2.75,0.58,5.75,1.83,0,1.25,2.42,0,0.08,0,0.17,27,109,18,30,16,9,9,69,166,3,192,307,38,118,1,7,4,87,18,8,2,8,3,8,1,1,1,6,2,1,2,10,8,2,1,6,2,6,2,2,100,22.69,11.4,258.67,Elite,Very Consistent,1,FH #1,100
2,OB #1,ZAC WARD,"Only one other player amassed more fantasy points this season than Zac Ward - Ward also missed 6 games, spread throughout the season (one was due to a postponed fixture). He averaged over 22 points-per-game, which is incredible, and certainly passed the eye test with some of his highlights. Ward both made the most metres with ball in hand and beat the most defenders of any player in the URC this season, and he also put up over 40 points in the fantasy grand final.",12,22.33,267.96,Outside Back,Ulster Rugby,30.42,0,4.43,0,5.93,0,0,27.8,35.11,0,24.19,12.92,21.81,8.75,27.83,0,26.82,41.95,917,0.29,11,1,1013,20,53,4,6,19,6,52,18,0,0,0,0,0,0,0,64,16,2,138,1,2,1,149,47,23,139,308,53,118,36,59,4,151,18,35,20,4,1,30,1,2,1,44,6,15,7,14,12,1,4,8,2,20,5,12,76.42,0.02,0.92,0.08,84.42,1.67,4.42,0.33,0.5,1.58,0.5,4.33,1.5,0,0,0,0,0,0,0,43,154,9,228,3,4,6,207,83,37,232,454,74,118,36,59,4,151,18,35,23,37,6,51,3,3,6,62,10,24,25,27,30,1,4,8,2,20,5,12,100,20.62,11.2,230.94,Elite,Very Consistent,2,OB #1,100
3,FH #2,CHRIS SMITH,"Smith was briefly in contention for top fantasy scorer overall towards the end of the season, before SFM and Ward both ripped 60+ points over the last 2 rounds, and he was also the leading (real-life) points scorer in the URC thanks to his kicking game - which was helped by the Lions feeding him 70+ tries to convert. Smith only missed 2 fantasy rounds (including R8 where the rearranged Lions fixture was not fantasy eligible), and at 15 points-per-game, his consistency as a weekly starter underpins his high fantasy value.",16,15.01,240.23,Fly Half,Lions,0,2.47,9.21,9.79,12.46,19.16,16.15,0,8.4,14.11,18.29,17.59,33.61,29.87,12.84,21.82,1.66,12.8,1221,0.2,1,4,355,5,16,15,2,14,7,91,18,0,15,45,0,0,0,0,5,60,219,29,87,84,107,10,209,59,104,117,53,118,2,1,4,151,18,35,1,8,14,10,8,11,10,2,10,12,3,2,12,2,2,1,2,11,2,10,76.31,0.01,0.06,0.25,22.19,0.31,1,0.94,0.13,0.88,0.44,5.69,1.13,0,0.94,2.81,0,0,0,0,45,268,380,65,188,185,214,41,378,174,293,314,206,118,6,3,4,151,18,35,4,22,23,16,13,16,21,2,13,24,4,13,24,2,6,3,2,11,2,10,100,13.44,14.6,196.22,Premium,Very Consistent,12,FH #2,99
4,LF #1,FRANCKE HORN,"Only 2 rounds missed and almost 15 points-per-game for Francke Horn is awesome fantasy value, especially from the Loose Forward position. He wasn't even able to stat-pad by taking kicks. While he didn't lead the league in any notable stat category, that actually speaks to his all-round solid play. Horn became a must-start fantasy player towards the business end of the season - averaging almost 20 points-per-game over the last 10 rounds.",16,14.83,237.21,Loose Forward,Lions,0,7.94,10.72,6.19,8.62,3.77,9.65,0,17.85,25.58,15.29,8.41,17.77,15.41,31.46,23.47,21.56,13.52,1186,0.2,5,8,495,12,27,17,4,5,3,107,8,1,0,0,0,1,0,0,10,60,27,2,35,9,38,6,107,279,323,88,278,58,36,59,4,23,18,35,2,10,7,1,7,1,6,2,43,56,71,41,55,21,1,1,1,6,6,1,74.13,0.01,0.31,0.5,30.94,0.75,1.69,1.06,0.25,0.31,0.19,6.69,0.5,0.06,0,0,0,0.06,0,0,69,268,111,20,102,61,109,26,230,477,510,219,499,113,36,59,4,142,18,35,7,56,22,1,14,2,22,7,69,101,99,84,92,36,1,1,1,36,6,1,100,14.13,14.6,206.3,Elite,Very Consistent,6,LF #2,99
5,OB #2,IGNACIO MENDY,"Mendy's talent is clearly there, but he will have been a frustrating fantasy player this season, as a couple of spike weeks inflated his points-per-game and overall score. As an example, his week 3 total of 52.86 was the highest single-round score of any player this season, but he followed it up with a score of -2.90 and an average of just 4.22 points over the next 3 rounds, and scored only 4 tries the whole season. He's always a tempting choice in fantasy because of the scores he can put up, but he's a bit boom-or-bust.",13,16.05,208.68,Outside Back,Benetton Rugby,0,0,52.68,-2.9,7.07,8.49,26.52,20.93,1.61,16.5,2.19,0.39,35.92,0,0,26.27,13.01,0,977,0.21,4,2,887,21,49,9,1,28,5,46,18,0,0,0,0,0,0,0,44,49,49,78,2,1,3,44,323,3,187,347,53,118,36,59,4,151,18,35,14,12,17,14,2,1,2,14,51,2,19,21,12,1,4,8,2,20,5,12,75.15,0.02,0.31,0.15,68.23,1.62,3.77,0.69,0.08,2.15,0.38,3.54,1.38,0,0,0,0,0,0,0,54,154,111,150,5,6,11,83,443,9,342,537,113,118,36,59,4,151,18,35,29,37,41,36,4,5,8,30,79,6,42,46,36,1,4,8,2,20,5,12,99,16.6,12,199.2,Premium,Average,10,OB #2,99
6,CE #1,HENCO VAN WYK,"Van Wyk rose quickly up the standings over rounds 12 to 17, averaging 21 points-per-game over that span, before dropping a bit of a relative dud in the fantasy Grand Final. With 5 tries and a lot of line breaks in that 6-round late-season span, he definitely showed what he's capable of for next year.",15,13.76,206.39,Centre,Lions,4.93,21.24,7.1,7.94,14.45,0.21,0,0,0,9.56,3.87,22.69,12.34,14.91,30.18,29.95,21.84,5.18,1093,0.19,6,3,644,14,40,7,7,16,7,98,17,0,0,0,0,0,0,0,18,81,17,47,12,5,14,71,32,39,104,97,66,118,36,59,4,151,18,35,3,9,1,7,1,1,3,19,7,5,4,8,14,1,3,6,1,17,2,6,72.87,0.01,0.4,0.2,42.93,0.93,2.67,0.47,0.47,1.07,0.47,6.53,1.13,0,0,0,0,0,0,0,84,268,68,108,48,39,33,156,108,111,277,229,206,118,36,59,4,151,18,35,20,39,4,15,6,6,6,38,17,16,17,27,47,1,3,6,1,17,2,6,99,13.78,13.6,187.41,Premium,Consistent,14,CE #2,98
7,OB #3,QUAN HORN,"Having played the most minutes of anyone in the URC, Quan Horn offered significant fantasy value if you drafted him, despite finishing with a seemingly modest 11.80 points-per-game, and never reaching 25 points in any single round. His value lies in being able to ""set and forget"" him in your lineup, while he quietly generates a decent, if never exceptional, score. There's real peace of mind in that. He also upped his PPG to around 17 during the regular season run-in and the playoffs, and led the league with five 50-22s, which is fun.",17,11.8,200.67,Outside Back,Lions,3.66,15.14,3.16,12.1,17.16,11.71,12.21,0,10.39,8.64,3.73,-0.89,12.46,21.84,24.36,15.03,11.17,18.8,1360,0.15,4,7,766,5,41,19,1,11,4,44,15,0,0,0,0,1,0,5,1,163,49,4,4,84,12,2,323,88,249,361,92,118,36,59,4,23,18,1,1,44,17,1,4,50,8,1,51,41,30,25,23,1,4,8,2,3,5,1,80,0.01,0.24,0.41,45.06,0.29,2.41,1.12,0.06,0.65,0.24,2.59,0.88,0,0,0,0,0.06,0,0.29,1,268,172,33,42,197,44,22,475,264,474,619,321,118,36,59,4,142,18,5,1,60,50,7,32,89,28,9,82,93,69,70,76,1,4,8,2,18,5,4,99,12.2,15.2,185.44,Premium,Very Consistent,15,OB #4,98
8,CE #2,SEBASTIAN DE KLERK,"De Klerk makes the top 10 fantasy players this season, but it's kind of on a technicality. He went on an absolute tear over the first 7 rounds, averaging over 21 points-per-game (and over 27 PPG over R2 - R6), without those figures being inflated by massive spike weeks. He was easily the most valuable player in the first half of the season, but managed just one more score of any worth (29.98 in R12), before not featuring at all from then on due to a serious foot injury. If you managed to find a decent replacement, De Klerk supercharged your fantasy squad for the first few weeks, and deserves recognition for that.",10,19.12,191.24,Centre,Vodacom Bulls,5.49,25.44,21.41,33.23,23.38,33.16,10.32,0,1.31,7.52,0,29.98,0,0,0,0,0,0,748,0.26,3,7,600,12,36,12,4,10,3,53,11,0,0,0,0,0,0,0,141,26,81,4,15,9,19,18,107,114,323,301,171,118,36,59,4,151,18,35,26,3,9,1,2,2,4,4,18,18,28,36,33,1,3,6,1,17,2,6,74.8,0.03,0.3,0.7,60,1.2,3.6,1.2,0.4,1,0.3,5.3,1.1,0,0,0,0,0,0,0,61,109,115,10,11,12,14,18,133,116,416,350,217,118,36,59,4,151,18,35,14,14,16,2,2,2,3,6,23,17,41,43,48,1,3,6,1,17,2,6,99,16.57,13.3,220.38,Elite,Very Consistent,4,CE #1,100
9,SH #1,EMBROSE PAPIER,"Papier looked like he was going to carry some fantasy managers to a league title after averaging over 21 points-per-game over rounds 11 to 15, but ended up disappointing in the playoffs. He still finished as the top scoring scrum half in fantasy, and has a nice highlight reel - scoring the most tries, making the most metres, and beating the most defenders of anyone at the position, while also bagging a couple of 50-22s.",16,11.71,187.38,Scrum Half,Vodacom Bulls,6.02,1.98,0,0.33,17.24,17.75,10.78,0,6.83,0,23.26,18.97,18.03,33.71,13.65,7.73,1.83,9.27,907,0.21,9,5,449,8,28,12,7,11,2,56,16,0,0,0,0,0,0,2,65,49,4,15,44,36,35,18,32,88,405,275,76,118,36,59,4,151,18,3,3,5,1,5,1,3,1,2,2,6,15,8,6,1,3,7,2,11,2,1,56.69,0.01,0.56,0.31,28.06,0.5,1.75,0.75,0.44,0.69,0.13,3.5,1,0,0,0,0,0,0,0.13,277,268,31,57,136,101,102,69,117,231,564,538,234,118,36,59,4,151,18,15,12,22,3,16,4,6,2,2,5,17,31,19,23,1,3,7,2,11,2,4,99,10.21,14.6,149.07,Elite,Very Consistent,58,SH #1,92
10,OB #4,KYLE ROWE,"Kyle Rowe started the season with a strong score, underwhelmed for the next 10 rounds, before picking it up again during the run-in and playoffs. His score of 30.16 in the fantasy Grand Final will have made some managers very happy, and he also had some good highlights among his 6 tries. 16 players scored more tries than Rowe this season, and he didn't register a single assist, but he did finish within the top 5 in the URC in metres made, line breaks and defenders beaten.",13,14.38,186.91,Outside Back,Glasgow Warriors,21.1,5.25,0,1.26,8.93,6.29,0,0,0,7.78,11.71,32.52,19.3,0,22.03,4.83,15.75,30.16,952,0.2,6,0,732,15,47,3,1,18,6,62,13,0,0,0,0,0,0,0,50,60,17,267,5,4,4,199,323,29,139,247,133,118,36,59,4,151,18,35,15,15,7,59,5,3,3,51,51,18,7,8,26,1,4,8,2,20,5,12,73.23,0.02,0.46,0,56.31,1.15,3.62,0.23,0.08,1.38,0.46,4.77,1,0,0,0,0,0,0,0,80,154,53,267,19,16,13,290,443,62,278,407,234,118,36,59,4,151,18,35,36,37,26,59,16,12,9,75,79,38,31,19,57,1,4,8,2,20,5,12,99,13.76,12,165.12,Premium,Consistent,27,OB #7,97
11,OB #5,RIO DYER,"Dyer was arguably the most valuable player in terms of fantasy output, given how low most managers drafted him. Dyer went undrafted in 92% of leagues, which may have seemed like the correct move as he averaged less than a point per game over the first 6 rounds, but he later broke out for 17.60 PPG over his remaining 10 appearances.",14,12.98,181.73,Outside Back,Dragons RFC,1.65,8.1,-7.34,3.13,0,0,39.77,19.22,0,9.53,10.79,23.85,23.77,10.36,5.75,0,25.13,8.02,995,0.18,4,3,724,14,45,8,0,14,2,51,6,0,0,0,0,2,0,0,39,94,49,47,6,5,6,56,480,59,405,317,363,118,36,59,4,7,18,35,12,23,17,7,6,4,4,17,84,28,58,17,70,1,4,8,2,1,5,12,71.07,0.01,0.29,0.21,51.71,1,3.21,0.57,0,1,0.14,3.64,0.43,0,0,0,0,0.14,0,0,105,268,124,97,25,18,21,117,480,116,546,531,551,118,36,59,4,33,18,35,47,60,45,20,20,14,15,41,84,61,80,45,104,1,4,8,2,5,5,12,99,12.14,15.1,183.31,Premium,Average,16,OB #5,98
12,LF #2,SEAN JANSEN,"Jansen led the try scoring charts at points this season, scoring 8 in the end, and also finished 3rd in tackles. He's one of those LFs who is given the ball to punch it in, so will have some value next season - see his purple patch over rounds 10-13 this year for what his ceiling likely is.",16,11.34,181.42,Loose Forward,Connacht Rugby,10.26,0,12.57,6.05,2.26,9.37,6.82,11.26,10.32,18.6,21.36,18.56,21.13,0,3.48,2.25,19.09,8.04,1043,0.17,8,0,555,2,21,13,7,15,9,199,13,0,0,0,0,0,0,0,30,121,7,267,22,203,65,16,32,49,60,3,133,118,36,59,4,151,18,35,8,22,2,50,3,36,12,6,16,5,18,3,26,40,1,1,1,40,6,1,65.19,0.01,0.5,0,34.69,0.13,1.31,0.81,0.44,0.94,0.56,12.44,0.81,0,0,0,0,0,0,0,170,268,38,267,78,318,170,56,117,156,207,13,355,118,36,59,4,151,18,35,22,56,7,50,9,69,33,12,41,19,44,7,61,40,1,1,1,40,6,1,99,14.34,14.2,203.63,Elite,Very Consistent,8,LF #3,99
13,FH #3,DAN EDWARDS,"There's a clear gap between Edwards and the 2 FHs who finished above him in 2025-26, but Edwards' conversion kicking meant his fantasy output was stable, if not particularly exciting. 2 tries in Round 17 have pulled his PPG average a little higher than it should be.",14,12.94,181.22,Fly Half,Ospreys,9.24,3.15,11.36,17.9,11.98,0,8.76,11.38,11.89,15.38,0,0,0,10.18,13.9,16.98,31.79,7.33,1086,0.17,5,3,432,5,19,5,0,22,1,69,21,0,5,35,0,1,0,0,19,121,27,47,53,84,82,113,480,11,478,211,25,118,12,2,4,23,18,35,5,15,2,17,6,11,8,16,26,3,25,13,8,2,9,2,2,2,2,10,77.57,0.01,0.36,0.21,30.86,0.36,1.36,0.36,0,1.57,0.07,4.93,1.5,0,0.36,2.5,0,0.07,0,0,32,268,81,97,104,164,160,198,480,38,598,392,74,118,16,6,4,114,18,35,3,22,4,21,8,14,13,18,26,6,29,22,15,2,12,5,2,7,2,10,98,11.78,13,153.14,Good,Very Consistent,49,FH #6,94
14,LF #3,EVAN ROOS,"The URC's leading try scorer also made the most metres of any Loose Forward, and Roos played a prominent part in the Stormers' success in 2025-26. However outside of a strong first round and fantasy playoff run in, Roos' fantasy scores, while solid, were let down by him also leading all LFs in both penalties and turnovers conceded.",16,11.3,180.83,Loose Forward,DHL Stormers,24.1,7.6,6.57,11.03,2.27,1.47,10.7,0,10.52,0,3.52,10.46,9.98,29.61,17.36,21.34,5.29,9.01,1197,0.15,12,1,612,5,37,7,3,23,16,136,23,0,0,0,0,0,0,0,8,163,1,138,13,84,16,71,151,6,2,30,16,118,36,59,4,151,18,35,1,35,1,23,1,4,2,12,56,1,1,17,4,40,1,1,1,40,6,1,74.81,0.01,0.75,0.06,38.25,0.31,2.31,0.44,0.19,1.44,1,8.5,1.44,0,0,0,0,0,0,0,59,268,18,261,65,185,49,166,313,55,32,121,95,118,36,59,4,151,18,35,6,56,3,48,7,25,7,28,87,3,6,57,7,40,1,1,1,40,6,1,98,14.31,14.6,208.93,Elite,Consistent,5,LF #1,99
15,OB #6,JIMMY O'BRIEN,"O'Brien in undoubtedly an attacking threat, placing top-10 in metres gained, line breaks and offloads, but he somehow only managed 4 tries in 12 games. BIG BUT - he delivered when it mattered, racking up over 20 points per game throughout the fantasy playoffs.",12,14.34,172.13,Outside Back,Leinster Rugby,3.36,13.84,13.52,23.39,0,16.62,0,0,0,0,0,5.61,3.85,18.31,12.25,11.25,23.9,26.23,905,0.19,4,2,703,12,33,18,3,22,2,41,12,0,0,0,0,0,0,0,68,81,49,78,8,9,26,4,151,11,405,374,154,118,36,59,4,151,18,35,22,19,17,14,8,7,16,2,24,8,58,27,29,1,4,8,2,20,5,12,75.42,0.02,0.33,0.17,58.58,1,2.75,1.5,0.25,1.83,0.17,3.42,1,0,0,0,0,0,0,0,53,154,87,132,15,18,29,12,230,20,522,549,234,118,36,59,4,151,18,35,28,37,35,30,13,14,21,5,42,14,78,51,57,1,4,8,2,20,5,12,98,15.73,10.1,158.87,Premium,Very Consistent,35,OB #9,95
16,OB #7,WERNER KOK,"Werner Kok's luscious locks were a sight to behold at times this season as he punched in 10 tries over 14 games. He and his Ulster teammates got on a bit of a roll in the middle of the season, where Kok, Lowry, Doak and Zac Ward looked like the safest bets in fantasy, but Kok also stunk the place out with 2 negative scores, and some other meh outings. Kok conceded the most turnovers of anyone in the URC this season.",14,12.29,172.07,Outside Back,Ulster Rugby,0,0,0,31.33,-0.2,14.93,19.71,19.87,21.4,-6.52,5.3,4.45,8.28,12.2,1.32,0,32.21,7.79,1019,0.17,10,2,521,12,30,9,7,31,10,84,9,0,0,0,0,1,0,0,38,121,3,78,27,9,31,44,32,2,41,140,236,118,36,59,4,23,18,35,11,31,2,14,17,7,19,14,4,1,1,1,48,1,4,8,2,3,5,12,72.79,0.01,0.71,0.14,37.21,0.86,2.14,0.64,0.5,2.21,0.71,6,0.64,0,0,0,0,0.07,0,0,87,268,22,154,69,49,59,96,83,8,130,268,440,118,36,59,4,114,18,35,40,60,14,38,48,37,34,35,10,5,12,4,96,1,4,8,2,14,5,12,98,13.09,12.8,167.55,Premium,Average,24,OB #6,97
17,OB #8,ANGUS O'BRIEN,"Most managers did not spend much draft capital on O'Brien, which renders his consistent scoring relatively valuable. You can pretty much put that all down to the fact he is an OB who takes kicks. He likely won't have won you any games on his own, despite finishing as the OB #8 - he's more of a solid anchor/set and forget.",16,10.74,171.82,Outside Back,Dragons RFC,3.69,8.59,0,16.69,1.76,5.29,34.16,10.14,10.38,11.1,6.98,6.53,4.45,12,0,9.1,12.58,18.38,1257,0.14,1,3,526,3,29,2,2,24,3,34,22,0,13,25,0,0,0,0,4,190,219,47,26,151,33,247,209,4,323,427,19,118,5,7,4,151,18,35,3,52,58,7,16,70,21,61,32,3,44,36,6,1,1,2,2,20,5,12,78.56,0.01,0.06,0.19,32.88,0.19,1.81,0.13,0.13,1.5,0.19,2.13,1.38,0,0.81,1.56,0,0,0,0,28,268,380,122,90,255,92,391,378,44,510,651,113,118,8,16,4,151,18,35,14,60,81,25,58,95,47,84,69,28,76,80,36,1,1,2,2,20,5,12,98,10.35,14.4,149.04,Good,Consistent,59,OB #11,92
18,SH #2,NATHAN DOAK,"Doak was not far behind Embrose Papier for SH #1, although they scored their points very differently - Papier scoring tries and carrying strongly while Doak knocked over kicks.",15,11.41,171.11,Scrum Half,Ulster Rugby,19.23,0,8.57,26.14,2.47,14.97,10.8,-0.09,19.05,11.54,0,4.15,15.31,7.25,12.57,0,18.32,0.83,975,0.18,2,11,226,1,6,2,0,10,3,82,19,0,7,33,0,1,0,1,45,94,133,1,170,286,275,247,480,114,323,149,40,118,7,3,4,23,18,12,2,11,14,1,8,24,22,21,33,11,6,3,3,1,1,1,2,3,2,3,65,0.01,0.13,0.73,15.07,0.07,0.4,0.13,0,0.67,0.2,5.47,1.27,0,0.47,2.2,0,0.07,0,0.07,172,268,263,9,293,389,426,391,480,239,486,336,152,118,12,10,4,114,18,27,7,22,32,5,19,37,36,37,33,19,19,5,14,1,1,1,2,9,2,8,98,9.97,13.8,137.59,Elite,Very Consistent,76,SH #2,90
19,HK #1,EWAN ASHMAN,"Went on a scoring bender at a great time of the season for fantasy managers, but that was after a spell of no scoring at all. Ashman is a try scoring hooker and should be one of the most sought after at his position.",11,15.45,169.92,Hooker,Edinburgh Rugby,10.04,0,18.54,7.01,18.35,0,10.2,0,0,0,0,0,15.07,5.94,21.27,28.95,14.62,19.93,754,0.23,8,1,338,3,11,6,4,8,7,124,10,2,0,0,0,0,0,0,137,35,7,138,94,151,178,90,107,156,104,52,204,36,36,59,4,151,18,35,5,10,1,2,1,2,6,2,10,3,10,5,13,2,1,1,1,9,2,1,68.55,0.02,0.73,0.09,30.73,0.27,1,0.55,0.36,0.73,0.64,11.27,0.91,0.18,0,0,0,0,0,0,130,154,21,212,106,204,214,127,159,217,161,38,309,56,36,59,4,151,18,35,1,23,1,8,1,4,8,4,18,6,9,6,18,6,1,1,1,9,2,1,98,14.41,10.5,151.31,Elite,Very Consistent,52,HK #1,93
20,CE #3,STAFFORD MCDOWALL,"McDowall actually ranked as the CE #3 overall but it feels like he slipped under the radar as he never scored more than 30 points in a round. His score in the final was pleasing, and he was generally steady, which we'd expect him to be again next season as a talented guy on a talented team.",16,10.62,169.9,Centre,Glasgow Warriors,10.59,3.09,0,18.48,9.97,8.03,8.12,3.34,29.16,-2.03,8.48,4.85,15.81,0,13.42,-0.17,11.83,26.93,1197,0.14,4,4,593,10,36,10,1,15,6,85,19,0,0,0,0,0,0,1,8,190,49,29,17,19,19,32,323,49,139,133,40,118,36,59,4,151,18,12,2,21,5,5,3,4,4,10,46,8,7,13,7,1,3,6,1,17,2,1,74.81,0.01,0.25,0.25,37.06,0.63,2.25,0.63,0.06,0.94,0.38,5.31,1.19,0,0,0,0,0,0,0.06,59,268,150,65,70,76,54,99,475,156,342,345,181,118,36,59,4,151,18,33,13,39,22,9,11,15,11,24,59,18,28,41,42,1,3,6,1,17,2,5,97,11.27,14.4,162.29,Premium,Consistent,31,CE #5,96
21,FH #4,JACK WALSH,,17,9.91,168.55,Fly Half,Ospreys,13.01,4.11,16.26,8.46,-2.54,13.05,1.8,15.9,6.2,0,13.71,22.96,24.04,7.16,3.04,19.45,2.4,-0.46,1207,0.14,2,4,651,6,31,16,5,21,5,90,23,0,0,8,0,0,0,0,7,190,133,29,11,63,30,7,74,14,187,121,16,118,36,29,4,151,18,35,2,21,8,10,2,7,3,1,1,4,6,3,5,2,29,23,2,11,2,10,71,0.01,0.12,0.24,38.29,0.35,1.82,0.94,0.29,1.24,0.29,5.29,1.35,0,0,0.47,0,0,0,0,106,268,283,83,64,170,90,41,202,80,426,351,124,118,36,39,4,151,18,35,9,22,15,19,2,15,6,2,3,10,15,16,17,2,29,33,2,11,2,10,97,9.36,15.4,144.14,Good,Average,69,FH #8,91
22,HK #2,TOM STEWART,"Stewart almost finished as the Hooker #1, but was pipped by Ewan Ashman on the final day. Still, almost 12 PPG and 14 games played is great output from a front row.",14,11.93,167.01,Hooker,Ulster Rugby,13.95,0,7.78,9.63,6.92,10.65,24.48,8.74,9.94,13.44,0,25.7,8.17,0,4.2,0,8.6,14.81,820,0.2,6,0,239,4,15,3,8,7,4,177,12,1,0,0,0,0,0,0,102,60,17,267,158,118,119,199,26,192,249,7,154,58,36,59,4,151,18,35,3,17,4,15,6,1,2,6,3,7,22,1,8,6,1,1,1,9,2,1,58.57,0.01,0.43,0,17.07,0.29,1.07,0.21,0.57,0.5,0.29,12.64,0.86,0.07,0,0,0,0,0,0,246,268,62,267,258,197,212,296,67,324,426,12,328,103,36,59,4,151,18,35,5,35,5,15,8,3,7,12,9,16,34,2,22,18,1,1,1,9,2,1,97,11.59,12.9,149.51,Elite,Very Consistent,54,HK #2,93
23,OB #9,OLLIE SMITH,,15,11.08,166.14,Outside Back,Glasgow Warriors,9.13,0,9.93,9.28,0,3.18,4.46,9.96,28.19,3.5,27.7,6.56,16.48,15.27,0,14.63,7.06,0.81,1047,0.16,4,1,708,9,37,7,3,18,4,63,13,0,0,1,0,0,0,1,28,149,49,138,7,24,16,71,151,29,249,244,133,118,36,50,4,151,18,12,8,41,17,30,7,18,11,24,24,18,30,7,26,1,4,5,2,20,5,6,69.8,0.01,0.27,0.07,47.2,0.6,2.47,0.47,0.2,1.2,0.27,4.2,0.87,0,0,0.07,0,0,0,0.07,117,268,138,244,35,80,43,156,284,87,441,465,327,118,36,56,4,151,18,27,51,60,47,55,27,55,27,53,51,50,61,29,78,1,4,7,2,20,5,10,97,10.62,13.6,144.43,Good,Consistent,68,OB #14,91
24,FH #5,CALLUM SHEEDY,,16,10.17,162.75,Fly Half,Cardiff Rugby,15.08,13.32,20.05,10.18,0.33,0,15.83,9.99,4.39,7.16,5.21,12.86,5.29,13.12,13.12,12.51,4.31,0,1172,0.14,0,6,264,3,14,8,3,7,1,85,20,0,6,23,0,0,0,2,11,190,390,10,142,151,135,56,151,192,478,133,32,118,11,9,4,151,18,3,3,21,24,2,15,18,15,8,4,27,25,5,9,2,8,6,2,11,2,1,73.25,0.01,0,0.38,16.5,0.19,0.88,0.5,0.19,0.44,0.06,5.31,1.25,0,0.38,1.44,0,0,0,0.13,79,268,390,37,265,255,272,136,313,385,611,345,161,118,14,20,4,151,18,15,6,22,24,11,23,21,24,14,10,40,35,15,21,2,10,15,2,11,2,6,97,10.57,14.6,154.32,Good,Very Consistent,46,FH #5,94
25,CE #4,ANDRE ESTERHUIZEN,"CE #4 is kind to Esterhuizen, in our opinion. He was not bad this year, but a lot of people spent a lot of draft capital on him, and he only really rescued some respectability with back-to-back 30+ point games in the final 2 rounds. If managers who drafted him held him until the final day, it could have been worse, but this season they would have been expecting a lot better.",13,12.41,161.35,Centre,Hollywoodbets Sharks,0,0,0,12.05,12.22,0,6.45,0,4.46,14.65,8.16,7.99,3.36,11.16,6.18,9.25,30.45,34.97,1040,0.16,4,6,502,3,50,14,5,20,5,45,8,0,0,0,0,0,0,0,32,149,49,10,32,151,2,12,74,19,187,351,278,118,36,59,4,151,18,35,7,15,5,2,4,34,1,2,12,1,10,40,45,1,3,6,1,17,2,6,80,0.01,0.31,0.46,38.62,0.23,3.85,1.08,0.38,1.54,0.38,3.46,0.62,0,0,0,0,0,0,0,1,268,111,26,61,224,10,24,149,41,342,547,451,118,36,59,4,151,18,35,1,39,15,4,9,48,2,7,27,5,28,71,70,1,3,6,1,17,2,6,97,14.7,12,176.4,Premium,Consistent,18,CE #3,98
26,HK #3,JOHAN GROBBELAAR,,15,10.63,159.43,Hooker,Vodacom Bulls,22.99,13.75,5.39,4.67,8.49,0,5.31,0,0.59,22.39,12.95,0,9.06,12.67,13.06,8.67,6.59,12.85,876,0.18,8,1,242,3,8,3,6,12,5,141,14,0,0,0,0,0,0,0,78,94,7,138,155,151,228,199,47,80,187,26,115,118,36,59,4,151,18,35,1,22,1,2,5,2,9,6,5,1,16,3,4,19,1,1,1,9,2,1,58.4,0.01,0.53,0.07,16.13,0.2,0.53,0.2,0.4,0.8,0.33,9.4,0.93,0,0,0,0,0,0,0,251,268,37,244,275,237,354,303,133,191,373,80,299,118,36,59,4,151,18,35,7,35,2,12,11,6,20,14,15,5,31,10,15,19,1,1,1,9,2,1,97,10.55,13.7,144.54,Elite,Consistent,67,HK #3,91
27,LF #4,AARON WAINWRIGHT,,11,14.3,157.32,Loose Forward,Dragons RFC,17.1,17.14,0,9.18,13.83,0,0,5.79,16.38,12.77,0,0,0,20.12,0,10.4,14.05,20.56,880,0.18,3,0,528,5,37,0,5,6,5,129,15,1,0,0,0,0,0,0,75,94,81,267,25,84,16,476,74,231,187,42,92,58,36,59,4,151,18,35,16,15,23,50,5,4,2,96,32,43,51,23,17,21,1,1,1,40,6,1,80,0.02,0.27,0,48,0.45,3.36,0,0.45,0.55,0.45,11.73,1.36,0.09,0,0,0,0,0,0,1,154,138,267,33,121,19,476,112,311,282,25,119,87,36,59,4,151,18,35,1,29,30,50,2,9,2,96,40,62,61,15,13,28,1,1,1,40,6,1,97,0.01,10.6,0.11,Fringe,Very Consistent,751,LF #132,0
28,LF #5,FLETCHER ANDERSON,,12,13.01,156.08,Loose Forward,Scarlets,0,0,0,0,0,7.72,17.93,10.42,6.78,11.86,21.28,8.36,12.29,20.27,8.39,19.53,11.25,0,929,0.17,1,0,562,2,45,7,6,11,6,156,16,0,0,0,0,0,0,0,61,121,219,267,21,203,6,71,47,88,139,15,76,118,36,59,4,151,18,35,13,22,44,50,2,36,1,12,21,11,38,8,15,40,1,1,1,40,6,1,77.42,0.01,0.08,0,46.83,0.17,3.75,0.58,0.5,0.92,0.5,13,1.33,0,0,0,0,0,0,0,34,268,328,267,37,273,12,115,83,162,232,7,125,118,36,59,4,151,18,35,4,56,64,50,3,54,1,19,36,21,50,4,14,40,1,1,1,40,6,1,96,12.68,11.4,144.55,Premium,Very Consistent,66,LF #10,91
29,FH #6,JACOB UMAGA,"Umaga conceded a lot of turnovers, missed a lot of tackles and picked up a red card (in the fantasy semi-final no less), otherwise he would have had a very respectable season total. Will be interesting to see if he can cut out the mistakes next season - well worth a pick at FH if you think he can.",14,11.14,155.97,Fly Half,Benetton Rugby,14.16,9.47,7.62,1.45,13.07,7.91,24.64,21.86,2.89,0,0,7.41,28.67,0,23.14,9.36,-15.68,0,1064,0.15,1,1,498,7,16,8,0,24,1,74,31,0,17,20,0,0,1,0,23,163,219,138,33,46,107,56,480,4,478,187,4,118,1,12,4,151,1,35,6,19,14,24,3,3,10,8,26,2,25,10,2,2,1,9,2,11,1,10,76,0.01,0.07,0.07,35.57,0.5,1.14,0.57,0,1.71,0.07,5.29,2.21,0,1.21,1.43,0,0,0.07,0,46,268,356,244,74,101,201,117,480,29,598,351,15,118,2,21,4,151,7,35,5,22,18,28,4,5,19,11,26,4,29,16,3,2,2,16,2,11,1,10,96,12.34,13,160.42,Good,Average,33,FH #3,96
30,FH #7,TINUS DE BEER,,16,9.73,155.62,Fly Half,Dragons RFC,12.7,21.12,0.11,16.91,15.89,5.07,13.3,6.24,12.14,17.48,12.06,0.04,0,0,-0.29,13.21,6,3.64,1126,0.14,2,4,450,5,27,3,4,15,5,129,19,0,1,10,0,0,0,0,15,190,133,29,43,84,38,199,107,49,187,42,40,118,29,24,4,151,18,35,4,21,8,10,4,11,4,21,2,9,6,1,11,2,23,18,2,11,2,10,70.38,0.01,0.13,0.25,28.13,0.31,1.69,0.19,0.25,0.94,0.31,8.06,1.19,0,0.06,0.63,0,0,0,0,111,268,263,65,132,185,109,328,230,156,408,144,181,118,34,34,4,151,18,35,11,22,13,16,9,16,9,29,5,21,13,2,22,2,27,28,2,11,2,10,96,9.21,14.6,134.47,Good,Consistent,83,FH #9,89
31,CE #5,ALEX NANKIVELL,,14,11.08,155.07,Centre,Munster Rugby,10.39,5.81,0,8.82,17.41,3.9,14.95,8.8,9.64,1.69,0,0,5.73,5.87,29.34,14.77,17.95,0,1030,0.15,0,3,438,5,42,10,10,12,5,109,10,0,0,0,0,0,0,0,34,163,390,47,49,84,10,32,15,80,187,83,204,118,36,59,4,151,18,35,8,18,53,7,6,17,2,10,2,12,10,5,38,1,3,6,1,17,2,6,73.57,0.01,0,0.21,31.29,0.36,3,0.71,0.71,0.86,0.36,7.79,0.71,0,0,0,0,0,0,0,75,268,390,97,99,164,23,79,45,176,361,159,407,118,36,59,4,151,18,35,19,39,53,13,19,36,4,20,5,21,32,14,68,1,3,6,1,17,2,6,96,10.13,12.8,129.66,Good,Very Consistent,92,CE #7,88
32,OB #10,MIRKO BELLONI,,13,11.86,154.21,Outside Back,Zebre Parma,7.19,0.72,0,25.71,19.66,5.11,0,0,7.62,10.58,10.32,0,23.74,14.68,0,0,9.55,19.33,887,0.17,2,2,573,13,40,7,5,16,4,52,19,0,0,0,0,0,0,0,72,121,133,78,19,8,14,71,74,39,249,308,40,118,36,59,4,151,18,35,24,31,39,14,13,6,10,24,8,22,30,14,10,1,4,8,2,20,5,12,68.23,0.01,0.15,0.15,44.08,1,3.08,0.54,0.38,1.23,0.31,4,1.46,0,0,0,0,0,0,0,132,268,230,150,43,18,22,133,149,81,408,481,90,118,36,59,4,151,18,35,56,60,65,36,33,14,16,46,21,47,53,32,31,1,4,8,2,20,5,12,96,11.25,12,135,Good,Consistent,81,OB #20,89
33,OB #11,WES GOOSEN,"Goosen was on a mad one until a Round 12 injury cut his season short, and would have finished near the top of the OB rankings thanks to his ball carrying if he maintained that pace. He will be 31 next season.",11,14.01,154.08,Outside Back,Edinburgh Rugby,11.18,0,5.13,20.16,21.32,11.33,4.15,10.98,25.52,2.66,11.71,29.94,0,0,0,0,0,0,880,0.18,0,4,668,9,36,4,4,12,3,51,9,0,0,0,0,0,0,0,75,94,390,29,10,24,19,149,107,80,323,317,236,118,36,59,4,151,18,35,25,23,83,5,9,18,12,44,14,40,44,17,48,1,4,8,2,20,5,12,80,0.02,0,0.36,60.73,0.82,3.27,0.36,0.36,1.09,0.27,4.64,0.82,0,0,0,0,0,0,0,1,154,390,42,10,53,20,198,159,108,441,421,349,118,36,59,4,151,18,35,1,37,83,11,9,39,14,60,23,59,61,20,83,1,4,8,2,20,5,12,96,11.47,14.2,162.87,Premium,Consistent,30,OB #8,96
34,OB #12,SAM GILBERT,"When Gilbert became available there was a scramble for him as fantasy managers took a fly that he'd be on kicking duties, and sure enough he delivered consisten scoring from then on out.",11,13.98,153.73,Outside Back,Connacht Rugby,0,0,0,0,0,8.33,19.22,20.65,17.77,14.71,10.59,10.41,0,0,10.21,9.73,16.84,15.27,834,0.18,1,2,431,4,16,8,2,19,6,36,11,0,7,29,0,0,0,0,93,94,219,78,54,118,107,56,209,23,139,413,171,118,7,4,4,151,18,35,28,23,58,14,32,60,45,17,32,15,7,32,32,1,2,1,2,20,5,12,75.82,0.02,0.09,0.18,39.18,0.36,1.45,0.73,0.18,1.73,0.55,3.27,1,0,0.64,2.64,0,0,0,0,48,154,311,125,60,164,144,76,319,28,214,564,234,118,10,4,4,151,18,35,25,37,77,27,44,85,71,27,58,19,23,56,57,1,2,1,2,20,5,12,96,12.94,10.4,134.58,Good,Very Consistent,82,OB #21,89
35,LF #6,RUAN VENTER,,13,11.82,153.6,Loose Forward,Lions,8.72,14.02,10.46,9.48,14.25,12.82,22.37,0,-2.66,0,0,0,21.92,8.34,24.24,9.65,-0.01,0,831,0.18,6,3,553,4,22,14,5,7,6,95,11,0,0,0,0,0,1,0,95,94,17,47,23,118,56,12,74,192,139,106,171,118,36,59,4,151,1,35,22,15,5,5,4,10,9,5,32,35,38,51,35,40,1,1,1,40,1,1,63.92,0.01,0.46,0.23,42.54,0.31,1.69,1.08,0.38,0.54,0.46,7.31,0.85,0,0,0,0,0,0.08,0,185,268,53,85,49,185,109,24,149,316,278,177,334,118,36,59,4,151,6,35,23,56,11,10,5,25,22,6,50,63,60,75,55,40,1,1,1,40,2,1,95,12.23,12.2,149.21,Premium,Consistent,57,LF #8,93
36,FH #8,HANDRE POLLARD,,12,12.74,152.89,Fly Half,Vodacom Bulls,0,0,3.62,0,0,0,12.71,0,11.49,7.75,20.34,27.06,18.89,13.73,5.86,17.6,-1,14.84,832,0.18,3,4,164,2,7,7,1,13,2,53,20,1,10,29,0,0,0,2,94,94,81,29,235,203,248,71,323,71,405,301,32,58,6,4,4,151,18,3,10,14,3,10,25,22,26,10,14,15,18,21,9,1,5,3,2,11,2,1,69.33,0.02,0.25,0.33,13.67,0.17,0.58,0.58,0.08,1.08,0.17,4.42,1.67,0.08,0.83,2.42,0,0,0,0.17,124,154,150,46,314,273,340,115,443,110,522,447,50,93,7,7,4,151,18,8,13,12,6,12,27,23,26,10,20,13,22,27,10,1,7,6,2,11,2,2,95,11.62,11.4,132.47,Good,Consistent,87,FH #10,89
37,CE #6,HAROLD VORSTER,"Two massive weeks in the middle of the season accounted for over half Vorster's total points this year, but his baseline output was OK in the final few rounds. He has shown what his ceiling is though.",13,11.67,151.66,Centre,Vodacom Bulls,0,8.47,-0.23,-0.34,1.9,0,6.59,0,0,0.05,31.57,50.38,0,9.2,6.81,12,15.82,9.44,862,0.18,5,5,411,11,13,6,5,9,2,77,15,0,0,0,0,0,0,0,84,94,27,15,66,14,150,90,74,130,405,176,92,118,36,59,4,151,18,35,17,10,3,3,9,3,33,22,12,20,36,16,17,1,3,6,1,17,2,6,66.31,0.01,0.38,0.38,31.62,0.85,1,0.46,0.38,0.69,0.15,5.92,1.15,0,0,0,0,0,0,0,156,268,75,37,98,51,214,158,149,231,542,284,195,118,36,59,4,151,18,35,34,39,8,5,18,9,47,39,27,31,57,33,46,1,3,6,1,17,2,6,95,10.61,12,127.32,Good,Inconsistent,100,CE #9,87
38,OB #13,JOSH MCKAY,,12,12.61,151.36,Outside Back,Glasgow Warriors,9.33,21.3,7.08,0,9.01,18.6,0,0,0,0,36.16,8.39,16.92,10.04,7.43,0,11.94,-4.84,949,0.16,2,2,789,6,41,15,2,11,6,22,10,0,0,0,0,1,0,0,51,149,133,78,3,63,12,10,209,88,139,517,204,118,36,59,4,23,18,35,16,41,39,14,3,40,8,3,32,41,7,58,41,1,4,8,2,3,5,12,79.08,0.01,0.17,0.17,65.75,0.5,3.42,1.25,0.17,0.92,0.5,1.83,0.83,0,0,0,0,0.08,0,0,24,268,213,132,7,101,17,16,334,162,232,675,336,118,36,59,4,87,18,35,12,60,60,30,6,67,12,7,60,78,25,89,80,1,4,8,2,12,5,12,95,11.85,11.2,132.72,Good,Average,86,OB #22,89
39,LF #7,DAVID MCCANN,,14,10.66,149.3,Loose Forward,Ulster Rugby,11.12,0,10.77,7.38,10.67,11.4,7.23,15.88,-0.04,7.9,12.02,11.98,7.34,11.72,23.93,0,0,0,1020,0.15,2,3,299,6,18,4,6,13,9,160,8,3,0,0,0,1,0,0,37,163,133,47,121,63,91,149,47,71,60,14,278,27,36,59,4,23,18,35,9,35,34,5,23,2,20,30,21,9,18,7,55,12,1,1,1,6,6,1,72.86,0.01,0.14,0.21,21.36,0.43,1.29,0.29,0.43,0.93,0.64,11.43,0.57,0.21,0,0,0,0.07,0,0,85,268,239,97,196,137,177,243,124,159,161,30,473,48,36,59,4,114,18,35,10,56,48,16,37,12,34,49,43,20,32,18,90,16,1,1,1,27,6,1,95,11.3,13,146.9,Premium,Very Consistent,62,LF #9,92
40,SH #3,GEORGE HORNE,"Horne showed what he is capable of when he played this season, but that was too few times. His PPG rate of 13.31 is second only to teammate Jamie Dobie among Scrum Halves, although Dobie missed more games than Horne. Big games in both the semi-final second leg and Grand Final will remind managers during the draft that Horne can win you matchups better than any other SH available.",11,13.31,146.36,Scrum Half,Glasgow Warriors,15.43,1.98,21.72,0,0.07,0.32,11.95,7.36,0,10.04,0,0,26.99,0,0,0,26.7,23.8,739,0.2,6,4,330,3,13,5,2,10,2,62,18,0,0,19,0,0,0,1,145,60,17,29,98,151,150,113,209,114,405,247,53,118,36,14,4,151,18,12,7,7,3,11,3,10,6,10,11,11,15,6,4,1,3,2,2,11,2,3,67.18,0.02,0.55,0.36,30,0.27,1.18,0.45,0.18,0.91,0.18,5.64,1.64,0,0,1.73,0,0,0,0.09,146,154,34,42,110,204,196,159,319,166,516,319,59,118,36,13,4,151,18,23,6,10,4,12,3,12,8,11,15,14,22,4,2,1,3,3,2,11,2,6,95,11.49,10.6,121.79,Elite,Very Consistent,111,SH #3,85
41,FH #9,JOSH IOANE,,14,10.44,146.19,Fly Half,Connacht Rugby,15.65,0,0,16.58,15.4,12.06,7.68,11.59,9.08,2.6,1.15,9.25,4.36,13.63,0,0,6.02,21.14,851,0.17,3,4,433,8,33,9,1,10,1,83,22,0,0,2,0,0,0,0,89,121,81,29,52,36,26,44,323,114,478,145,19,118,36,44,4,151,18,35,9,15,3,10,5,2,2,5,14,20,25,6,6,2,29,34,2,11,2,10,60.79,0.01,0.21,0.29,30.93,0.57,2.36,0.64,0.07,0.71,0.07,5.93,1.57,0,0,0.14,0,0,0,0,214,268,178,58,103,90,46,96,460,222,598,283,67,118,36,51,4,151,18,35,16,22,9,14,7,4,2,7,22,30,29,8,13,2,29,39,2,11,2,10,95,9.78,13,127.14,Good,Very Consistent,101,FH #11,87
42,FH #10,JURIE MATTHEE,"Matthee came flying out the blocks, taking his opportunity while SFM was still with the Boks. He made a couple of very handy scores, but obviously was never going to get the game time to be viable in fantasy once star boy was back.",14,10.39,145.52,Fly Half,DHL Stormers,41.26,17.14,8.7,0,40.87,17.43,16.91,0,0,1.1,1.33,-0.67,0,5.28,0,2.76,-6.34,-0.25,518,0.28,2,2,252,7,19,5,1,12,1,29,11,0,14,13,0,1,0,2,286,20,133,78,149,46,82,113,323,80,478,466,171,118,4,21,4,23,18,3,27,5,8,20,17,3,8,16,14,16,25,33,24,2,4,15,2,2,2,1,37,0.02,0.14,0.14,18,0.5,1.36,0.36,0.07,0.86,0.07,2.07,0.79,0,1,0.93,0,0.07,0,0.14,535,154,239,154,245,101,160,198,460,176,598,652,369,118,4,29,4,114,18,11,34,12,12,24,22,5,13,18,22,25,29,40,37,2,4,23,2,7,2,5,95,9.74,13,126.62,Good,Boom/Bust,104,FH #12,86
43,OB #14,SIMONE GESI,,14,10.19,142.68,Outside Back,Zebre Parma,15.66,7.77,11.24,1.72,0,3.84,20.29,11.39,0,0,13.53,3.39,16.27,-10.07,24.25,16.39,0,7.01,1057,0.13,6,0,416,11,35,10,10,14,5,56,16,0,0,0,0,0,1,0,24,221,17,267,62,14,24,32,15,59,187,275,76,118,36,59,4,151,1,35,5,54,7,59,37,10,14,9,1,28,19,11,20,1,4,8,2,20,1,12,75.5,0.01,0.43,0,29.71,0.79,2.5,0.71,0.71,1,0.36,4,1.14,0,0,0,0,0,0.07,0,50,268,62,267,118,57,38,79,45,116,361,481,198,118,36,59,4,151,7,35,26,60,28,59,66,43,25,28,6,61,47,32,50,1,4,8,2,20,3,12,94,9.91,12.8,126.85,Good,Average,103,OB #24,86
44,LF #8,JEANDRE RUDOLPH,,13,10.88,141.4,Loose Forward,Vodacom Bulls,0,0,11.99,10.85,10.43,9.59,13.57,0,15.83,13.91,15.43,1.56,2.41,0,0,0.66,20.01,15.16,790,0.18,1,1,468,4,11,7,17,5,7,130,10,2,0,0,0,1,0,0,118,94,219,138,40,118,178,71,1,279,104,39,204,36,36,59,4,23,18,35,26,15,44,23,8,10,40,12,1,56,30,22,39,13,1,1,1,6,6,1,60.77,0.01,0.08,0.08,36,0.31,0.85,0.54,1.31,0.38,0.54,10,0.77,0.15,0,0,0,0.08,0,0,216,268,328,228,72,185,282,133,4,423,221,59,379,60,36,59,4,87,18,35,30,56,64,43,8,25,66,23,3,90,48,33,69,18,1,1,1,21,6,1,94,12.97,12.2,158.23,Premium,Very Consistent,36,LF #5,95
45,CE #7,ANEURIN OWEN,,17,8.31,141.27,Centre,Dragons RFC,4.75,-0.76,6,6.61,8.84,4.5,4.87,6.72,5.19,7.02,13.39,16.19,7.54,26.1,0,10.84,3.68,9.79,1337,0.11,2,4,301,2,21,5,10,6,2,169,20,0,0,0,0,0,0,0,3,309,133,29,117,203,65,113,15,231,405,11,32,118,36,59,4,151,18,35,1,39,20,5,26,42,15,25,2,36,36,1,5,1,3,6,1,17,2,6,78.65,0.01,0.12,0.24,17.71,0.12,1.24,0.29,0.59,0.35,0.12,9.94,1.18,0,0,0,0,0,0,0,26,268,283,83,253,338,193,243,65,449,575,63,184,118,36,59,4,151,18,35,7,39,40,11,56,58,40,51,10,65,62,1,44,1,3,6,1,17,2,6,94,7.92,15.2,120.38,Good,Consistent,115,CE #10,85
46,OB #15,JACOB STOCKDALE,"When Stockdale is playing, he's worth starting in fantasy, but he only played 9 games (none of which were in the playoffs). If you had an every-week OB to replace him with, he was worth holding.",9,15.26,137.3,Outside Back,Ulster Rugby,14.73,0,17.51,7.93,0,21.74,13.36,13.08,6.85,0,0,0,15.42,0,26.68,0,0,0,688,0.2,0,5,564,6,42,8,4,16,4,25,9,0,0,0,0,0,0,1,179,60,390,15,20,63,10,56,107,39,249,495,236,118,36,59,4,151,18,12,41,15,83,3,14,40,7,17,14,22,30,51,48,1,4,8,2,20,5,6,76.44,0.02,0,0.56,62.67,0.67,4.67,0.89,0.44,1.78,0.44,2.78,1,0,0,0,0,0,0,0.11,41,154,390,19,8,69,5,49,117,21,293,608,234,118,36,59,4,151,18,18,22,37,83,4,7,49,5,15,17,15,35,67,57,1,4,8,2,20,5,7,94,13.64,8.7,118.67,Good,Very Consistent,120,OB #28,84
47,OB #16,KYLE STEYN,"We'll question when he will start dropping off, given he will turn 33 this coming season, and we're also not sure his impressive highlight reels translated that well into fantasy scoring, but it was fun to watch.",10,13.69,136.91,Outside Back,Glasgow Warriors,0,10.93,37.99,20.57,1.72,0,7.84,14.95,0,2.29,0,0,0,0,0,13.3,19.6,7.72,775,0.18,3,1,600,11,36,1,3,21,6,52,11,0,0,0,0,0,0,0,127,94,81,138,15,14,19,338,151,14,139,308,171,118,36,59,4,151,18,35,35,23,29,30,11,10,12,77,24,10,7,14,32,1,4,8,2,20,5,12,77.5,0.02,0.3,0.1,60,1.1,3.6,0.1,0.3,2.1,0.6,5.2,1.1,0,0,0,0,0,0,0,33,154,115,200,11,17,14,422,197,11,178,358,217,118,36,59,4,151,18,35,16,37,43,48,10,13,10,88,34,8,20,12,56,1,4,8,2,20,5,12,94,14.71,9.6,141.22,Good,Consistent,71,OB #15,91
48,LF #9,GAVIN COOMBES,"Underdelivered based on preseason hype, but was not the most disappointing Munsterman in the league this year, so there's that.",16,8.51,136.22,Loose Forward,Munster Rugby,3.96,4.12,5.85,0.4,19.84,12.65,7.95,7.56,0,15.63,2.24,3.49,9.1,0,18.24,15.67,7.55,1.97,902,0.15,4,4,243,1,15,19,9,6,8,174,10,1,0,0,0,3,0,0,70,163,49,29,154,286,119,2,20,231,77,9,204,58,36,59,4,3,18,35,15,35,14,2,34,61,25,1,12,43,23,5,39,21,1,1,1,2,6,1,56.38,0.01,0.25,0.25,15.19,0.06,0.94,1.19,0.56,0.38,0.5,10.88,0.63,0.06,0,0,0,0.19,0,0,286,268,150,65,290,407,262,20,72,423,232,44,445,113,36,59,4,19,18,35,51,56,36,8,70,89,59,3,30,90,50,26,83,36,1,1,1,7,6,1,94,10.58,14.6,154.47,Premium,Consistent,45,LF #7,94
49,OB #17,BLAIR MURRAY,,12,11.33,136.01,Outside Back,Scarlets,15.94,0,7.99,8.09,7.88,0,5.84,0,0,12.2,0,0,8.58,22.65,11.42,12.6,18.18,4.64,923,0.15,5,1,476,5,43,6,2,14,3,32,11,0,0,0,0,1,0,4,62,163,27,138,37,84,9,90,209,59,323,445,171,118,36,59,4,23,18,2,19,44,10,30,23,50,6,32,32,28,44,41,32,1,4,8,2,3,5,2,76.92,0.01,0.42,0.08,39.67,0.42,3.58,0.5,0.17,1.17,0.25,2.67,0.92,0,0,0,0,0.08,0,0.33,38,268,67,228,57,145,16,136,334,93,449,616,302,118,36,59,4,87,18,3,19,60,30,51,42,81,11,47,60,54,65,69,74,1,4,8,2,12,5,2,94,10.82,11.2,121.18,Good,Very Consistent,114,OB #26,85
50,HK #4,JOHNNY MATTHEWS,,11,12.29,135.22,Hooker,Glasgow Warriors,23.57,6.6,15.55,11.54,8.25,4.19,0,5.41,0,0,0,0,0,15.87,0,6.85,26.31,11.08,570,0.24,5,0,318,2,13,2,6,6,2,79,9,1,0,0,0,0,0,0,246,31,27,267,107,203,150,247,47,231,405,162,236,58,36,59,4,151,18,35,13,8,5,15,2,6,4,11,5,10,37,20,16,6,1,1,1,9,2,1,51.82,0.02,0.45,0,28.91,0.18,1.18,0.18,0.55,0.55,0.18,7.18,0.82,0.09,0,0,0,0,0,0,331,154,55,267,125,257,196,329,78,311,516,183,349,87,36,59,4,151,18,35,13,23,4,15,2,8,6,17,10,15,48,21,23,15,1,1,1,9,2,1,93,12.88,10.5,135.24,Premium,Consistent,80,HK #4,89
51,SH #4,JAMIE DOBIE,"Electric when available, thanks mainly to being deployed on the wing. He would have blown all other Scrum Halves out of the water, if not for his injury. Should be heavily targeted at the position in drafts.",7,19.31,135.15,Scrum Half,Glasgow Warriors,14.33,1.09,14.15,23.84,0,0,8.84,26.02,46.88,0,0,0,0,0,0,0,0,0,477,0.28,7,1,374,9,19,4,6,7,3,25,2,0,0,0,0,0,0,0,317,20,11,138,79,24,82,149,47,192,323,495,556,118,36,59,4,151,18,35,24,3,2,33,2,1,4,13,4,23,6,32,50,1,3,7,2,11,2,10,68.14,0.04,1,0.14,53.43,1.29,2.71,0.57,0.86,1,0.43,3.57,0.29,0,0,0,0,0,0,0,133,78,2,154,22,11,32,117,32,116,306,535,616,118,36,59,4,151,18,35,5,5,1,34,1,1,1,8,1,10,8,18,53,1,3,7,2,11,2,10,93,13.01,7.9,102.78,Premium,Very Consistent,182,SH #4,76
52,FH #11,DAN LANCASTER,,16,8.4,134.42,Fly Half,Glasgow Warriors,2.6,2.33,8.04,1,1.4,9.06,0.8,3.8,1.8,0,39.74,14.18,2.55,2.93,22.3,0,9.78,12.11,712,0.19,2,4,345,7,12,10,3,9,3,64,10,0,1,10,0,0,0,0,164,81,133,29,90,46,165,32,151,130,323,237,204,118,29,24,4,151,18,35,17,11,8,10,9,3,19,3,4,21,13,15,25,2,23,18,2,11,2,10,44.5,0.01,0.13,0.25,21.56,0.44,0.75,0.63,0.19,0.56,0.19,4,0.63,0,0.06,0.63,0,0,0,0,438,268,263,65,193,129,294,99,313,307,510,481,445,118,34,34,4,151,18,35,30,22,13,16,14,9,25,8,10,34,20,29,40,2,27,28,2,11,2,10,93,10.65,14.6,155.49,Good,Inconsistent,44,FH #4,94
53,OB #18,CAMERON WINNETT,,14,9.58,134.1,Outside Back,Cardiff Rugby,19.93,0,18.12,7.05,0,3.18,5.65,7.89,8.58,0,4.49,6.01,6.04,0,20.08,14.81,2.03,10.24,1048,0.13,2,3,577,9,23,7,5,11,2,25,11,0,0,0,0,0,0,0,27,221,133,47,18,24,49,71,74,88,405,495,171,118,36,59,4,151,18,35,7,54,39,7,12,18,26,24,8,41,58,51,32,1,4,8,2,20,5,12,74.86,0.01,0.14,0.21,41.21,0.64,1.64,0.5,0.36,0.79,0.14,1.79,0.79,0,0,0,0,0,0,0,57,268,239,97,53,75,120,136,159,198,546,679,369,118,36,59,4,151,18,35,31,60,68,20,39,53,56,47,23,86,80,91,85,1,4,8,2,20,5,12,93,11.42,12.8,146.18,Good,Consistent,63,OB #13,92
54,OB #19,DUHAN VAN DER MERWE,"There's some sort of weird mystique around Duhan, maybe because of some of his Calcutta Cup highlights - which led to him being drafted pretty high. But then he didn't really get going until week 10, when we got a couple of weeks of what we see of him on YouTube compilations. He was then out until the last 2 rounds where he scored well again. We love Duhan but my god he is frustrating.",9,14.82,133.41,Outside Back,Edinburgh Rugby,4.9,0,4.06,17.63,0,2.07,0.18,0,0,21.23,31.34,0,0,0,0,0,26.27,25.73,619,0.22,5,1,341,8,44,8,2,11,1,22,7,0,0,0,0,0,0,0,220,42,27,138,92,36,8,56,209,88,478,517,322,118,36,59,4,151,18,35,47,9,10,30,49,25,5,17,32,41,70,58,63,1,4,8,2,20,5,12,68.78,0.02,0.56,0.11,37.89,0.89,4.89,0.89,0.22,1.22,0.11,2.44,0.78,0,0,0,0,0,0,0,127,154,31,186,66,46,4,49,270,83,576,634,374,118,36,59,4,151,18,35,54,37,18,42,46,34,4,15,49,48,86,74,86,1,4,8,2,20,5,12,93,14.32,10.3,147.5,Good,Average,61,OB #12,92
55,LF #10,JAMES RATTI,,16,8.17,130.73,Loose Forward,Ospreys,2.98,5.63,16.69,6.2,0,0,5.7,8.54,5.54,15.66,5.15,22.51,11.39,2.87,2.47,4.7,6.76,7.94,1153,0.11,3,0,327,1,13,7,5,8,3,126,13,1,0,0,0,0,0,0,13,309,81,267,100,286,150,71,74,156,323,46,133,58,36,59,4,151,18,35,4,74,23,50,16,61,34,12,32,27,71,25,26,21,1,1,1,40,6,1,72.06,0.01,0.19,0,20.44,0.06,0.81,0.44,0.31,0.5,0.19,7.88,0.81,0.06,0,0,0,0,0,0,97,268,199,267,209,407,287,166,190,324,510,155,355,113,36,59,4,151,18,35,13,56,42,50,44,89,68,28,60,66,99,69,61,36,1,1,1,40,6,1,93,7.81,14.6,114.03,Good,Consistent,126,LF #15,83
56,FH #12,SAM PRENDERGAST,,10,12.87,128.71,Fly Half,Leinster Rugby,-0.49,17.36,0,12.05,0,0,8.96,0,35.38,0,0,0,16,3.69,25.8,3.76,6.2,0,652,0.2,2,6,247,4,13,6,2,17,3,57,18,0,2,20,0,0,0,1,197,60,133,10,152,118,150,90,209,33,323,269,53,118,24,12,4,151,18,12,20,8,8,2,18,16,18,12,10,6,13,18,12,2,18,9,2,11,2,5,65.2,0.02,0.2,0.6,24.7,0.4,1.3,0.6,0.2,1.7,0.3,5.7,1.8,0,0.2,2,0,0,0,0.1,169,154,182,18,160,148,173,104,284,30,416,313,42,118,26,11,4,151,18,20,15,12,11,4,10,12,16,9,9,5,14,12,9,2,20,9,2,11,2,8,93,11.73,9.8,114.95,Good,Average,124,FH #16,84
57,LF #11,VINCENT TSHITUKA,,15,8.53,127.91,Loose Forward,Hollywoodbets Sharks,4.78,12.46,1.96,4.82,14.93,9.66,6.35,0,10.02,-7.4,8.65,13.07,3.63,9.44,18.92,16.62,0,0,1172,0.11,4,2,421,2,19,6,5,19,16,112,21,12,0,0,0,1,0,0,11,309,49,78,59,203,82,90,74,23,2,75,25,1,36,59,4,23,18,35,3,74,14,11,10,36,18,18,32,3,1,38,5,1,1,1,1,6,6,1,78.13,0.01,0.27,0.13,28.07,0.13,1.27,0.4,0.33,1.27,1.07,7.47,1.4,0.8,0,0,0,0.07,0,0,29,268,138,172,133,318,184,184,166,76,30,171,104,3,36,59,4,114,18,35,3,56,30,27,22,69,37,36,53,6,5,74,10,1,1,1,1,27,6,1,93,12.09,13.8,166.84,Premium,Consistent,25,LF #4,97
58,OB #20,EDWILL VAN DER MERWE,,13,9.74,126.58,Outside Back,Hollywoodbets Sharks,26.92,7.23,3.69,8.13,3.33,4.56,8.13,0,15.42,0,-0.81,11.11,0,0,11.52,7.19,20.16,0,1040,0.12,7,1,388,12,24,10,2,20,6,41,17,0,0,0,0,0,0,0,32,258,11,138,72,9,46,32,209,19,139,374,66,118,36,59,4,151,18,35,9,61,5,30,42,7,23,9,32,13,7,27,16,1,4,8,2,20,5,12,80,0.01,0.54,0.08,29.85,0.92,1.85,0.77,0.15,1.54,0.46,3.15,1.31,0,0,0,0,0,0,0,1,268,36,228,116,41,88,65,354,41,278,573,141,118,36,59,4,151,18,35,1,60,20,51,65,31,46,24,64,27,31,58,41,1,4,8,2,20,5,12,92,13.05,12,156.6,Premium,Consistent,42,OB #10,95
59,OB #21,DARCY GRAHAM,"One of the most disappointing players of the season purely because of how highly a lot of people drafted him. Obviously put some scores together here and there, given his ample ability, but was not the league winner we thought he could have been. Will be hard to trust him next season, I think.",11,11.48,126.3,Outside Back,Edinburgh Rugby,0,0,9.49,28.83,0,0,-2.72,8.73,12.3,15.08,0,0,0,6.17,-2.61,19.8,13.85,17.38,866,0.15,5,0,512,10,30,5,4,18,7,45,17,0,0,0,0,0,0,0,81,163,27,267,30,19,31,113,107,29,104,351,66,118,36,59,4,151,18,35,26,44,10,59,20,14,19,36,14,18,5,22,16,1,4,8,2,20,5,12,78.73,0.01,0.45,0,46.55,0.91,2.73,0.45,0.36,1.64,0.64,4.09,1.55,0,0,0,0,0,0,0,25,268,55,267,38,42,31,159,159,33,161,477,70,118,36,59,4,151,18,35,13,60,27,59,29,32,22,54,23,20,19,31,29,1,4,8,2,20,5,12,92,11.44,10.9,124.7,Good,Average,107,OB #25,86
60,OB #22,IESTYN HOPKINS,Why did I think this guy takes kicks? He doesn't.,14,8.96,125.47,Outside Back,Ospreys,0,-0.75,0,4.52,17.82,4.37,0,17.39,19.44,21.23,17.85,6.62,6.1,0,2.53,0,1.79,6.56,810,0.15,4,0,516,11,18,4,7,15,1,39,16,0,0,0,0,0,0,0,107,163,49,267,28,14,91,149,32,49,478,388,76,118,36,59,4,151,18,35,31,44,17,59,18,10,38,44,4,26,70,29,20,1,4,8,2,20,5,12,57.86,0.01,0.29,0,36.86,0.79,1.29,0.29,0.5,1.07,0.07,2.79,1.14,0,0,0,0,0,0,0,262,268,124,267,71,57,177,243,83,111,598,607,198,118,36,59,4,151,18,35,89,60,45,59,49,43,77,68,10,60,88,66,50,1,4,8,2,20,5,12,92,9.93,12.8,127.1,Good,Average,102,OB #23,87
61,LF #12,DAN THOMAS,,18,6.9,124.14,Loose Forward,Cardiff Rugby,2.99,9.8,8.58,16.09,0,0.25,9.9,14.63,6.99,1.91,5.46,12.45,15.59,4.62,1.06,3.31,4.78,5.73,1072,0.12,2,4,186,2,7,7,15,11,12,233,33,0,0,0,0,0,0,0,21,258,133,29,202,203,248,71,4,88,23,1,1,118,36,59,4,151,18,35,7,59,34,2,51,36,60,12,4,11,6,1,1,40,1,1,1,40,6,1,59.56,0.01,0.11,0.22,10.33,0.11,0.39,0.39,0.83,0.61,0.67,12.94,1.83,0,0,0,0,0,0,0,232,268,285,91,383,339,439,192,34,279,137,9,38,118,36,59,4,151,18,35,34,56,53,13,92,73,102,37,13,52,25,6,3,40,1,1,1,40,6,1,92,6.79,16.2,110,Good,Consistent,138,LF #18,82
62,HK #5,ANDRE-HUGO VENTER,,17,7.3,124.11,Hooker,DHL Stormers,7.51,7.78,9.56,3.48,16.77,7.14,3.48,0,8.94,4.51,4.51,4,2.57,10.49,6.6,6.86,17.96,1.95,818,0.15,0,1,290,0,23,3,4,4,9,117,12,0,0,0,0,0,0,0,104,163,390,138,125,412,49,199,107,326,60,64,154,118,36,59,4,151,18,35,4,29,39,2,3,30,1,6,10,21,4,7,8,19,1,1,1,9,2,1,48.12,0.01,0,0.06,17.06,0,1.35,0.18,0.24,0.24,0.53,6.88,0.71,0,0,0,0,0,0,0,385,268,390,261,259,412,163,329,262,532,228,209,407,118,36,59,4,151,18,35,18,35,39,14,9,30,3,17,33,40,19,26,27,19,1,1,1,9,2,1,92,8.39,15.3,128.37,Premium,Consistent,98,HK #5,87
63,OB #23,PAOLO ODOGWU,,14,8.86,124.04,Outside Back,Benetton Rugby,-0.75,2.25,0,0,0,3.58,6.94,13.53,13.67,4.31,11.61,1.55,10.68,20.72,6.65,18.81,0,10.49,987,0.13,3,1,388,8,32,8,8,13,6,78,18,0,0,0,0,1,0,0,42,221,81,138,72,36,28,56,26,71,139,167,53,118,36,59,4,23,18,35,13,54,29,30,42,25,17,17,2,35,7,4,12,1,4,8,2,3,5,12,70.5,0.01,0.21,0.07,27.71,0.57,2.29,0.57,0.57,0.93,0.43,5.57,1.29,0,0,0,0,0.07,0,0,109,268,178,244,141,90,52,117,67,159,306,328,144,118,36,59,4,114,18,35,48,60,53,55,75,63,30,41,8,77,38,10,42,1,4,8,2,14,5,12,92,8.85,12.8,113.28,Good,Consistent,128,OB #29,83
64,LF #13,ALUN LAWRENCE,,18,6.82,122.81,Loose Forward,Cardiff Rugby,11.06,15.35,9.75,5.83,6.93,15.51,5.6,4.84,8.41,6.71,8.69,8.5,-4.01,1.06,7.18,8.2,3.3,-0.1,1082,0.11,0,1,423,2,10,1,4,11,6,222,15,1,0,0,0,1,0,0,20,309,390,138,57,203,194,338,107,88,139,2,92,58,36,59,4,23,18,35,6,74,77,23,9,36,43,77,43,11,38,2,17,21,1,1,1,6,6,1,60.11,0.01,0,0.06,23.5,0.11,0.56,0.06,0.22,0.61,0.33,12.33,0.83,0.06,0,0,0,0.06,0,0,229,268,390,261,173,339,346,474,270,279,373,15,336,113,36,59,4,142,18,35,33,56,77,48,30,73,80,95,78,52,78,8,56,36,1,1,1,36,6,1,92,6.73,16.2,109.03,Good,Consistent,142,LF #19,81
65,LF #14,HARRI DEAVES,,13,9.44,122.69,Loose Forward,Ospreys,16.81,8.46,10.19,0,18.5,0,2.41,22.81,5.57,19.82,0,9.64,4.87,0,0,0.33,0,3.28,717,0.17,1,3,252,5,27,4,5,9,11,153,8,0,0,0,0,0,0,0,159,121,219,47,149,84,38,149,74,130,28,16,278,118,36,59,4,151,18,35,34,22,44,5,32,4,6,30,32,21,7,9,55,40,1,1,1,40,6,1,55.15,0.01,0.08,0.23,19.38,0.38,2.08,0.31,0.38,0.69,0.85,11.77,0.62,0,0,0,0,0,0,0,297,268,328,85,229,156,64,233,149,231,95,24,451,118,36,59,4,151,18,35,55,56,64,10,50,18,12,47,50,38,15,14,85,40,1,1,1,40,6,1,91,8.82,12.2,107.6,Good,Consistent,152,LF #20,80
66,CE #8,KEIRAN WILLIAMS,,13,9.43,122.58,Centre,Ospreys,16.07,5.79,17.85,0,0,0,11.12,-3.24,4.68,11.29,7.04,11.65,14.19,3.17,0,19.22,3.75,0,881,0.14,5,1,388,5,25,7,3,10,4,111,19,0,0,0,0,1,0,0,74,190,27,138,72,84,43,71,151,114,249,78,40,118,36,59,4,23,18,35,15,21,3,23,11,17,9,19,23,18,15,4,7,1,3,6,1,4,2,6,67.77,0.01,0.38,0.08,29.85,0.38,1.92,0.54,0.23,0.77,0.31,8.54,1.46,0,0,0,0,0.08,0,0,139,268,75,228,116,156,82,133,264,205,408,119,90,118,36,59,4,87,18,35,29,39,8,41,25,33,18,31,38,26,40,11,18,1,3,6,1,10,2,6,91,8.81,12,105.72,Squad,Consistent,160,CE #12,79
67,LF #15,PHEPSI BUTHELEZI,,15,8.16,122.34,Loose Forward,Hollywoodbets Sharks,8.69,8.35,0.22,7.13,2.43,0.64,0.82,0,0.06,13.68,8.9,7.44,6.42,31.83,14.6,11.13,0,0,869,0.14,7,0,229,3,36,4,2,9,6,108,16,1,0,0,0,0,0,0,80,190,11,267,168,151,19,149,209,130,139,85,76,58,36,59,4,151,18,35,19,41,3,50,39,21,4,30,70,21,38,40,15,21,1,1,1,40,6,1,57.93,0.01,0.47,0,15.27,0.2,2.4,0.27,0.13,0.6,0.4,7.2,1.07,0.07,0,0,0,0,0,0,261,268,52,267,289,237,45,257,378,281,320,181,226,103,36,59,4,151,18,35,41,56,10,50,69,39,6,51,94,54,67,76,35,31,1,1,1,40,6,1,91,10.3,13.8,142.14,Premium,Average,70,LF #11,91
68,LF #16,TAINE BASHAM,,14,8.7,121.77,Loose Forward,Cardiff Rugby,9.88,0.76,2.63,6.59,25.03,-0.47,0,0,0,0,15.33,8.14,4.14,11.66,3.46,11.61,10.3,12.71,711,0.17,1,2,408,6,28,1,2,10,8,134,11,1,0,0,0,1,0,0,165,121,219,78,68,63,35,338,209,114,77,34,171,58,36,59,4,23,18,35,36,22,44,11,12,2,5,77,70,17,23,20,35,21,1,1,1,6,6,1,50.79,0.01,0.07,0.14,29.14,0.43,2,0.07,0.14,0.71,0.57,9.57,0.79,0.07,0,0,0,0.07,0,0,345,268,356,154,121,137,66,460,358,222,196,75,369,103,36,59,4,114,18,35,67,56,75,22,18,12,13,93,93,36,42,42,66,31,1,1,1,27,6,1,91,10.23,13,132.99,Good,Consistent,84,LF #12,89
69,FH #13,GIOVANNI MONTEMAURI,,11,11.04,121.47,Fly Half,Zebre Parma,0,6.19,16.15,1.83,0,0,9.37,24.17,0.33,5.83,20.69,0,0,0,13.04,17.65,0,6.22,642,0.19,0,2,413,5,22,10,3,9,1,44,9,0,3,6,0,0,0,0,208,81,390,78,64,84,56,32,151,130,478,361,236,118,18,32,4,151,18,35,21,11,24,20,7,11,6,3,4,21,25,27,27,2,14,25,2,11,2,10,58.36,0.02,0,0.18,37.55,0.45,2,0.91,0.27,0.82,0.09,4,0.82,0,0.27,0.55,0,0,0,0,255,154,390,125,67,121,66,45,219,186,583,481,349,118,23,37,4,151,18,35,21,12,24,22,3,8,3,4,4,27,28,29,35,2,18,31,2,11,2,10,91,11.26,10.6,119.36,Good,Consistent,117,FH #15,85
70,OB #24,JOSHUA KENNY,,10,12.15,121.45,Outside Back,Leinster Rugby,0,0,0,0,24.79,21.32,19.84,0,20.55,3.95,-0.12,-0.79,13.85,16.54,1.52,0,0,0,667,0.18,9,0,431,7,14,0,6,15,3,35,10,0,0,0,0,0,0,0,188,94,4,267,54,46,135,476,47,49,323,418,204,118,36,59,4,151,18,35,44,23,3,59,32,32,52,89,6,26,44,34,41,1,4,8,2,20,5,12,66.7,0.02,0.9,0,43.1,0.7,1.4,0,0.6,1.5,0.3,3.5,1,0,0,0,0,0,0,0,149,154,10,267,46,66,150,476,62,44,416,538,234,118,36,59,4,151,18,35,63,37,7,59,36,47,73,89,7,28,56,47,57,1,4,8,2,20,5,12,91,12.48,9.6,119.81,Good,Average,116,OB #27,85
71,HK #6,LIAM BELCHER,,16,7.58,121.28,Hooker,Cardiff Rugby,2.78,13.05,8.83,9.54,12.72,0,8.42,8.09,4.59,9.53,0,9.53,7.36,13.66,3.91,3.89,8.39,-3.01,862,0.14,1,0,289,2,7,0,12,3,8,166,14,0,0,0,0,3,0,0,84,190,219,267,126,203,248,476,10,385,77,12,115,118,36,59,4,3,18,35,2,34,21,15,4,6,14,32,1,28,6,2,4,19,1,1,1,1,2,1,53.88,0.01,0.06,0,18.06,0.13,0.44,0,0.75,0.19,0.5,10.38,0.88,0,0,0,0,0.19,0,0,312,268,380,267,244,318,407,476,43,552,232,53,321,118,36,59,4,19,18,35,11,35,38,15,6,15,26,32,5,46,20,7,20,19,1,1,1,2,2,1,91,8.61,14.5,124.85,Premium,Consistent,106,HK #6,86
72,LF #17,MAGNUS BRADBURY,,15,8.07,120.98,Loose Forward,Edinburgh Rugby,6.23,0,-2.9,20.5,9.45,1.86,7.19,10.85,6.69,3.34,2.21,23.97,7.71,4.57,0,0,2.98,16.33,1110,0.11,3,0,496,3,21,2,6,15,10,181,21,0,0,0,0,1,0,0,16,309,81,267,34,151,65,247,47,49,41,6,25,118,36,59,4,23,18,35,5,74,23,50,6,21,12,53,21,5,11,4,5,40,1,1,1,6,6,1,74,0.01,0.2,0,33.07,0.2,1.4,0.13,0.4,1,0.67,12.07,1.4,0,0,0,0,0.07,0,0,70,268,182,267,89,237,150,391,133,116,137,21,104,118,36,59,4,114,18,35,8,56,40,50,12,39,29,84,46,12,25,11,10,40,1,1,1,27,6,1,91,7.73,13.8,106.67,Good,Average,156,LF #21,79
73,FH #14,SEAN NAUGHTON,,12,10.06,120.74,Fly Half,Connacht Rugby,9.45,0,1.96,15.63,5.79,40.62,0,0,0,0,0.43,0,6.9,19.33,15.43,1.81,-0.27,3.66,704,0.17,3,5,267,6,15,1,0,9,2,38,14,0,4,11,0,0,0,0,169,121,81,15,141,63,119,338,480,130,405,397,115,118,14,23,4,151,18,35,18,15,3,6,14,7,14,28,26,21,18,29,20,2,11,17,2,11,2,10,58.67,0.01,0.25,0.42,22.25,0.5,1.25,0.08,0,0.75,0.17,3.17,1.17,0,0.33,0.92,0,0,0,0,245,268,150,30,186,101,187,438,480,208,522,569,189,118,18,30,4,151,18,35,20,22,6,8,12,5,18,32,26,29,22,35,23,2,14,24,2,11,2,10,90,9.48,11.4,108.07,Good,Inconsistent,149,FH #17,80
74,OB #25,TOM ROGERS,,13,9.27,120.55,Outside Back,Scarlets,5.54,0,2.09,0,22.36,0,0.6,15.99,5.69,4.1,0,8.1,9.79,12.87,19.47,0,13.34,0.61,906,0.13,2,1,445,9,19,10,5,5,4,60,21,0,0,0,0,0,0,0,66,221,133,138,45,24,82,32,74,279,249,260,25,118,36,59,4,151,18,35,21,54,39,30,27,18,34,9,8,72,30,10,7,1,4,8,2,20,5,12,69.69,0.01,0.15,0.08,34.23,0.69,1.46,0.77,0.38,0.38,0.31,4.62,1.62,0,0,0,0,0,0,0,119,268,230,228,80,68,143,65,149,423,408,426,63,118,36,59,4,151,18,35,53,60,65,51,53,48,70,24,21,101,53,21,26,1,4,8,2,20,5,12,90,9.18,12,110.16,Good,Consistent,137,OB #30,82
75,OB #26,RHYNO SMITH,,13,9.21,119.69,Outside Back,Benetton Rugby,0,7.53,30.6,-4.15,0,4.92,0,-1.9,0,6.03,9.9,2.96,14.4,11.76,0,0,5.49,32.15,793,0.15,2,3,513,8,23,4,3,23,4,33,26,0,4,5,1,0,0,0,116,163,133,47,29,36,49,149,151,6,249,436,9,118,14,36,1,151,18,35,33,44,39,7,19,25,26,44,24,4,30,38,3,1,3,4,1,20,5,12,61,0.01,0.15,0.23,39.46,0.62,1.77,0.31,0.23,1.77,0.31,2.54,2,0,0.31,0.38,0.08,0,0,0,212,268,230,85,58,79,101,233,264,24,408,622,21,118,21,44,3,151,18,35,81,60,65,19,43,54,49,67,48,17,53,72,10,1,3,4,1,20,5,12,90,9.13,12,109.56,Good,Inconsistent,140,OB #31,81
76,LF #18,CIAN PRENDERGAST,,13,9.21,119.68,Loose Forward,Connacht Rugby,5.17,0,3.76,6.86,0,0,21.17,12.17,6.59,0.69,0,11.89,6.53,0,5.48,13.61,20.56,5.2,906,0.13,2,0,231,3,14,5,10,20,10,151,15,7,0,0,0,0,0,0,66,221,133,267,165,151,135,113,15,19,41,17,92,6,36,59,4,151,18,35,14,52,34,50,38,21,31,20,10,2,11,10,17,4,1,1,1,40,6,1,69.69,0.01,0.15,0,17.77,0.23,1.08,0.38,0.77,1.54,0.77,11.62,1.15,0.54,0,0,0,0,0,0,119,268,230,267,252,224,210,193,41,41,114,27,195,9,36,59,4,151,18,35,15,56,47,50,57,35,44,38,19,1,19,16,26,5,1,1,1,40,6,1,90,8.64,12.2,105.41,Good,Consistent,165,LF #22,78
77,OB #27,KEELAN GILES,,11,10.86,119.42,Outside Back,Ospreys,25.05,5.11,7.6,0,0,0,10.57,-3.72,21.22,9.14,19.27,10.88,0,0,0,0,-0.14,14.44,803,0.15,4,0,461,10,25,5,3,7,6,44,10,0,0,0,0,1,0,0,110,163,49,267,41,19,43,113,151,192,139,361,204,118,36,59,4,23,18,35,32,44,17,59,25,14,22,36,24,61,7,25,41,1,4,8,2,3,5,12,73,0.01,0.36,0,41.91,0.91,2.27,0.45,0.27,0.64,0.55,4,0.91,0,0,0,0,0.09,0,0,83,268,81,267,50,42,53,159,219,266,214,481,309,118,36,59,4,75,18,35,38,60,32,59,37,32,31,54,38,94,23,32,75,1,4,8,2,11,5,12,90,10.45,10.4,108.68,Good,Average,143,OB #32,81
78,FH #15,JACK CROWLEY,,8,14.91,119.24,Fly Half,Munster Rugby,13.3,12.6,0,25.36,0,13.98,16.56,10.27,0,0,0,0,0,18.54,8.63,0,0,0,573,0.21,2,5,196,1,12,2,1,14,3,73,9,0,3,21,1,1,0,1,243,49,133,15,196,286,165,247,323,59,323,192,236,118,18,10,1,23,18,12,24,7,8,6,24,28,19,27,14,12,13,11,27,2,14,7,1,2,2,5,71.63,0.03,0.25,0.63,24.5,0.13,1.5,0.25,0.13,1.75,0.38,9.13,1.13,0,0.38,2.63,0.13,0.13,0,0.13,102,109,150,16,162,318,135,262,378,25,342,89,206,118,14,5,2,44,18,15,8,8,6,3,11,26,11,27,13,3,8,1,24,2,10,4,1,2,2,6,90,12.32,8.4,103.49,Good,Very Consistent,175,FH #19,77
79,OB #28,MIKE LOWRY,Missed a lot of games but was a contributing part of Ulster's crop of useful fantasy players this season when he did get a game.,9,13.15,118.38,Outside Back,Ulster Rugby,25.48,0,0,18.46,10.85,0,0,0,0,0,0,6.49,3.33,0,0,8.7,20.47,24.6,547,0.22,2,7,473,5,19,9,1,7,6,16,6,0,0,0,0,0,0,0,261,42,133,4,38,84,82,44,323,192,139,573,363,118,36,59,4,151,18,35,52,9,39,1,24,50,34,14,51,61,7,68,70,1,4,8,2,20,5,12,60.78,0.02,0.22,0.78,52.56,0.56,2.11,1,0.11,0.78,0.67,1.78,0.67,0,0,0,0,0,0,0,215,154,173,8,23,95,63,27,404,202,137,680,423,118,36,59,4,151,18,35,82,37,51,1,19,65,36,10,73,87,14,92,94,1,4,8,2,20,5,12,90,12.06,8.7,104.92,Good,Very Consistent,169,OB #35,78
80,OB #29,LOUIS LYNAGH,,9,13.14,118.24,Outside Back,Benetton Rugby,17.35,2.05,45.4,0,7.85,0,0,0,8.07,0,0,0,0,10.68,5.74,0,0.5,20.6,689,0.17,8,1,414,6,17,8,5,16,5,48,20,0,0,0,0,0,0,0,178,121,7,138,63,63,99,56,74,39,187,335,32,118,36,59,4,151,18,35,40,31,4,30,38,40,40,17,8,22,19,20,9,1,4,8,2,20,5,12,76.56,0.02,0.89,0.11,46,0.67,1.89,0.89,0.56,1.78,0.56,5.33,2.22,0,0,0,0,0,0,0,40,154,11,186,39,69,85,49,72,21,207,343,14,118,36,59,4,151,18,35,21,37,8,42,30,49,45,15,9,15,22,11,6,1,4,8,2,20,5,12,89,13.56,10.2,138.31,Good,Average,74,OB #17,90
81,LF #19,PAUL DE VILLIERS,,17,6.91,117.48,Loose Forward,DHL Stormers,-0.37,11.68,10.24,10.72,5.25,10.2,18.45,0,4.02,7.21,5.22,3.75,5.34,6.29,0.64,7.56,5.97,5.31,994,0.12,5,2,196,3,9,4,16,7,5,151,27,0,0,0,0,1,0,0,40,258,27,78,196,151,212,149,2,192,187,17,7,118,36,59,4,23,18,35,10,59,7,11,48,21,50,30,2,35,51,10,3,40,1,1,1,6,6,1,58.47,0.01,0.29,0.12,11.53,0.18,0.53,0.24,0.94,0.41,0.29,8.88,1.59,0,0,0,0,0.06,0,0,249,268,124,184,352,257,354,288,26,405,426,102,66,118,36,59,4,142,18,35,37,56,25,29,82,49,82,57,9,83,89,52,4,40,1,1,1,36,6,1,89,6.8,15.4,104.72,Good,Consistent,170,LF #23,77
82,SH #5,FINE INISI,,16,7.31,117,Scrum Half,Dragons RFC,0.33,15.78,4.2,7.61,3.96,0,13.99,13.3,-0.01,5.46,9.7,-0.51,0.66,12.06,21.3,0,4.64,4.53,1104,0.11,2,1,327,9,22,11,3,9,4,85,5,0,0,0,0,1,0,0,17,309,133,138,100,24,56,23,151,130,249,133,404,118,36,59,4,23,18,35,1,28,14,33,4,1,2,3,7,14,5,2,34,1,3,7,2,3,2,10,69,0.01,0.13,0.06,20.44,0.56,1.38,0.69,0.19,0.56,0.25,5.31,0.31,0,0,0,0,0.06,0,0,125,268,263,261,209,95,158,83,313,307,449,345,609,118,36,59,4,142,18,35,3,22,32,45,7,5,4,4,14,32,14,6,52,1,3,7,2,10,2,10,89,6.69,14.6,97.67,Premium,Consistent,198,SH #5,74
83,FH #16,IOAN LLOYD,"Curse you, Callum Sheedy! Lloyd didn't come anywhere near his 2024/25 numbers because he gave up kicking duties to Sheedy at Cardiff. He went quite high in drafts as well, presumably under the assumption he'd be mopping up conversions. Alas.",15,7.79,116.84,Fly Half,Cardiff Rugby,0,1.73,2.9,0.33,6.51,10.09,0,0,0,6.41,12.76,0,3.1,15.44,7,0,19.13,31.44,580,0.2,1,4,308,6,27,1,1,8,2,38,14,0,5,5,0,0,0,0,238,60,219,29,114,63,38,338,323,156,405,397,115,118,12,36,4,151,18,35,23,8,14,10,11,7,4,28,14,25,18,29,20,2,9,29,2,11,2,10,38.67,0.01,0.07,0.27,20.53,0.4,1.8,0.07,0.07,0.53,0.13,2.53,0.93,0,0.33,0.33,0,0,0,0,512,268,356,62,205,148,94,460,460,320,564,623,299,118,18,45,4,151,18,35,33,22,18,15,17,12,7,35,22,36,26,36,31,2,14,37,2,11,2,10,89,7.66,13.8,105.71,Good,Average,161,FH #18,79
84,OB #30,ZEKHETHELO SIYAYA,"I expect this lad will go pretty early on in drafts next season. Only played four games but hit every single one out of the park. He's also young and exciting, and I know a lot of Sharks fans play this game.",4,28.93,115.73,Outside Back,Hollywoodbets Sharks,0,0,0,0,0,0,0,0,0,0,0,0,0,0,26.86,41.15,24.44,23.28,295,0.39,1,2,440,9,32,6,1,7,1,6,3,0,0,0,0,0,0,0,470,6,219,78,48,24,28,90,323,192,478,655,500,118,36,59,4,151,18,35,77,1,58,14,30,18,17,32,51,61,70,90,89,1,4,8,2,20,5,12,73.75,0.1,0.25,0.5,110,2.25,8,1.5,0.25,1.75,0.25,1.5,0.75,0,0,0,0,0,0,0,73,29,150,20,1,2,1,12,230,25,449,695,381,118,36,59,4,151,18,35,34,5,48,5,1,1,1,5,42,18,65,99,88,1,4,8,2,20,5,12,89,16.5,11.9,196.35,Premium,Very Consistent,11,OB #3,99
85,FH #17,ADAM HASTINGS,,14,8.22,115.04,Fly Half,Glasgow Warriors,4.33,15.77,14.81,21.68,13.34,5.1,9.24,7.83,7.89,1.9,0,8.18,-2.67,5.63,0,2.01,0,0,795,0.14,1,7,255,3,22,3,0,11,6,88,18,0,0,21,0,3,0,1,115,190,219,4,147,151,56,199,480,88,139,126,53,118,36,10,4,3,18,12,14,21,14,1,16,18,6,21,26,17,5,4,12,2,29,7,2,1,2,5,56.79,0.01,0.07,0.5,18.21,0.21,1.57,0.21,0,0.79,0.43,6.29,1.29,0,0,1.5,0,0.21,0,0.07,275,268,356,20,241,233,125,296,480,198,306,249,144,118,36,17,4,12,18,27,24,22,18,5,21,20,10,28,26,28,6,5,20,2,29,12,2,1,2,9,89,9.51,13,123.63,Good,Average,108,FH #13,86
86,OB #31,SHANE DALY,,14,8.2,114.85,Outside Back,Munster Rugby,21.57,1.3,0,4.27,6.96,8.06,7.98,7.14,0,7.28,1.1,19.9,4.42,0,3.82,15.18,0,5.87,1030,0.11,2,0,612,10,14,11,2,21,5,55,18,0,0,0,0,0,0,2,34,309,133,267,13,19,135,23,209,14,187,287,53,118,36,59,4,151,18,3,10,69,39,59,10,14,52,5,32,10,19,12,12,1,4,8,2,20,5,3,73.57,0.01,0.14,0,43.71,0.71,1,0.79,0.14,1.5,0.36,3.93,1.29,0,0,0,0,0,0,0.14,75,268,239,267,45,63,214,60,358,44,361,503,144,118,36,59,4,151,18,11,35,60,68,59,35,45,81,21,65,28,47,39,42,1,4,8,2,20,5,5,89,8.32,12.8,106.5,Good,Average,157,OB #34,79
87,LF #20,BRIAN GLEESON,,14,8.1,113.42,Loose Forward,Munster Rugby,16.54,2.38,2.85,7.9,0,0,0,0,4.19,14.63,22.52,7.76,2.52,1.8,14.49,-0.01,5.97,9.88,652,0.17,4,0,323,2,21,1,6,4,9,119,9,0,0,0,0,0,0,0,197,121,49,267,105,203,65,338,47,326,60,63,236,118,36,59,4,151,18,35,39,22,14,50,18,36,12,77,21,68,18,35,44,40,1,1,1,40,6,1,46.57,0.01,0.29,0,23.07,0.14,1.5,0.07,0.43,0.29,0.64,8.5,0.64,0,0,0,0,0,0,0,410,268,124,267,179,298,135,460,124,491,161,121,440,118,36,59,4,151,18,35,84,56,25,50,32,63,25,93,43,106,32,57,82,40,1,1,1,40,6,1,89,7.75,13,100.75,Good,Average,187,LF #25,75
88,LF #21,BRYN WARD,,12,9.43,113.19,Loose Forward,Ulster Rugby,0,0,0,0,2.37,5.46,1.98,1.09,19.55,7.9,0,11.27,14.99,0.34,23.03,0,3.57,21.64,563,0.2,3,2,353,4,21,2,3,14,0,98,7,0,0,0,0,0,0,0,255,60,81,78,88,118,65,247,151,59,615,97,322,118,36,59,4,151,18,35,55,10,23,11,13,10,12,53,56,8,114,47,67,40,1,1,1,40,6,1,46.92,0.02,0.25,0.17,29.42,0.33,1.75,0.17,0.25,1.17,0,8.17,0.58,0,0,0,0,0,0,0,406,154,150,132,120,172,102,339,230,93,615,137,468,118,36,59,4,151,18,35,82,29,36,20,17,20,19,72,69,10,114,65,89,40,1,1,1,40,6,1,88,11.31,11.4,128.93,Good,Average,96,LF #14,87
89,LF #22,MARCELL COETZEE,,11,10.28,113.13,Loose Forward,Vodacom Bulls,18.01,10.69,0,0,5.6,0,0,0,0,12.91,11.69,4.08,14.34,12.73,12.1,7.51,3.47,0,736,0.15,5,1,173,1,14,12,7,3,3,121,14,0,0,0,0,0,0,0,146,163,27,138,224,286,135,18,32,385,323,59,115,118,36,59,4,151,18,35,32,35,7,23,55,61,31,7,16,83,71,32,22,40,1,1,1,40,6,1,66.91,0.01,0.45,0.09,15.73,0.09,1.27,1.09,0.64,0.27,0.27,11,1.27,0,0,0,0,0,0,0,148,268,55,212,284,356,184,23,58,502,441,40,152,118,36,59,4,151,18,35,18,56,12,38,66,79,37,5,26,109,90,24,18,40,1,1,1,40,6,1,88,9.49,10.6,100.59,Good,Very Consistent,189,LF #26,75
90,LF #23,TAINE PLUMTREE,,11,10.28,113.1,Loose Forward,Scarlets,21.09,0,-1.4,6.94,-0.07,0,0,8.19,9.42,-6.15,0,0,0,0,13.37,13.02,12.12,36.57,793,0.14,5,4,270,5,10,9,6,16,11,100,14,6,0,0,0,4,0,0,116,190,27,29,137,84,194,44,47,39,28,95,115,9,36,59,4,1,18,35,25,41,7,2,28,4,43,8,21,4,7,46,22,7,1,1,1,1,6,1,72.09,0.01,0.45,0.36,24.55,0.45,0.91,0.82,0.55,1.45,1,9.09,1.27,0.55,0,0,0,0.36,0,0,96,268,55,42,161,121,265,55,78,53,32,90,152,8,36,59,4,2,18,35,12,56,12,4,27,9,60,11,33,2,6,48,18,4,1,1,1,2,6,1,88,10.49,10.6,111.19,Good,Inconsistent,132,LF #16,83
91,CE #9,CATHAL FORDE,,14,8.06,112.85,Centre,Connacht Rugby,21.31,0,12.89,5.2,7.05,7.44,3.04,2.25,8.64,10.11,12.32,12.8,1.65,9.15,-1,0,0,0,899,0.13,0,0,437,3,27,5,0,8,3,130,17,0,1,3,0,0,0,0,71,221,390,267,51,151,38,113,480,156,323,39,66,118,29,41,4,151,18,35,14,24,53,45,7,34,8,25,60,25,28,2,14,1,2,3,1,17,2,6,64.21,0.01,0,0,31.21,0.21,1.93,0.36,0,0.57,0.21,9.29,1.21,0,0.07,0.21,0,0,0,0,183,268,390,267,100,233,81,198,480,300,482,86,176,118,32,49,4,151,18,35,41,39,53,45,20,50,17,45,60,44,50,4,39,1,2,3,1,17,2,6,88,7.72,12.8,98.82,Squad,Consistent,195,CE #13,74
92,OB #32,LEOLIN ZAS,,17,6.59,111.99,Outside Back,DHL Stormers,8.06,11.67,0.01,-0.78,-1.48,5.51,7.38,0,12.73,10.13,0.32,5.28,3.09,18.32,1.86,5.07,14.68,10.14,1350,0.08,1,1,508,10,35,10,4,23,5,53,28,0,0,0,0,0,0,0,2,442,219,138,31,19,24,32,107,6,187,301,5,118,36,59,4,151,18,35,2,89,58,30,21,14,14,9,14,4,19,13,2,1,4,8,2,20,5,12,79.41,0,0.06,0.06,29.88,0.59,2.06,0.59,0.24,1.35,0.29,3.12,1.65,0,0,0,0,0,0,0,23,618,380,261,115,89,65,114,262,66,426,578,58,118,36,59,4,151,18,35,11,111,81,58,64,62,37,40,47,41,58,61,25,1,4,8,2,20,5,12,88,9.03,15.2,137.26,Good,Average,77,OB #18,90
93,CE #10,GIULIO BERTACCINI,,14,7.97,111.64,Centre,Zebre Parma,7.55,-0.3,0,4.97,8.51,16.92,6.49,0.91,24.57,8.27,16.14,-6.12,-0.34,18.03,0,6.04,0,0,979,0.11,2,0,324,4,20,4,14,5,7,103,13,0,0,0,0,1,0,0,43,309,133,267,103,118,73,149,6,279,104,93,133,118,36,59,4,23,18,35,9,39,20,45,22,27,16,33,1,41,4,7,25,1,3,6,1,4,2,6,69.93,0.01,0.14,0,23.14,0.29,1.43,0.29,1,0.36,0.5,7.36,0.93,0,0,0,0,0.07,0,0,114,268,239,267,177,197,147,243,7,440,232,174,299,118,36,59,4,114,18,35,25,39,37,45,40,43,31,51,1,64,13,15,59,1,3,6,1,13,2,6,88,7.65,12.8,97.92,Squad,Average,196,CE #14,74
94,FH #18,HARRY BYRNE,,11,10.04,110.45,Fly Half,Leinster Rugby,0.66,0,14.33,0,19.78,4.63,5.53,11.04,0,23.51,0,-0.75,0,10.57,0,10.93,0,10.22,634,0.17,1,5,124,2,11,0,0,6,4,50,17,0,4,25,0,0,0,0,215,121,219,15,292,203,178,476,480,231,249,326,66,118,14,7,4,151,18,35,22,15,14,6,29,22,22,37,26,29,10,22,16,2,11,5,2,11,2,10,57.64,0.02,0.09,0.45,11.27,0.18,1,0,0,0.55,0.36,4.55,1.55,0,0.36,2.27,0,0,0,0,265,154,311,27,356,257,214,476,480,311,361,434,70,118,16,9,4,151,18,35,23,12,17,7,32,22,21,37,26,35,9,26,14,2,12,8,2,11,2,10,88,9.46,10.6,100.28,Good,Consistent,191,FH #20,75
95,CE #11,BEN THOMAS,,14,7.89,110.39,Centre,Cardiff Rugby,-7.15,0,0,7.79,9.88,0,9.72,5.55,28.15,8.58,0,6.04,12.51,8.2,11.33,1.13,2.39,6.27,1070,0.1,2,5,383,5,25,11,6,9,11,98,27,0,0,1,0,0,1,0,22,354,133,15,76,84,43,23,47,130,28,97,7,118,36,50,4,151,1,35,4,48,20,3,13,17,9,6,8,20,1,8,1,1,3,4,1,17,1,6,76.43,0.01,0.14,0.36,27.36,0.36,1.79,0.79,0.43,0.64,0.79,7,1.93,0,0,0.07,0,0,0.07,0,42,268,239,42,144,164,98,60,124,266,109,196,33,118,36,56,4,151,7,35,10,39,37,6,29,36,21,13,22,36,3,21,5,1,3,5,1,17,1,6,87,7.58,12.8,97.02,Squad,Average,201,CE #15,73
96,OB #33,ONISI RATAVE,,5,22.04,110.2,Outside Back,Benetton Rugby,12.56,0,0,0,0,-1.35,0,0,0,0,9.15,44.14,45.7,0,0,0,0,0,375,0.29,4,0,477,8,17,11,2,6,5,25,5,0,0,0,0,1,0,0,403,16,49,267,36,36,99,23,209,231,187,495,404,118,36,59,4,23,18,35,67,4,17,59,22,25,40,5,32,67,19,51,77,1,4,8,2,3,5,12,75,0.06,0.8,0,95.4,1.6,3.4,2.2,0.4,1.2,1,5,1,0,0,0,0,0.2,0,0,56,53,14,267,2,7,18,3,133,87,32,373,234,118,36,59,4,13,18,35,30,14,10,59,2,6,13,1,20,50,2,14,57,1,4,8,2,2,5,12,87,14.32,6.6,94.51,Squad,Average,214,OB #42,72
97,OB #34,MATT GALLAGHER,,14,7.82,109.46,Outside Back,Benetton Rugby,9.13,0.8,0,6.89,4.63,0,3.05,4.65,6.91,0,-0.9,30.51,1.29,13.32,6.52,6.78,0,15.88,932,0.12,1,3,460,7,22,14,2,14,0,22,12,0,0,0,0,0,0,0,59,258,219,47,42,46,56,12,209,59,615,517,154,118,36,59,4,151,18,35,18,61,58,7,26,32,29,4,32,28,90,58,29,1,4,8,2,20,5,12,66.57,0.01,0.07,0.21,32.86,0.5,1.57,1,0.14,1,0,1.57,0.86,0,0,0,0,0,0,0,154,268,356,97,91,101,125,27,358,116,615,692,328,118,36,59,4,151,18,35,65,60,79,20,59,67,60,10,65,61,90,97,79,1,4,8,2,20,5,12,87,8.02,12.8,102.66,Good,Average,183,OB #37,76
98,CE #12,ERICH CRONJE,,10,10.91,109.11,Centre,Lions,0,0,0,0,0,0,7.91,0,14.88,0.28,-0.75,10.83,5.3,28.38,19.3,17.37,5.61,0,631,0.17,4,1,286,7,13,9,9,15,5,72,11,0,0,0,0,0,0,0,217,121,49,138,129,46,150,44,20,49,187,196,171,118,36,59,4,151,18,35,38,13,5,23,32,8,33,15,4,8,10,18,33,1,3,6,1,17,2,6,63.1,0.02,0.4,0.1,28.6,0.7,1.3,0.9,0.9,1.5,0.5,7.2,1.1,0,0,0,0,0,0,0,190,154,68,200,127,66,173,46,28,44,232,181,217,118,36,59,4,151,18,35,42,20,4,36,26,13,36,9,4,6,13,16,48,1,3,6,1,17,2,6,87,10,9.6,96,Squad,Consistent,207,CE #16,73
99,LF #24,BAUTISTA STAVILE,,12,9.08,108.97,Loose Forward,Zebre Parma,16.66,10.46,0,0,0,0,1.16,0.97,0,7.8,10.1,15.21,13.58,18.17,0,2.98,-1.57,13.45,684,0.16,4,1,256,5,21,9,4,11,10,94,15,0,0,0,0,0,0,0,182,149,49,138,146,84,65,44,107,88,41,110,92,118,36,59,4,151,18,35,38,32,14,23,31,4,12,8,43,11,11,53,17,40,1,1,1,40,6,1,57,0.01,0.33,0.08,21.33,0.42,1.75,0.75,0.33,0.92,0.83,7.83,1.25,0,0,0,0,0,0,0,269,268,87,228,197,145,102,69,166,162,96,156,161,118,36,59,4,151,18,35,43,56,17,43,38,16,19,13,53,21,16,70,21,40,1,1,1,40,6,1,87,8.53,11.4,97.24,Squad,Consistent,200,LF #27,74
100,CE #13,SIONE TUIPULOTU,,12,9.03,108.38,Centre,Glasgow Warriors,0,8.79,6.71,5.38,19.42,0,11.05,5.97,0,1.76,0,0,0,15.09,0,13.3,6.02,14.89,836,0.13,1,3,385,5,28,1,3,6,0,61,15,0,0,0,0,0,0,0,92,221,219,47,75,84,35,338,151,231,615,256,92,118,36,59,4,151,18,35,18,24,32,7,12,17,7,55,23,36,69,32,17,1,3,6,1,17,2,6,69.67,0.01,0.08,0.25,32.08,0.42,2.33,0.08,0.25,0.5,0,5.08,1.25,0,0,0,0,0,0,0,121,268,328,65,95,145,47,438,230,324,615,371,161,118,36,59,4,151,18,35,26,39,49,9,16,28,9,68,35,49,69,47,34,1,3,6,1,17,2,6,87,8.49,11.2,95.09,Squad,Very Consistent,209,CE #17,72
101,HK #7,BRODIE COGHLAN,,12,8.97,107.6,Hooker,Dragons RFC,8.04,2.41,0,15.72,9.71,0,0,0,0,10.37,12.44,7.79,10.49,3.88,0,10.63,4.03,12.09,697,0.15,4,0,123,2,3,0,6,6,9,120,6,0,0,0,0,0,0,0,174,163,49,267,294,203,393,476,47,231,60,61,363,118,36,59,4,151,18,35,6,29,6,15,19,6,28,32,5,10,4,6,29,19,1,1,1,9,2,1,58.08,0.01,0.33,0,10.25,0.17,0.25,0,0.5,0.5,0.75,10,0.5,0,0,0,0,0,0,0,258,268,87,267,385,273,490,476,83,324,118,59,499,118,36,59,4,151,18,35,9,35,7,15,21,11,35,32,11,16,7,8,38,19,1,1,1,9,2,1,87,9.73,11.3,109.95,Good,Very Consistent,139,HK #7,82
102,OB #35,WILLIE LE ROUX,,16,6.72,107.51,Outside Back,Vodacom Bulls,4.8,12.2,0.31,14.2,18.49,2.25,0.76,0,0.82,1.33,0,0,2.8,1.91,-1,0.8,32.64,15.2,865,0.12,5,3,379,7,15,7,1,22,6,22,3,0,0,7,0,1,0,1,82,258,27,47,78,46,119,71,323,11,139,517,500,118,36,30,4,23,18,12,27,61,10,7,44,32,49,24,51,8,7,58,89,1,4,3,2,3,5,6,54.06,0.01,0.31,0.19,23.69,0.44,0.94,0.44,0.06,1.38,0.38,1.38,0.19,0,0,0.44,0,0.06,0,0.06,309,268,111,122,172,129,262,166,475,62,342,701,659,118,36,41,4,142,18,33,91,60,41,25,85,78,91,57,82,38,42,102,108,1,4,3,2,18,5,11,87,7.14,14.4,102.82,Good,Boom/Bust,181,OB #36,76
103,LF #25,JARROD TAYLOR,,15,7.16,107.46,Loose Forward,Scarlets,5.4,0,6.88,14.35,1.21,0,0.66,5.52,0,0.4,6.01,1.96,29,-1.47,9.37,5.51,2.71,19.95,780,0.14,4,0,247,4,12,3,13,10,13,107,17,4,0,0,0,1,0,0,122,190,49,267,152,118,165,199,9,114,19,88,66,19,36,59,4,23,18,35,28,41,14,50,33,10,37,43,8,17,3,41,13,10,1,1,1,6,6,1,52,0.01,0.27,0,16.47,0.27,0.8,0.2,0.87,0.67,0.87,7.13,1.13,0.27,0,0,0,0.07,0,0,330,268,138,267,268,204,289,303,31,239,91,186,206,35,36,59,4,114,18,35,64,56,30,50,62,30,69,60,12,41,13,77,29,11,1,1,1,27,6,1,86,7,13.8,96.6,Squad,Inconsistent,205,LF #28,73
104,HK #8,GREGOR HIDDLESTON,,14,7.67,107.41,Hooker,Glasgow Warriors,7.97,3.37,13.97,0,0,4.91,8.04,2.49,7.56,17.85,0,2.87,21.74,0,5.55,8.24,1.06,1.79,538,0.2,7,0,106,1,1,4,6,5,8,92,5,0,0,0,0,0,0,0,269,60,11,267,328,286,512,149,47,279,77,116,404,118,36,59,4,151,18,35,18,17,3,15,23,16,40,3,5,17,6,15,35,19,1,1,1,9,2,1,38.43,0.01,0.5,0,7.57,0.07,0.07,0.29,0.43,0.36,0.57,6.57,0.36,0,0,0,0,0,0,0,518,268,38,267,446,389,591,243,124,440,196,225,577,118,36,59,4,151,18,35,32,35,3,15,39,27,46,10,14,28,14,31,50,19,1,1,1,9,2,1,86,8.19,12.9,105.65,Good,Average,163,HK #8,78
105,LF #26,PAUL BOYLE,,14,7.64,107,Loose Forward,Connacht Rugby,10.44,0,0,0,14.4,20.14,-10.09,0,8.11,3.13,6.56,11.28,7.89,10.62,7.77,11.43,2.99,2.33,790,0.14,4,0,234,3,18,5,6,5,5,125,11,1,0,0,0,1,0,0,118,190,49,267,163,151,91,113,47,279,187,47,171,58,36,59,4,23,18,35,26,41,14,50,37,21,20,20,21,56,51,26,35,21,1,1,1,6,6,1,56.43,0.01,0.29,0,16.71,0.21,1.29,0.36,0.43,0.36,0.36,8.93,0.79,0.07,0,0,0,0.07,0,0,285,268,124,267,264,233,177,198,124,440,361,98,369,103,36,59,4,114,18,35,50,56,25,50,61,38,34,40,43,94,76,50,66,31,1,1,1,27,6,1,86,7.38,13,95.94,Squad,Average,208,LF #29,72
106,OB #36,STRAVINO JACOBS,,11,9.72,106.97,Outside Back,Vodacom Bulls,0,23.63,0.98,-0.75,20.59,28.9,7.89,0,3.66,11.4,9.81,0.86,0,0,0,0,0,0,643,0.17,2,2,438,11,19,3,1,11,3,19,6,0,0,0,0,0,0,0,207,121,133,78,49,14,82,199,323,88,323,548,363,118,36,59,4,151,18,35,45,31,39,14,31,10,34,51,51,41,44,67,70,1,4,8,2,20,5,12,58.45,0.02,0.18,0.18,39.82,1,1.73,0.27,0.09,1,0.27,1.73,0.55,0,0,0,0,0,0,0,250,154,202,125,56,18,105,257,431,116,441,684,485,118,36,59,4,151,18,35,86,37,58,27,41,14,50,70,77,61,61,95,97,1,4,8,2,20,5,12,86,9.54,10.4,99.22,Good,Average,193,OB #39,74
107,CE #14,TOM FARRELL,,9,11.8,106.24,Centre,Munster Rugby,0,0,17.94,21.96,0,9.03,9.32,15.08,0,0,0,18.83,2.21,0,9.77,2.1,0,0,672,0.16,2,1,347,5,16,18,2,6,5,63,11,0,0,0,0,0,0,1,185,149,133,138,89,84,107,4,209,231,187,244,171,118,36,59,4,151,18,12,32,15,20,23,18,17,24,1,31,36,10,30,33,1,3,6,1,17,2,1,74.67,0.02,0.22,0.11,38.56,0.56,1.78,2,0.22,0.67,0.56,7,1.22,0,0,0,0,0,0,0.11,62,154,173,186,62,95,99,4,270,239,207,196,173,118,36,59,4,151,18,18,15,20,25,33,10,17,22,1,39,34,11,21,38,1,3,6,1,17,2,1,86,13.94,12.4,172.86,Premium,Very Consistent,22,CE #4,97
108,CE #15,WANDISILE SIMELANE,,16,6.63,106.14,Centre,DHL Stormers,6.96,28.1,4.98,1.58,2.67,1.59,15.15,0,0.93,1.41,1.79,18.27,9.89,0,2.1,2.14,0.67,7.91,1043,0.1,3,0,382,7,29,12,3,11,4,43,19,0,0,0,0,0,0,0,30,354,81,267,77,46,33,18,151,88,249,367,40,118,36,59,4,151,18,35,6,48,9,45,14,8,6,4,23,14,15,41,7,1,3,6,1,17,2,6,65.19,0.01,0.19,0,23.88,0.44,1.81,0.75,0.19,0.69,0.25,2.69,1.19,0,0,0,0,0,0,0,170,268,199,267,171,129,92,69,313,231,449,615,181,118,36,59,4,151,18,35,37,39,31,45,38,24,20,17,45,31,42,83,42,1,3,6,1,17,2,6,86,6.57,14.4,94.61,Squad,Inconsistent,212,CE #18,72
108,LF #27,JUARNO AUGUSTUS,,10,10.61,106.14,Loose Forward,Ulster Rugby,4.03,0,13.53,6.6,0,11.79,9.14,8.18,0,0,0,0,12.3,13.71,14.23,0,12.63,0,569,0.19,1,2,307,2,23,2,2,7,1,113,3,0,0,0,0,0,0,0,247,81,219,78,115,203,49,247,209,192,478,72,500,118,36,59,4,151,18,35,52,13,44,11,21,36,8,53,70,35,90,37,90,40,1,1,1,40,6,1,56.9,0.02,0.1,0.2,30.7,0.2,2.3,0.2,0.2,0.7,0.1,11.3,0.3,0,0,0,0,0,0,0,272,154,298,108,107,237,50,303,284,227,578,36,614,118,36,59,4,151,18,35,44,29,58,17,15,39,8,60,80,37,111,21,113,40,1,1,1,40,6,1,86,11.26,9.8,110.35,Good,Very Consistent,136,LF #17,82
110,CE #16,JUDE POSTLETHWAITE,,11,9.63,105.97,Centre,Ulster Rugby,0,0,9.29,1.08,14.01,40.08,6,-0.84,1.95,-2.2,0,10.97,0,0,15.04,0,10.59,0,595,0.18,0,3,287,5,22,14,4,5,1,69,14,0,0,0,0,0,0,0,227,94,390,47,127,84,56,12,107,279,478,211,115,118,36,59,4,151,18,35,39,10,53,7,31,17,13,2,18,41,51,24,22,1,3,6,1,17,2,6,54.09,0.02,0,0.27,26.09,0.45,2,1.27,0.36,0.45,0.09,6.27,1.27,0,0,0,0,0,0,0,307,154,390,62,149,121,66,15,159,378,583,251,152,118,36,59,4,151,18,35,58,20,53,8,32,22,13,4,30,59,64,29,32,1,3,6,1,17,2,6,85,10.47,12.4,129.83,Good,Inconsistent,91,CE #6,88
111,OB #37,ANGELO DAVIDS,,15,7.03,105.5,Outside Back,Lions,7.17,11.4,7.17,11.33,0.58,0,0,0,10.05,-3.19,2.11,8.26,27.95,-1.85,6.09,13.64,1.65,3.14,1150,0.09,3,2,420,14,20,10,1,20,4,45,33,0,0,0,0,0,0,0,14,399,81,78,61,5,73,32,323,19,249,351,1,118,36,59,4,151,18,35,4,82,29,14,36,4,32,9,51,13,30,22,1,1,4,8,2,20,5,12,76.67,0.01,0.2,0.13,28,0.93,1.33,0.67,0.07,1.33,0.27,3,2.2,0,0,0,0,0,0,0,39,268,182,172,137,39,164,85,460,67,441,583,16,118,36,59,4,151,18,35,20,60,55,41,73,30,76,31,81,42,61,63,7,1,4,8,2,20,5,12,85,7.38,13.6,100.37,Good,Inconsistent,190,OB #38,75
112,CE #17,JOE ROBERTS,,14,7.53,105.48,Centre,Scarlets,7.22,0,1.21,3.45,1.44,0,-0.01,17.57,2.78,0,-0.3,32.57,0,8.74,11.19,10.74,5.33,3.55,947,0.11,6,1,336,6,14,11,9,16,9,81,19,0,0,0,0,2,0,1,52,309,17,138,95,63,135,23,20,39,60,151,40,118,36,59,4,7,18,12,11,39,1,23,20,12,29,6,4,5,2,14,7,1,3,6,1,2,2,1,67.64,0.01,0.43,0.07,24,0.43,1,0.79,0.64,1.14,0.64,5.79,1.36,0,0,0,0,0.14,0,0.07,141,268,62,244,167,137,214,60,58,97,161,305,119,118,36,59,4,33,18,27,30,39,3,42,37,27,47,13,8,12,6,36,24,1,3,6,1,4,2,3,85,7.29,12.8,93.31,Squad,Average,217,CE #19,71
113,LF #28,THOMAS YOUNG,,11,9.57,105.28,Loose Forward,Dragons RFC,0,0,0,0,12.76,12.44,7.03,3.4,1.31,0,0,0,5.76,14.41,2.45,19.21,13.24,13.27,619,0.17,2,3,217,2,22,1,9,8,13,121,9,0,0,0,0,0,0,0,220,121,133,47,176,203,56,338,20,156,19,59,236,118,36,59,4,151,18,35,46,22,34,5,41,36,9,77,12,27,3,32,44,40,1,1,1,40,6,1,56.27,0.02,0.18,0.27,19.73,0.18,2,0.09,0.82,0.73,1.18,11,0.82,0,0,0,0,0,0,0,289,154,202,62,222,257,66,428,37,217,21,40,349,118,36,59,4,151,18,35,52,29,43,7,48,49,13,89,16,34,3,24,60,40,1,1,1,40,6,1,85,8.93,10.6,94.66,Squad,Very Consistent,211,LF #30,72
114,LF #29,SHAMUS HURLEY-LANGTON,"Went on a little scoring spree at the end of the season! Between Hurley-Langton and Jansen, Connacht were punching in tries, and Hurley-Langton might be expected to finish higher in the LF rankings in future.",7,14.87,104.12,Loose Forward,Connacht Rugby,10.63,0,10.03,0,0,0,0,0,0,0,0,0,0,23.76,14.19,3.67,16.31,25.53,413,0.25,6,0,203,3,15,5,4,3,6,79,3,1,0,0,0,0,0,0,371,28,17,267,188,151,119,113,107,385,139,162,500,58,36,59,4,151,18,35,77,4,5,50,46,21,25,20,43,83,38,65,90,21,1,1,1,40,6,1,59,0.04,0.86,0,29,0.43,2.14,0.71,0.57,0.43,0.86,11.29,0.43,0.14,0,0,0,0,0,0,238,78,12,267,122,137,59,79,67,389,92,37,551,63,36,59,4,151,18,35,36,11,1,50,19,12,10,14,27,79,14,22,101,20,1,1,1,40,6,1,85,14.31,9.1,130.22,Good,Very Consistent,90,LF #13,88
115,LF #30,JOHN HODNETT,,11,9.34,102.79,Loose Forward,Munster Rugby,0,0,0,0,10.56,13.23,5.47,3.53,0.66,0,0,0,10.82,4.25,6.18,35.42,3.81,8.86,463,0.22,5,0,209,2,19,3,6,3,3,93,12,0,0,0,0,0,0,0,336,42,27,267,180,203,82,199,47,385,323,113,154,118,36,59,4,151,18,35,71,7,7,50,43,36,18,43,21,83,71,54,33,40,1,1,1,40,6,1,42.09,0.02,0.45,0,19,0.18,1.73,0.27,0.55,0.27,0.27,8.45,1.09,0,0,0,0,0,0,0,467,154,55,267,231,257,105,257,78,502,441,127,222,118,36,59,4,151,18,35,92,29,12,50,51,49,21,51,33,109,90,59,33,40,1,1,1,40,6,1,85,8.74,10.6,92.64,Squad,Average,220,LF #31,71
116,SH #6,JOHAN MULDER,,16,6.4,102.44,Scrum Half,Cardiff Rugby,6.9,9.58,2.54,-0.42,26.77,0,0.03,0,2.94,-0.75,8.43,0.97,0,6.8,7,11.9,10.21,9.54,800,0.13,2,4,230,5,15,4,11,17,5,93,15,0,0,0,0,0,0,0,112,221,133,29,166,84,119,149,11,33,187,113,92,118,36,59,4,151,18,35,4,19,14,11,7,5,5,13,1,2,3,1,11,1,3,7,2,11,2,10,50,0.01,0.13,0.25,14.38,0.31,0.94,0.25,0.69,1.06,0.31,5.81,0.94,0,0,0,0,0,0,0,359,268,263,65,303,185,262,262,49,115,408,301,298,118,36,59,4,151,18,35,21,22,32,17,21,9,16,19,2,9,13,3,28,1,3,7,2,11,2,10,85,5.96,14.6,87.02,Good,Consistent,250,SH #6,67
117,FH #19,CIARAN FRAWLEY,,14,7.25,101.46,Fly Half,Leinster Rugby,2.94,2.3,11.3,-7.14,0,8.19,7.28,1.17,4.45,10.06,0,0,10.95,0,0.19,13.82,12.48,23.47,808,0.13,3,1,278,6,16,7,3,7,1,47,7,0,0,6,0,1,0,0,108,221,81,138,133,63,107,71,151,192,478,341,322,118,36,32,4,23,18,35,12,28,3,24,13,7,10,10,4,27,25,24,34,2,29,25,2,2,2,10,57.71,0.01,0.21,0.07,19.86,0.43,1.14,0.5,0.21,0.5,0.07,3.36,0.5,0,0,0.43,0,0.07,0,0,264,268,178,244,221,137,201,136,280,324,598,556,499,118,36,42,4,114,18,35,22,22,9,28,20,11,19,14,8,37,29,33,43,2,29,35,2,7,2,10,85,7.23,13,93.99,Squad,Inconsistent,215,FH #21,72
118,LF #31,ALESSANDRO IZEKOR,,13,7.74,100.64,Loose Forward,Benetton Rugby,0,6.2,11.95,7.71,0,4.37,0,7.27,11.19,0,7.57,11.81,7.97,12,3.11,3.52,5.97,0,876,0.11,0,0,140,2,15,1,3,8,5,148,8,8,0,0,0,0,0,0,78,309,390,267,270,203,119,338,151,156,187,21,278,3,36,59,4,151,18,35,18,74,77,50,67,36,25,77,56,27,51,13,55,2,1,1,1,40,6,1,67.38,0.01,0,0,10.77,0.15,1.15,0.08,0.23,0.62,0.38,11.38,0.62,0.62,0,0,0,0,0,0,144,268,390,267,370,293,200,438,264,276,342,32,451,6,36,59,4,151,18,35,17,56,77,50,86,59,41,90,77,51,73,19,85,3,1,1,1,40,6,1,84,7.46,12.2,91.01,Squad,Very Consistent,228,LF #33,70
119,OB #38,KURT-LEE ARENDSE,,8,12.57,100.55,Outside Back,Vodacom Bulls,0,0,0,0,5.23,0,0,0,0,0.7,9.12,8.65,31.83,4.45,0,10.56,30.01,0,580,0.17,1,5,400,7,20,7,4,11,8,25,4,0,0,0,0,1,0,0,238,121,219,15,70,46,73,71,107,88,77,495,459,118,36,59,4,23,18,35,49,31,58,3,40,32,32,24,14,41,4,51,82,1,4,8,2,3,5,12,72.5,0.02,0.13,0.63,50,0.88,2.5,0.88,0.5,1.38,1,3.13,0.5,0,0,0,0,0.13,0,0,90,154,263,16,29,48,38,53,83,62,32,576,499,118,36,59,4,44,18,35,42,37,73,3,22,36,25,18,10,38,2,59,98,1,4,8,2,6,5,12,84,11.31,7.9,89.35,Squad,Average,235,OB #46,69
120,LF #32,JACK O'DONOGHUE,,14,7.18,100.47,Loose Forward,Munster Rugby,14.33,1.42,7.85,16.3,20.1,-1.02,4.01,1.69,5.63,0.63,2.04,4.15,0,0,0,0,13.86,9.48,777,0.13,2,2,170,2,6,3,14,9,6,124,11,2,0,0,0,2,0,0,125,221,133,78,227,203,275,199,6,130,139,52,171,36,36,59,4,7,18,35,29,52,34,11,57,36,66,43,6,21,38,29,35,13,1,1,1,3,6,1,55.5,0.01,0.14,0.14,12.14,0.14,0.43,0.21,1,0.64,0.43,8.86,0.79,0.14,0,0,0,0.14,0,0,294,268,239,154,341,298,412,296,7,266,306,104,369,63,36,59,4,33,18,35,54,56,48,22,78,63,96,59,6,49,63,53,66,20,1,1,1,9,6,1,84,7.01,13,91.13,Squad,Average,227,LF #32,70
121,LF #33,SIYA KOLISI,,9,11.14,100.27,Loose Forward,Hollywoodbets Sharks,0,0,0,14.12,10.03,0,11.34,0,8.52,1.26,6.19,0,0,0,0,4.19,15.02,29.6,502,0.2,7,1,238,5,20,1,2,8,3,29,2,0,0,0,0,0,0,0,296,60,11,138,159,84,73,338,209,156,323,466,556,118,36,59,4,151,18,35,63,10,3,23,36,4,17,77,70,27,71,104,99,40,1,1,1,40,6,1,55.78,0.02,0.78,0.11,26.44,0.56,2.22,0.11,0.22,0.89,0.33,3.22,0.22,0,0,0,0,0,0,0,290,154,16,186,147,95,55,411,270,170,373,566,643,118,36,59,4,151,18,35,53,29,2,30,25,6,9,86,78,24,78,122,119,40,1,1,1,40,6,1,84,9.94,9,89.46,Squad,Consistent,234,LF #35,69
122,OB #39,JOSH ADAMS,,9,11.13,100.2,Outside Back,Cardiff Rugby,8.44,2.78,0,4.51,19.73,0,12.09,16.24,23.87,4.7,0,0,0,0,0,0,7.84,0,668,0.15,7,1,316,6,14,3,4,19,4,45,7,0,0,0,0,0,0,0,186,163,11,138,108,63,135,199,107,23,249,351,322,118,36,59,4,151,18,35,43,44,5,30,51,40,52,51,14,15,30,22,63,1,4,8,2,20,5,12,74.22,0.02,0.78,0.11,35.11,0.67,1.56,0.33,0.44,2.11,0.44,5,0.78,0,0,0,0,0,0,0,67,154,16,186,76,69,130,207,117,10,293,373,374,118,36,59,4,151,18,35,33,37,12,42,51,49,63,62,17,7,35,14,86,1,4,8,2,20,5,12,84,10.55,8.7,91.79,Squad,Consistent,225,OB #44,70
123,SH #7,KIERAN HARDY,,10,9.98,99.77,Scrum Half,Ospreys,0,19.48,4.9,0,0,0,1.56,14.57,26.64,0,0,0,0,0,12.01,1.33,14.62,4.66,503,0.2,5,7,203,2,4,6,4,6,2,34,5,0,0,0,0,0,0,1,294,60,27,4,188,203,349,90,107,231,405,427,404,118,36,59,4,151,18,12,21,7,5,3,10,17,30,5,6,28,15,21,34,1,3,7,2,11,2,3,50.3,0.02,0.5,0.7,20.3,0.2,0.4,0.6,0.4,0.6,0.2,3.4,0.5,0,0,0,0,0,0,0.1,354,154,38,10,212,237,426,104,133,281,486,550,499,118,36,59,4,151,18,20,20,10,5,6,8,18,36,7,6,26,19,21,41,1,3,7,2,11,2,5,84,8.82,9.8,86.44,Good,Very Consistent,255,SH #7,66
124,OB #40,SHAYNE BOLTON,,9,11.02,99.15,Outside Back,Connacht Rugby,6.98,0,9.54,11.67,0,3.38,0.45,0,0,0,0,0,0,0,11.76,6.71,30.53,18.13,566,0.18,1,1,445,9,23,2,3,11,3,30,11,0,0,0,0,0,0,0,251,94,219,138,45,24,49,247,151,88,323,462,171,118,36,59,4,151,18,35,51,23,58,30,27,18,26,61,24,41,44,44,32,1,4,8,2,20,5,12,62.89,0.02,0.11,0.11,49.44,1,2.56,0.22,0.33,1.22,0.33,3.33,1.22,0,0,0,0,0,0,0,196,154,285,186,30,18,36,293,166,83,373,558,173,118,36,59,4,151,18,35,75,37,76,42,23,14,24,76,27,48,50,54,48,1,4,8,2,20,5,12,84,10.46,8.7,91,Squad,Average,229,OB #45,70
125,CE #18,DAN KELLY,,17,5.83,99.04,Centre,Munster Rugby,12.44,3.35,10.59,3.39,8.19,-1,0,10.66,1.68,2.11,19.36,5.52,2.65,-0.31,1.99,12.93,3.56,1.93,1056,0.09,3,2,315,6,13,4,3,13,3,108,22,0,0,0,0,0,0,0,25,399,81,78,110,63,150,149,151,71,323,85,19,118,36,59,4,151,18,35,5,59,9,12,25,12,33,33,23,10,28,6,3,1,3,6,1,17,2,6,62.12,0.01,0.18,0.12,18.53,0.35,0.76,0.24,0.18,0.76,0.18,6.35,1.29,0,0,0,0,0,0,0,203,268,202,184,236,170,293,288,319,207,516,243,144,118,36,59,4,151,18,35,46,39,32,32,53,38,58,56,46,27,55,28,30,1,3,6,1,17,2,6,83,5.93,15.2,90.14,Squad,Average,231,CE #20,69
126,LF #34,NICK TIMONEY,,11,8.99,98.9,Loose Forward,Ulster Rugby,13.37,0,6.76,10.34,0,9.17,6.32,10.65,9.87,3.46,0,0,0,3.69,0,0,15.88,9.39,880,0.11,1,1,172,1,8,5,6,5,1,165,13,0,0,0,0,0,0,0,75,309,219,138,225,286,228,113,47,279,478,13,133,118,36,59,4,151,18,35,16,74,44,23,56,61,55,20,21,56,90,6,26,40,1,1,1,40,6,1,80,0.01,0.09,0.09,15.64,0.09,0.73,0.45,0.55,0.45,0.09,15,1.18,0,0,0,0,0,0,0,1,268,311,212,285,356,305,159,78,378,583,2,184,118,36,59,4,151,18,35,1,56,63,38,67,79,73,27,33,77,113,1,23,40,1,1,1,40,6,1,83,8.46,10.6,89.68,Squad,Very Consistent,233,LF #34,69
127,LF #35,SIBABALWE MAHASHE,,7,14.11,98.74,Loose Forward,Lions,0,0,0,0,0,0,0,0,0,0,0,13.89,13.69,20.11,20.79,13.21,11.27,5.78,528,0.19,4,3,276,4,9,8,4,9,4,83,19,0,0,0,0,0,0,0,281,81,49,47,134,118,212,56,107,130,249,145,40,118,36,59,4,151,18,35,58,13,14,5,26,10,50,10,43,21,63,61,9,40,1,1,1,40,6,1,75.43,0.03,0.57,0.43,39.43,0.57,1.29,1.14,0.57,1.29,0.57,11.86,2.71,0,0,0,0,0,0,0,51,109,29,29,59,90,177,21,67,75,196,23,8,118,36,59,4,151,18,35,5,22,4,3,6,5,34,4,27,5,42,13,1,40,1,1,1,40,6,1,83,10.87,7.9,85.87,Squad,Very Consistent,259,LF #39,66
128,CE #19,RUHAN NEL,,10,9.83,98.28,Centre,DHL Stormers,0.65,14.23,2.46,13.73,3.13,15.41,0,0,0,0,0,0,4.05,17.19,4.56,22.87,0,0,800,0.12,3,2,300,9,14,6,1,8,4,56,14,0,0,0,0,0,0,0,112,258,81,78,120,24,135,90,323,156,249,275,115,118,36,59,4,151,18,35,20,30,9,12,28,5,29,22,46,25,15,33,22,1,3,6,1,17,2,6,80,0.01,0.3,0.2,30,0.9,1.4,0.6,0.1,0.8,0.4,5.6,1.4,0,0,0,0,0,0,0,1,268,115,108,110,44,150,104,418,191,320,325,104,118,36,59,4,151,18,35,1,39,16,15,23,7,32,26,58,24,24,39,22,1,3,6,1,17,2,6,83,11.13,9.6,106.85,Squad,Consistent,155,CE #11,79
129,OB #41,TOMMY O'BRIEN,,6,16.34,98.06,Outside Back,Leinster Rugby,14.89,15.09,0,0,0,0,0,3.82,37.42,0,0,0,0,27.71,0,-0.87,0,0,464,0.21,5,1,359,7,18,5,2,8,5,27,5,0,0,0,0,1,0,0,330,49,27,138,84,46,91,113,209,156,187,483,404,118,36,59,4,23,18,35,58,12,10,30,47,32,38,36,32,55,19,47,77,1,4,8,2,3,5,12,77.33,0.04,0.83,0.17,59.83,1.17,3,0.83,0.33,1.33,0.83,4.5,0.83,0,0,0,0,0.17,0,0,36,78,13,132,13,14,23,54,166,67,96,435,336,118,36,59,4,24,18,35,18,21,9,30,11,10,17,19,27,42,8,23,80,1,4,8,2,3,5,12,83,12.57,6.9,86.73,Squad,Average,252,OB #49,67
130,OB #42,CHESWILL JOOSTE,No one knew what to do with Jooste as he was consistenly among the most dropped and most acquired players each week. He may get more game time next season in which case he will definitely be one to watch.,7,13.97,97.81,Outside Back,Vodacom Bulls,27.52,0,0,0,0,22.71,0,0,0,8.68,0,0,3.24,16.74,0,9.62,9.3,0,374,0.26,5,0,404,7,21,2,0,11,2,27,10,0,0,0,0,0,0,0,405,26,27,267,69,46,65,247,480,88,405,483,204,118,36,59,4,151,18,35,68,7,10,59,39,32,30,61,84,41,58,47,41,1,4,8,2,20,5,12,53.43,0.04,0.71,0,57.71,1,3,0.29,0,1.57,0.29,3.86,1.43,0,0,0,0,0,0,0,318,78,22,267,17,18,23,243,480,38,426,511,99,118,36,59,4,151,18,35,92,21,14,59,14,14,17,68,84,25,58,41,32,1,4,8,2,20,5,12,83,13.31,10.4,138.42,Good,Consistent,73,OB #16,90
131,OB #43,MIKE HALEY,,11,8.89,97.79,Outside Back,Munster Rugby,21.05,0,3.13,0,0,0,10.36,2.27,1.14,6.65,14.87,8.59,4.05,0,0,0,8.63,17.05,756,0.13,2,0,538,5,21,6,3,13,5,28,11,0,0,0,0,0,0,1,136,221,133,267,24,84,65,90,151,71,187,475,171,118,36,59,4,151,18,12,36,54,39,59,15,50,30,32,24,35,19,46,32,1,4,8,2,20,5,6,68.73,0.01,0.18,0,48.91,0.45,1.91,0.55,0.27,1.18,0.45,2.55,1,0,0,0,0,0,0,0.09,128,268,202,267,32,121,83,127,219,91,282,621,234,118,36,59,4,151,18,23,55,60,58,59,25,75,43,45,38,52,33,71,57,1,4,8,2,20,5,8,83,8.87,10.4,92.25,Squad,Consistent,222,OB #43,71
132,LF #36,SCOTT PENNY,,14,6.98,97.69,Loose Forward,Leinster Rugby,-3.12,5.43,0,11.93,20.68,13.93,2.98,1.31,0,1.04,23.12,4.3,3.51,0,7.93,0.93,3.72,0,686,0.14,5,0,327,4,12,2,4,6,7,123,20,0,0,0,0,1,0,0,181,190,27,267,100,118,165,247,107,231,104,54,32,118,36,59,4,23,18,35,37,41,7,50,16,10,37,53,43,43,30,30,7,40,1,1,1,6,6,1,49,0.01,0.36,0,23.36,0.29,0.86,0.14,0.29,0.43,0.5,8.79,1.43,0,0,0,0,0.07,0,0,373,268,81,267,175,197,278,370,202,389,232,108,99,118,36,59,4,114,18,35,77,56,16,50,31,29,64,82,66,79,50,55,9,40,1,1,1,27,6,1,83,6.85,13,89.05,Squad,Average,237,LF #36,69
133,LF #37,ALEX SOROKA,,10,9.7,96.99,Loose Forward,Leinster Rugby,0,18.65,11.63,8.91,18.08,18.45,5,0,0,4.17,0,0,0,2.99,5.94,3.17,0,0,576,0.17,3,1,102,2,4,1,3,3,3,83,4,8,0,0,0,0,0,0,241,121,81,138,336,203,349,338,151,385,323,145,459,3,36,59,4,151,18,35,51,22,23,23,82,36,86,77,56,83,71,61,82,2,1,1,1,40,6,1,57.6,0.02,0.3,0.1,10.2,0.2,0.4,0.1,0.3,0.3,0.3,8.3,0.4,0.8,0,0,0,0,0,0,266,154,115,200,388,237,426,422,197,488,416,133,564,3,36,59,4,151,18,35,42,29,23,34,93,39,98,88,63,105,88,63,103,1,1,1,1,40,6,1,82,10.53,9.8,103.19,Good,Consistent,177,LF #24,77
134,LK #1,MAX DOUGLAS,,14,6.92,96.89,Lock,Scarlets,6.07,0,3.15,0,0,13.87,9.73,1.65,-15.13,0,6.81,12.45,11.28,12.69,9.37,10.43,9.5,5.02,1030,0.09,2,0,155,2,5,6,7,7,16,143,12,8,0,0,0,1,1,0,34,399,133,267,249,203,308,90,32,192,2,25,154,3,36,59,4,23,1,35,2,30,5,15,6,2,15,5,4,16,1,7,14,2,1,1,1,5,1,1,73.57,0.01,0.14,0,11.07,0.14,0.36,0.43,0.5,0.5,1.14,10.21,0.86,0.57,0,0,0,0.07,0.07,0,75,268,239,267,360,298,443,175,83,324,24,56,328,7,36,59,4,114,7,35,9,27,16,15,15,13,32,11,10,30,2,15,33,4,1,1,1,21,2,1,82,12.21,12.9,157.51,Premium,Average,39,LK #1,95
135,CE #20,MASON GRADY,,9,10.73,96.6,Centre,Cardiff Rugby,0,0,0,0,0,2.73,20.13,23.37,1.75,-0.34,0,6.24,2.56,27.47,12.69,0,0,0,635,0.15,3,0,472,9,23,4,2,16,2,25,19,0,0,0,0,0,0,0,214,163,81,267,39,24,49,149,209,39,405,495,40,118,36,59,4,151,18,35,37,18,9,45,5,5,11,33,31,5,36,61,7,1,3,6,1,17,2,6,70.56,0.02,0.33,0,52.44,1,2.56,0.44,0.22,1.78,0.22,2.78,2.11,0,0,0,0,0,0,0,108,154,87,267,24,18,36,166,270,21,480,608,19,118,36,59,4,151,18,35,24,20,11,45,3,3,7,40,39,3,49,82,4,1,3,6,1,17,2,6,82,11.64,11.1,129.2,Good,Average,94,CE #8,88
136,FH #20,CHARLIE TECTOR,,9,10.66,95.92,Fly Half,Leinster Rugby,0,0,0,0,14.11,1.98,3.18,0.51,31.34,20.76,16.81,6.9,0,0,0,0.33,0,0,500,0.19,3,2,287,7,16,3,1,6,4,54,12,0,0,5,0,1,0,0,300,81,81,78,127,46,107,199,323,231,249,292,154,118,36,36,4,23,18,35,28,11,3,20,12,3,10,21,14,29,10,20,23,2,29,29,2,2,2,10,55.56,0.02,0.33,0.22,31.89,0.78,1.78,0.33,0.11,0.67,0.44,6,1.33,0,0,0.56,0,0.11,0,0,293,154,87,91,97,59,99,207,404,239,293,268,125,118,36,36,4,54,18,35,25,12,5,20,6,3,8,21,16,31,4,6,18,2,29,30,2,3,2,10,82,9.79,9,88.11,Squad,Average,239,FH #22,68
137,CE #21,DAVID KRIEL,,15,6.39,95.88,Centre,Vodacom Bulls,10.43,28.33,0.96,4.5,1.47,0.58,-6.19,0,4.8,-2.03,8.7,10.52,13.54,0.99,11.22,8.06,0,0,932,0.1,3,1,421,3,13,10,0,5,2,66,20,0,0,5,0,1,0,0,59,354,81,138,59,151,150,32,480,279,405,227,32,118,36,36,4,23,18,35,13,48,9,23,8,34,33,10,60,41,36,28,5,1,3,2,1,4,2,6,62.13,0.01,0.2,0.07,28.07,0.2,0.87,0.67,0,0.33,0.13,4.4,1.33,0,0,0.33,0,0.07,0,0,202,268,182,244,133,237,277,85,480,451,564,449,125,118,36,45,4,114,18,35,45,39,27,42,27,51,57,21,60,66,60,52,25,1,3,2,1,13,2,6,82,6.38,13.6,86.77,Squad,Inconsistent,251,CE #21,67
138,CE #22,JURENZO JULIUS,,10,9.46,94.59,Centre,Hollywoodbets Sharks,0,3.92,12.75,4.65,9.26,-3.1,0,0,0,4.42,-1.42,7.35,0,0,0,0,44.71,12.05,591,0.16,3,0,333,9,20,1,5,11,2,38,15,0,0,0,0,0,0,0,232,149,81,267,96,24,73,338,74,88,405,397,92,118,36,59,4,151,18,35,40,15,9,45,21,5,16,55,12,14,36,46,17,1,3,6,1,17,2,6,59.1,0.02,0.3,0,33.3,0.9,2,0.1,0.5,1.1,0.2,3.8,1.5,0,0,0,0,0,0,0,236,154,115,267,88,44,66,422,83,106,486,515,74,118,36,59,4,151,18,35,52,20,16,45,14,7,13,67,12,15,52,65,12,1,3,6,1,17,2,6,82,8.84,9.6,84.86,Squad,Inconsistent,265,CE #22,65
139,FH #21,SAM COSTELOW,"Ankle surgery cut Costelow's season short, which is why he only ranks as the FH #21 overall, but his per-game stats tell a different story. Assuming he fully recovers, expect him much higher up the charts next season.",6,15.71,94.28,Fly Half,Scarlets,15.33,0,0.43,15.71,17.72,15.05,0,0,0,30.04,0,0,0,0,0,0,0,0,406,0.23,0,3,125,5,11,1,0,4,1,46,14,0,7,9,0,0,0,1,376,35,390,47,290,84,178,338,480,326,478,347,115,118,7,26,4,151,18,12,31,6,24,17,28,11,22,28,26,34,25,25,20,2,6,20,2,11,2,5,67.67,0.04,0,0.5,20.83,0.83,1.83,0.17,0,0.67,0.17,7.67,2.33,0,1.17,1.5,0,0,0,0.17,140,78,390,20,203,52,89,339,480,239,522,164,13,118,3,17,4,151,18,8,14,7,24,5,16,2,5,30,26,31,22,3,2,2,3,12,2,11,2,2,82,12.44,11.7,145.55,Good,Very Consistent,64,FH #7,92
140,LK #2,BEN CARTER,,12,7.84,94.12,Lock,Dragons RFC,6.12,3.4,0,12.21,8.4,0,10.05,8.69,3.89,10.07,0,0,0,7.15,0,12.57,4.82,6.75,960,0.1,2,0,57,0,2,0,5,5,12,184,6,4,0,0,0,0,0,0,49,354,133,267,442,412,450,476,74,279,23,4,363,19,36,59,4,151,18,35,5,23,5,15,43,39,41,60,10,29,4,1,39,10,1,1,1,27,4,1,80,0.01,0.17,0,4.75,0,0.17,0,0.42,0.42,1,15.33,0.5,0.33,0,0,0,0,0,0,1,268,213,267,541,412,530,476,130,401,32,1,499,22,36,59,4,151,18,35,1,27,12,15,54,39,54,60,20,48,4,1,57,14,1,1,1,27,4,1,81,13.45,11.3,151.99,Premium,Very Consistent,51,LK #5,93
141,CE #23,TOMMASO MENONCELLO,,10,9.34,93.35,Centre,Benetton Rugby,11.12,5.53,8.36,0,12.95,0,-0.49,29.1,0,3.44,0,0,0,0,20.82,3.71,-1.19,0,751,0.12,1,1,409,6,23,9,4,17,6,90,19,0,0,0,0,1,0,0,138,258,219,138,67,63,49,44,107,33,139,121,40,118,36,59,4,23,18,35,25,30,32,23,10,12,11,15,18,3,7,11,7,1,3,6,1,4,2,6,75.1,0.01,0.1,0.1,40.9,0.6,2.3,0.9,0.4,1.7,0.6,9,1.9,0,0,0,0,0.1,0,0,55,268,298,200,54,80,50,46,133,30,178,92,34,118,36,59,4,65,18,35,12,39,43,36,8,16,10,9,23,4,8,5,6,1,3,6,1,6,2,6,81,8.74,9.6,83.9,Squad,Average,270,CE #23,64
142,LF #38,MAX DEEGAN,,15,6.2,93,Loose Forward,Leinster Rugby,-5.89,15.74,22.48,6.61,0,3.19,1.3,5.64,2.97,0,5.65,12.86,1.93,16.66,-15.6,0,8.52,10.94,821,0.11,4,1,311,3,6,4,2,6,10,95,15,7,0,0,0,1,1,0,100,309,49,138,113,151,275,149,209,231,41,106,92,6,36,59,4,23,1,35,24,74,14,23,20,21,66,30,70,43,11,51,17,4,1,1,1,6,1,1,54.73,0.01,0.27,0.07,20.73,0.2,0.4,0.27,0.13,0.4,0.67,6.33,1,0.47,0,0,0,0.07,0.07,0,301,268,138,244,204,237,426,257,378,406,137,244,234,15,36,59,4,114,7,35,58,56,30,46,42,39,98,51,94,84,25,88,36,7,1,1,1,27,3,1,81,6.23,13.8,85.97,Squad,Boom/Bust,258,LF #38,66
143,LK #3,RICCARDO FAVRETTO,,15,6.2,92.96,Lock,Benetton Rugby,3.28,4.25,3.49,0.37,1.16,0,4.8,9.31,6.41,7.24,0,8.68,11.37,0,6.9,14.61,4.7,6.39,918,0.1,0,0,211,1,16,5,0,10,6,122,8,5,0,0,0,0,0,0,63,354,390,267,178,286,107,113,480,114,139,57,278,12,36,59,4,151,18,35,7,23,42,15,2,14,1,9,62,2,25,14,30,5,1,1,1,27,4,1,61.2,0.01,0,0,14.07,0.07,1.07,0.33,0,0.67,0.4,8.13,0.53,0.33,0,0,0,0,0,0,211,268,390,267,308,389,212,207,480,239,320,140,494,22,36,59,4,151,18,35,31,27,42,15,9,33,5,17,62,19,48,35,55,14,1,1,1,27,4,1,81,11.24,13.7,153.99,Premium,Very Consistent,47,LK #2,94
144,LK #4,GLEN YOUNG,,14,6.63,92.85,Lock,Edinburgh Rugby,0,0,-4.96,9.9,0,0,10.07,5.38,4.05,12.96,16.87,7.13,2.39,4.03,0.4,12.83,5.17,6.63,751,0.12,1,1,157,2,10,6,2,7,10,140,15,2,0,0,0,1,0,0,138,258,219,138,246,203,194,90,209,192,41,27,92,36,36,59,4,23,18,35,20,11,15,3,5,2,3,5,22,16,6,8,8,23,1,1,1,5,4,1,53.64,0.01,0.07,0.07,11.21,0.14,0.71,0.43,0.14,0.5,0.71,10,1.07,0.14,0,0,0,0.07,0,0,316,268,356,244,358,298,306,175,358,324,130,59,226,63,36,59,4,114,18,35,43,27,31,12,14,13,10,11,42,30,22,18,21,36,1,1,1,21,4,1,81,11.82,12.9,152.48,Premium,Consistent,50,LK #4,93
145,HK #9,DAVE HEFFERNAN,,10,9.26,92.57,Hooker,Connacht Rugby,2.81,0,10.16,8.68,9.1,8.24,6.84,13.88,0,0,0,0,19.39,8.96,4.51,0,0,0,575,0.16,0,1,204,1,9,2,4,7,5,114,11,3,0,0,0,0,0,0,242,149,390,138,186,286,212,247,107,192,187,70,171,27,36,59,4,151,18,35,12,26,39,2,7,16,8,11,10,7,16,9,10,1,1,1,1,9,2,1,57.5,0.02,0,0.1,20.4,0.1,0.9,0.2,0.4,0.7,0.5,11.4,1.1,0.3,0,0,0,0,0,0,267,154,390,200,211,350,268,303,133,227,232,31,217,33,36,59,4,151,18,35,10,23,39,7,4,19,11,14,15,8,20,4,10,1,1,1,1,9,2,1,81,9.96,9.7,96.61,Good,Very Consistent,204,HK #9,73
146,SH #8,REUBEN MORGAN-WILLIAMS,,14,6.6,92.43,Scrum Half,Ospreys,6.64,1.76,11.06,12.98,5.19,0,1.64,0,0,6.33,12.23,10.36,20.39,0,1.03,3.9,0.33,-1.41,706,0.13,2,3,206,7,20,13,0,8,1,51,16,0,0,0,0,0,0,0,166,221,133,47,183,46,73,16,480,156,478,317,76,118,36,59,4,151,18,35,9,19,14,15,9,4,3,1,33,17,25,10,6,1,3,7,2,11,2,10,50.43,0.01,0.14,0.21,14.71,0.5,1.43,0.93,0,0.57,0.07,3.64,1.14,0,0,0,0,0,0,0,350,268,239,97,299,101,147,43,480,300,598,531,198,118,36,59,4,151,18,35,19,22,26,24,20,6,3,1,33,30,39,16,20,1,3,7,2,11,2,10,81,6.12,13,79.56,Good,Consistent,302,SH #9,60
147,LK #5,THOMAS AHERN,,12,7.67,92.05,Lock,Munster Rugby,9.91,8.91,0,0,0,11.42,1.72,4.99,11.19,0,0,0,3.69,15.62,2.16,7.81,3.19,11.44,750,0.12,4,0,182,1,5,3,2,9,1,85,16,6,0,0,0,0,0,0,140,258,49,267,207,286,308,199,209,130,478,133,76,9,36,59,4,151,18,35,21,11,1,15,3,14,15,20,22,6,66,31,5,3,1,1,1,27,4,1,62.5,0.01,0.33,0,15.17,0.08,0.42,0.25,0.17,0.75,0.08,7.08,1.33,0.5,0,0,0,0,0,0,198,268,87,267,292,366,419,262,334,208,590,194,125,11,36,59,4,151,18,35,28,27,4,15,6,27,27,26,39,15,81,49,12,5,1,1,1,27,4,1,81,13.22,11.3,149.39,Premium,Very Consistent,55,LK #6,93
148,LF #39,EUAN FERRIE,,13,7.07,91.95,Loose Forward,Glasgow Warriors,10.35,1.06,13.01,11.41,0,0,0,0,8.15,1.57,7.65,6.04,7.49,3.59,1.95,3.05,0,16.63,852,0.11,1,3,103,3,4,1,9,9,10,135,14,1,0,0,0,0,0,0,87,309,219,47,334,151,349,338,20,130,41,32,115,58,36,59,4,151,18,35,20,74,44,5,81,21,86,77,12,21,11,18,22,21,1,1,1,40,6,1,65.54,0.01,0.08,0.23,7.92,0.23,0.31,0.08,0.69,0.69,0.77,10.38,1.08,0.08,0,0,0,0,0,0,164,268,328,85,437,224,470,438,49,231,114,53,223,93,36,59,4,151,18,35,21,56,64,10,102,35,106,90,23,38,19,32,34,29,1,1,1,40,6,1,80,6.93,12.2,84.55,Squad,Consistent,266,LF #40,65
149,OB #44,JAMES LOWE,,6,15.31,91.84,Outside Back,Leinster Rugby,0,0,29.2,2.62,0,0,22.26,6.61,0,9.08,0,0,0,0,0,0,0,22.07,480,0.19,2,2,371,6,16,11,2,14,4,23,11,0,0,0,0,0,0,2,314,81,133,78,82,63,107,23,209,59,249,509,171,118,36,59,4,151,18,3,57,19,39,14,46,40,45,5,32,28,30,56,32,1,4,8,2,20,5,3,80,0.03,0.33,0.33,61.83,1,2.67,1.83,0.33,2.33,0.67,3.83,1.83,0,0,0,0,0,0,0.33,1,109,87,46,9,18,33,9,166,6,137,514,38,118,36,59,4,151,18,3,1,30,35,12,8,14,23,3,27,3,14,42,19,1,4,8,2,20,5,2,80,12.06,6.9,83.21,Squad,Consistent,275,OB #52,64
150,SH #9,MORNE VAN DEN BERG,,11,8.35,91.83,Scrum Half,Lions,0,0,0.33,0,0,0,9.04,0,3.93,4.05,14.86,10.65,21.29,0,10.04,11.01,5.75,0.88,665,0.14,3,5,181,2,11,6,7,12,1,81,16,0,0,0,0,0,0,0,191,190,81,15,209,203,178,90,32,80,478,151,76,118,36,59,4,151,18,35,12,17,10,5,11,17,10,5,2,5,25,4,6,1,3,7,2,11,2,10,60.45,0.01,0.27,0.45,16.45,0.18,1,0.55,0.64,1.09,0.09,7.36,1.45,0,0,0,0,0,0,0,222,268,138,27,269,257,214,127,58,108,583,174,93,118,36,59,4,151,18,35,9,22,17,8,15,19,10,9,3,8,34,1,6,1,3,7,2,11,2,10,80,7.52,10.6,79.71,Good,Very Consistent,301,SH #8,60
151,CE #24,HARRI MILLARD,,13,7.06,91.76,Centre,Cardiff Rugby,15.78,-0.26,12.33,0,0.19,12.1,6.26,1.86,15.12,4.98,6.38,-2.27,17.19,2.1,0,0,0,0,969,0.09,1,0,363,7,17,2,9,18,1,62,12,0,0,0,0,0,0,0,47,399,219,267,83,46,99,247,20,29,478,247,154,118,36,59,4,151,18,35,10,59,32,45,16,8,22,48,4,2,51,31,30,1,3,6,1,17,2,6,74.54,0.01,0.08,0,27.92,0.54,1.31,0.15,0.69,1.38,0.08,4.77,0.92,0,0,0,0,0,0,0,64,268,328,267,139,99,170,363,49,62,590,407,302,118,36,59,4,151,18,35,16,39,49,45,28,18,34,62,6,8,65,48,60,1,3,6,1,17,2,6,80,6.92,12,83.04,Squad,Average,276,CE #24,63
152,OB #45,ELLIS MEE,,11,8.34,91.69,Outside Back,Scarlets,10.35,0,6.73,0.19,0.33,0,1.91,24.65,11.77,20.94,0,0,10.79,4.03,0,0,0,0,740,0.12,4,1,301,5,16,4,4,9,1,38,11,0,0,0,0,0,0,0,144,258,49,138,117,84,107,149,107,130,478,397,171,118,36,59,4,151,18,35,37,61,17,30,53,50,45,44,14,51,70,30,32,1,4,8,2,20,5,12,67.27,0.01,0.36,0.09,27.36,0.45,1.45,0.36,0.36,0.82,0.09,3.45,1,0,0,0,0,0,0,0,145,268,81,212,144,121,144,198,159,186,583,548,234,118,36,59,4,151,18,35,61,60,32,49,77,75,71,60,23,82,87,50,57,1,4,8,2,20,5,12,80,8.43,10.4,87.67,Squad,Average,245,OB #48,68
153,LK #6,RYAN SMITH,,12,7.59,91.07,Lock,Ospreys,0,0,0,0,0,3.51,3.9,4.41,17.98,20.61,10.03,0.74,3.2,5.69,6.04,8.87,6.09,0,823,0.11,0,1,153,2,15,5,7,8,13,114,11,5,0,0,0,1,0,0,97,309,390,138,252,203,119,113,32,156,19,70,171,12,36,59,4,23,18,35,12,18,42,3,7,2,2,9,4,10,3,18,17,5,1,1,1,5,4,1,68.58,0.01,0,0.08,12.75,0.17,1.25,0.42,0.58,0.67,1.08,9.5,0.92,0.42,0,0,0,0.08,0,0,129,268,390,228,332,273,187,182,66,239,28,76,302,20,36,59,4,87,18,35,15,27,42,8,11,12,4,13,7,19,3,21,30,13,1,1,1,15,4,1,80,13.12,11.3,148.26,Premium,Consistent,60,LK #7,92
154,OB #46,CANAN MOODIE,,9,10.12,91.05,Outside Back,Vodacom Bulls,0,0,1.68,5.08,0,0,0,0,2.46,0,0,14.87,18.36,21.74,2.44,0,17.26,7.16,585,0.16,3,1,441,8,14,5,2,13,9,35,12,0,0,0,0,0,0,0,233,149,81,138,47,36,135,113,209,71,60,418,154,118,36,59,4,151,18,35,48,41,29,30,29,25,52,36,32,35,2,34,29,1,4,8,2,20,5,12,65,0.02,0.33,0.11,49,0.89,1.56,0.56,0.22,1.44,1,3.89,1.33,0,0,0,0,0,0,0,172,154,87,186,31,46,130,123,270,55,32,507,125,118,36,59,4,151,18,35,71,37,35,42,24,34,63,44,49,33,2,40,38,1,4,8,2,20,5,12,80,9.79,8.7,85.17,Squad,Consistent,261,OB #50,65
155,LF #40,LIAM MCCONNELL,,13,6.98,90.7,Loose Forward,Edinburgh Rugby,8.95,0,4.12,10.13,9.79,10.82,10.88,11.9,2.32,6.32,0,0,2.57,-0.74,6.28,0,7.36,0,717,0.13,1,1,149,1,6,2,10,7,13,125,19,7,0,0,0,0,0,0,159,221,219,138,257,286,275,247,15,192,19,47,40,6,36,59,4,151,18,35,34,52,44,23,62,61,66,53,10,35,3,26,9,4,1,1,1,40,6,1,55.15,0.01,0.08,0.08,11.46,0.08,0.46,0.15,0.77,0.54,1,9.62,1.46,0.54,0,0,0,0,0,0,297,268,328,228,354,366,397,363,41,316,32,74,90,9,36,59,4,151,18,35,55,56,64,43,83,83,88,78,19,63,6,41,6,5,1,1,1,40,6,1,79,6.85,12.2,83.57,Squad,Very Consistent,272,LF #41,64
156,LF #41,MATT FAGERSON,,8,11.29,90.28,Loose Forward,Glasgow Warriors,15.64,15.39,0,11.51,11.19,0,17.07,6.3,0,0.24,0,0,0,0,0,0,12.94,0,541,0.17,1,2,268,2,6,4,7,6,7,96,4,0,0,0,0,0,0,0,266,121,219,78,140,203,275,149,32,231,104,103,459,118,36,59,4,151,18,35,56,22,44,11,29,36,66,30,16,43,30,49,82,40,1,1,1,40,6,1,67.63,0.02,0.13,0.25,33.5,0.25,0.75,0.5,0.88,0.75,0.88,12,0.5,0,0,0,0,0,0,0,142,154,263,65,86,210,294,136,30,208,88,22,499,118,36,59,4,151,18,35,16,29,50,8,11,32,71,24,11,30,12,12,92,40,1,1,1,40,6,1,79,9.64,8.4,80.98,Squad,Very Consistent,291,LF #43,61
157,CE #25,JAMES LANG,,10,8.96,89.63,Centre,Edinburgh Rugby,4.63,0,13.29,3.54,6.62,0,0,9.06,6.08,6.07,7.67,13.06,0,19.61,0,0,0,0,778,0.12,1,2,342,4,16,5,2,7,4,71,12,0,0,1,0,0,0,0,124,258,219,78,91,118,107,113,209,192,249,201,154,118,36,50,4,151,18,35,21,30,32,12,19,27,24,25,31,28,15,21,30,1,3,4,1,17,2,6,77.8,0.01,0.1,0.2,34.2,0.4,1.6,0.5,0.2,0.7,0.4,7.1,1.2,0,0,0.1,0,0,0,0,31,268,298,108,81,148,121,136,284,227,320,191,177,118,36,54,4,151,18,35,8,39,43,15,13,29,26,32,42,29,24,19,40,1,3,4,1,17,2,6,79,8.44,9.6,81.02,Squad,Very Consistent,289,CE #25,62
158,OB #47,RICHARD KRIEL,,14,6.38,89.27,Outside Back,Lions,2.93,2.38,5.96,10.02,0,0,3.33,0,0.43,10.76,6.9,0,3.21,15,4.57,15.29,0.99,7.5,820,0.11,1,1,279,5,24,11,4,10,3,79,26,0,0,0,0,0,0,0,102,309,219,138,132,84,46,23,107,114,323,162,9,118,36,59,4,151,18,35,30,69,58,30,55,50,23,5,14,49,44,3,3,1,4,8,2,20,5,12,58.57,0.01,0.07,0.07,19.93,0.36,1.71,0.79,0.29,0.71,0.21,5.64,1.86,0,0,0,0,0,0,0,246,268,356,244,220,164,107,60,202,222,482,319,36,118,36,59,4,151,18,35,85,60,79,55,92,85,51,21,35,89,70,9,18,1,4,8,2,20,5,12,79,6.86,12.8,87.81,Squad,Consistent,243,OB #47,68
159,LK #7,EMILE VAN HEERDEN,,11,8.09,89.03,Lock,Hollywoodbets Sharks,0,0,0,0,0,9.48,3.16,0,7,9.18,5.3,0,14.16,4.83,12.32,9.01,7.91,6.68,746,0.12,2,0,98,2,4,1,1,9,6,86,9,11,0,0,0,0,0,0,142,258,133,267,346,203,349,338,323,130,139,131,236,2,36,59,4,151,18,35,22,11,5,15,23,2,20,35,40,6,25,30,23,1,1,1,1,27,4,1,67.82,0.01,0.18,0,8.91,0.18,0.36,0.09,0.09,0.82,0.55,7.82,0.82,1,0,0,0,0,0,0,138,268,202,267,413,257,443,428,431,186,214,157,349,2,36,59,4,151,18,35,16,27,9,15,21,11,32,46,53,11,31,41,37,2,1,1,1,27,4,1,79,13.79,10.5,144.8,Premium,Very Consistent,65,LK #8,91
160,FH #22,GIACOMO DA RE,,11,8.05,88.54,Fly Half,Zebre Parma,6.49,10.07,0,10.75,9.85,3.2,8.09,16.44,0,0,0,6.34,3.4,1.21,0,12.7,0,0,800,0.11,0,1,237,1,10,6,2,21,0,63,15,0,7,14,0,0,0,0,112,309,390,138,160,286,194,90,209,14,615,244,92,118,7,19,4,151,18,35,13,30,24,24,19,28,24,12,10,4,36,17,18,2,6,14,2,11,2,10,72.73,0.01,0,0.09,21.55,0.09,0.91,0.55,0.18,1.91,0,5.73,1.36,0,0.64,1.27,0,0,0,0,89,268,390,212,194,356,265,127,319,19,615,311,119,118,10,22,4,151,18,35,7,22,24,26,15,30,23,12,12,2,36,11,16,2,9,17,2,11,2,10,79,7.87,10.6,83.42,Squad,Very Consistent,273,FH #24,64
161,LF #42,GREGOR BROWN,,9,9.82,88.35,Loose Forward,Glasgow Warriors,7.73,11.74,28.13,0,8.3,7.07,6.25,5.56,0,9.17,0,0,0,0,0,0,0,4.4,484,0.18,1,2,157,2,10,4,5,1,5,75,2,2,0,0,0,0,0,0,312,94,219,78,246,203,194,149,74,526,187,182,556,36,36,59,4,151,18,35,67,15,44,11,61,36,43,30,32,106,51,68,99,13,1,1,1,40,6,1,53.78,0.02,0.11,0.22,17.44,0.22,1.11,0.44,0.56,0.11,0.56,8.33,0.22,0.22,0,0,0,0,0,0,313,154,285,91,255,228,206,166,72,591,207,132,643,46,36,59,4,151,18,35,62,29,53,13,58,37,42,28,30,117,44,62,119,14,1,1,1,40,6,1,79,8.94,9,80.46,Squad,Consistent,297,LF #45,61
162,LF #43,SAMUELE LOCATELLI,,13,6.77,88.07,Loose Forward,Zebre Parma,1.32,1.11,5.89,8.25,5.88,4.55,9.07,6.8,0,0,0,16.94,0,0,5.08,10.04,2.64,10.5,768,0.11,1,0,115,2,18,3,15,5,10,129,8,0,0,0,0,1,0,0,129,309,219,267,311,203,91,199,4,279,41,42,278,118,36,59,4,23,18,35,31,74,44,50,73,36,20,43,4,56,11,23,55,40,1,1,1,6,6,1,59.08,0.01,0.08,0,8.85,0.15,1.38,0.23,1.15,0.38,0.77,9.92,0.62,0,0,0,0,0.08,0,0,237,268,328,267,415,293,158,290,6,423,114,66,451,118,36,59,4,87,18,35,35,56,64,50,99,59,32,58,5,90,19,36,85,40,1,1,1,21,6,1,79,6.69,12.2,81.62,Squad,Consistent,282,LF #42,63
163,CE #26,BRONSON MILLS,,9,9.74,87.69,Centre,Lions,0,0,0,0,6.67,7.05,2.78,0,14.23,12.03,19.54,8.89,12.76,3.74,0,0,0,0,650,0.13,2,2,270,4,12,5,4,7,4,78,13,0,0,0,0,0,0,0,201,221,133,78,137,118,165,113,107,192,249,167,133,118,36,59,4,151,18,35,35,24,20,12,33,27,38,25,18,28,15,15,25,1,3,6,1,17,2,6,72.22,0.01,0.22,0.22,30,0.44,1.33,0.56,0.44,0.78,0.44,8.67,1.44,0,0,0,0,0,0,0,92,268,173,91,110,129,164,123,117,202,293,112,95,118,36,59,4,151,18,35,22,39,25,12,23,24,33,29,21,25,19,10,20,1,3,6,1,17,2,6,78,8.89,8.8,78.23,Squad,Very Consistent,313,CE #29,58
164,SH #10,GRANT WILLIAMS,,8,10.9,87.21,Scrum Half,Hollywoodbets Sharks,0,0,0,5.32,18.85,4.98,2.3,0,6.05,8.06,22.82,0,18.83,0,0,0,0,0,480,0.18,1,8,145,5,10,6,0,3,3,37,2,0,0,0,0,0,0,0,314,94,219,2,264,84,194,90,480,385,323,407,556,118,36,59,4,151,18,35,23,11,28,2,23,5,12,5,33,37,6,18,50,1,3,7,2,11,2,10,60,0.02,0.13,1,18.13,0.63,1.25,0.75,0,0.38,0.38,4.63,0.25,0,0,0,0,0,0,0,230,154,263,2,242,76,187,69,480,423,342,424,624,118,36,59,4,151,18,35,10,10,32,2,13,2,7,2,33,41,9,11,55,1,3,7,2,11,2,10,78,8.67,8.4,72.83,Squad,Very Consistent,348,SH #11,54
165,LF #44,EMMANUEL TSHITUKA,,12,7.25,87.02,Loose Forward,Hollywoodbets Sharks,9.08,12.03,1.52,-0.02,13.23,7.32,0,0,8.46,2.42,0,0,0,0,4.39,0.63,20.11,7.85,725,0.12,3,0,331,4,12,3,3,7,6,74,10,0,0,0,0,0,0,0,155,258,81,267,97,118,165,199,151,192,139,187,204,118,36,59,4,151,18,35,33,59,23,50,14,10,37,43,56,35,38,69,39,40,1,1,1,40,6,1,60.42,0.01,0.25,0,27.58,0.33,1,0.25,0.25,0.58,0.5,6.17,0.83,0,0,0,0,0,0,0,223,268,150,267,142,172,214,262,230,295,232,259,336,118,36,59,4,151,18,35,32,56,36,50,24,20,45,54,69,59,50,92,56,40,1,1,1,40,6,1,78,7.07,11.4,80.6,Squad,Consistent,296,LF #44,61
166,HK #10,TOMMASO DI BARTOLOMEO,,11,7.86,86.5,Hooker,Zebre Parma,15.69,15.21,0,3.02,4.67,6.09,2.52,3.67,0,8.98,0,0,0,9.68,0,13.78,0,3.19,664,0.13,4,0,66,0,0,1,1,8,5,125,7,0,0,0,0,0,0,0,192,221,49,267,412,412,600,338,323,156,187,47,322,118,36,59,4,151,18,35,8,38,6,15,36,30,49,21,36,3,16,4,21,19,1,1,1,9,2,1,60.36,0.01,0.36,0,6,0,0,0.09,0.09,0.73,0.45,11.36,0.64,0,0,0,0,0,0,0,224,268,81,267,487,412,600,428,431,217,282,33,440,118,36,59,4,151,18,35,3,35,6,15,46,30,49,27,47,6,23,5,29,19,1,1,1,9,2,1,78,8.84,10.5,92.82,Good,Consistent,219,HK #10,71
167,CE #27,KELLY MPEKU,,10,8.63,86.32,Centre,Lions,0,0,0,0,7.36,24.58,19.06,0,14.23,0,0,4,0,0,-1.09,2.45,-0.43,16.16,423,0.2,3,2,209,4,11,4,4,5,0,39,5,0,0,0,0,0,0,1,366,60,81,78,180,118,178,149,107,279,615,388,404,118,36,59,4,151,18,12,48,7,9,12,38,27,39,33,18,41,69,44,58,1,3,6,1,17,2,1,42.3,0.02,0.3,0.2,20.9,0.4,1.1,0.4,0.4,0.5,0,3.9,0.5,0,0,0,0,0,0,0.1,464,154,115,108,201,148,208,184,133,324,615,505,499,118,36,59,4,151,18,20,70,20,16,15,45,29,46,42,23,49,69,63,74,1,3,6,1,17,2,2,78,8.17,9.6,78.43,Squad,Average,310,CE #27,59
168,LF #45,JACK DEMPSEY,,8,10.74,85.95,Loose Forward,Glasgow Warriors,0,0,0,0,16.59,0,14.12,2.42,0,5.04,0,0,0,0,14.37,-4.61,27.93,10.09,505,0.17,1,0,412,4,17,8,1,3,2,40,7,1,0,0,0,1,0,0,293,121,219,267,65,118,99,56,323,385,405,381,322,58,36,59,4,23,18,35,62,22,44,50,11,10,24,10,86,83,83,90,67,21,1,1,1,6,6,1,63.13,0.02,0.13,0,51.5,0.5,2.13,1,0.13,0.38,0.25,5,0.88,0.13,0,0,0,0.13,0,0,189,154,263,267,26,101,61,27,378,423,449,373,321,70,36,59,4,44,18,35,25,29,50,50,1,7,11,8,94,90,92,109,54,22,1,1,1,12,6,1,78,9.27,8.4,77.87,Squad,Average,317,LF #48,58
169,CE #28,BUNDEE AKI,,11,7.79,85.71,Centre,Connacht Rugby,0,0,0,10.13,0,1.16,14.98,-1.03,7.09,3.89,0,0.86,14.39,17.55,0,0,10.13,6.56,694,0.12,0,0,358,5,22,6,5,7,4,77,14,0,0,0,0,1,0,0,176,258,390,267,86,84,56,90,74,192,249,176,115,118,36,59,4,23,18,35,29,30,53,45,17,17,13,22,12,28,15,16,22,1,3,6,1,4,2,6,63.09,0.01,0,0,32.55,0.45,2,0.55,0.45,0.64,0.36,7,1.27,0,0,0,0,0.09,0,0,191,268,390,267,93,121,66,127,112,266,361,196,152,118,36,59,4,75,18,35,43,39,53,45,15,22,13,30,20,36,32,21,32,1,3,6,1,8,2,6,78,7.5,10.4,78,Squad,Consistent,315,CE #30,58
170,OB #48,TOM BOWEN,,11,7.77,85.46,Outside Back,Cardiff Rugby,3.23,24.33,25.77,5.59,1.91,3.05,0,0,0,0,-0.05,0,0,0,0,9.48,0.76,11.39,789,0.11,6,0,374,5,17,2,1,16,5,32,14,0,0,0,0,0,0,1,121,309,17,267,79,84,99,247,323,39,187,445,115,118,36,59,4,151,18,12,34,69,7,59,45,50,40,61,51,22,19,41,24,1,4,8,2,20,5,6,71.73,0.01,0.55,0,34,0.45,1.55,0.18,0.09,1.45,0.45,2.91,1.27,0,0,0,0,0,0,0.09,100,268,34,267,83,121,132,329,431,53,282,600,152,118,36,59,4,151,18,23,45,60,19,59,55,75,65,79,77,32,33,65,45,1,4,8,2,20,5,8,77,7.98,10.4,82.99,Squad,Inconsistent,277,OB #53,63
171,CE #29,JAMES HUME,,13,6.57,85.37,Centre,Ulster Rugby,3.32,0,10.33,2.26,17.87,14.46,0,2.23,4.59,8.69,5.28,7.94,0,8.01,0.33,0,0,0.06,942,0.09,2,0,316,5,17,10,6,7,8,69,24,0,0,0,0,0,0,0,55,399,133,267,108,84,99,32,47,192,77,211,14,118,36,59,4,151,18,35,12,59,20,45,24,17,22,10,8,28,3,24,2,1,3,6,1,17,2,6,72.46,0.01,0.15,0,24.31,0.38,1.31,0.77,0.46,0.54,0.62,5.31,1.85,0,0,0,0,0,0,0,91,268,230,267,166,156,170,65,110,316,175,345,37,118,36,59,4,151,18,35,21,39,35,45,36,33,34,15,18,47,7,41,7,1,3,6,1,17,2,6,77,6.53,12,78.36,Squad,Consistent,311,CE #28,59
172,OB #49,DANIEL KASENDE,,14,6.02,84.27,Outside Back,Ospreys,17.55,15.52,2.06,-0.33,-7.37,7.69,0.97,0,0,10.7,8.21,8.11,3.33,17.34,17.91,-17.42,0,0,1056,0.08,3,4,393,6,24,7,4,23,7,84,25,0,0,0,0,1,1,0,25,442,81,29,71,63,46,71,107,6,104,140,11,118,36,59,4,23,1,35,6,89,29,5,41,40,23,24,14,4,5,1,5,1,4,8,2,3,1,12,75.43,0.01,0.21,0.29,28.07,0.43,1.71,0.5,0.29,1.64,0.5,6,1.79,0,0,0,0,0.07,0.07,0,51,268,178,58,133,137,107,136,202,33,232,268,46,118,36,59,4,114,7,35,27,60,53,14,72,80,51,47,35,20,25,4,21,1,4,8,2,14,3,12,77,6.58,12.8,84.22,Squad,Boom/Bust,267,OB #51,65
173,CE #30,ETHAN HOOKER,"A frustrating shoulder injury on a late tackle during Hooker's best game of the season will hopefully not impact him into next season. Hooker was highly rated coming into 25/26 and didn't ever hit top gear, but is still young and talented and might be worth a punt next season.",9,9.34,84.07,Centre,Hollywoodbets Sharks,0,0,18.74,4.06,13.65,0,8.33,0,1.47,-0.39,17.53,0,0,4.42,16.26,0,0,0,681,0.12,3,0,372,7,20,1,0,13,4,39,8,0,0,0,0,0,0,0,183,258,81,267,81,46,73,338,480,71,249,388,278,118,36,59,4,151,18,35,31,30,9,45,15,8,16,55,60,10,15,44,45,1,3,6,1,17,2,6,75.67,0.01,0.33,0,41.33,0.78,2.22,0.11,0,1.44,0.44,4.33,0.89,0,0,0,0,0,0,0,49,268,87,267,51,59,55,411,480,55,293,454,318,118,36,59,4,151,18,35,11,39,11,45,7,10,12,66,60,7,19,54,61,1,3,6,1,17,2,6,77,8.59,8.8,75.59,Squad,Consistent,327,CE #31,57
174,LF #46,ALEX KENDELLEN,,9,9.33,83.98,Loose Forward,Munster Rugby,9.27,0,0,0,0,0,6.63,0,3.83,0,0,6.58,0,18.05,9.56,20.21,6.89,2.96,463,0.18,5,2,108,3,5,1,6,4,7,96,10,0,0,0,0,0,0,0,336,94,27,78,324,151,308,338,47,326,104,103,204,118,36,59,4,151,18,35,71,15,7,11,77,21,77,77,21,68,30,49,39,40,1,1,1,40,6,1,51.44,0.02,0.56,0.22,12,0.33,0.56,0.11,0.67,0.44,0.78,10.67,1.11,0,0,0,0,0,0,0,338,154,31,91,343,172,346,411,52,385,111,47,215,118,36,59,4,151,18,35,66,29,6,13,79,20,80,86,24,78,17,28,32,40,1,1,1,40,6,1,77,8.58,9,77.22,Squad,Consistent,319,LF #49,58
175,SH #11,NICO STEYN,,12,6.97,83.59,Scrum Half,Lions,5.34,4.41,2.06,9.98,21.98,16.21,-0.67,0,0,0,0,1.32,0,23.38,-0.42,0,0,0,571,0.15,4,5,161,3,12,6,2,7,6,48,9,0,0,0,0,0,0,0,245,163,49,15,241,151,165,90,209,192,139,335,236,118,36,59,4,151,18,35,15,14,7,5,19,10,8,5,11,23,1,12,24,1,3,7,2,11,2,10,47.58,0.01,0.33,0.42,13.42,0.25,1,0.5,0.17,0.58,0.5,4,0.75,0,0,0,0,0,0,0,392,268,87,30,322,210,214,136,334,295,232,481,381,118,36,59,4,151,18,35,23,22,13,9,25,13,10,10,17,28,4,13,33,1,3,7,2,11,2,10,77,6.42,11.4,73.19,Squad,Average,346,SH #10,54
176,SH #12,BEN VELLACOTT,,13,6.38,82.96,Scrum Half,Edinburgh Rugby,8.38,0,7.77,8.9,0,5.66,14.54,1.69,6.15,0.08,8.86,16.8,2.88,1.25,0,0,0,0,706,0.12,5,5,254,3,6,8,1,8,3,22,12,0,0,0,0,0,0,0,166,258,27,15,148,151,275,56,323,156,323,517,154,118,36,59,4,151,18,35,9,24,5,5,5,10,22,4,23,17,6,34,17,1,3,7,2,11,2,10,54.31,0.01,0.38,0.38,19.54,0.23,0.46,0.62,0.08,0.62,0.23,1.69,0.92,0,0,0,0,0,0,0,304,268,75,37,226,224,397,103,443,276,475,685,302,118,36,59,4,151,18,35,15,22,10,10,9,15,33,6,28,25,16,47,29,1,3,7,2,11,2,10,77,5.94,12.2,72.47,Squad,Very Consistent,352,SH #12,53
177,HK #11,SEB STEPHEN,,10,8.27,82.72,Hooker,Glasgow Warriors,0,0,0,7.33,3.1,0,7.65,0,14.05,10.94,14.46,3.96,1.26,13.62,6.35,0,0,0,328,0.25,3,0,170,0,13,3,4,4,1,39,5,2,0,0,0,0,0,0,448,28,81,267,227,412,150,199,107,326,478,388,404,36,36,59,4,151,18,35,37,7,9,15,10,30,4,6,10,21,43,42,35,2,1,1,1,9,2,1,32.8,0.03,0.3,0,17,0,1.3,0.3,0.4,0.4,0.1,3.9,0.5,0.2,0,0,0,0,0,0,583,109,115,267,260,412,173,240,133,406,578,505,499,49,36,59,4,151,18,35,41,16,12,15,10,30,5,9,15,23,55,58,38,3,1,1,1,9,2,1,77,8.67,9.7,84.1,Good,Consistent,269,HK #12,64
178,LF #47,RYAN WOODMAN,,15,5.48,82.2,Loose Forward,Dragons RFC,0,7.94,9.29,2.45,4.55,6.49,4.53,2.46,6.76,0,4.54,9.49,10.88,2.87,5.68,0,0.43,3.84,991,0.08,0,0,88,0,1,2,6,4,6,140,12,5,0,0,0,0,0,0,41,442,390,267,365,412,512,247,47,326,139,27,154,12,36,59,4,151,18,35,11,107,77,50,86,92,107,53,21,68,38,16,33,8,1,1,1,40,6,1,66.07,0.01,0,0,5.87,0,0.07,0.13,0.4,0.27,0.4,9.33,0.8,0.33,0,0,0,0,0,0,162,268,390,267,492,412,591,391,133,502,320,82,359,22,36,59,4,151,18,35,20,56,77,50,110,92,115,84,46,109,67,46,63,9,1,1,1,40,6,1,76,5.65,13.8,77.97,Squad,Very Consistent,316,LF #47,58
179,CE #31,SEAN O'BRIEN,,19,4.3,81.71,Centre,Munster Rugby,-0.34,-0.09,9.32,4.03,5.36,3.4,14.06,1.99,1.99,2.92,7.79,8.07,0,21.19,0,0,1.33,0.69,759,0.11,1,0,294,3,18,3,2,9,7,117,10,0,0,0,0,1,0,0,133,309,219,267,124,151,91,199,209,130,104,64,204,118,36,59,4,23,18,35,23,39,32,45,30,34,20,44,31,20,4,3,38,1,3,6,1,4,2,6,39.95,0.01,0.05,0,15.47,0.16,0.95,0.16,0.11,0.47,0.37,6.16,0.53,0,0,0,0,0.05,0,0,492,268,389,267,288,292,261,362,404,372,360,262,494,118,36,59,4,150,18,35,75,39,52,45,62,55,55,61,56,58,31,31,73,1,3,6,1,16,2,6,76,4.71,16.8,79.13,Squad,Average,305,CE #26,59
180,PR #1,SJ KOTZE,,16,5.06,80.91,Prop,Lions,2.06,3.77,5.67,2.42,12.51,-0.29,2.04,0,0,1.62,3.46,0.92,9.42,4.74,20.1,1.31,7.01,4.15,941,0.09,3,2,203,8,13,4,2,6,19,102,7,0,0,0,0,2,0,0,56,399,81,78,188,36,150,149,209,231,1,94,322,118,36,59,4,7,18,35,1,9,3,1,1,1,3,1,12,3,1,7,29,5,1,1,1,1,2,1,58.81,0.01,0.19,0.13,12.69,0.5,0.81,0.25,0.13,0.38,1.19,6.38,0.44,0,0,0,0,0.13,0,0,241,268,199,172,333,101,287,262,378,423,20,242,549,118,36,59,4,44,18,35,3,14,10,8,2,1,8,6,44,13,14,31,75,5,1,1,1,7,2,1,76,15.55,14.4,223.92,Elite,Very Consistent,3,PR #1,100
181,SH #13,CRAIG CASEY,,8,10.08,80.62,Scrum Half,Munster Rugby,11.64,0,0,0,0,9.58,0,6.85,0,0,0,0,0,14.65,5.7,11.21,12.47,8.52,592,0.14,3,7,150,5,9,2,2,8,3,39,11,0,0,0,0,1,0,2,231,190,81,4,255,84,212,247,209,156,323,388,171,118,36,59,4,23,18,3,14,17,10,3,21,5,14,21,11,17,6,16,18,1,3,7,2,3,2,1,74,0.02,0.38,0.88,18.75,0.63,1.13,0.25,0.25,1,0.38,4.88,1.38,0,0,0,0,0.13,0,0.25,70,154,75,6,233,76,205,262,230,116,342,399,113,118,36,59,4,44,18,6,1,10,10,3,10,2,9,19,10,10,9,9,8,1,3,7,2,6,2,1,76,8.12,8.4,68.21,Squad,Very Consistent,384,SH #13,49
182,LK #8,HUW OWEN-SUTTON,,15,5.33,79.9,Lock,Ospreys,0.83,11.94,6.95,3.28,16.19,4.01,0,6.57,0,0,0,3.11,0.66,3.93,3.66,0,0,18.77,701,0.11,1,1,95,2,3,2,6,3,4,115,5,1,0,0,0,0,0,0,172,309,219,138,355,203,393,247,47,385,249,67,404,58,36,59,4,151,18,35,29,18,15,3,26,2,29,25,7,51,38,16,45,33,1,1,1,27,4,1,46.73,0.01,0.07,0.07,6.33,0.13,0.2,0.13,0.4,0.2,0.27,7.67,0.33,0.07,0,0,0,0,0,0,409,268,356,244,480,318,515,391,133,540,441,164,581,103,36,59,4,151,18,35,59,27,31,12,37,18,49,41,21,69,68,42,68,52,1,1,1,27,4,1,76,10.07,13.7,137.96,Good,Consistent,75,LK #9,90
183,HK #12,LEE BARRON,,14,5.69,79.71,Hooker,Munster Rugby,4.63,0,1.63,3.83,6.73,0,16.41,6.02,0.33,0.83,4.14,16.95,1.39,0,4.27,5.44,7.11,0,496,0.16,2,0,132,2,1,2,4,2,7,97,6,0,0,0,0,0,0,0,304,149,133,267,280,203,512,247,107,442,104,102,363,118,36,59,4,151,18,35,24,26,16,15,17,6,40,11,10,32,10,14,29,19,1,1,1,9,2,1,35.43,0.01,0.14,0,9.43,0.14,0.07,0.14,0.29,0.14,0.5,6.93,0.43,0,0,0,0,0,0,0,554,268,239,267,398,298,591,370,202,576,232,207,551,118,36,59,4,151,18,35,36,35,23,15,23,14,46,23,23,50,20,25,47,19,1,1,1,9,2,1,76,6.6,12.9,85.14,Good,Average,262,HK #11,65
184,LK #9,CORMAC IZUCHUKWU,"Izuchukwu finished as Lock #9 on the season, which seems unexciting given it was generally a low-scoring position this year. However, his mark of over 11 PPG actually puts him at Lock #2 (behind Joe McCarthy and ahead of RG Snyman - all three guys had broadly similar seasons). The majority of his points came with ball in hand as well - no wonder he was highly sought after. Next season he should be again.",7,11.35,79.48,Lock,Ulster Rugby,18.79,0,22.25,0,0,0,0,12.31,4.31,0,0,0,0,0,4.71,0,9.57,7.54,436,0.18,2,0,151,3,9,9,3,1,1,56,10,3,0,0,0,0,0,0,359,94,133,267,254,151,212,44,151,526,478,275,204,27,36,59,4,151,18,35,53,5,5,15,8,1,4,3,18,67,66,54,20,16,1,1,1,27,4,1,62.29,0.03,0.29,0,21.57,0.43,1.29,1.29,0.43,0.14,0.14,8,1.43,0.43,0,0,0,0,0,0,201,109,124,267,192,137,177,14,124,576,546,145,99,17,36,59,4,151,18,35,29,10,5,15,3,2,3,2,19,71,76,36,8,10,1,1,1,27,4,1,76,13.68,11.2,153.22,Premium,Very Consistent,48,LK #3,94
185,LF #48,JAMES CULHANE,,9,8.81,79.27,Loose Forward,Leinster Rugby,2.52,0.53,0.4,0,3.78,0,0,0,0,0,0,10.12,12.78,0,21.18,0,15.28,12.68,486,0.16,1,1,304,0,13,5,3,6,3,89,6,0,0,0,0,0,0,0,309,149,219,138,116,412,150,113,151,231,323,124,363,118,36,59,4,151,18,35,65,32,44,23,22,92,34,20,56,43,71,56,73,40,1,1,1,40,6,1,54,0.02,0.11,0.11,33.78,0,1.44,0.56,0.33,0.67,0.33,9.89,0.67,0,0,0,0,0,0,0,310,154,285,186,85,412,146,123,166,239,373,67,423,118,36,59,4,151,18,35,60,29,53,30,10,92,27,21,53,41,78,37,78,40,1,1,1,40,6,1,75,8.19,9,73.71,Squad,Consistent,342,LF #52,55
186,OB #50,JACOB BEETHAM,,15,5.28,79.26,Outside Back,Cardiff Rugby,3.05,1.13,3.33,2.26,1.49,0,0,2.36,6.36,-0.7,0,-8.88,6.02,0,4.73,16.27,16.17,25.67,903,0.09,3,0,429,8,12,2,4,21,6,67,17,0,0,0,0,1,0,0,69,399,81,267,56,36,165,247,107,14,139,220,66,118,36,59,4,23,18,35,23,82,29,59,34,25,57,61,14,10,7,6,16,1,4,8,2,3,5,12,60.2,0.01,0.2,0,28.6,0.53,0.8,0.13,0.27,1.4,0.4,4.47,1.13,0,0,0,0,0.07,0,0,227,268,182,267,127,100,289,391,219,59,320,442,206,118,36,59,4,114,18,35,83,60,55,59,69,66,95,84,38,35,39,24,54,1,4,8,2,14,5,12,75,5.98,13.6,81.33,Squad,Boom/Bust,284,OB #54,62
187,LF #49,DAVID ODIASE,,12,6.6,79.15,Loose Forward,Zebre Parma,0,0,0,1.53,8.91,9.13,9.21,3.85,3.82,1.24,0,0,10.64,7.6,0,13.26,6.79,3.17,652,0.12,1,0,205,2,15,2,4,4,8,135,6,0,0,0,0,1,0,0,197,258,219,267,185,203,119,247,107,326,77,32,363,118,36,59,4,23,18,35,39,59,44,50,45,36,25,53,43,68,23,18,73,40,1,1,1,6,6,1,54.33,0.01,0.08,0,17.08,0.17,1.25,0.17,0.33,0.33,0.67,11.25,0.5,0,0,0,0,0.08,0,0,303,268,328,267,257,273,187,339,166,451,137,39,499,118,36,59,4,87,18,35,59,56,64,50,59,54,39,72,53,96,25,23,92,40,1,1,1,21,6,1,75,6.55,11.4,74.67,Squad,Very Consistent,334,LF #50,56
188,CE #32,JOE HAWKINS,,14,5.63,78.76,Centre,Scarlets,6.09,0,-1.31,1.58,0.66,0,12.61,5.31,2.03,0.8,0,0,-1.09,8.99,4.41,20.69,7.05,10.94,864,0.09,0,3,137,0,9,1,2,12,1,72,22,0,3,16,0,0,0,1,83,399,390,47,274,412,212,338,209,80,478,196,19,118,18,15,4,151,18,12,16,59,53,7,50,60,44,55,31,12,51,18,3,1,1,1,1,17,2,1,61.71,0.01,0,0.21,9.79,0,0.64,0.07,0.14,0.86,0.07,5.14,1.57,0,0.21,1.14,0,0,0,0.07,208,268,390,97,394,412,328,460,358,176,598,363,67,118,24,23,4,151,18,27,47,39,53,13,75,60,64,69,50,21,67,45,11,1,1,1,1,17,2,3,75,5.77,12.8,73.86,Squad,Average,341,CE #32,55
189,LF #50,BATHOBELE HLEKANI,,13,6.05,78.65,Loose Forward,Lions,8.38,0,1.62,0.66,0,0,0,0,0,4.9,14.96,4.65,2.25,3.45,0.57,6.56,12.18,18.47,642,0.12,0,0,240,1,22,2,4,4,7,120,13,0,0,0,0,0,0,0,208,258,390,267,157,286,56,247,107,326,104,61,133,118,36,59,4,151,18,35,45,59,77,50,35,61,9,53,43,68,30,34,26,40,1,1,1,40,6,1,49.38,0.01,0,0,18.46,0.08,1.69,0.15,0.31,0.31,0.54,9.23,1,0,0,0,0,0,0,0,368,268,390,267,237,366,109,363,190,477,221,88,234,118,36,59,4,151,18,35,75,56,77,50,53,83,22,78,60,101,48,47,36,40,1,1,1,40,6,1,75,6.11,12.2,74.54,Squad,Average,335,LF #51,56
190,OB #51,MAKAZOLE MAPIMPI,"At over 35 years old, it's OK to accept a decline in performance from Mapimpi's elite days - the only thing is how high he was drafted in a lot of leagues this year. Age is not a hidden stat, guys!",11,7.11,78.26,Outside Back,Hollywoodbets Sharks,0,0,7.74,-3.31,0,8.37,6.87,0,5.04,0,0,3.41,27.8,0.46,6.4,11.08,4.4,0,714,0.11,4,1,313,9,15,5,2,13,4,37,11,0,0,0,0,0,1,0,162,309,49,138,111,24,119,113,209,71,249,407,171,118,36,59,4,151,1,35,38,69,17,30,52,18,49,36,32,35,30,31,32,1,4,8,2,20,1,12,64.91,0.01,0.36,0.09,28.45,0.82,1.36,0.45,0.18,1.18,0.36,3.36,1,0,0,0,0,0,0.09,0,176,268,81,212,130,53,160,159,319,91,361,556,234,118,36,59,4,151,4,35,73,60,32,49,71,39,75,54,58,52,47,53,57,1,4,8,2,20,2,12,75,7.45,10.4,77.48,Squad,Inconsistent,318,OB #55,58
191,LF #51,CAMERON HANEKOM,"Oh boy. Hanekom was a first round pick in pretty much every Draft XV league, despite a known injury going into the season. He wouldn't make his season debut until Round 13, and though he had some impressive highlights and a major points haul in the fantasy semi finals, he was not worth that first round pick - not by a long shot. He might be next season though...",6,12.99,77.92,Loose Forward,Vodacom Bulls,0,0,0,0,0,0,0,0,0,0,0,0,4.97,4.41,9.26,14.14,32.22,12.92,363,0.21,1,0,275,1,15,16,3,2,1,39,7,0,0,0,0,0,0,0,416,49,219,267,135,286,119,7,151,442,478,388,322,118,36,59,4,151,18,35,85,8,44,50,27,61,25,3,56,95,90,91,67,40,1,1,1,40,6,1,60.5,0.04,0.17,0,45.83,0.17,2.5,2.67,0.5,0.33,0.17,6.5,1.17,0,0,0,0,0,0,0,220,78,213,267,41,273,38,2,83,451,522,230,189,118,36,59,4,151,18,35,31,11,44,50,4,54,4,1,36,96,101,85,25,40,1,1,1,40,6,1,75,14.17,11.1,157.29,Premium,Consistent,41,LF #6,95
192,HK #13,SAM PARRY,,11,7.08,77.87,Hooker,Ospreys,0,0,0,0,0,3.64,2.8,2.28,12.64,0,6.9,12.08,4.19,7.37,7.05,7.39,11.53,0,565,0.14,1,0,89,2,6,0,7,3,7,74,5,0,0,0,0,0,0,0,254,190,219,267,364,203,275,476,32,385,104,187,404,118,36,59,4,151,18,35,16,34,21,15,32,6,17,32,4,28,10,24,35,19,1,1,1,9,2,1,51.36,0.01,0.09,0,8.09,0.18,0.55,0,0.64,0.27,0.64,6.73,0.45,0,0,0,0,0,0,0,339,268,311,267,431,257,350,476,58,502,161,216,540,118,36,59,4,151,18,35,14,35,30,15,35,8,18,32,7,34,9,28,44,19,1,1,1,9,2,1,75,7.71,10.5,80.96,Good,Very Consistent,292,HK #14,61
193,OB #52,ROBERT BALOUCOUNE,,5,15.55,77.74,Outside Back,Ulster Rugby,0,0,6.84,0,41.21,25.27,3.32,0,0,1.1,0,0,0,0,0,0,0,0,327,0.24,5,0,269,4,8,5,1,7,1,23,1,0,0,0,0,0,0,0,450,31,27,267,139,118,228,113,323,192,478,509,617,118,36,59,4,151,18,35,72,8,10,59,57,60,68,36,51,61,70,56,102,1,4,8,2,20,5,12,65.4,0.05,1,0,53.8,0.8,1.6,1,0.2,1.4,0.2,4.6,0.2,0,0,0,0,0,0,0,165,64,2,267,21,55,121,27,284,59,486,428,648,118,36,59,4,151,18,35,68,19,2,59,18,41,57,10,51,35,71,22,107,1,4,8,2,20,5,12,74,12.61,10.8,136.19,Good,Average,78,OB #19,90
194,LF #52,JOSH MACLEOD,,9,8.58,77.18,Loose Forward,Scarlets,1.19,0,0,0,0,14.12,-2.36,0,3.06,16.13,0,15.58,2.6,0,0,0,7.9,18.96,650,0.12,3,0,123,1,4,4,14,7,8,111,13,1,0,0,0,1,0,0,201,258,81,267,294,286,349,149,6,192,77,78,133,58,36,59,4,23,18,35,42,59,23,50,70,61,86,30,6,35,23,39,26,21,1,1,1,6,6,1,72.22,0.01,0.33,0,13.67,0.11,0.44,0.44,1.56,0.78,0.89,12.33,1.44,0.11,0,0,0,0.11,0,0,92,268,87,267,314,339,407,166,3,202,85,15,95,76,36,59,4,54,18,35,11,56,17,50,73,73,93,28,2,29,11,8,7,23,1,1,1,13,6,1,74,8.02,9,72.18,Squad,Average,356,LF #54,53
195,CE #33,FINN TREACY,,8,9.64,77.09,Centre,Connacht Rugby,0,0,0.33,0,0.83,0,0,16.61,1.51,6.48,0,14.71,35.32,1.3,0,0,0,0,454,0.17,3,1,242,6,16,1,3,9,0,33,12,0,0,0,0,0,0,0,343,121,81,138,155,63,107,338,151,130,615,436,154,118,36,59,4,151,18,35,46,13,9,23,35,12,24,55,23,20,69,54,30,1,3,6,1,17,2,6,56.75,0.02,0.38,0.13,30.25,0.75,2,0.13,0.38,1.13,0,4.13,1.5,0,0,0,0,0,0,0,276,154,75,172,109,61,66,391,149,101,615,475,74,118,36,59,4,151,18,35,54,20,8,30,22,11,13,65,27,14,69,60,12,1,3,6,1,17,2,6,74,8.55,8.1,69.26,Squad,Inconsistent,376,CE #35,50
196,HK #14,PJ BOTHA,,11,6.97,76.64,Hooker,Lions,0,0,0,0,0,0,3,0,5.87,14.18,4.94,0.2,2.96,11.77,11.72,9.06,7.44,5.5,642,0.12,1,1,90,0,5,8,5,7,5,98,18,0,0,0,0,0,0,0,208,258,219,138,361,412,308,56,74,192,187,97,53,118,36,59,4,151,18,35,9,47,21,2,31,30,19,1,9,7,16,13,2,19,1,1,1,9,2,1,58.36,0.01,0.09,0.09,8.18,0,0.45,0.73,0.45,0.64,0.45,8.91,1.64,0,0,0,0,0,0,0,255,268,311,212,429,412,401,76,112,266,282,99,59,118,36,59,4,151,18,35,8,35,30,8,34,30,24,3,12,10,23,13,4,19,1,1,1,9,2,1,74,7.63,10.5,80.12,Good,Consistent,298,HK #16,60
197,LF #53,HARRISON KEDDIE,,12,6.34,76.09,Loose Forward,Dragons RFC,3.27,0.19,0,0,0,0,14.05,-5.43,5.22,8.61,10.27,0,14.67,0.99,11.45,0,12.29,0.51,645,0.12,1,0,186,1,18,2,3,8,6,148,9,0,0,0,0,1,0,0,206,258,219,267,202,286,91,247,151,156,139,21,236,118,36,59,4,23,18,35,44,59,44,50,51,61,20,53,56,27,38,13,44,40,1,1,1,6,6,1,53.75,0.01,0.08,0,15.5,0.08,1.5,0.17,0.25,0.67,0.5,12.33,0.75,0,0,0,0,0.08,0,0,314,268,328,267,287,366,135,339,230,239,232,15,381,118,36,59,4,87,18,35,63,56,64,50,68,83,25,72,69,41,50,8,70,40,1,1,1,21,6,1,74,6.34,11.4,72.28,Squad,Average,355,LF #53,53
198,LK #10,ADRE SMITH,,15,5.05,75.8,Lock,DHL Stormers,5.26,8.4,0,4.5,8.31,9.96,1.31,0,3.06,0,-1.49,4.33,12.7,1.22,3.1,3.84,10.03,1.27,760,0.1,3,0,117,2,3,1,7,4,8,75,11,5,0,0,0,1,0,0,131,354,81,267,306,203,393,338,32,326,77,182,171,12,36,59,4,23,18,35,17,23,2,15,15,2,29,35,4,39,12,40,17,5,1,1,1,5,4,1,50.67,0.01,0.2,0,7.8,0.13,0.2,0.07,0.47,0.27,0.53,5,0.73,0.33,0,0,0,0.07,0,0,346,268,182,267,441,318,515,460,108,502,228,373,401,22,36,59,4,114,18,35,50,27,7,15,29,18,49,56,16,68,35,74,41,14,1,1,1,21,4,1,74,9.69,13.7,132.75,Good,Consistent,85,LK #11,89
199,CE #35,STUART MCCLOSKEY,,9,8.41,75.67,Centre,Ulster Rugby,10.89,0,9.67,5.07,0,0,15.79,-0.6,3.85,8.78,0,0,0,11.34,10.88,0,0,0,582,0.13,1,1,223,2,15,11,5,4,4,64,5,0,0,0,0,1,0,0,236,221,219,138,173,203,119,23,74,326,249,237,404,118,36,59,4,23,18,35,41,24,32,23,37,42,27,6,12,50,15,29,58,1,3,6,1,4,2,6,64.67,0.01,0.11,0.11,24.78,0.22,1.67,1.22,0.56,0.44,0.44,7.11,0.56,0,0,0,0,0.11,0,0,179,268,285,186,159,228,113,17,72,385,293,189,482,118,36,59,4,54,18,35,39,39,41,33,35,49,23,5,11,61,19,18,72,1,3,6,1,5,2,6,74,7.9,8.8,69.52,Squad,Very Consistent,375,CE #34,50
199,CE #34,MACS PAGE,,14,5.41,75.67,Centre,Scarlets,1.63,0,-5.01,-0.69,0,8.05,0,-0.07,2.3,-1.57,10.75,6.9,26.32,1.16,0,2.8,12.24,10.86,757,0.1,4,2,251,4,18,7,3,17,3,54,15,0,0,0,0,1,0,0,135,354,49,78,151,118,91,71,151,33,323,292,92,118,36,59,4,23,18,35,24,48,5,12,34,27,20,19,23,3,28,35,17,1,3,6,1,4,2,6,54.07,0.01,0.29,0.14,17.93,0.29,1.29,0.5,0.21,1.21,0.21,3.86,1.07,0,0,0,0,0.07,0,0,308,268,124,154,250,197,177,136,280,86,482,511,226,118,36,59,4,114,18,35,59,39,20,28,55,43,38,32,41,11,50,64,52,1,3,6,1,13,2,6,74,5.6,12.8,71.68,Squad,Boom/Bust,362,CE #33,52
201,LK #11,RG SNYMAN,,7,10.63,74.38,Lock,Leinster Rugby,0,0,0,8.3,9.42,21.74,0,0,0,10.27,12.1,1.87,10.68,0,0,0,0,0,361,0.21,3,1,176,1,7,20,1,7,1,41,5,0,0,0,0,0,0,0,419,49,81,138,216,286,248,1,323,192,478,374,404,118,36,59,4,151,18,35,58,1,2,3,4,14,9,1,40,16,66,66,45,56,1,1,1,27,4,1,51.57,0.03,0.43,0.14,25.14,0.14,1,2.86,0.14,1,0.14,5.86,0.71,0,0,0,0,0,0,0,335,109,62,154,156,298,214,1,358,116,546,291,407,118,36,59,4,151,18,35,47,10,2,3,1,13,6,1,42,5,76,70,43,56,1,1,1,27,4,1,73,13.68,7.7,105.34,Good,Very Consistent,166,LK #27,78
202,LF #54,JAMES BOTHAM,,10,7.4,74,Loose Forward,Cardiff Rugby,0,0,0,0,0,6.3,8.37,3.68,8.84,4.97,0,0,-0.09,5.7,15.5,0,13.31,7.42,566,0.13,0,1,132,2,11,5,3,5,5,115,9,1,0,0,0,0,0,0,251,221,390,138,280,203,178,113,151,279,187,67,236,58,36,59,4,151,18,35,54,52,77,23,68,36,40,20,56,56,51,36,44,21,1,1,1,40,6,1,56.6,0.01,0,0.1,13.2,0.2,1.1,0.5,0.3,0.5,0.5,11.5,0.9,0.1,0,0,0,0,0,0,281,268,390,200,323,237,208,136,197,324,232,29,313,81,36,59,4,151,18,35,48,56,77,34,75,39,43,24,63,66,50,17,51,24,1,1,1,40,6,1,73,7.19,9.8,70.46,Squad,Very Consistent,370,LF #55,51
203,HK #15,EVAN LLOYD,,10,7.37,73.65,Hooker,Cardiff Rugby,22.53,0,0,1.29,0,0,5.22,2.3,4.92,2.62,17.11,0,0,0,0,1.32,10.59,5.75,251,0.29,2,0,179,3,10,2,2,2,2,50,5,0,0,0,0,0,0,0,503,16,133,267,212,151,194,247,209,442,405,326,404,118,36,59,4,151,18,35,45,4,16,15,8,2,7,11,28,32,37,39,35,19,1,1,1,9,2,1,25.1,0.03,0.2,0,17.9,0.3,1,0.2,0.2,0.2,0.2,5,0.5,0,0,0,0,0,0,0,644,109,182,267,251,192,214,303,284,540,486,373,499,118,36,59,4,151,18,35,51,16,20,15,7,2,8,14,36,42,43,44,38,19,1,1,1,9,2,1,73,7.95,9.7,77.12,Squad,Average,320,HK #18,58
204,FH #23,HARRY WEST,,9,8.15,73.31,Fly Half,Connacht Rugby,0,0,0,0,0.54,0,0,0,9.86,9.46,4.95,3.05,0,0,19.34,2.34,16.03,7.74,529,0.14,1,3,312,4,12,3,1,8,3,42,9,0,0,0,0,0,0,0,278,190,219,47,112,118,165,199,323,156,323,371,236,118,36,59,4,151,18,35,25,21,14,17,10,16,19,21,14,25,13,28,27,2,29,41,2,11,2,10,58.78,0.02,0.11,0.33,34.67,0.44,1.33,0.33,0.11,0.89,0.33,4.67,1,0,0,0,0,0,0,0,242,154,285,46,79,129,164,207,404,170,373,414,234,118,36,59,4,151,18,35,19,12,16,12,5,9,15,21,16,23,10,23,27,2,29,41,2,11,2,10,73,7.9,9,71.1,Fringe,Average,365,FH #26,52
205,LF #55,RENZO DU PLESSIS,,10,7.31,73.09,Loose Forward,Lions,5.93,12.1,0,0,18.57,14.39,0,0,2.39,9.18,1.69,4.7,3.71,0.43,0,0,0,0,247,0.3,1,1,217,4,14,2,3,5,1,58,9,1,0,0,0,0,0,0,506,14,219,138,176,118,135,247,151,279,478,266,236,58,36,59,4,151,18,35,95,2,44,23,41,10,31,53,56,56,90,78,44,21,1,1,1,40,6,1,24.7,0.03,0.1,0.1,21.7,0.4,1.4,0.2,0.3,0.5,0.1,5.8,0.9,0.1,0,0,0,0,0,0,652,109,298,200,191,148,150,303,197,324,578,302,313,81,36,59,4,151,18,35,118,22,58,34,35,17,29,60,63,66,111,96,51,24,1,1,1,40,6,1,73,7.12,9.8,69.78,Squad,Consistent,372,LF #56,50
206,LK #12,FINEEN WYCHERLEY,,15,4.87,73.08,Lock,Munster Rugby,2.19,4.23,13.35,5.55,6.55,1.15,6.41,-1.57,7.4,2.22,4.08,5.79,2.63,7.31,0,0,5.79,0,971,0.08,1,1,84,0,3,0,2,10,8,176,12,4,0,0,0,0,0,0,46,442,219,138,374,412,393,476,209,114,77,8,154,19,36,59,4,151,18,35,3,43,15,3,28,39,29,60,22,2,12,3,14,10,1,1,1,27,4,1,64.73,0.01,0.07,0.07,5.6,0,0.2,0,0.13,0.67,0.53,11.73,0.8,0.27,0,0,0,0,0,0,178,268,356,244,501,412,515,476,378,239,228,25,359,35,36,59,4,151,18,35,21,27,31,12,43,39,49,60,46,19,35,7,38,24,1,1,1,27,4,1,73,9.45,13.7,129.47,Good,Very Consistent,93,LK #12,88
207,OB #53,EDUAN KEYTER,,5,14.61,73.06,Outside Back,Lions,0,20.23,0,23.45,16.42,6.89,6.07,0,0,0,0,0,0,0,0,0,0,0,364,0.2,3,0,275,3,11,8,5,8,1,22,8,0,0,0,0,0,0,0,414,60,81,267,135,151,178,56,74,156,478,517,278,118,36,59,4,151,18,35,69,15,29,59,56,70,61,17,8,55,70,58,54,1,4,8,2,20,5,12,72.8,0.04,0.6,0,55,0.6,2.2,1.6,1,1.6,0.2,4.4,1.6,0,0,0,0,0,0,0,86,78,26,267,20,80,57,10,7,35,486,449,64,118,36,59,4,151,18,35,39,21,17,59,17,55,32,4,1,22,71,25,27,1,4,8,2,20,5,12,73,11.22,6.6,74.05,Squad,Very Consistent,340,OB #58,55
208,FH #24,JJ HANRAHAN,,12,6.09,73.04,Fly Half,Munster Rugby,7.02,0,1.42,0.66,8.59,0,4.59,0,6.94,0,0,8,1.2,2.2,0,8.49,11.21,12.72,729,0.1,0,0,163,2,5,4,3,5,3,78,24,0,4,12,0,0,0,0,149,354,390,267,238,203,308,149,151,279,323,167,14,118,14,22,4,151,18,35,15,32,24,32,26,22,29,20,4,33,13,8,4,2,11,16,2,11,2,10,60.75,0.01,0,0,13.58,0.17,0.42,0.33,0.25,0.42,0.25,6.5,2,0,0.33,1,0,0,0,0,217,268,390,267,317,273,419,207,230,401,449,230,21,118,18,25,4,151,18,35,17,22,24,32,29,23,32,21,5,41,18,4,5,2,14,19,2,11,2,10,72,6.3,11.4,71.82,Fringe,Consistent,360,FH #25,52
209,HK #16,GUS MCCARTHY,,13,5.58,72.58,Hooker,Leinster Rugby,4.29,5.02,11.69,0,0,14.05,3.47,0,0.76,10.62,3.45,4.09,0,4.12,2.44,1.62,0,6.96,501,0.14,1,0,175,2,3,1,0,4,0,81,7,2,0,0,0,0,0,0,297,190,219,267,220,203,393,338,480,326,615,151,322,36,36,59,4,151,18,35,23,34,21,15,9,6,28,21,51,21,57,17,21,2,1,1,1,9,2,1,38.54,0.01,0.08,0,13.46,0.15,0.23,0.08,0,0.31,0,6.23,0.54,0.15,0,0,0,0,0,0,515,268,328,267,320,293,506,438,480,477,615,255,490,60,36,59,4,151,18,35,31,35,34,15,13,13,36,29,51,32,57,33,36,8,1,1,1,9,2,1,72,6.51,12.1,78.77,Good,Average,308,HK #17,59
210,LK #13,SAM LOUSI,,11,6.57,72.31,Lock,Scarlets,0,0,0,0,0.96,6.12,8.95,1.39,0,7.77,6.47,7.5,7.24,5.81,11.42,8.68,0,0,808,0.09,2,1,102,1,1,5,6,8,8,112,3,1,0,0,0,0,0,0,108,399,133,138,336,286,512,113,47,156,77,75,500,58,36,59,4,151,18,35,15,30,5,3,20,14,55,9,7,10,12,19,63,33,1,1,1,27,4,1,73.45,0.01,0.18,0.09,9.27,0.09,0.09,0.45,0.55,0.73,0.73,10.18,0.27,0.09,0,0,0,0,0,0,78,268,202,212,403,356,575,159,78,217,126,57,622,87,36,59,4,151,18,35,10,27,9,6,20,24,63,10,9,17,21,16,75,43,1,1,1,27,4,1,72,12.24,10.5,128.52,Good,Very Consistent,97,LK #13,87
211,LF #56,JAC MORGAN,,7,10.26,71.79,Loose Forward,Ospreys,0,0,0,0,9.32,0,0,0,0,0,0,0,7.57,5.48,15.41,10.25,11.44,12.32,433,0.17,2,0,146,3,13,0,11,4,3,68,7,0,0,0,0,1,0,0,361,121,133,267,262,151,150,476,11,326,323,217,322,118,36,59,4,23,18,35,75,22,34,50,65,21,34,96,9,68,71,71,67,40,1,1,1,6,6,1,61.86,0.02,0.29,0,20.86,0.43,1.86,0,1.57,0.57,0.43,9.71,1,0,0,0,0,0.14,0,0,206,154,124,267,202,137,87,476,2,300,306,72,234,118,36,59,4,33,18,35,27,29,25,50,41,12,17,96,1,60,63,40,36,40,1,1,1,9,6,1,72,8.62,7.9,68.1,Squad,Very Consistent,386,LF #59,49
212,CE #36,STEDMAN GANS,,12,5.97,71.59,Centre,Vodacom Bulls,1.33,0,0,0,2.63,4.64,0.43,0,0,0,15.69,0,6.92,10.4,6.15,-4.19,22.69,4.9,536,0.13,0,2,298,6,14,4,6,6,4,38,13,0,0,0,0,1,0,0,272,221,390,78,122,63,135,149,47,231,249,397,133,118,36,59,4,23,18,35,43,24,53,12,29,12,29,33,8,36,15,46,25,1,3,6,1,4,2,6,44.67,0.01,0,0.17,24.83,0.5,1.17,0.33,0.5,0.5,0.33,3.17,1.08,0,0,0,0,0.08,0,0,434,268,390,132,158,101,198,207,83,324,373,569,223,118,36,59,4,87,18,35,68,39,53,22,34,19,42,46,12,49,34,73,51,1,3,6,1,10,2,6,72,6.05,11.2,67.76,Squad,Average,390,CE #36,48
213,LF #57,FREDDY DOUGLAS,,13,5.47,71.16,Loose Forward,Edinburgh Rugby,0,0,-6.77,1.62,0,0,1.85,5.83,10.64,9.98,4.95,0,13.07,0.76,0.84,11.37,6.31,10.71,652,0.11,1,0,102,2,6,2,16,4,8,107,9,0,0,0,0,1,0,0,197,309,219,267,336,203,275,247,2,326,77,88,236,118,36,59,4,23,18,35,39,74,44,50,82,36,66,53,2,68,23,41,44,40,1,1,1,6,6,1,50.15,0.01,0.08,0,7.85,0.15,0.46,0.15,1.23,0.31,0.62,8.23,0.69,0,0,0,0,0.08,0,0,356,268,328,267,439,293,397,363,5,477,175,135,416,118,36,59,4,87,18,35,71,56,64,50,104,59,88,78,4,101,37,64,76,40,1,1,1,21,6,1,72,5.65,12.2,68.93,Squad,Average,378,LF #57,50
214,LK #14,ALESSANDRO ORTOMBINA,,15,4.7,70.56,Lock,Zebre Parma,5.34,4.09,4.74,0,0,2.88,1.06,3.65,0,1.42,5.16,8.19,3.33,1.93,6.36,5.91,7.54,8.96,861,0.08,0,0,63,0,2,1,1,8,3,182,12,1,0,0,0,0,0,0,86,442,390,267,424,412,450,338,323,156,323,5,154,58,36,59,4,151,18,35,9,43,42,15,37,39,41,35,40,10,49,2,14,33,1,1,1,27,4,1,57.4,0.01,0,0,4.2,0,0.13,0.07,0.07,0.53,0.2,12.13,0.8,0.07,0,0,0,0,0,0,268,268,390,267,563,412,553,460,460,320,486,19,359,103,36,59,4,151,18,35,37,27,42,15,63,39,58,56,58,28,73,6,38,52,1,1,1,27,4,1,72,9.21,13.7,126.18,Good,Very Consistent,105,LK #14,86
215,HK #17,MARNUS VAN DER MERWE,,12,5.88,70.5,Hooker,Scarlets,0,0,5.51,14.32,9.56,4.48,2.64,0.98,12.35,3.21,8.48,0.55,3.98,0,4.44,0,0,0,567,0.12,1,1,86,0,4,0,11,2,11,80,14,0,0,0,0,0,0,0,249,258,219,138,368,412,349,476,11,442,28,158,115,118,36,59,4,151,18,35,14,47,21,2,33,30,24,32,2,32,3,19,4,19,1,1,1,9,2,1,47.25,0.01,0.08,0.08,7.17,0,0.33,0,0.92,0.17,0.92,6.67,1.17,0,0,0,0,0,0,0,402,268,328,228,458,412,450,476,27,558,74,220,189,118,36,59,4,151,18,35,21,35,34,10,40,30,30,32,4,48,5,30,9,19,1,1,1,9,2,1,72,6.75,11.3,76.28,Squad,Average,325,HK #19,57
216,LF #58,JOSH VAN DER FLIER,,7,10,70,Loose Forward,Leinster Rugby,0,0,18.12,6.14,0,0,0,11.33,6.06,0,0,0,0,8.74,0,8.18,0,11.43,466,0.15,4,2,149,1,7,4,2,8,3,70,4,0,0,0,0,0,0,0,328,163,49,78,257,286,248,149,209,156,323,208,459,118,36,59,4,151,18,35,70,35,14,11,62,61,60,30,70,27,71,70,82,40,1,1,1,40,6,1,66.57,0.02,0.57,0.29,21.29,0.14,1,0.57,0.29,1.14,0.43,10,0.57,0,0,0,0,0,0,0,154,154,29,58,199,298,214,117,202,97,306,59,473,118,36,59,4,151,18,35,19,29,4,6,39,63,45,20,66,11,63,33,90,40,1,1,1,40,6,1,71,8.47,7.9,66.91,Squad,Very Consistent,400,LF #63,47
217,CE #37,RIEKO IOANE,,7,9.97,69.8,Centre,Leinster Rugby,0,0,0,0,0,0,13.71,5.88,0,0,2.35,9.72,16.64,0,0,0.24,21.26,0,560,0.12,2,2,301,5,7,1,1,8,4,40,6,0,0,0,0,0,0,0,256,258,133,78,117,84,248,338,323,156,249,381,363,118,36,59,4,151,18,35,42,30,20,12,26,17,48,55,46,25,15,43,55,1,3,6,1,17,2,6,80,0.02,0.29,0.29,43,0.71,1,0.14,0.14,1.14,0.57,5.71,0.86,0,0,0,0,0,0,0,1,154,124,58,47,63,214,370,358,97,196,312,328,118,36,59,4,151,18,35,1,20,20,7,5,12,47,63,50,12,10,37,62,1,3,6,1,17,2,6,71,8.47,7.5,63.53,Squad,Consistent,437,CE #41,42
218,FH #25,ROSS THOMPSON,,15,4.63,69.38,Fly Half,Edinburgh Rugby,0,0,0,6.28,4.46,0.17,3.79,1.1,4.6,3.1,10.81,6.72,2.9,1.56,6.27,5.42,10.32,1.88,817,0.08,0,1,204,1,8,5,2,16,5,81,25,0,2,16,0,0,0,0,106,442,390,138,186,286,228,113,209,39,187,151,11,118,24,15,4,151,18,35,11,37,24,24,22,28,25,16,10,8,6,7,3,2,18,11,2,11,2,10,54.47,0.01,0,0.07,13.6,0.07,0.53,0.33,0.13,1.07,0.33,5.4,1.67,0,0.13,1.07,0,0,0,0,302,268,390,244,316,389,354,207,378,111,373,341,50,118,29,24,4,151,18,35,26,22,24,28,28,33,27,21,13,14,10,14,10,2,23,18,2,11,2,10,71,5.13,13.8,70.79,Fringe,Consistent,367,FH #27,51
219,HK #18,DYLAN RICHARDSON,,12,5.78,69.36,Hooker,Edinburgh Rugby,0,0,6.8,13.95,13.34,1.65,12.69,-1.34,0,0,0,10.97,5.15,3.66,1.33,6.15,-4.99,0,529,0.13,3,0,155,1,8,4,3,6,5,117,7,0,0,0,0,1,0,0,278,221,81,267,249,286,228,149,151,231,187,64,322,118,36,59,4,23,18,35,19,38,9,15,12,16,9,3,19,10,16,7,21,19,1,1,1,3,2,1,44.08,0.01,0.25,0,12.92,0.08,0.67,0.33,0.25,0.5,0.42,9.75,0.58,0,0,0,0,0.08,0,0,444,268,150,267,331,366,315,207,230,324,317,71,468,118,36,59,4,87,18,35,23,35,17,15,15,22,14,8,29,16,27,9,33,19,1,1,1,6,2,1,71,7.17,11.3,81.02,Good,Inconsistent,289,HK #13,62
220,OB #54,JORDAN LARMOUR,"Don't be fooled by the high PPG - Larmour played just 4 games this season and scored well over half his points in just one of those games (the Grand Final!). If you picked him up off waivers for that, congratulations, otherwise he did basically nothing all season.",4,17.34,69.35,Outside Back,Leinster Rugby,4.88,0,0,8.46,0,9.62,0,0,0,0,0,0,0,0,0,0,0,46.39,261,0.27,2,1,236,8,12,1,2,4,5,15,8,0,0,0,0,0,0,0,497,22,133,138,162,36,165,338,209,326,187,580,278,118,36,59,4,151,18,35,82,6,39,30,60,25,57,77,32,76,19,72,54,1,4,8,2,20,5,12,65.25,0.07,0.5,0.25,59,2,3,0.25,0.5,1,1.25,3.75,2,0,0,0,0,0,0,0,168,43,38,65,14,3,23,262,83,116,15,519,21,118,36,59,4,151,18,35,70,11,21,15,12,2,17,71,10,61,1,43,10,1,4,8,2,20,5,12,71,11.64,6.5,75.66,Squad,Average,326,OB #56,57
221,CE #38,ROBBIE HENSHAW,,10,6.93,69.28,Centre,Leinster Rugby,1.24,7.23,1.52,4.74,0,0,0,2.83,0,0,0,7.19,4.37,3.61,10.26,0,0,26.29,667,0.1,1,2,227,4,9,5,2,7,2,71,15,0,0,0,0,0,0,0,188,354,219,78,169,118,212,113,209,192,405,201,92,118,36,59,4,151,18,35,33,48,32,12,36,27,44,25,31,28,36,21,17,1,3,6,1,17,2,6,66.7,0.01,0.1,0.2,22.7,0.4,0.9,0.5,0.2,0.7,0.2,7.1,1.5,0,0,0,0,0,0,0,149,268,298,108,183,148,268,136,284,227,486,191,74,118,36,59,4,151,18,35,31,39,43,15,43,29,56,32,42,29,52,19,12,1,3,6,1,17,2,6,71,6.81,9.6,65.38,Squad,Average,417,CE #40,45
222,HK #19,DAFYDD HUGHES,,11,6.28,69.1,Hooker,Cardiff Rugby,0,3.27,5.41,0,1.46,26.88,0,0,0,0,6.71,2.39,5.94,4.12,3.61,13.06,0,-3.75,336,0.21,3,0,135,2,5,0,3,1,2,75,9,0,0,0,0,1,0,0,445,49,81,267,275,203,308,476,151,526,405,182,236,118,36,59,4,23,18,35,36,15,9,15,16,6,19,32,19,44,37,23,16,19,1,1,1,3,2,1,30.55,0.02,0.27,0,12.27,0.18,0.45,0,0.27,0.09,0.18,6.82,0.82,0,0,0,0,0.09,0,0,606,154,138,267,339,257,401,476,219,604,516,212,349,118,36,59,4,75,18,35,45,23,13,15,16,8,24,32,26,54,48,27,23,19,1,1,1,5,2,1,71,7.07,10.5,74.24,Squad,Boom/Bust,337,HK #20,55
223,CE #39,MARCO ZANON,,13,5.31,69.04,Centre,Zebre Parma,0,2.03,1.68,0.66,12.78,13.57,6.31,5.98,0,0,8.36,1.19,9.11,5.85,0,0.86,0.66,0,692,0.1,2,0,206,1,20,10,6,7,2,68,8,0,0,0,0,2,0,0,177,354,133,267,183,286,73,32,47,192,405,217,278,118,36,59,4,7,18,35,30,48,20,45,39,55,16,10,8,28,36,26,45,1,3,6,1,2,2,6,53.23,0.01,0.15,0,15.85,0.08,1.54,0.77,0.46,0.54,0.15,5.23,0.62,0,0,0,0,0.15,0,0,319,268,230,267,280,366,134,65,110,316,542,356,451,118,36,59,4,31,18,35,61,39,35,45,60,59,28,15,18,47,57,44,70,1,3,6,1,3,2,6,70,5.52,12,66.24,Squad,Consistent,406,CE #38,46
223,SH #14,MATTHEW DEVINE,,10,6.9,69.04,Scrum Half,Connacht Rugby,0,0,1.23,1.1,4.3,4.33,0,10.99,0.24,0,0,0,0,9.55,0,23.26,2.71,11.33,199,0.35,6,1,158,3,6,0,1,1,0,28,8,0,0,0,0,0,0,0,538,7,17,138,245,151,275,476,323,526,615,475,278,118,36,59,4,151,18,35,45,2,3,33,20,10,22,46,23,51,45,28,27,1,3,7,2,11,2,10,19.9,0.04,0.6,0.1,15.8,0.3,0.6,0,0.1,0.1,0,2.8,0.8,0,0,0,0,0,0,0,683,78,26,200,281,192,333,476,418,598,615,605,359,118,36,59,4,151,18,35,53,5,2,42,18,11,23,46,26,56,45,30,32,1,3,7,2,11,2,10,70,6.36,9.8,62.33,Squad,Consistent,446,SH #14,41
225,LF #59,NICK HATTON,,13,5.3,68.93,Loose Forward,Hollywoodbets Sharks,0.65,2.22,7.36,0,0,0,1.93,0,-1,2.42,1.95,0,7.87,4.19,1.32,1.43,13.7,24.89,595,0.12,0,2,262,2,4,5,2,6,5,76,9,2,0,0,0,0,0,0,227,258,390,78,143,203,349,113,209,231,187,179,236,36,36,59,4,151,18,35,47,59,77,11,30,36,86,20,70,43,51,67,44,13,1,1,1,40,6,1,45.77,0.01,0,0.15,20.15,0.15,0.31,0.38,0.15,0.46,0.38,5.85,0.69,0.15,0,0,0,0,0,0,417,268,390,150,215,293,470,193,354,374,342,294,416,60,36,59,4,151,18,35,86,56,77,21,45,59,106,38,92,76,73,95,76,18,1,1,1,40,6,1,70,5.51,12.2,67.22,Squad,Inconsistent,396,LF #61,47
226,CE #40,PHIL COKANASIGA,,12,5.74,68.88,Centre,Ospreys,7.39,3.49,5.78,2.14,14.69,20.55,0,-1.17,4.03,0.4,6.72,0,0,0,0.4,0,0,4.46,536,0.13,3,2,162,3,14,4,2,7,1,36,8,0,0,0,0,0,0,0,272,221,81,78,240,151,135,149,209,192,478,413,278,118,36,59,4,151,18,35,43,24,9,12,46,34,29,33,31,28,51,49,45,1,3,6,1,17,2,6,44.67,0.01,0.25,0.17,13.5,0.25,1.17,0.33,0.17,0.58,0.08,3,0.67,0,0,0,0,0,0,0,434,268,150,132,319,210,198,207,334,295,590,583,423,118,36,59,4,151,18,35,68,39,22,22,67,46,42,46,47,43,65,75,69,1,3,6,1,17,2,6,70,5.86,11.2,65.63,Squad,Average,413,CE #39,45
227,OB #55,JAMIE OSBORNE,,5,13.67,68.34,Outside Back,Leinster Rugby,0,0,23.93,8.58,0,0,0,0,0,0,0,0,0,22.37,0,2.95,10.51,0,387,0.18,2,2,257,3,7,4,1,0,3,33,7,0,0,0,0,0,0,0,389,94,133,78,145,151,248,149,323,618,323,436,322,118,36,59,4,151,18,35,65,23,39,14,59,70,71,44,51,108,44,38,63,1,4,8,2,20,5,12,77.4,0.04,0.4,0.4,51.4,0.6,1.4,0.8,0.2,0,0.6,6.6,1.4,0,0,0,0,0,0,0,35,78,68,34,28,80,150,57,284,618,178,222,104,118,36,59,4,151,18,35,17,21,31,8,21,55,73,20,51,108,20,2,34,1,4,8,2,20,5,12,70,10.83,6.6,71.48,Squad,Consistent,363,OB #59,52
228,LF #60,MORGAN MORSE,,11,6.2,68.25,Loose Forward,Ospreys,17.43,2.33,20.81,5.25,0,0,-0.14,0,-4.35,15.89,2.67,2.3,0,6.06,0,0,0,0,485,0.14,3,0,319,2,11,4,2,9,6,85,14,0,0,0,0,1,0,0,311,190,81,267,106,203,178,149,209,130,139,133,115,118,36,59,4,23,18,35,66,41,23,50,19,36,40,30,70,21,38,58,22,40,1,1,1,6,6,1,44.09,0.01,0.27,0,29,0.18,1,0.36,0.18,0.82,0.55,7.73,1.27,0,0,0,0,0.09,0,0,443,268,138,267,122,257,214,198,319,186,214,161,152,118,36,59,4,75,18,35,89,56,30,50,19,49,45,40,88,27,46,72,18,40,1,1,1,19,6,1,70,6.23,10.6,66.04,Squad,Inconsistent,411,LF #65,45
229,SH #15,KEAGAN JOHANNES,,7,9.74,68.15,Scrum Half,Vodacom Bulls,7.61,14.29,0,13.18,0.17,20.37,0,0,0,0,12.53,0,0,0,0,0,0,0,344,0.2,2,1,118,1,7,1,1,14,1,20,3,0,3,14,1,0,0,0,435,60,133,138,304,286,248,338,323,59,478,544,500,118,18,19,1,151,18,35,36,7,14,33,29,24,18,34,23,4,25,39,45,1,2,3,1,11,2,10,49.14,0.03,0.29,0.14,16.86,0.14,1,0.14,0.14,2,0.14,2.86,0.43,0,0.43,2,0.14,0,0,0,369,109,124,154,263,298,214,370,358,12,546,602,551,118,13,11,1,151,18,35,22,9,14,34,14,28,10,32,20,1,25,29,46,1,2,2,1,11,2,10,70,7.43,7.9,58.7,Squad,Very Consistent,476,SH #16,37
230,LF #61,BEN-JASON DIXON,,16,4.26,68.09,Loose Forward,DHL Stormers,6.81,5.73,-0.35,6.08,4.54,0,4.86,0,1.72,8.05,5.66,0.54,2.65,-0.9,7.74,2.74,10.38,1.84,934,0.07,0,0,168,1,7,7,5,11,10,123,18,4,0,0,0,1,0,0,58,483,390,267,230,286,248,71,74,88,41,54,53,19,36,59,4,23,18,35,12,116,77,50,58,61,60,12,32,11,11,30,11,10,1,1,1,6,6,1,58.38,0,0,0,10.5,0.06,0.44,0.44,0.31,0.69,0.63,7.69,1.13,0.25,0,0,0,0.06,0,0,253,618,390,267,379,407,407,166,190,231,169,163,206,39,36,59,4,142,18,35,39,124,77,50,90,89,93,28,60,38,35,73,29,12,1,1,1,36,6,1,70,4.68,14.6,68.33,Squad,Consistent,382,LF #58,49
231,HK #20,RYAN ELIAS,,10,6.8,68.03,Hooker,Scarlets,0,0,0,0,0,5.49,9.37,5.75,5.89,3.57,0,0,7.46,0,10.37,5.85,6.58,7.7,606,0.11,0,0,150,0,7,1,1,2,6,81,6,0,0,0,0,0,0,0,224,309,390,267,255,412,248,338,323,442,139,151,363,118,36,59,4,151,18,35,11,54,39,15,14,30,14,21,36,32,14,17,29,19,1,1,1,9,2,1,60.6,0.01,0,0,15,0,0.7,0.1,0.1,0.2,0.6,8.1,0.6,0,0,0,0,0,0,0,219,268,390,267,294,412,312,422,418,540,178,142,457,118,36,59,4,151,18,35,2,35,39,15,12,30,13,26,45,42,12,16,30,19,1,1,1,9,2,1,69,7.49,9.7,72.65,Squad,Very Consistent,350,HK #21,53
232,LF #62,JOSH MURPHY,,15,4.53,67.92,Loose Forward,Connacht Rugby,6.82,0,0,-12.01,2.41,9.34,1.94,6.61,0.67,8.08,8.77,7.03,8.91,4.11,0.47,0,8.5,6.27,852,0.08,1,0,186,1,1,0,6,8,11,149,7,1,0,0,0,0,1,0,87,442,219,267,202,286,512,476,47,156,28,20,322,58,36,59,4,151,1,35,20,107,44,50,51,61,107,96,21,27,7,12,67,21,1,1,1,40,1,1,56.8,0.01,0.07,0,12.4,0.07,0.07,0,0.4,0.53,0.73,9.93,0.47,0.07,0,0,0,0,0.07,0,274,268,356,267,338,389,591,476,133,320,126,64,538,103,36,59,4,151,7,35,46,56,75,50,77,87,115,96,46,65,22,35,100,31,1,1,1,40,3,1,69,4.89,13.8,67.48,Squad,Inconsistent,391,LF #60,48
233,CE #41,PIERS O'CONOR,,16,4.24,67.76,Centre,Edinburgh Rugby,1.97,0,3.64,13.43,2.15,1.6,2.89,0,0.99,0,1.98,0.33,0,18.63,2.65,15.54,0,1.96,818,0.08,1,1,324,2,11,5,2,11,1,67,13,0,0,0,0,0,0,0,104,442,219,138,103,203,178,113,209,88,478,220,133,118,36,59,4,151,18,35,19,64,32,23,22,42,39,25,31,14,51,27,25,1,3,6,1,17,2,6,51.13,0.01,0.06,0.06,20.25,0.13,0.69,0.31,0.13,0.69,0.06,4.19,0.81,0,0,0,0,0,0,0,341,268,380,261,213,318,313,233,378,231,611,471,355,118,36,59,4,151,18,35,62,39,51,44,46,57,61,50,53,31,68,59,63,1,3,6,1,17,2,6,69,4.66,14.4,67.1,Squad,Inconsistent,398,CE #37,47
234,CE #42,EDDIE JAMES,,8,8.4,67.23,Centre,Scarlets,0,0,0,0,0,7.34,12.77,8.82,2.51,4.22,0,0,0,0,5.33,14.01,12.23,0,640,0.11,2,0,185,2,15,5,2,5,3,71,10,0,0,0,0,0,0,0,211,309,133,267,206,203,119,113,209,279,323,201,204,118,36,59,4,151,18,35,36,39,20,45,42,42,27,25,31,41,28,21,38,1,3,6,1,17,2,6,80,0.01,0.25,0,23.13,0.25,1.88,0.63,0.25,0.63,0.38,8.88,1.25,0,0,0,0,0,0,0,1,268,150,267,178,210,86,99,230,273,342,102,161,118,36,59,4,151,18,35,1,39,22,45,41,46,19,24,35,38,28,7,34,1,3,6,1,17,2,6,69,7.72,8.1,62.53,Squad,Very Consistent,443,CE #42,41
235,SH #16,PAUL DE WET,,12,5.57,66.82,Scrum Half,Vodacom Bulls,4.1,0,1.66,15.98,3.15,0,1.3,0,0,0,0,13.63,0.78,0,2.3,0,15.39,8.53,298,0.22,3,2,163,2,12,4,1,2,0,19,1,0,0,0,0,0,0,0,469,42,81,78,238,203,165,149,323,442,615,548,617,118,36,59,4,151,18,35,38,4,10,25,18,17,8,13,23,45,45,42,55,1,3,7,2,11,2,10,24.83,0.02,0.25,0.17,13.58,0.17,1,0.33,0.08,0.17,0,1.58,0.08,0,0,0,0,0,0,0,648,154,150,132,317,273,214,207,443,558,615,691,675,118,36,59,4,151,18,35,47,10,18,32,24,22,10,14,28,52,45,49,58,1,3,7,2,11,2,10,69,5.3,11.4,60.42,Squad,Consistent,464,SH #15,38
236,OB #56,DAVID RICHARDS,,10,6.68,66.78,Outside Back,Dragons RFC,0,0,3.54,0,17.28,-0.28,0,1.65,14.49,11.41,5.52,-1.01,0,0,0,8.4,0,5.78,698,0.1,3,0,259,4,19,0,1,8,2,51,19,0,0,0,0,0,0,0,173,354,81,267,144,118,82,476,323,156,405,317,40,118,36,59,4,151,18,35,39,74,29,59,58,60,34,89,51,55,58,17,10,1,4,8,2,20,5,12,69.8,0.01,0.3,0,25.9,0.4,1.9,0,0.1,0.8,0.2,5.1,1.9,0,0,0,0,0,0,0,117,268,115,267,151,148,84,476,418,191,486,369,34,118,36,59,4,151,18,35,51,60,43,59,79,82,44,89,75,83,71,13,17,1,4,8,2,20,5,12,69,7.1,9.6,68.16,Fringe,Average,385,OB #60,49
237,OB #57,JARED ROSSER,,7,9.52,66.63,Outside Back,Dragons RFC,13.93,0,0,0,0,0,23.8,0,0,0,0,0,13.91,-1.68,10.22,6.96,-0.51,0,489,0.14,3,1,201,7,11,1,2,6,2,16,9,0,0,0,0,0,0,0,307,190,81,138,192,46,178,338,209,231,405,573,236,118,36,59,4,151,18,35,56,52,29,30,64,32,61,77,32,67,58,68,48,1,4,8,2,20,5,12,69.86,0.02,0.43,0.14,28.71,1,1.57,0.14,0.29,0.86,0.29,2.29,1.29,0,0,0,0,0,0,0,115,154,62,154,126,18,125,370,202,176,426,642,144,118,36,59,4,151,18,35,50,37,28,38,68,14,60,81,35,79,58,78,42,1,4,8,2,20,5,12,69,9.22,7.3,67.31,Fringe,Average,394,OB #63,48
238,HK #21,DAN SHEEHAN,,6,11.08,66.45,Hooker,Leinster Rugby,0,0,0,5.26,0,0,9.56,0,12.06,0,0,0,0,17.35,0,19.45,2.77,0,286,0.23,2,2,152,3,8,1,2,6,1,35,10,0,0,0,0,0,0,0,479,35,133,78,253,151,228,338,209,231,478,418,204,118,36,59,4,151,18,35,40,10,16,1,13,2,9,21,28,10,43,44,13,19,1,1,1,9,2,1,47.67,0.04,0.33,0.33,25.33,0.5,1.33,0.17,0.33,1,0.17,5.83,1.67,0,0,0,0,0,0,0,391,78,87,46,155,101,164,339,166,116,522,295,50,118,36,59,4,151,18,35,19,14,7,2,3,1,4,20,20,1,50,36,3,19,1,1,1,9,2,1,68,8.66,7.1,61.49,Squad,Consistent,456,HK #26,39
239,HK #22,DYLAN TIERNEY-MARTIN,,11,6.02,66.26,Hooker,Connacht Rugby,10.03,0,0,2.41,4.13,0,3.29,1.73,11.06,9.47,11.46,9.88,0,0,0,2.57,0.23,0,442,0.15,3,0,100,0,3,2,3,1,6,72,10,0,0,0,0,0,0,0,352,163,81,267,341,412,393,247,151,526,139,196,204,118,36,59,4,151,18,35,27,29,9,15,25,30,28,11,19,44,14,26,13,19,1,1,1,9,2,1,40.18,0.01,0.27,0,9.09,0,0.27,0.18,0.27,0.09,0.55,6.55,0.91,0,0,0,0,0,0,0,490,268,138,267,408,412,486,329,219,604,214,226,309,118,36,59,4,151,18,35,27,35,13,15,26,30,34,17,26,54,18,32,18,19,1,1,1,9,2,1,68,6.87,10.5,72.14,Squad,Consistent,357,HK #22,53
240,HK #23,DEWI LAKE,,9,7.36,66.22,Hooker,Ospreys,11.95,11.12,10.06,-2.62,8.7,0,5.58,13.66,9.1,-1.33,0,0,0,0,0,0,0,0,529,0.13,1,0,167,1,6,0,4,5,7,109,7,0,0,0,0,2,0,0,278,221,219,267,232,286,275,476,107,279,104,83,322,118,36,59,4,7,18,35,19,38,21,15,11,16,17,32,10,17,10,12,21,19,1,1,1,2,2,1,58.78,0.01,0.11,0,18.56,0.11,0.67,0,0.44,0.56,0.78,12.11,0.78,0,0,0,0,0.22,0,0,242,268,285,267,235,339,315,476,117,307,111,20,374,118,36,59,4,11,18,35,4,35,28,15,5,17,14,32,13,14,6,3,26,19,1,1,1,1,2,1,68,7.33,8.8,64.5,Squad,Average,428,HK #25,43
241,LF #63,ROSS MORIARTY,,15,4.41,66.21,Loose Forward,Ospreys,3.01,13.23,9.2,9.45,6.29,6.63,0,6.35,0,3.38,3.58,7.62,-16.12,0,0.03,1.02,6.26,6.28,826,0.08,0,0,330,4,9,5,3,15,9,132,17,1,0,0,0,1,1,0,96,442,390,267,98,118,212,113,151,49,60,36,66,58,36,59,4,23,1,35,23,107,77,50,15,10,50,20,56,5,18,21,13,21,1,1,1,6,1,1,55.07,0.01,0,0,22,0.27,0.6,0.33,0.2,1,0.6,8.8,1.13,0.07,0,0,0,0.07,0.07,0,299,268,390,267,189,204,333,207,284,116,178,106,206,103,36,59,4,114,7,35,57,56,77,50,34,30,77,42,80,12,38,54,29,31,1,1,1,27,3,1,68,4.8,13.8,66.24,Squad,Boom/Bust,406,LF #64,46
242,PR #2,NTUTHUKO MCHUNU,"Something happened around Round 14 and Mchunu started bulldozing his way in for tries. 4 in a 3 game span towards the end of the season. His totals aren't high themselves, but for a prop under 25/26 scoring, he could have made the difference in quite a few matchups.",11,6.01,66.16,Prop,DHL Stormers,0,0,0,0,0,0,0.02,0,3.94,1.71,-1.09,0.83,2.29,12.09,9.45,14.31,14.34,8.27,560,0.12,5,2,179,2,20,2,0,5,11,47,7,0,0,0,0,1,0,0,256,258,27,78,212,203,73,247,480,279,28,341,322,118,36,59,4,23,18,35,17,3,1,1,2,3,1,8,67,6,16,59,29,5,1,1,1,4,2,1,50.91,0.01,0.45,0.18,16.27,0.18,1.82,0.18,0,0.45,1,4.27,0.64,0,0,0,0,0.09,0,0,344,268,55,125,272,257,90,329,480,378,32,463,440,118,36,59,4,75,18,35,13,14,1,4,1,6,1,18,67,7,20,92,43,5,1,1,1,12,2,1,68,16.05,12.8,205.44,Elite,Very Consistent,7,PR #2,99
243,LK #15,JD SCHICKERLING,,14,4.71,65.89,Lock,DHL Stormers,2.56,6.71,4.52,5.05,2.26,4.33,1.92,0,1.85,6.62,4.29,12.78,3.27,2.66,7.07,0,0,0,885,0.07,1,0,76,1,4,3,1,6,4,88,5,2,0,0,0,0,0,0,73,483,219,267,386,286,349,199,323,231,249,126,404,36,36,59,4,151,18,35,8,53,15,15,29,14,20,20,40,22,38,28,45,23,1,1,1,27,4,1,63.21,0.01,0.07,0,5.43,0.07,0.29,0.21,0.07,0.43,0.29,6.29,0.36,0.14,0,0,0,0,0,0,188,268,356,267,509,389,479,296,460,389,426,249,577,63,36,59,4,151,18,35,25,27,31,15,45,33,42,32,58,45,67,59,67,36,1,1,1,27,4,1,68,9.23,12.9,119.07,Good,Very Consistent,118,LK #15,84
244,HK #24,ROB HERRING,,12,5.49,65.87,Hooker,Ulster Rugby,4.22,0,6.88,1.17,7.86,6.89,0,0,3.02,2.2,9.93,1.02,3.21,19.68,0,0,0,-0.21,503,0.13,2,1,106,2,8,0,3,1,4,64,11,0,0,0,0,1,0,0,294,221,133,138,328,203,228,476,151,526,249,237,171,118,36,59,4,23,18,35,22,38,16,2,23,6,9,32,19,44,22,31,10,19,1,1,1,3,2,1,41.92,0.01,0.17,0.08,8.83,0.17,0.67,0,0.25,0.08,0.33,5.33,0.92,0,0,0,0,0.08,0,0,471,268,213,228,416,273,315,476,230,608,373,343,302,118,36,59,4,87,18,35,25,35,22,10,27,11,14,32,29,57,31,42,16,19,1,1,1,6,2,1,68,5.94,11.3,67.12,Squad,Inconsistent,397,HK #23,47
245,FH #26,JORDAN HENDRIKSE,,10,6.56,65.63,Fly Half,Hollywoodbets Sharks,0,0,0,1.76,1.96,3.32,6.69,0,5.44,18.58,11.89,4.85,8.66,2.48,0,0,0,0,704,0.09,0,1,202,0,14,9,0,15,9,46,9,0,3,16,0,1,0,0,169,399,390,138,191,412,135,44,480,49,60,347,236,118,18,15,4,23,18,35,18,34,24,24,23,34,15,5,26,9,1,25,27,2,14,11,2,2,2,10,70.4,0.01,0,0.1,20.2,0,1.4,0.9,0,1.5,0.9,4.6,0.9,0,0.3,1.6,0,0.1,0,0,110,268,390,200,214,412,150,46,480,44,81,428,313,118,22,14,4,65,18,35,10,22,24,25,19,34,12,5,26,7,1,25,32,2,17,10,2,5,2,10,68,6.68,9.8,65.46,Fringe,Average,416,FH #28,45
246,LK #16,ETIENNE OOSTHUIZEN,,13,5.04,65.49,Lock,Lions,0,4.1,6.83,1.25,10.72,10.92,2.02,0,12.83,-3.71,1.2,8.34,0,3.3,3.07,0,4.62,0,759,0.09,2,0,106,0,9,12,11,10,6,78,15,0,0,0,0,1,0,0,133,399,133,267,328,412,212,18,11,114,139,167,92,118,36,59,4,23,18,35,19,30,5,15,19,39,4,2,1,2,25,37,8,56,1,1,1,5,4,1,58.38,0.01,0.15,0,8.15,0,0.69,0.92,0.85,0.77,0.46,6,1.15,0,0,0,0,0.08,0,0,253,268,230,267,430,412,313,44,33,205,278,268,195,118,36,59,4,87,18,35,36,27,14,15,26,39,11,6,3,14,43,64,17,56,1,1,1,15,4,1,67,9.68,12.1,117.13,Good,Consistent,122,LK #16,84
247,LF #64,JACK CONAN,,5,12.86,64.31,Loose Forward,Leinster Rugby,0,0,0,0,0,0,16.8,0,10.86,0,0,0,6.83,0,0,3.04,0,26.78,366,0.18,0,1,161,3,10,5,1,2,1,47,2,0,0,0,0,0,0,0,412,94,390,138,241,151,194,113,323,442,478,341,556,118,36,59,4,151,18,35,84,15,77,23,60,21,43,20,86,95,90,87,99,40,1,1,1,40,6,1,73.2,0.04,0,0.2,32.2,0.6,2,1,0.2,0.4,0.2,9.4,0.4,0,0,0,0,0,0,0,81,78,390,108,94,80,66,27,284,406,486,80,564,118,36,59,4,151,18,35,9,11,77,17,13,4,13,8,80,84,95,45,103,40,1,1,1,40,6,1,67,9.05,7.4,66.97,Squad,Consistent,399,LF #62,47
248,LK #17,GRANT GILCHRIST,,11,5.84,64.2,Lock,Edinburgh Rugby,7.01,0,0,5.16,6.15,3.43,13.66,1.67,0,4.16,0,0,0,-1.81,6.67,11.17,6.93,0,821,0.08,1,1,51,1,1,1,5,10,10,125,5,1,0,0,0,0,0,0,100,442,219,138,458,286,512,338,74,114,41,47,404,58,36,59,4,151,18,35,14,43,15,3,45,14,55,35,10,2,6,12,45,33,1,1,1,27,4,1,74.64,0.01,0.09,0.09,4.64,0.09,0.09,0.09,0.45,0.91,0.91,11.36,0.45,0.09,0,0,0,0,0,0,63,268,311,212,546,356,575,428,112,166,77,33,540,87,36,59,4,151,18,35,5,27,23,6,56,24,63,46,17,9,14,9,62,43,1,1,1,27,4,1,67,10.76,10.5,112.98,Good,Very Consistent,129,LK #18,83
249,OB #58,HARRY PATERSON,,9,7.11,63.96,Outside Back,Edinburgh Rugby,1.28,0,0.33,0,0,9.38,0,0,0,13.42,1.54,16.25,9.18,0,0,0,9.24,3.34,567,0.11,2,1,423,4,15,7,1,13,4,22,16,0,0,0,0,1,0,0,249,309,133,138,57,118,119,71,323,71,249,517,76,118,36,59,4,23,18,35,50,69,39,30,35,60,49,24,51,35,30,58,20,1,4,8,2,3,5,12,63,0.01,0.22,0.11,47,0.44,1.67,0.78,0.11,1.44,0.44,2.44,1.78,0,0,0,0,0.11,0,0,192,268,173,186,36,129,113,64,404,55,293,634,47,118,36,59,4,54,18,35,74,60,51,42,28,78,53,23,73,33,35,74,22,1,4,8,2,9,5,12,67,7.53,8.7,65.51,Fringe,Average,415,OB #66,45
250,LF #65,MACENZZIE DUNCAN,,12,5.31,63.74,Loose Forward,Glasgow Warriors,0,19.07,0.56,4.51,0.53,2.88,0,0,6.47,0,0.66,1.65,18.22,6.64,0,0,-0.01,2.56,582,0.11,2,0,195,3,7,2,1,4,5,98,18,1,0,0,0,0,0,0,236,309,133,267,199,151,248,247,323,326,187,97,53,58,36,59,4,151,18,35,49,74,34,50,50,21,60,53,86,68,51,47,11,21,1,1,1,40,6,1,48.5,0.01,0.17,0,16.25,0.25,0.58,0.17,0.08,0.33,0.42,8.17,1.5,0.08,0,0,0,0,0,0,377,268,213,267,273,210,340,339,443,451,317,137,74,93,36,59,4,151,18,35,78,56,44,50,64,32,79,72,100,96,66,65,5,29,1,1,1,40,6,1,67,5.52,11.4,62.93,Squad,Inconsistent,440,LF #67,42
251,LF #66,JAROD CAIRNS,,9,7.08,63.69,Loose Forward,Lions,9.1,0,-1.1,1.64,17.43,11.03,4.7,0,6.43,4.89,9.57,0,0,0,0,0,0,0,510,0.12,1,1,96,4,8,3,4,5,4,88,9,0,0,0,0,0,0,0,291,258,219,138,353,118,228,199,107,279,249,126,236,118,36,59,4,151,18,35,60,59,44,23,84,10,55,43,43,56,63,57,44,40,1,1,1,40,6,1,56.67,0.01,0.11,0.11,10.67,0.44,0.89,0.33,0.44,0.56,0.44,9.78,1,0,0,0,0,0,0,0,278,268,285,186,372,129,271,207,117,307,293,70,234,118,36,59,4,151,18,35,47,56,53,30,88,11,62,42,41,61,62,39,36,40,1,1,1,40,6,1,67,6.89,9,62.01,Squad,Consistent,453,LF #69,40
252,LF #67,LORENZO CANNONE,,10,6.32,63.24,Loose Forward,Benetton Rugby,6.79,0.86,9.58,0,8.16,0,2.34,0,0,3.84,0,0,0,0,5.44,15.36,8.46,2.41,584,0.11,0,0,201,2,10,2,7,5,4,78,8,0,0,0,0,0,0,0,235,309,390,267,192,203,194,247,32,279,249,167,278,118,36,59,4,151,18,35,48,74,77,50,47,36,43,53,16,56,63,66,55,40,1,1,1,40,6,1,58.4,0.01,0,0,20.1,0.2,1,0.2,0.7,0.5,0.4,7.8,0.8,0,0,0,0,0,0,0,251,268,390,267,216,237,214,303,47,324,320,158,359,118,36,59,4,151,18,35,38,56,77,50,46,39,45,60,21,66,67,71,63,40,1,1,1,40,6,1,67,6.33,9.8,62.03,Squad,Consistent,450,LF #68,40
253,HK #25,DIARMUID BARRON,,14,4.51,63.19,Hooker,Munster Rugby,0,12.04,5.71,4.21,0,2.6,0,3.73,10.34,6.12,7.51,0,3.73,3.74,8.39,3.84,-13.1,4.33,666,0.09,1,1,107,0,5,1,3,6,4,113,14,0,0,0,0,0,1,0,190,399,219,138,326,412,308,338,151,231,249,72,115,118,36,59,4,151,1,35,7,62,21,2,22,30,19,21,19,10,22,10,4,19,1,1,1,9,1,1,47.57,0.01,0.07,0.07,7.64,0,0.36,0.07,0.21,0.43,0.29,8.07,1,0,0,0,0,0,0.07,0,393,268,356,244,445,412,443,460,280,389,426,143,234,118,36,59,4,151,7,35,20,35,36,12,38,30,29,31,34,22,34,17,12,19,1,1,1,9,1,1,66,5.16,12.9,66.56,Squad,Boom/Bust,405,HK #24,46
254,LF #68,TAULUPE FALETAU,,7,8.91,62.37,Loose Forward,Cardiff Rugby,0,0,0,12.9,1.26,0,9.78,8.77,13.39,0,0,0,6.08,10.19,0,0,0,0,227,0.27,2,1,208,1,10,3,0,2,1,39,2,0,0,0,0,0,0,0,520,22,133,138,182,286,194,199,480,442,478,388,556,118,36,59,4,151,18,35,98,3,34,23,44,61,43,43,104,95,90,91,99,40,1,1,1,40,6,1,32.43,0.04,0.29,0.14,29.71,0.14,1.43,0.43,0,0.29,0.14,5.57,0.29,0,0,0,0,0,0,0,589,78,124,154,118,298,147,175,480,491,546,328,616,118,36,59,4,151,18,35,112,11,25,22,16,63,28,34,104,106,106,102,115,40,1,1,1,40,6,1,66,7.83,7.9,61.86,Squad,Very Consistent,454,LF #70,40
255,FH #27,MARTIN ROGER,,14,4.45,62.34,Fly Half,Zebre Parma,4.33,2.77,-2.04,0,-0.84,8.33,0,0,10.01,4.3,10.7,2.43,2.4,10.31,0,0,6.73,2.91,723,0.09,0,1,221,2,4,5,0,15,4,73,15,0,3,9,0,0,0,0,156,399,390,138,175,203,349,113,480,49,249,192,92,118,18,26,4,151,18,35,16,34,24,24,21,22,33,16,26,9,10,11,18,2,14,20,2,11,2,10,51.64,0.01,0,0.07,15.79,0.14,0.29,0.36,0,1.07,0.29,5.21,1.07,0,0.21,0.64,0,0,0,0,333,268,390,244,282,298,479,198,480,111,426,357,226,118,24,33,4,151,18,35,27,22,24,28,25,25,37,18,26,14,15,18,26,2,19,27,2,11,2,10,66,4.99,13,64.87,Fringe,Average,423,FH #29,44
256,OB #59,MALIK FAISSAL,,6,10.38,62.25,Outside Back,Zebre Parma,0,0,0,0,0,0,0.33,13.49,0,0,0,0,0,0,16.91,8.52,11.18,11.82,407,0.15,2,1,201,3,12,2,2,5,0,30,5,0,0,0,0,0,0,0,375,163,133,138,192,151,165,247,209,279,615,462,404,118,36,59,4,151,18,35,63,44,39,30,64,70,57,61,32,72,90,44,77,1,4,8,2,20,5,12,67.83,0.03,0.33,0.17,33.5,0.5,2,0.33,0.33,0.83,0,5,0.83,0,0,0,0,0,0,0,137,109,87,132,86,101,66,207,166,183,615,373,336,118,36,59,4,151,18,35,59,30,35,30,57,67,38,62,27,81,90,14,80,1,4,8,2,20,5,12,66,9.59,6.9,66.17,Fringe,Very Consistent,409,OB #65,46
257,LK #18,JOE MCCARTHY,"McCarthy only played 5 games but was actually the top scoring lock by points-per-game with an impressive 12.44 - if you had the bench capacity to hold onto him for the weeks he did start, that's a nice little boost from a low-scoring position.",5,12.44,62.21,Lock,Leinster Rugby,0,0,0,0,0,0,6.05,10.15,-1.19,0,0,0,0,11.62,0,0,0,35.58,315,0.2,3,0,111,1,9,4,4,5,2,62,1,1,0,0,0,1,0,0,462,60,81,267,320,286,212,149,107,279,405,247,617,58,36,59,4,23,18,35,63,2,2,15,18,14,4,12,16,29,61,50,76,33,1,1,1,5,4,1,63,0.04,0.6,0,22.2,0.2,1.8,0.8,0.8,1,0.4,12.4,0.2,0.2,0,0,0,0.2,0,0,192,78,26,267,187,237,94,57,38,116,320,14,648,49,36,59,4,13,18,35,26,8,1,15,2,8,1,7,4,5,48,4,78,31,1,1,1,1,4,1,66,12.17,7.2,87.62,Squad,Average,247,LK #41,67
258,LK #19,DARRAGH MURRAY,,13,4.77,62.02,Lock,Connacht Rugby,0,0,7.57,4.41,6.31,2.93,2.93,-0.28,0.89,1.7,0,0,3.91,4.37,6.73,8.96,11.59,0,849,0.07,0,0,64,1,4,4,3,6,2,134,20,6,0,0,0,1,0,0,90,483,390,267,418,286,349,149,151,231,405,34,32,9,36,59,4,23,18,35,10,53,42,15,35,14,20,12,18,22,61,10,3,3,1,1,1,5,4,1,65.31,0.01,0,0,4.92,0.08,0.31,0.31,0.23,0.46,0.15,10.31,1.54,0.46,0,0,0,0.08,0,0,167,268,390,267,534,366,470,233,264,374,542,55,72,16,36,59,4,87,18,35,19,27,42,15,51,27,37,21,35,42,75,14,5,9,1,1,1,15,4,1,66,9.31,12.1,112.65,Good,Very Consistent,130,LK #19,83
259,CE #43,EVARDI BOSHOFF,,9,6.82,61.4,Centre,Ospreys,0,0,0,0,0.29,26.78,1.27,0,0,0,0,5.62,2.04,8.09,11.42,0,-0.84,6.73,435,0.14,1,1,180,4,10,8,1,2,4,55,13,0,0,0,0,0,0,0,360,190,219,138,211,118,194,56,323,442,249,287,133,118,36,59,4,151,18,35,47,21,32,23,43,27,43,17,46,61,15,34,25,1,3,6,1,17,2,6,48.33,0.02,0.11,0.11,20,0.44,1.11,0.89,0.11,0.22,0.44,6.11,1.44,0,0,0,0,0,0,0,379,154,285,186,217,129,206,49,404,534,293,264,95,118,36,59,4,151,18,35,63,20,41,33,47,24,45,11,56,74,19,32,20,1,3,6,1,17,2,6,66,6.71,8.8,59.05,Squad,Inconsistent,471,CE #44,37
260,LK #20,RUBEN VAN HEERDEN,,13,4.69,61.02,Lock,DHL Stormers,1.56,2.95,10.64,8.41,2.45,0,6.33,0,1.53,2.72,-0.19,0,0,0,2.72,7.87,8.45,5.58,594,0.1,1,0,134,0,4,1,0,4,3,94,4,3,0,0,0,1,0,0,229,354,219,267,278,412,349,338,480,326,323,110,459,27,36,59,4,23,18,35,34,23,15,15,9,39,20,35,62,39,49,25,58,16,1,1,1,5,4,1,45.69,0.01,0.08,0,10.31,0,0.31,0.08,0,0.31,0.23,7.23,0.31,0.23,0,0,0,0.08,0,0,421,268,328,267,384,412,470,438,480,477,475,180,609,45,36,59,4,87,18,35,62,27,26,15,17,39,37,49,62,63,71,47,72,30,1,1,1,15,4,1,66,11.21,12.1,135.64,Good,Very Consistent,79,LK #10,90
261,LK #21,DARRIEN-LANE LANDSBERG,,15,4.07,60.99,Lock,Lions,0,0.99,5.41,-3.31,3.86,0.53,0.45,0,0,3.28,6.73,3.27,9.47,0,7.44,6.73,2.22,13.92,593,0.1,1,2,125,2,6,9,2,6,6,78,19,0,0,0,0,1,0,0,230,354,219,78,290,203,275,44,209,231,139,167,40,118,36,59,4,23,18,35,35,23,15,1,13,2,12,3,22,22,25,37,4,56,1,1,1,5,4,1,39.53,0.01,0.07,0.13,8.33,0.13,0.4,0.6,0.13,0.4,0.4,5.2,1.27,0,0,0,0,0.07,0,0,500,268,356,172,424,318,426,104,378,406,320,358,152,118,36,59,4,114,18,35,70,27,31,4,25,18,30,8,46,50,48,73,14,56,1,1,1,21,4,1,65,8.37,13.7,114.67,Good,Average,125,LK #17,83
262,OB #60,DAMIAN WILLEMSE,,12,5.07,60.89,Outside Back,DHL Stormers,0,0,9.89,0.24,3.01,0,0,0,2.36,18.39,-1.6,0,4.58,12.13,2.9,0.57,5.36,3.06,937,0.06,2,0,359,2,13,3,5,23,9,78,17,0,0,1,0,0,0,0,57,526,133,267,84,203,150,199,74,6,60,167,66,118,36,50,4,151,18,35,17,100,39,59,47,82,56,51,8,4,2,4,16,1,4,5,2,20,5,12,78.08,0.01,0.17,0,29.92,0.17,1.08,0.25,0.42,1.92,0.75,6.5,1.42,0,0,0.08,0,0,0,0,30,268,213,267,114,273,210,262,130,18,118,230,103,118,36,55,4,151,18,35,15,60,60,59,63,96,80,71,19,13,10,3,33,1,4,6,2,20,5,12,65,5.82,11.2,65.18,Fringe,Inconsistent,422,OB #67,44
263,HK #26,MORNE BRANDON,,12,5.05,60.62,Hooker,Lions,2.23,10.41,0.76,12.9,6.96,8.59,0,0,1.99,5.49,1.5,0,0,1.73,0,4.04,0,4.02,277,0.22,4,0,139,1,4,0,2,3,3,34,2,0,0,0,0,0,0,0,483,42,49,267,271,286,349,476,209,385,323,427,556,118,36,59,4,151,18,35,41,13,6,15,15,16,24,32,28,28,31,46,48,19,1,1,1,9,2,1,23.08,0.02,0.33,0,11.58,0.08,0.33,0,0.17,0.25,0.25,2.83,0.17,0,0,0,0,0,0,0,663,154,87,267,349,366,450,476,334,513,449,604,661,118,36,59,4,151,18,35,53,23,7,15,18,22,30,32,39,36,38,61,58,19,1,1,1,9,2,1,65,5.09,11.3,57.52,Squad,Average,485,HK #27,35
264,HK #27,OLI BURROWS,,11,5.46,60.1,Hooker,Dragons RFC,0,1.23,9.51,0,8.16,5.54,8.45,0,15.86,0.29,0.54,4.22,0,0,6.3,0,0,0,300,0.2,3,0,57,0,1,0,4,2,0,65,5,0,0,0,0,0,0,0,468,60,81,267,442,412,512,476,107,442,615,232,404,118,36,59,4,151,18,35,39,17,9,15,41,30,40,32,10,32,57,30,35,19,1,1,1,9,2,1,27.27,0.02,0.27,0,5.18,0,0.09,0,0.36,0.18,0,5.91,0.45,0,0,0,0,0,0,0,628,154,138,267,520,412,575,476,159,553,615,287,540,118,36,59,4,151,18,35,49,23,13,15,50,30,43,32,18,47,57,35,44,19,1,1,1,9,2,1,65,5.42,10.5,56.91,Squad,Average,494,HK #28,34
265,OB #61,WARRICK GELANT,"Oh dear. Gelant was super-hyped prior to the season thanks to a stellar 2024-25 campaign. He did see the field a decent amount eventually, but generated almost nothing to show for it fantasy points wise. The real-world production wasn't really there either - maybe at 31+ years old he has reached the dropping off point.",11,5.45,59.93,Outside Back,DHL Stormers,0,0,0,13.2,10.58,5.16,4.07,0,3.73,2.4,3.08,1.33,0,18.33,-1.42,0,-0.53,0,823,0.07,1,2,280,3,17,7,3,17,2,21,14,0,0,0,0,0,0,0,97,483,219,78,131,151,99,71,151,33,405,533,115,118,36,59,4,151,18,35,29,96,58,14,54,70,40,24,24,21,58,66,24,1,4,8,2,20,5,12,74.82,0.01,0.09,0.18,25.45,0.27,1.55,0.64,0.27,1.55,0.18,1.91,1.27,0,0,0,0,0,0,0,58,268,311,125,153,204,132,96,219,40,516,673,152,118,36,59,4,151,18,35,32,60,77,27,80,91,65,35,38,26,77,87,45,1,4,8,2,20,5,12,65,6.12,10.4,63.65,Fringe,Inconsistent,436,OB #70,42
266,HK #28,NICHOLAS GASPERINI,,12,4.95,59.43,Hooker,Benetton Rugby,0,2.49,0,1.37,0,0,15.81,5.91,4.32,0,0,2,5.02,0.91,2.54,12.1,5.72,1.24,357,0.17,3,0,100,1,2,2,2,6,3,66,11,0,0,0,0,0,0,0,425,121,81,267,341,286,450,247,209,231,323,227,171,118,36,59,4,151,18,35,32,24,9,15,25,16,34,11,28,10,31,29,10,19,1,1,1,9,2,1,29.75,0.01,0.25,0,8.33,0.08,0.17,0.17,0.17,0.5,0.25,5.5,0.92,0,0,0,0,0,0,0,614,268,150,267,424,366,530,339,334,324,449,332,302,118,36,59,4,151,18,35,48,35,17,15,30,22,39,20,39,16,38,40,16,19,1,1,1,9,2,1,65,5.01,11.3,56.61,Squad,Average,497,HK #29,34
267,LK #22,SEB DAVIES,,12,4.92,58.99,Lock,Dragons RFC,0,0,7.11,5.15,0,0.47,0,0,0,1.56,7.83,8.63,12.55,5.25,5.5,-1.67,2.59,4.02,726,0.08,1,0,59,1,4,1,2,5,6,108,13,1,0,0,0,0,0,0,154,442,219,267,435,286,349,338,209,279,139,85,133,58,36,59,4,151,18,35,26,43,15,15,41,14,20,35,22,29,25,22,12,33,1,1,1,27,4,1,60.5,0.01,0.08,0,4.92,0.08,0.33,0.08,0.17,0.42,0.5,9,1.08,0.08,0,0,0,0,0,0,220,268,328,267,534,366,450,438,334,401,232,92,223,93,36,59,4,151,18,35,33,27,26,15,51,27,34,49,39,48,37,23,20,46,1,1,1,27,4,1,65,9.52,11.3,107.58,Good,Consistent,153,LK #24,80
268,HK #29,JJ KOTZE,,13,4.54,58.97,Hooker,DHL Stormers,-0.17,4.97,8.45,13.98,0.62,6.88,0,0,0,0.95,3.51,2.7,6.29,3.11,0,3.06,0,4.62,469,0.13,0,0,100,1,7,1,4,8,3,49,6,1,0,0,0,0,0,0,325,221,390,267,341,286,248,338,107,156,323,331,363,58,36,59,4,151,18,35,25,38,39,15,25,16,14,21,10,3,31,41,29,6,1,1,1,9,2,1,36.08,0.01,0,0,7.69,0.08,0.54,0.08,0.31,0.62,0.23,3.77,0.46,0.08,0,0,0,0,0,0,542,268,390,267,444,366,352,438,190,276,475,518,539,93,36,59,4,151,18,35,33,35,39,15,37,22,19,29,21,11,42,59,43,17,1,1,1,9,2,1,64,6.68,12.1,80.83,Good,Average,294,HK #15,61
269,CE #44,OWEN WATKIN,,10,5.89,58.94,Centre,Ospreys,0,0,0,0,0,0,2.5,9.46,3.42,6.85,0,14.74,11.84,0,3.34,-3.16,6.08,3.87,721,0.08,1,1,85,3,13,4,5,9,1,93,11,0,0,0,0,1,0,0,157,442,219,138,372,151,150,149,74,130,478,113,171,118,36,59,4,23,18,35,28,64,32,23,58,34,33,33,12,20,51,10,33,1,3,6,1,4,2,6,72.1,0.01,0.1,0.1,8.5,0.3,1.3,0.4,0.5,0.9,0.1,9.3,1.1,0,0,0,0,0.1,0,0,95,268,298,200,419,192,173,184,83,169,578,85,217,118,36,59,4,65,18,35,23,39,43,36,77,42,36,42,12,20,63,3,48,1,3,6,1,6,2,6,64,5.98,9.6,57.41,Squad,Consistent,490,CE #45,35
270,PR #3,ASENATHI NTLABAKANYE,,13,4.53,58.93,Prop,Lions,2.59,1.78,13.1,3.41,0.91,0,1.51,0,0.4,8.61,6.81,0,3.22,0,6.41,3.93,6.25,0,734,0.08,1,2,98,1,10,1,1,4,7,136,9,0,0,0,0,1,0,0,148,442,219,78,346,286,194,338,323,326,104,30,236,118,36,59,4,23,18,35,5,12,14,1,7,7,4,18,34,10,40,1,19,5,1,1,1,4,2,1,56.46,0.01,0.08,0.15,7.54,0.08,0.77,0.08,0.08,0.31,0.54,10.46,0.69,0,0,0,0,0.08,0,0,284,268,328,150,448,366,292,438,443,477,221,52,416,118,36,59,4,87,18,35,5,14,28,7,14,16,9,45,59,22,84,2,37,5,1,1,1,16,2,1,64,0,12,0,Fringe,Very Consistent,752,PR #134,0
271,LK #23,RUAN NORTJE,,9,6.49,58.43,Lock,Vodacom Bulls,0,0,0,0,6.99,0,0,0,7.08,3.45,0,3.19,7.3,-7.92,12.19,11,0,15.15,668,0.09,1,0,112,2,5,2,5,8,9,91,16,3,0,0,0,1,0,0,186,399,219,267,318,203,308,247,74,156,60,117,76,27,36,59,4,23,18,35,30,30,15,15,17,2,15,25,10,10,10,26,5,16,1,1,1,5,4,1,74.22,0.01,0.11,0,12.44,0.22,0.56,0.22,0.56,0.89,1,10.11,1.78,0.33,0,0,0,0.11,0,0,67,268,285,267,337,228,346,293,72,170,32,58,47,22,36,59,4,54,18,35,8,27,20,15,12,7,16,31,8,10,4,17,1,14,1,1,1,11,4,1,64,11.43,8.9,101.73,Good,Average,185,LK #32,75
272,LF #69,GIACOMO FERRARI,,10,5.84,58.37,Loose Forward,Zebre Parma,0,4.13,0,0,5.36,-0.55,21.34,-4.13,0,0,14.52,6.51,5.82,2.49,2.88,0,0,0,500,0.12,1,0,164,3,8,0,2,4,4,84,9,1,0,0,0,1,0,0,300,258,219,267,235,151,228,476,209,326,249,140,236,58,36,59,4,23,18,35,64,59,44,50,59,21,55,96,70,68,63,59,44,21,1,1,1,6,6,1,50,0.01,0.1,0,16.4,0.3,0.8,0,0.2,0.4,0.4,8.4,0.9,0.1,0,0,0,0.1,0,0,359,268,298,267,270,192,289,476,284,406,320,129,313,81,36,59,4,65,18,35,72,56,58,50,63,28,69,96,80,84,67,61,51,24,1,1,1,16,6,1,64,5.94,9.8,58.21,Squad,Inconsistent,478,LF #71,36
273,LK #24,GEORGE NOTT,,15,3.88,58.19,Lock,Cardiff Rugby,0,0,7.66,4.47,3.02,6.48,3.68,0,5.08,4.9,4.53,7.87,0.66,0,3.23,0.99,2.05,3.57,845,0.07,0,0,62,0,1,6,0,7,5,123,8,2,0,0,0,0,0,0,91,483,390,267,426,412,512,90,480,192,187,54,278,36,36,59,4,151,18,35,11,53,42,15,38,39,55,5,62,16,32,13,30,23,1,1,1,27,4,1,56.33,0,0,0,4.13,0,0.07,0.4,0,0.47,0.33,8.2,0.53,0.13,0,0,0,0,0,0,287,618,390,267,565,412,591,184,480,372,373,136,494,70,36,59,4,151,18,35,40,78,42,15,64,39,68,14,62,41,57,34,55,39,1,1,1,27,4,1,64,8.11,13.7,111.11,Good,Very Consistent,133,LK #21,82
274,FH #28,JEAN SMITH,,10,5.78,57.75,Fly Half,Hollywoodbets Sharks,-0.42,8.68,6.7,0,11.52,0,0,0,0,0,0,0,3,0,9.01,8.1,7.4,3.76,424,0.14,0,0,121,3,5,3,0,11,1,25,8,0,2,16,0,0,0,0,364,190,390,267,299,151,308,199,480,88,478,495,278,118,24,15,4,151,18,35,29,21,24,32,30,18,29,21,26,17,25,34,31,2,18,11,2,11,2,10,42.4,0.01,0,0,12.1,0.3,0.5,0.3,0,1.1,0.1,2.5,0.8,0,0.2,1.6,0,0,0,0,462,268,390,267,342,192,359,240,480,106,578,624,359,118,26,14,4,151,18,35,31,22,24,32,31,18,28,26,26,12,27,37,36,2,20,10,2,11,2,10,64,6.05,9.8,59.29,Fringe,Very Consistent,470,FH #31,38
275,LK #25,MATTEO CANALI,,12,4.79,57.53,Lock,Zebre Parma,4.92,0,4.55,0,0,0,2.48,0,8.14,0,5.36,9.09,4.56,-0.17,5.33,7.95,2.66,2.66,728,0.08,0,0,68,0,4,1,6,4,7,131,14,1,0,0,0,0,0,0,151,442,390,267,401,412,349,338,47,326,104,38,115,58,36,59,4,151,18,35,24,43,42,15,32,39,20,35,7,39,18,11,11,33,1,1,1,27,4,1,60.67,0.01,0,0,5.67,0,0.33,0.08,0.5,0.33,0.58,10.92,1.17,0.08,0,0,0,0,0,0,218,268,390,267,499,412,450,438,83,451,192,43,189,93,36,59,4,151,18,35,32,27,42,15,42,39,34,49,10,58,27,11,16,46,1,1,1,27,4,1,64,9.34,11.3,105.54,Good,Very Consistent,164,LK #26,78
276,LK #26,JEAN KLEYN,,14,4.1,57.42,Lock,Munster Rugby,3.69,4.18,-0.03,4.92,6.74,0,3.34,-0.82,4.65,3,0,5.5,4.3,6.61,11.43,-0.09,0,0,760,0.08,1,0,133,0,3,1,1,9,7,139,9,1,0,0,0,0,0,0,131,442,219,267,279,412,393,338,323,130,104,29,236,58,36,59,4,151,18,35,17,43,15,15,10,39,29,35,40,6,18,9,23,33,1,1,1,27,4,1,54.29,0.01,0.07,0,9.5,0,0.21,0.07,0.07,0.64,0.5,9.93,0.64,0.07,0,0,0,0,0,0,306,268,356,267,396,412,514,460,460,266,232,64,440,103,36,59,4,151,18,35,42,27,31,15,19,39,48,56,58,24,37,19,50,52,1,1,1,27,4,1,63,8.41,12.9,108.49,Good,Consistent,145,LK #22,81
277,LK #27,RUAN VERMAAK,,10,5.73,57.32,Lock,Vodacom Bulls,0,0,0,0,0,0,0,0,1.13,2.59,8.55,4.16,7.09,7.22,0.5,12.07,11.28,2.73,473,0.12,2,2,100,2,3,1,0,1,3,49,7,2,0,0,0,0,0,0,320,258,133,78,341,203,393,338,480,526,323,331,322,36,36,59,4,151,18,35,44,11,5,1,22,2,29,35,62,67,49,61,35,23,1,1,1,27,4,1,47.3,0.01,0.2,0.2,10,0.2,0.3,0.1,0,0.1,0.3,4.9,0.7,0.2,0,0,0,0,0,0,401,268,182,108,389,237,477,422,480,598,416,395,414,49,36,59,4,151,18,35,58,27,7,2,18,8,40,45,62,76,64,77,44,31,1,1,1,27,4,1,63,10.61,9.7,102.92,Good,Very Consistent,180,LK #31,76
278,HK #30,HARRI MORRIS,,7,8.15,57.05,Hooker,Edinburgh Rugby,0,0,0,0,0,14.05,4.09,7.84,4.44,15.08,4.01,7.54,0,0,0,0,0,0,410,0.14,1,0,65,0,3,0,2,2,4,90,9,0,0,0,0,0,0,0,372,190,219,267,415,412,393,476,209,442,249,121,236,118,36,59,4,151,18,35,31,34,21,15,38,30,28,32,28,32,22,16,16,19,1,1,1,9,2,1,58.57,0.02,0.14,0,9.29,0,0.43,0,0.29,0.29,0.57,12.86,1.29,0,0,0,0,0,0,0,246,154,239,267,400,412,412,476,202,491,196,10,144,118,36,59,4,151,18,35,5,23,23,15,24,30,27,32,23,33,14,1,8,19,1,1,1,9,2,1,63,6.93,7.5,51.98,Squad,Consistent,526,HK #32,30
279,LK #28,BRIAN DEENY,,16,3.55,56.76,Lock,Leinster Rugby,9.14,0.34,2.96,-0.19,8.48,5.63,2.46,0,10.63,0.99,8.6,5.85,-4.05,-3.18,4.31,3.54,1.25,0,943,0.06,1,0,97,2,2,4,5,8,7,172,22,0,0,0,0,2,0,0,53,526,219,267,349,203,450,149,74,156,104,10,19,118,36,59,4,7,18,35,6,63,15,15,24,2,41,12,10,10,18,4,2,56,1,1,1,2,4,1,58.94,0,0.06,0,6.06,0.13,0.13,0.25,0.31,0.5,0.44,10.75,1.38,0,0,0,0,0.13,0,0,240,618,380,267,485,318,553,262,190,324,293,46,113,118,36,59,4,44,18,35,34,78,40,15,38,18,58,26,28,30,45,12,10,56,1,1,1,9,4,1,63,7.67,14.5,111.22,Good,Average,131,LK #20,83
280,OB #62,SHANE JENNINGS,,8,7.05,56.41,Outside Back,Connacht Rugby,0,0,0,0,0,0,0,0,0,6.47,13.44,3.05,5.17,7.46,0,3.92,9.32,7.58,640,0.09,0,0,187,2,7,5,8,9,1,62,9,0,0,0,0,0,0,0,211,399,390,267,201,203,248,113,26,130,478,247,236,118,36,59,4,151,18,35,46,82,83,59,67,82,71,36,2,51,70,8,48,1,4,8,2,20,5,12,80,0.01,0,0,23.38,0.25,0.88,0.63,1,1.13,0.13,7.75,1.13,0,0,0,0,0,0,0,1,268,390,267,174,210,272,99,7,101,564,160,206,118,36,59,4,151,18,35,1,60,83,59,86,92,92,37,1,56,84,1,54,1,4,8,2,20,5,12,63,7.63,7.9,60.28,Fringe,Very Consistent,466,OB #77,38
281,LF #70,HARRY BEDDALL,,10,5.63,56.3,Loose Forward,Dragons RFC,0,0,8.3,9.01,-0.67,0,10.14,0,5.36,1.24,7.45,11.45,1.4,0,2.62,0,0,0,569,0.1,0,1,45,0,5,0,7,6,5,145,3,0,0,0,0,1,0,0,247,354,390,138,474,412,308,476,32,231,187,23,500,118,36,59,4,23,18,35,52,91,77,23,102,92,77,96,16,43,51,15,90,40,1,1,1,6,6,1,56.9,0.01,0,0.1,4.5,0,0.5,0,0.7,0.6,0.5,14.5,0.3,0,0,0,0,0.1,0,0,272,268,390,200,550,412,359,476,47,281,232,4,614,118,36,59,4,65,18,35,44,56,77,34,118,92,84,96,21,54,50,2,113,40,1,1,1,16,6,1,63,5.77,9.8,56.55,Squad,Consistent,498,LF #74,34
282,OB #63,SERGEAL PETERSEN,"If you're reading this, it's probably because you sorted the list by PPG. Petersen only played 3 games, but he did score 4 tries and bagged an assist too. Is that a big enough sample size to discern whether you should draft him next season? No. Age is a factor as well.",3,18.71,56.14,Outside Back,Vodacom Bulls,0,0,0,0,0,0,0,0,0,0,0,0,0,0,12.3,0,21.78,22.06,188,0.3,4,1,144,5,7,2,0,4,1,3,3,0,0,0,0,0,0,0,547,14,49,138,267,84,248,247,480,326,478,696,500,118,36,59,4,151,18,35,86,3,17,30,79,50,71,61,84,76,70,103,89,1,4,8,2,20,5,12,62.67,0.1,1.33,0.33,48,1.67,2.33,0.67,0,1.33,0.33,1,1,0,0,0,0,0,0,0,197,29,1,46,33,4,47,85,480,67,373,707,234,118,36,59,4,151,18,35,76,5,1,12,26,3,29,31,84,42,50,105,57,1,4,8,2,20,5,12,63,11.28,6.6,74.45,Squad,Very Consistent,336,OB #57,55
283,HK #31,FEZ MBATHA,,14,4.01,56.13,Hooker,Hollywoodbets Sharks,4.4,4.26,7.02,0.91,1.63,12.31,0,0,0,0,2.48,2.42,4.25,2.16,5.25,6.21,-0.02,2.85,566,0.1,1,0,52,1,2,2,1,5,4,76,7,0,0,0,0,0,0,0,251,354,219,267,456,286,450,247,323,279,249,179,322,118,36,59,4,151,18,35,15,57,21,15,43,16,34,11,36,17,22,22,21,19,1,1,1,9,2,1,40.43,0.01,0.07,0,3.71,0.07,0.14,0.14,0.07,0.36,0.29,5.43,0.5,0,0,0,0,0,0,0,487,268,356,267,578,389,545,370,460,440,426,337,499,118,36,59,4,151,18,35,26,35,36,15,56,27,40,23,49,28,34,41,38,19,1,1,1,9,2,1,62,4.26,12.9,54.95,Squad,Average,512,HK #30,32
284,LF #71,MARCO VAN STADEN,,11,5.06,55.71,Loose Forward,Vodacom Bulls,0,0,5.04,0,0,0,0,0,3.25,10.22,0.9,0.98,4.86,1.17,15.03,1.47,9.39,3.4,387,0.14,3,0,148,2,5,2,3,10,4,57,8,0,0,0,0,0,0,0,389,190,81,267,259,203,308,247,151,114,249,269,278,118,36,59,4,151,18,35,79,41,23,50,64,36,77,53,56,17,63,80,55,40,1,1,1,40,6,1,35.18,0.01,0.27,0,13.45,0.18,0.45,0.18,0.27,0.91,0.36,5.18,0.73,0,0,0,0,0,0,0,559,268,138,267,321,257,401,329,219,166,361,361,401,118,36,59,4,151,18,35,106,56,30,50,74,49,91,69,68,23,76,106,74,40,1,1,1,40,6,1,62,5.32,10.6,56.39,Squad,Average,499,LF #75,34
285,LK #29,RORY THORNTON,,13,4.26,55.38,Lock,Cardiff Rugby,0,0,0,3.63,0,0,0,5.69,2.52,1.32,1.63,1.06,5.9,5.94,0.4,12.95,5.58,8.76,519,0.11,1,0,30,0,1,1,1,5,3,91,3,4,0,0,0,0,0,0,285,309,219,267,533,412,512,338,323,279,323,117,500,19,36,59,4,151,18,35,40,18,15,15,59,39,55,35,40,29,49,26,63,10,1,1,1,27,4,1,39.92,0.01,0.08,0,2.31,0,0.08,0.08,0.08,0.38,0.23,7,0.23,0.31,0,0,0,0,0,0,493,268,328,267,642,412,585,438,443,423,475,196,642,32,36,59,4,151,18,35,68,27,26,15,81,39,66,49,56,52,71,50,77,22,1,1,1,27,4,1,62,8.62,12.1,104.3,Good,Consistent,172,LK #28,77
286,HK #32,BAUTISTA BERNASCONI,,14,3.94,55.18,Hooker,Benetton Rugby,0,0,0.27,7.73,0.83,6.98,2.13,0,8.8,2.95,1.71,5.73,0,5.75,9.99,1.53,-5.61,6.39,607,0.09,2,0,97,0,8,0,3,12,8,111,21,0,0,0,0,1,0,0,223,399,133,267,349,412,228,476,151,80,77,78,25,118,36,59,4,23,18,35,10,62,16,15,29,30,9,32,19,1,6,11,1,19,1,1,1,3,2,1,43.36,0.01,0.14,0,6.93,0,0.57,0,0.21,0.86,0.57,7.93,1.5,0,0,0,0,0.07,0,0,451,268,239,267,466,412,343,476,280,176,196,153,74,118,36,59,4,114,18,35,24,35,23,15,43,30,17,32,34,4,14,19,5,19,1,1,1,8,2,1,62,4.2,12.9,54.18,Squad,Inconsistent,516,HK #31,31
287,SH #17,CHARLIE SHIEL,,14,3.94,55.14,Scrum Half,Edinburgh Rugby,0,0,0,9.33,19.94,0,0,0.99,1.06,-1.42,9.32,-0.12,4.36,3.7,0,1.23,3.25,3.5,341,0.16,2,3,176,1,7,3,1,3,1,23,5,0,0,0,0,0,0,0,439,149,133,47,216,286,248,199,323,385,478,509,404,118,36,59,4,151,18,35,37,13,14,15,12,24,18,17,23,37,25,33,34,1,3,7,2,11,2,10,24.36,0.01,0.14,0.21,12.57,0.07,0.5,0.21,0.07,0.21,0.07,1.64,0.36,0,0,0,0,0,0,0,657,268,239,97,334,389,359,296,460,538,598,689,577,118,36,59,4,151,18,35,50,22,26,24,28,37,26,24,31,51,39,48,48,1,3,7,2,11,2,10,62,3.99,13,51.87,Squad,Average,527,SH #18,30
288,LK #30,HARRY SHERIDAN,,15,3.67,55.05,Lock,Ulster Rugby,4.87,0,3.65,5.89,1.66,16.37,8.46,1.99,-1.51,-0.6,2.51,2.59,0,0,-4.71,4.91,4.05,4.92,790,0.07,1,0,68,1,8,1,2,8,6,145,16,4,0,0,0,1,0,0,118,483,219,267,401,286,228,338,209,156,139,23,76,19,36,59,4,23,18,35,16,53,15,15,32,14,7,35,22,10,25,6,5,10,1,1,1,5,4,1,52.67,0,0.07,0,4.53,0.07,0.53,0.07,0.13,0.53,0.4,9.67,1.07,0.27,0,0,0,0.07,0,0,328,618,356,267,549,389,354,460,378,320,320,73,226,35,36,59,4,114,18,35,46,78,31,15,58,33,17,56,46,28,48,20,21,24,1,1,1,21,4,1,62,7.83,13.7,107.27,Good,Average,154,LK #25,80
289,LF #72,RORY DARGE,,6,9.17,55.02,Loose Forward,Glasgow Warriors,22.21,0,0,0,0,0,9.77,2.16,2.84,11.53,0,0,0,0,0,0,6.51,0,371,0.15,2,0,79,1,6,4,5,1,4,59,1,0,0,0,0,0,0,0,406,163,133,267,381,286,275,149,74,526,249,263,617,118,36,59,4,151,18,35,82,35,34,50,89,61,66,30,32,106,63,76,111,40,1,1,1,40,6,1,61.83,0.03,0.33,0,13.17,0.17,1,0.67,0.83,0.17,0.67,9.83,0.17,0,0,0,0,0,0,0,207,109,87,267,325,273,214,85,34,558,137,68,661,118,36,59,4,151,18,35,28,22,17,50,76,54,45,15,13,114,25,38,122,40,1,1,1,40,6,1,62,7.75,7.5,58.13,Squad,Consistent,480,LF #72,36
290,OB #64,JACO WILLIAMS,,5,10.95,54.77,Outside Back,Hollywoodbets Sharks,0,0,0,0,0,0,0,0,0,9.99,15.33,-1.24,0,0,0,0,21.66,9.03,327,0.17,4,2,145,3,6,3,1,4,1,9,8,0,0,0,0,0,0,0,450,121,49,78,264,151,275,199,323,326,478,626,278,118,36,59,4,151,18,35,72,31,17,14,78,70,76,51,51,76,70,84,54,1,4,8,2,20,5,12,65.4,0.03,0.8,0.4,29,0.6,1.2,0.6,0.2,0.8,0.2,1.8,1.6,0,0,0,0,0,0,0,165,109,14,34,122,80,194,104,284,191,486,678,64,118,36,59,4,151,18,35,68,30,10,8,67,55,78,38,51,83,71,90,27,1,4,8,2,20,5,12,62,9.7,6.6,64.02,Fringe,Consistent,434,OB #69,42
291,LF #73,ALEX MANN,,9,6.08,54.75,Loose Forward,Cardiff Rugby,13.82,6.07,0,15.71,0.89,0,1.04,9.54,9.49,-3.27,0,0,0,0,1.46,0,0,0,509,0.11,3,1,71,1,4,5,8,11,11,80,9,2,0,0,0,1,0,0,292,309,81,138,395,286,349,113,26,88,28,158,236,36,36,59,4,23,18,35,61,74,23,23,92,61,86,20,15,11,7,64,44,13,1,1,1,6,6,1,56.56,0.01,0.33,0.11,7.89,0.11,0.44,0.56,0.89,1.22,1.22,8.89,1,0.22,0,0,0,0.11,0,0,283,268,87,186,438,339,407,123,29,83,19,100,234,46,36,59,4,54,18,35,49,56,17,30,103,73,93,21,10,8,2,51,36,14,1,1,1,13,6,1,61,6.14,9,55.26,Fringe,Average,510,LF #77,32
292,LK #31,RHYS DAVIES,,13,4.21,54.7,Lock,Ospreys,4.91,5.67,0.51,7.18,3.74,0,2.69,2.24,4.42,-0.07,0,0,0,2.94,0,5.65,7.53,7.29,822,0.07,0,1,102,0,2,1,4,4,7,150,8,0,0,0,0,1,0,0,99,483,390,138,336,412,450,338,107,326,104,19,278,118,36,59,4,23,18,35,13,53,42,3,20,39,41,35,16,39,18,5,30,56,1,1,1,5,4,1,63.23,0.01,0,0.08,7.85,0,0.15,0.08,0.31,0.31,0.54,11.54,0.62,0,0,0,0,0.08,0,0,187,268,390,228,439,412,542,438,190,477,221,28,451,118,36,59,4,87,18,35,24,27,42,8,28,39,55,49,28,63,32,8,51,56,1,1,1,15,4,1,61,8.56,12.1,103.58,Good,Very Consistent,174,LK #29,77
293,OB #65,THAAKIR ABRAHAMS,,10,5.46,54.58,Outside Back,Munster Rugby,18.73,11.85,0,19.52,2,8.81,0,-0.23,0.32,-1.59,-5.88,0,0,0,0,0,1.05,0,675,0.08,0,2,341,6,16,2,1,10,3,31,21,0,0,0,0,1,0,0,184,442,390,78,92,63,107,247,323,114,323,454,25,118,36,59,4,23,18,35,42,89,83,14,49,40,45,61,51,49,44,43,7,1,4,8,2,3,5,12,67.5,0.01,0,0.2,34.1,0.6,1.6,0.2,0.1,1,0.3,3.1,2.1,0,0,0,0,0.1,0,0,143,268,390,108,82,80,121,303,418,116,416,580,20,118,36,59,4,65,18,35,60,60,83,23,54,55,57,77,75,61,56,62,9,1,4,8,2,10,5,12,61,6.13,9.6,58.85,Fringe,Boom/Bust,474,OB #81,37
294,LK #32,LEONARD KRUMOV,,13,4.2,54.55,Lock,Zebre Parma,6.67,7.47,0,2.79,1.87,8.17,7.05,-0.06,0,-3.31,5.94,0,0,3.03,1.46,9.41,4.06,0,969,0.06,0,1,50,0,3,4,0,5,7,110,9,1,0,0,0,1,0,0,47,526,390,138,465,412,393,149,480,279,104,82,236,58,36,59,4,23,18,35,4,63,42,3,48,39,29,12,62,29,18,21,23,33,1,1,1,5,4,1,74.54,0,0,0.08,3.85,0,0.23,0.31,0,0.38,0.54,8.46,0.69,0.08,0,0,0,0.08,0,0,64,618,390,228,574,412,506,233,480,423,221,126,416,93,36,59,4,87,18,35,6,78,42,8,66,39,47,21,62,52,32,31,45,46,1,1,1,15,4,1,61,8.54,12.1,103.33,Good,Consistent,176,LK #30,77
295,SH #18,FINTAN GUNNE,,17,3.2,54.4,Scrum Half,Leinster Rugby,1.8,-1,12.57,0.88,1.08,4.56,0,0.16,0,14.25,0.33,9.1,1,0.86,0,5.92,1.1,1.79,419,0.13,1,3,176,3,10,5,0,11,1,35,5,0,0,0,0,0,0,0,369,221,219,47,216,151,194,113,480,88,478,418,404,118,36,59,4,151,18,35,28,19,28,15,12,10,12,10,33,6,25,20,34,1,3,7,2,11,2,10,24.65,0.01,0.06,0.18,10.35,0.18,0.59,0.29,0,0.65,0.06,2.06,0.29,0,0,0,0,0,0,0,653,268,380,125,382,257,339,243,480,264,611,654,616,118,36,59,4,151,18,35,48,22,41,30,34,19,24,16,33,23,43,43,53,1,3,7,2,11,2,10,61,3.4,15.4,52.36,Squad,Average,525,SH #17,30
296,PR #4,PIERRE SCHOEMAN,,14,3.85,53.86,Prop,Edinburgh Rugby,1.06,0,6.48,3.05,8.62,0.2,7.5,6.15,5.53,7.07,0,0,0,2.55,-1.49,2.01,-0.08,5.21,780,0.07,1,0,138,1,4,1,4,3,14,132,10,0,0,0,0,0,0,0,122,483,219,267,272,286,349,338,107,385,13,36,204,118,36,59,4,151,18,35,3,16,14,12,3,7,19,18,5,18,10,2,13,5,1,1,1,23,2,1,55.71,0.01,0.07,0,9.86,0.07,0.29,0.07,0.29,0.21,1,9.43,0.71,0,0,0,0,0,0,0,291,268,356,267,393,389,479,460,202,538,32,79,407,118,36,59,4,151,18,35,6,14,34,12,11,20,37,49,11,43,20,3,34,5,1,1,1,23,2,1,61,13.57,12.8,173.7,Premium,Very Consistent,20,PR #7,97
297,LF #74,ELRIGH LOUW,,10,5.38,53.76,Loose Forward,Vodacom Bulls,0,0,0,0,0,3.28,5.51,0,-1.46,0,5.61,5.2,12.78,6.76,1.24,9.78,0,5.06,580,0.09,1,0,284,1,9,3,2,10,7,67,13,1,0,0,0,0,0,0,238,399,219,267,130,286,212,199,209,114,104,220,133,58,36,59,4,151,18,35,50,98,44,50,25,61,50,43,70,17,30,72,26,21,1,1,1,40,6,1,58,0.01,0.1,0,28.4,0.1,0.9,0.3,0.2,1,0.7,6.7,1.3,0.1,0,0,0,0,0,0,259,268,298,267,131,350,268,240,284,116,136,218,143,81,36,59,4,151,18,35,40,56,58,50,21,78,61,48,80,12,24,83,17,24,1,1,1,40,6,1,61,8.07,9.8,79.09,Squad,Consistent,307,LF #46,59
298,LF #75,MPILO GUMEDE,,10,5.37,53.67,Loose Forward,Vodacom Bulls,2.17,16.01,3.65,0,0,0,0,0,0,1.35,7.3,0,0,0,11.83,1.3,2.53,7.53,385,0.14,3,0,108,2,6,6,4,6,2,34,5,0,0,0,0,0,0,0,392,190,81,267,324,203,275,90,107,231,405,427,404,118,36,59,4,151,18,35,80,41,23,50,77,36,66,18,43,43,83,97,78,40,1,1,1,40,6,1,38.5,0.01,0.3,0,10.8,0.2,0.6,0.6,0.4,0.6,0.2,3.4,0.5,0,0,0,0,0,0,0,516,268,115,267,369,237,333,104,133,281,486,550,499,118,36,59,4,151,18,35,99,56,23,50,85,39,77,18,46,54,95,120,92,40,1,1,1,40,6,1,60,5.57,9.8,54.59,Fringe,Average,513,LF #79,32
299,OB #66,MALELILI SATALA-NAVLIVOU,,6,8.94,53.62,Outside Back,Edinburgh Rugby,0,0,0,0,0,0,0,0,0,0,11.76,19.05,1.74,12.58,9.26,-0.77,0,0,439,0.12,1,1,230,6,12,2,1,7,4,14,8,0,0,0,0,0,0,0,357,258,219,138,166,63,165,247,323,192,249,589,278,118,36,59,4,151,18,35,60,61,58,30,61,40,57,61,51,61,30,75,54,1,4,8,2,20,5,12,73.17,0.02,0.17,0.17,38.33,1,2,0.33,0.17,1.17,0.67,2.33,1.33,0,0,0,0,0,0,0,82,154,213,132,63,18,66,207,334,93,137,638,125,118,36,59,4,151,18,35,37,37,60,30,45,14,38,62,60,54,14,77,38,1,4,8,2,20,5,12,60,9.87,9.9,97.71,Good,Average,197,OB #40,74
300,LF #76,JC PRETORIUS,,6,8.9,53.4,Loose Forward,Lions,0,0,16.69,13.73,0,0,0,0,0,0,0,0,0,0,4.18,1.6,1.32,15.88,167,0.32,0,0,146,3,15,1,5,4,1,30,2,0,0,0,0,0,0,0,566,13,390,267,262,151,119,338,74,326,478,462,556,118,36,59,4,151,18,35,101,1,77,50,65,21,25,77,32,68,90,103,99,40,1,1,1,40,6,1,27.83,0.05,0,0,24.33,0.5,2.5,0.17,0.83,0.67,0.17,5,0.33,0,0,0,0,0,0,0,624,64,390,267,165,101,38,339,34,239,522,373,581,118,36,59,4,151,18,35,116,7,77,50,29,7,4,72,13,41,101,109,107,40,1,1,1,40,6,1,60,7.62,7.5,57.15,Squad,Consistent,493,LF #73,34
301,SH #19,LUKE MCGRATH,,13,4.09,53.12,Scrum Half,Leinster Rugby,-0.84,2.18,1.59,0,7.75,-6.71,6.98,0,0.66,6.86,9.47,11.82,3.74,0,6.43,0,3.19,0,687,0.08,1,3,237,4,13,1,1,16,3,69,17,0,0,0,0,1,0,0,180,442,219,47,160,118,150,338,323,39,323,211,66,118,36,59,4,23,18,35,11,33,28,15,6,8,6,34,23,3,6,5,5,1,3,7,2,3,2,10,52.85,0.01,0.08,0.23,18.23,0.31,1,0.08,0.08,1.23,0.23,5.31,1.31,0,0,0,0,0.08,0,0,327,268,328,85,240,185,214,438,443,81,475,345,141,118,36,59,4,87,18,35,18,22,37,21,12,9,10,43,28,4,16,6,12,1,3,7,2,8,2,10,60,4.11,12.2,50.14,Squad,Average,541,SH #19,28
302,LK #33,ELI SNYMAN,,10,5.3,53,Lock,Benetton Rugby,7.79,5.07,6.82,4.77,0,3.72,0,3.26,6.55,0,5.81,4.32,4.89,0,0,0,0,0,649,0.08,0,0,41,0,0,0,2,6,0,85,9,5,0,0,0,0,0,0,203,442,390,267,489,412,600,476,209,231,615,133,236,12,36,59,4,151,18,35,31,43,42,15,54,39,69,60,22,22,83,31,23,5,1,1,1,27,4,1,64.9,0.01,0,0,4.1,0,0,0,0.2,0.6,0,8.5,0.9,0.5,0,0,0,0,0,0,177,268,390,267,567,412,600,476,284,281,615,121,313,11,36,59,4,151,18,35,20,27,42,15,65,39,69,60,36,25,83,29,31,5,1,1,1,27,4,1,60,10.03,9.7,97.29,Squad,Very Consistent,199,LK #34,74
303,LK #34,ALEX CRAIG,,12,4.36,52.33,Lock,Glasgow Warriors,0,0,6.3,3.96,3.42,9.23,0.73,5.93,0.33,6.41,6.57,-0.24,7.96,1.73,0,0,0,0,549,0.1,0,0,69,0,8,4,1,1,7,71,0,4,0,0,0,0,0,0,260,354,390,267,399,412,228,149,323,526,104,201,677,19,36,59,4,151,18,35,38,23,42,15,31,39,7,12,40,67,18,42,83,10,1,1,1,27,4,1,45.75,0.01,0,0,5.75,0,0.67,0.33,0.08,0.08,0.58,5.92,0,0.33,0,0,0,0,0,0,418,268,390,267,493,412,315,207,443,608,192,284,677,22,36,59,4,151,18,35,61,27,42,15,40,39,12,17,56,78,27,68,83,14,1,1,1,27,4,1,60,8.76,11.3,98.99,Good,Very Consistent,194,LK #33,74
304,FH #29,LEONARDO MARIN,,11,4.74,52.12,Fly Half,Benetton Rugby,0,0,0,-0.15,11.13,1.01,9.52,0,-1.45,5.83,0,0,0,17.21,8.65,2.32,-1.23,-0.72,528,0.1,0,1,225,3,14,6,1,11,2,64,18,0,0,0,0,0,0,0,281,354,390,138,171,151,135,90,323,88,405,237,53,118,36,59,4,151,18,35,26,32,24,24,20,18,15,12,14,17,18,15,12,2,29,41,2,11,2,10,48,0.01,0,0.09,20.45,0.27,1.27,0.55,0.09,1,0.18,5.82,1.64,0,0,0,0,0,0,0,386,268,390,212,208,204,184,127,431,116,516,299,59,118,36,59,4,151,18,35,28,22,24,26,18,19,17,12,19,16,21,9,12,2,29,41,2,11,2,10,60,5.22,10.6,55.33,Fringe,Boom/Bust,508,FH #37,32
305,OB #67,CALVIN NASH,,8,6.51,52.09,Outside Back,Munster Rugby,0,0,8.31,0,0,0,5.06,0,6.85,0,0,5.07,4.1,3.25,16.14,3.31,0,0,533,0.1,1,0,223,4,17,2,0,9,1,33,10,0,0,0,0,0,0,0,275,354,219,267,173,118,99,247,480,130,478,436,204,118,36,59,4,151,18,35,54,74,58,59,62,60,40,61,84,51,70,38,41,1,4,8,2,20,5,12,66.63,0.01,0.13,0,27.88,0.5,2.13,0.25,0,1.13,0.13,4.13,1.25,0,0,0,0,0,0,0,153,268,263,267,140,101,61,262,480,101,564,475,161,118,36,59,4,151,18,35,64,60,73,59,74,67,35,71,84,56,84,30,47,1,4,8,2,20,5,12,60,7.27,7.9,57.43,Fringe,Consistent,489,OB #85,35
306,HK #33,EDUAN SWART,,14,3.7,51.86,Hooker,Hollywoodbets Sharks,-0.1,3.94,0,0,0,7.44,2.76,0,0.04,5.48,2.1,3.92,4.14,1.49,1.32,2.62,9.39,7.32,543,0.1,0,0,97,1,1,3,1,2,4,57,15,2,0,0,0,0,0,0,263,354,390,267,349,286,512,199,323,442,249,269,92,36,36,59,4,151,18,35,17,57,39,15,29,16,40,6,36,32,22,34,3,2,1,1,1,9,2,1,38.79,0.01,0,0,6.93,0.07,0.07,0.21,0.07,0.14,0.29,4.07,1.07,0.14,0,0,0,0,0,0,508,268,390,267,466,389,591,296,460,576,426,480,226,63,36,59,4,151,18,35,30,35,39,15,43,27,46,12,49,50,34,55,11,9,1,1,1,9,2,1,59,4.01,12.9,51.73,Squad,Average,529,HK #33,30
307,SH #20,CAOLIN BLADE,,6,8.58,51.49,Scrum Half,Connacht Rugby,15.37,0,0,14.66,0,0,3.38,0,0,0.23,16.03,1.82,0,0,0,0,0,0,385,0.13,1,4,123,1,8,2,3,3,0,18,5,0,0,0,0,0,0,0,392,221,219,29,294,286,228,247,151,385,615,557,404,118,36,59,4,151,18,35,31,19,28,11,27,24,17,21,7,37,45,44,34,1,3,7,2,11,2,10,64.17,0.02,0.17,0.67,20.5,0.17,1.33,0.33,0.5,0.5,0,3,0.83,0,0,0,0,0,0,0,184,154,213,12,206,273,164,207,83,324,615,583,336,118,36,59,4,151,18,35,8,10,24,7,6,22,5,14,4,33,45,28,30,1,3,7,2,11,2,10,59,6.39,7.6,48.56,Squad,Consistent,552,SH #20,27
308,FH #30,CAMERON SCOTT,,12,4.27,51.28,Fly Half,Edinburgh Rugby,0,0,0,3.16,11.51,5.49,7,11.18,1.23,0.33,0,0,6.31,0,3.65,1.42,0,0,396,0.13,0,2,83,1,5,1,1,6,2,56,10,0,1,9,0,0,0,0,381,221,390,78,377,286,308,338,323,231,405,275,204,118,29,26,4,151,18,35,32,28,24,20,33,28,29,28,14,29,18,19,25,2,23,20,2,11,2,10,33,0.01,0,0.17,6.92,0.08,0.42,0.08,0.08,0.5,0.17,4.67,0.83,0,0.08,0.75,0,0,0,0,577,268,390,132,468,366,419,438,443,324,522,414,336,118,31,31,4,151,18,35,36,22,24,23,38,31,32,32,20,37,22,23,34,2,25,25,2,11,2,10,59,4.85,11.4,55.29,Fringe,Average,509,FH #38,32
309,LK #35,CHARLIE IRVINE,,8,6.39,51.1,Lock,Ulster Rugby,0,0,0,0,0,3.3,3.8,0,0,4.26,14.49,3.81,0,0,0,6.27,4.24,10.93,573,0.09,1,0,53,0,2,1,2,4,5,115,9,2,0,0,0,0,0,0,243,399,219,267,452,412,450,338,209,326,187,67,236,36,36,59,4,151,18,35,37,30,15,15,44,39,41,35,22,39,32,16,23,23,1,1,1,27,4,1,71.63,0.01,0.13,0,6.63,0,0.25,0.13,0.25,0.5,0.63,14.38,1.13,0.25,0,0,0,0,0,0,102,268,263,267,473,412,490,391,230,324,169,5,206,39,36,59,4,151,18,35,12,27,18,15,36,39,45,41,33,30,25,2,19,27,1,1,1,27,4,1,59,10.97,8.2,89.95,Squad,Very Consistent,232,LK #39,69
310,LK #36,FEDERICO RUZZA,,10,4.99,49.86,Lock,Benetton Rugby,0,0,0,0.33,1.03,8.84,5.01,2.79,0,14.4,0,0,0,5.83,-0.56,0,9.03,3.16,464,0.11,1,1,43,1,2,6,2,5,3,47,1,2,0,0,0,0,0,0,330,309,219,138,484,286,450,90,209,279,323,341,617,36,36,59,4,151,18,35,46,18,15,3,51,14,41,5,22,29,49,62,76,23,1,1,1,27,4,1,46.4,0.01,0.1,0.1,4.3,0.1,0.2,0.6,0.2,0.5,0.3,4.7,0.1,0.2,0,0,0,0,0,0,414,268,298,200,559,350,515,104,284,324,416,413,673,49,36,59,4,151,18,35,60,27,21,5,61,23,49,8,36,30,64,79,82,31,1,1,1,27,4,1,59,9.61,9.7,93.22,Squad,Consistent,218,LK #37,71
311,PR #5,THOMAS GALLO,,9,5.53,49.77,Prop,Benetton Rugby,0,0,-6.16,5.25,7.28,0,4.27,0,16.24,0,4.71,8.47,9.96,-0.25,0,0,0,0,440,0.11,1,0,92,3,15,4,6,8,8,79,10,0,0,0,0,1,0,0,355,309,219,267,359,151,119,149,47,156,77,162,204,118,36,59,4,23,18,35,41,4,14,12,9,2,2,1,2,1,33,17,13,5,1,1,1,4,2,1,48.89,0.01,0.11,0,10.22,0.33,1.67,0.44,0.67,0.89,0.89,8.78,1.11,0,0,0,0,0.11,0,0,375,268,285,267,387,172,113,166,52,170,85,109,215,118,36,59,4,54,18,35,21,14,21,12,10,2,2,1,4,1,46,7,9,5,1,1,1,9,2,1,59,18.06,11.2,202.27,Elite,Very Consistent,9,PR #3,99
312,HK #34,GIOVANNI QUATTRINI,,11,4.45,48.91,Hooker,Zebre Parma,0,0,0.92,-0.12,9.69,0,0,0,8.81,3.15,0,0.63,4.3,1.32,9.52,0,2.25,8.44,337,0.15,3,0,60,1,1,0,1,1,4,52,5,0,0,0,0,0,0,0,442,163,81,267,430,286,512,476,323,526,249,308,404,118,36,59,4,151,18,35,35,29,9,15,39,16,40,32,36,44,22,37,35,19,1,1,1,9,2,1,30.64,0.01,0.27,0,5.45,0.09,0.09,0,0.09,0.09,0.36,4.73,0.45,0,0,0,0,0,0,0,605,268,138,267,508,356,575,476,431,604,361,410,540,118,36,59,4,151,18,35,44,35,13,15,48,21,43,32,47,54,30,47,44,19,1,1,1,9,2,1,59,4.61,10.5,48.41,Fringe,Average,553,HK #34,26
313,LK #37,DAVID O'CONNOR,,12,4.07,48.87,Lock,Connacht Rugby,-0.42,0,11.85,2.97,1.65,0.86,0,2.02,6.23,0,5.04,6.48,0,0.58,7.66,0,0,3.95,459,0.11,1,0,45,1,5,0,2,0,4,74,3,0,0,0,0,0,0,0,341,309,219,267,474,286,308,476,209,618,249,187,500,118,36,59,4,151,18,35,48,18,15,15,49,14,15,60,22,81,38,41,63,56,1,1,1,27,4,1,38.25,0.01,0.08,0,3.75,0.08,0.42,0,0.17,0,0.33,6.17,0.25,0,0,0,0,0,0,0,521,268,328,267,576,366,419,476,334,618,373,259,624,118,36,59,4,151,18,35,73,27,26,15,67,27,27,60,39,81,57,62,76,56,1,1,1,27,4,1,58,8.37,11.3,94.58,Squad,Consistent,213,LK #36,72
314,PR #6,DANNY SOUTHWORTH,,16,3.04,48.59,Prop,Cardiff Rugby,1.62,9.03,0.41,6.87,1.68,0,2.79,1.23,5.46,0,0.85,0.34,2.93,2.7,1.39,0.96,8.88,1.45,613,0.08,2,0,97,0,4,2,0,4,3,113,12,0,0,0,0,0,0,0,222,442,133,267,349,412,349,247,480,326,323,72,154,118,36,59,4,151,18,35,14,12,4,12,8,23,19,8,67,10,88,5,7,5,1,1,1,23,2,1,38.31,0.01,0.13,0,6.06,0,0.25,0.13,0,0.25,0.19,7.06,0.75,0,0,0,0,0,0,0,519,268,263,267,485,412,490,391,480,513,510,195,381,118,36,59,4,151,18,35,67,14,18,12,21,23,41,30,67,32,124,21,27,5,1,1,1,23,2,1,58,12.57,14.4,181.01,Premium,Very Consistent,17,PR #5,98
315,LK #38,TADHG BEIRNE,,5,9.69,48.47,Lock,Munster Rugby,0,0,0,12.07,0,16.87,0,4.63,0,0,0,0,0,0,9.61,5.29,0,0,360,0.13,2,0,43,1,3,1,8,4,4,44,5,1,0,0,0,0,0,0,422,221,133,267,484,286,393,338,26,326,249,361,404,58,36,59,4,151,18,35,59,10,5,15,51,14,29,35,2,39,38,64,45,33,1,1,1,27,4,1,72,0.03,0.4,0,8.6,0.2,0.6,0.2,1.6,0.8,0.8,8.8,1,0.2,0,0,0,0,0,0,98,109,68,267,417,237,333,303,1,191,105,106,234,49,36,59,4,151,18,35,11,10,3,15,23,8,15,33,1,13,18,25,23,31,1,1,1,27,4,1,58,12.17,7.2,87.62,Squad,Very Consistent,247,LK #41,67
316,HK #35,FRANCO MARAIS,,11,4.4,48.42,Hooker,Lions,10.77,2.19,3.92,12.7,7.13,1.38,0.61,0,0,0,0,1.22,3.95,0,3.22,0,1.33,0,441,0.11,1,0,68,0,0,1,2,3,8,74,6,1,0,0,0,0,0,0,354,309,219,267,401,412,600,338,209,385,77,187,363,58,36,59,4,151,18,35,29,54,21,15,34,30,49,21,28,28,6,24,29,6,1,1,1,9,2,1,40.09,0.01,0.09,0,6.18,0,0,0.09,0.18,0.27,0.73,6.73,0.55,0.09,0,0,0,0,0,0,491,268,311,267,482,412,600,428,319,502,126,216,485,87,36,59,4,151,18,35,28,35,30,15,45,30,49,27,38,34,8,28,35,15,1,1,1,9,2,1,58,4.57,10.5,47.99,Fringe,Average,557,HK #35,26
317,LF #77,MORGAN MORRIS,,8,6.03,48.26,Loose Forward,Ospreys,0,0,0,0,0,0,9.05,7.42,8.63,1.2,0,0,0,5.76,6.51,6.59,3.1,0,396,0.12,1,0,224,1,6,0,3,7,1,52,6,0,0,0,0,0,0,0,381,258,219,267,172,286,275,476,151,192,478,308,363,118,36,59,4,151,18,35,78,59,44,50,40,61,66,96,56,35,90,84,73,40,1,1,1,40,6,1,49.5,0.02,0.13,0,28,0.13,0.75,0,0.38,0.88,0.13,6.5,0.75,0,0,0,0,0,0,0,365,154,263,267,137,318,294,476,149,174,564,230,381,118,36,59,4,151,18,35,73,29,50,50,23,69,71,96,50,25,109,85,70,40,1,1,1,40,6,1,58,6.13,8.4,51.49,Fringe,Very Consistent,530,LF #81,30
318,LF #78,SHANE LEWIS-HUGHES,,12,4.01,48.17,Loose Forward,Dragons RFC,14.75,4.08,7.64,4.07,5.49,5.84,1.28,0.57,0,2.64,0.68,0.86,0,0,0,0.27,0,0,478,0.1,1,0,32,0,5,0,2,1,6,104,9,2,0,0,0,0,0,0,316,354,219,267,517,412,308,476,209,526,139,91,236,36,36,59,4,151,18,35,68,91,44,50,104,92,77,96,70,106,38,44,44,13,1,1,1,40,6,1,39.83,0.01,0.08,0,2.67,0,0.42,0,0.17,0.08,0.5,8.67,0.75,0.17,0,0,0,0,0,0,496,268,328,267,626,412,419,476,334,608,232,112,381,58,36,59,4,151,18,35,96,56,64,50,124,92,97,96,90,118,50,56,70,17,1,1,1,40,6,1,58,4.48,11.4,51.07,Fringe,Average,536,LF #83,29
319,PR #7,ANGUS BELL,,11,4.38,48.16,Prop,Ulster Rugby,0,0,0,0,0,0,1.3,2.58,4.08,2.81,18.57,4.44,8.77,1.45,0.2,0,4.21,-0.25,492,0.1,2,0,135,1,10,1,0,3,7,67,3,0,0,0,0,0,0,0,305,354,133,267,275,286,194,338,480,385,104,220,500,118,36,59,4,151,18,35,28,6,4,12,4,7,4,18,67,18,40,27,71,5,1,1,1,23,2,1,44.73,0.01,0.18,0,12.27,0.09,0.91,0.09,0,0.27,0.64,6.09,0.27,0,0,0,0,0,0,0,432,268,202,267,339,356,265,428,480,502,161,266,622,118,36,59,4,151,18,35,34,14,11,12,3,15,4,41,67,28,71,36,97,5,1,1,1,23,2,1,58,15.38,12.2,187.64,Premium,Very Consistent,13,PR #4,98
320,LF #79,SAMOA SO'OTALA FA'ASO'O,,15,3.2,48.03,Loose Forward,Benetton Rugby,2.28,5.67,0,1.39,0.4,8.35,3.34,6.32,-1.95,1.72,4.05,0,0.08,4.08,0,2.15,2.34,7.81,646,0.07,0,1,296,1,8,3,1,12,5,91,20,0,0,0,0,0,0,0,204,483,390,138,123,286,228,199,323,80,187,117,32,118,36,59,4,151,18,35,43,116,77,23,24,61,55,43,86,10,51,55,7,40,1,1,1,40,6,1,43.07,0,0,0.07,19.73,0.07,0.53,0.2,0.07,0.8,0.33,6.07,1.33,0,0,0,0,0,0,0,454,618,390,244,222,389,354,303,460,191,373,267,125,118,36,59,4,151,18,35,90,124,77,46,48,87,82,60,103,28,78,93,14,40,1,1,1,40,6,1,58,3.83,13.8,52.85,Fringe,Average,522,LF #80,31
321,LK #39,ALEX SAMUEL,,14,3.41,47.78,Lock,Glasgow Warriors,0.9,3.78,0,8.74,0.25,-0.7,0,1.32,0,0,0,6.11,10.27,4.45,1.19,0.67,3.69,7.11,721,0.07,0,0,68,1,4,2,0,7,8,76,6,2,0,0,0,0,0,0,157,483,390,267,401,286,349,247,480,192,77,179,363,36,36,59,4,151,18,35,27,53,42,15,32,14,20,25,62,16,12,39,39,23,1,1,1,27,4,1,51.5,0.01,0,0,4.86,0.07,0.29,0.14,0,0.5,0.57,5.43,0.43,0.14,0,0,0,0,0,0,336,268,390,267,536,389,479,370,480,324,196,337,551,63,36,59,4,151,18,35,48,27,42,15,53,33,42,38,62,30,29,72,63,36,1,1,1,27,4,1,57,7.48,12.9,96.49,Squad,Consistent,206,LK #35,73
322,HK #36,ANGUS FRASER,,10,4.74,47.38,Hooker,Glasgow Warriors,0,0,3.32,5.91,0,2.97,0,-1.95,0,0,8.06,1.32,2.79,5.82,10.09,9.05,0,0,468,0.1,0,0,117,1,14,4,3,4,2,71,5,1,0,0,0,1,0,0,327,354,390,267,306,286,135,149,151,326,405,201,404,58,36,59,4,23,18,35,26,57,39,15,21,16,3,3,19,21,37,27,35,6,1,1,1,3,2,1,46.8,0.01,0,0,11.7,0.1,1.4,0.4,0.3,0.4,0.2,7.1,0.5,0.1,0,0,0,0.1,0,0,408,268,390,267,348,350,150,184,197,406,486,191,499,81,36,59,4,65,18,35,22,35,39,15,17,19,2,6,22,23,43,22,38,13,1,1,1,4,2,1,57,4.84,9.7,46.95,Fringe,Average,564,HK #36,25
323,SH #21,ALESSANDRO GARBISI,,14,3.36,47.1,Scrum Half,Benetton Rugby,10.55,0.52,0,-5.03,0,0,1.5,0,2.63,8.16,10,0,2.9,-2.01,6.54,9.64,8.13,-6.43,626,0.08,4,2,176,3,7,6,2,11,2,45,21,0,0,1,0,2,0,0,219,442,49,78,216,151,248,90,209,88,405,351,25,118,36,50,4,7,18,35,13,33,7,25,12,10,18,5,11,6,15,14,2,1,3,6,2,1,2,10,44.71,0.01,0.29,0.14,12.57,0.21,0.5,0.43,0.14,0.79,0.14,3.21,1.5,0,0,0.07,0,0.14,0,0,433,268,124,154,334,233,359,175,358,198,546,567,74,118,36,56,4,33,18,35,28,22,14,34,28,17,26,13,20,15,25,24,3,1,3,6,2,4,2,10,57,3.53,13,45.89,Squad,Inconsistent,578,SH #21,23
324,HK #37,SIUA MAILE,,8,5.8,46.42,Hooker,Benetton Rugby,4.61,12.09,3.94,0,5.54,0,0,4.33,0,4.67,1.59,0,9.65,0,0,0,0,0,421,0.11,1,1,67,1,4,0,0,8,5,69,7,0,0,0,0,0,0,0,367,309,219,138,407,286,349,476,480,156,187,211,322,118,36,59,4,151,18,35,30,54,21,2,35,16,24,32,51,3,16,28,21,19,1,1,1,9,2,1,52.63,0.01,0.13,0.13,8.38,0.13,0.5,0,0,1,0.63,8.63,0.88,0,0,0,0,0,0,0,329,268,263,172,423,318,359,476,480,116,169,117,321,118,36,59,4,151,18,35,12,35,27,5,29,15,21,32,51,1,11,15,20,19,1,1,1,9,2,1,57,5.61,8.1,45.44,Fringe,Consistent,583,HK #38,23
325,HK #38,LEWIS LLOYD,,10,4.64,46.4,Hooker,Ospreys,0,-0.96,1.76,0,1.98,6.02,0,0,0,4.84,8.43,3.78,16.69,0,0,0,3.96,-0.1,257,0.18,1,0,131,2,5,0,1,6,2,50,8,1,0,0,0,0,0,0,499,94,219,267,284,203,308,476,323,231,405,326,278,58,36,59,4,151,18,35,43,22,21,15,18,6,19,32,36,10,37,39,20,6,1,1,1,9,2,1,25.7,0.02,0.1,0,13.1,0.2,0.5,0,0.1,0.6,0.2,5,0.8,0.1,0,0,0,0,0,0,637,154,298,267,326,237,359,476,418,281,486,373,359,81,36,59,4,151,18,35,50,23,29,15,14,6,21,32,45,12,43,44,25,13,1,1,1,9,2,1,57,4.76,9.7,46.17,Fringe,Inconsistent,572,HK #37,24
326,OB #68,ETHAN MCILROY,,7,6.51,45.58,Outside Back,Ulster Rugby,0,0,0,0,0,0,0.31,0,0,0,0.49,0,8.42,2.9,0,19.65,1.03,12.78,437,0.1,1,0,160,4,11,5,0,5,1,26,8,0,0,0,0,0,0,0,358,354,219,267,243,118,178,113,480,279,478,489,278,118,36,59,4,151,18,35,61,74,58,59,75,60,61,36,84,72,70,50,54,1,4,8,2,20,5,12,62.43,0.01,0.14,0,22.86,0.57,1.57,0.71,0,0.71,0.14,3.71,1.14,0,0,0,0,0,0,0,200,268,239,267,182,90,125,79,480,222,546,526,198,118,36,59,4,151,18,35,77,60,68,59,87,63,60,28,84,89,80,44,50,1,4,8,2,20,5,12,57,7.47,7.3,54.53,Fringe,Inconsistent,514,OB #88,32
327,CE #45,JOHNNY WILLIAMS,,11,4.14,45.56,Centre,Scarlets,1.01,0,6.88,0.8,2.79,0,-1.3,-0.18,0,2.26,4.25,0,4.15,14.66,10.24,0,0,0,728,0.06,1,1,164,2,6,8,3,5,6,72,16,0,0,0,0,1,0,0,151,526,219,138,235,203,275,56,151,279,139,196,76,118,36,59,4,23,18,35,27,74,32,23,45,42,50,17,23,41,7,18,16,1,3,6,1,4,2,6,66.18,0.01,0.09,0.09,14.91,0.18,0.55,0.73,0.27,0.45,0.55,6.55,1.45,0,0,0,0,0.09,0,0,159,268,311,212,298,257,350,76,219,378,214,226,93,118,36,59,4,75,18,35,35,39,47,39,65,53,69,19,34,59,12,26,19,1,3,6,1,8,2,6,57,4.58,10.4,47.63,Fringe,Average,561,CE #49,25
328,OB #69,DIARMUID KILGALLEN,,4,11.38,45.53,Outside Back,Munster Rugby,0,0,0,0,28.24,5.78,0,0,0,1.06,10.45,0,0,0,0,0,0,0,272,0.17,2,0,165,4,6,3,1,6,1,16,3,0,0,0,0,0,0,0,490,121,133,267,234,118,275,199,323,231,478,573,500,118,36,59,4,151,18,35,81,31,39,59,74,60,76,51,51,67,70,68,89,1,4,8,2,20,5,12,68,0.04,0.5,0,41.25,1,1.5,0.75,0.25,1.5,0.25,4,0.75,0,0,0,0,0,0,0,134,78,38,267,52,18,135,69,230,44,449,481,381,118,36,59,4,151,18,35,57,21,21,59,38,14,67,26,42,28,65,32,88,1,4,8,2,20,5,12,56,9.66,6.5,62.79,Fringe,Average,441,OB #71,41
329,LF #80,TOM CURRIE,,5,8.99,44.95,Loose Forward,Edinburgh Rugby,0,0,0,0,0,8.31,0,0,0,0,0,0,0,0,1.72,21.95,8.85,4.12,198,0.23,2,1,106,1,9,0,0,2,2,35,0,0,0,0,0,0,0,0,539,35,133,138,328,286,212,476,480,442,405,418,677,118,36,59,4,151,18,35,99,5,34,23,80,61,50,96,104,95,83,96,124,40,1,1,1,40,6,1,39.6,0.05,0.4,0.2,21.2,0.2,1.8,0,0,0.4,0.4,7,0,0,0,0,0,0,0,0,498,64,68,108,200,237,94,476,480,406,320,196,677,118,36,59,4,151,18,35,97,7,15,17,40,39,18,96,104,84,67,79,124,40,1,1,1,40,6,1,56,7.44,7.4,55.06,Fringe,Consistent,511,LF #78,32
330,PR #8,JAVAN SEBASTIAN,,17,2.62,44.51,Prop,Cardiff Rugby,4.12,1.31,3.63,0.89,6.81,-1.75,0.98,5.06,5.67,2.97,6.44,3.16,-0.59,-1.42,9.98,-1.76,0,-0.99,801,0.06,5,0,53,1,6,0,0,1,15,87,10,0,0,0,0,0,0,0,111,526,27,267,452,286,275,476,480,526,9,130,204,118,36,59,4,151,18,35,2,28,1,12,24,7,12,53,67,55,6,12,13,5,1,1,1,23,2,1,47.12,0,0.29,0,3.12,0.06,0.35,0,0,0.06,0.88,5.12,0.59,0,0,0,0,0,0,0,404,618,124,267,608,407,449,476,480,617,88,368,467,118,36,59,4,151,18,35,27,66,3,12,65,21,30,53,67,78,48,60,52,5,1,1,1,23,2,1,56,11.53,15.2,175.26,Premium,Very Consistent,19,PR #6,98
331,LK #40,NIALL MURRAY,,8,5.47,43.73,Lock,Connacht Rugby,3.45,0,0,0,4.92,7.32,4.9,0,0,0,4.01,0,5.18,4.2,0,9.75,0,0,363,0.12,0,0,44,0,0,3,3,3,3,66,3,5,0,0,0,0,0,0,416,258,390,267,482,412,600,199,151,385,323,227,500,12,36,59,4,151,18,35,57,11,42,15,50,39,69,20,18,51,49,46,63,5,1,1,1,27,4,1,45.38,0.02,0,0,5.5,0,0,0.38,0.38,0.38,0.38,8.25,0.38,0.63,0,0,0,0,0,0,423,154,390,267,504,412,600,193,149,423,342,134,573,5,36,59,4,151,18,35,63,20,42,15,44,39,69,15,22,52,53,33,65,3,1,1,1,27,4,1,56,9.94,8.2,81.51,Squad,Very Consistent,283,LK #46,62
332,HK #39,RONAN KELLEHER,,7,6.24,43.67,Hooker,Leinster Rugby,0,0,5.43,8.91,0,0,0,7.09,0,3.35,0,0,-0.44,0,12.64,0,0,6.69,338,0.13,1,1,60,0,5,2,2,4,4,54,3,0,0,0,0,1,0,0,441,221,219,138,430,412,308,247,209,326,249,292,500,118,36,59,4,23,18,35,34,38,21,2,39,30,19,11,28,21,22,36,43,19,1,1,1,3,2,1,48.29,0.02,0.14,0.14,8.57,0,0.71,0.29,0.29,0.57,0.57,7.71,0.43,0,0,0,0,0.14,0,0,380,154,239,154,418,412,306,243,202,300,196,162,551,118,36,59,4,33,18,35,17,23,23,4,28,30,12,10,23,13,14,20,47,19,1,1,1,3,2,1,56,5.82,7.5,43.65,Fringe,Consistent,602,HK #41,20
333,CE #46,MATT CURRIE,,5,8.68,43.42,Centre,Edinburgh Rugby,0,0,0,0,0,0,10.75,0.2,13.54,0,0,0,13.03,5.9,0,0,0,0,370,0.12,1,1,115,2,6,1,2,3,2,49,7,0,0,0,0,0,0,0,409,258,219,138,311,203,275,338,209,385,405,331,322,118,36,59,4,151,18,35,53,30,32,23,54,42,50,55,31,55,36,39,52,1,3,6,1,17,2,6,74,0.02,0.2,0.2,23,0.4,1.2,0.2,0.4,0.6,0.4,9.8,1.4,0,0,0,0,0,0,0,70,154,182,108,180,148,194,303,133,281,320,69,104,118,36,59,4,151,18,35,17,20,27,15,42,29,41,57,23,39,24,2,22,1,3,6,1,17,2,6,56,7.33,6.9,50.58,Fringe,Very Consistent,538,CE #47,28
334,LK #41,MAX WILLIAMSON,,10,4.3,43.01,Lock,Glasgow Warriors,0.6,5.81,0.97,1.46,5.74,3.58,0.92,0,6.17,4.76,0,0,0,13,0,0,0,0,489,0.09,1,0,51,0,3,2,1,3,3,62,5,3,0,0,0,0,0,0,307,399,219,267,458,412,393,247,323,385,323,247,404,27,36,59,4,151,18,35,42,30,15,15,45,39,29,25,40,51,49,50,45,16,1,1,1,27,4,1,48.9,0.01,0.1,0,5.1,0,0.3,0.2,0.1,0.3,0.3,6.2,0.5,0.3,0,0,0,0,0,0,374,268,298,267,522,412,477,303,418,488,416,256,499,33,36,59,4,151,18,35,53,27,21,15,49,39,40,33,52,66,64,61,57,23,1,1,1,27,4,1,56,8.68,9.7,84.2,Squad,Consistent,268,LK #44,64
335,HK #40,GIAMPIETRO RIBALDI,,11,3.91,42.96,Hooker,Zebre Parma,0.26,3.59,5.6,0,0,0.4,1.62,2.88,0,0,6.23,5.48,4.56,0,0,0,12.34,0,352,0.12,1,0,26,0,1,0,3,4,1,62,2,0,0,0,0,0,0,0,432,258,219,267,551,412,512,476,151,326,478,247,556,118,36,59,4,151,18,35,33,47,21,15,48,30,40,32,19,21,43,32,48,19,1,1,1,9,2,1,32,0.01,0.09,0,2.36,0,0.09,0,0.27,0.36,0.09,5.64,0.18,0,0,0,0,0,0,0,591,268,311,267,638,412,575,476,219,440,583,319,660,118,36,59,4,151,18,35,42,35,30,15,58,30,43,32,26,28,56,39,57,19,1,1,1,9,2,1,56,4.18,10.5,43.89,Fringe,Average,599,HK #39,20
336,CE #47,HUGH COONEY,,8,5.25,42,Centre,Leinster Rugby,3.33,14.25,2.54,0,3.63,1.51,0,0,4.85,0,0,0,0,0,0,0,10.13,1.76,380,0.11,1,1,186,3,4,2,1,4,1,30,10,0,0,0,0,0,0,0,396,309,219,138,202,151,349,247,323,326,478,462,204,118,36,59,4,151,18,35,52,39,32,23,41,34,58,48,46,50,51,57,38,1,3,6,1,17,2,6,47.5,0.01,0.13,0.13,23.25,0.38,0.5,0.25,0.13,0.5,0.13,3.75,1.25,0,0,0,0,0,0,0,396,268,263,172,176,156,359,262,378,324,564,519,161,118,36,59,4,151,18,35,66,39,39,30,39,33,70,54,53,49,60,66,34,1,3,6,1,17,2,6,55,5.62,8.1,45.52,Fringe,Consistent,581,CE #55,23
337,SH #22,JAMISON GIBSON-PARK,,6,6.95,41.68,Scrum Half,Leinster Rugby,0,0,0,1.6,0,0,0,3.65,9.59,0,0,0,0,0.44,0,18.09,0,8.31,356,0.12,1,5,110,1,5,4,0,7,1,21,7,0,0,0,0,0,0,0,427,258,219,15,321,286,308,149,480,192,478,533,322,118,36,59,4,151,18,35,34,24,28,5,30,24,26,13,33,23,25,37,28,1,3,7,2,11,2,10,59.33,0.02,0.17,0.83,18.33,0.17,0.83,0.67,0,1.17,0.17,3.5,1.17,0,0,0,0,0,0,0,233,154,213,7,239,273,283,85,480,93,522,538,189,118,36,59,4,151,18,35,11,10,24,4,11,22,18,5,33,6,23,19,19,1,3,7,2,11,2,10,55,5.58,7.6,42.41,Squad,Consistent,612,SH #23,19
338,HK #41,JOHN MCKEE,,9,4.62,41.61,Hooker,Leinster Rugby,6.51,4.82,0,0,4.61,4.49,0,2.94,0,0,5.61,6.57,-0.6,0,0,0,6.66,0,320,0.13,0,0,99,2,2,0,1,2,4,52,5,1,0,0,0,0,0,0,455,221,390,267,345,203,450,476,323,442,249,308,404,58,36,59,4,151,18,35,38,38,39,15,28,6,34,32,36,32,22,37,35,6,1,1,1,9,2,1,35.56,0.01,0,0,11,0.22,0.22,0,0.11,0.22,0.44,5.78,0.56,0.11,0,0,0,0,0,0,551,268,390,267,361,228,510,476,404,534,293,306,482,76,36,59,4,151,18,35,35,35,39,15,19,5,37,32,44,41,25,38,34,12,1,1,1,9,2,1,55,4.77,8.8,41.98,Fringe,Very Consistent,620,HK #42,18
339,LK #42,OLUJARE OGUNTIBEJU,,13,3.15,41,Lock,Glasgow Warriors,1.89,9.81,0,-0.35,0,0.28,0,0,6.03,0,6.79,3.93,2.12,4.91,3.64,0.65,0.97,0.33,473,0.09,2,0,27,1,2,4,0,4,7,65,9,1,0,0,0,0,0,0,320,399,133,267,549,286,450,149,480,326,104,232,236,58,36,59,4,151,18,35,44,30,5,15,64,14,41,12,62,39,18,48,23,33,1,1,1,27,4,1,36.38,0.01,0.15,0,2.08,0.08,0.15,0.31,0,0.31,0.54,5,0.69,0.08,0,0,0,0,0,0,538,268,230,267,647,366,542,233,480,477,221,373,416,93,36,59,4,151,18,35,74,27,14,15,82,27,55,21,62,63,32,74,45,46,1,1,1,27,4,1,55,7.13,12.1,86.27,Squad,Consistent,256,LK #43,66
340,PR #9,SAM ILLO,,12,3.4,40.83,Prop,Connacht Rugby,2.85,0,-1,0,3.18,9.81,-0.14,0,0,0.66,0,7.92,5.85,1.75,3.76,0,5.87,0.32,473,0.09,1,0,67,0,7,0,3,2,6,81,4,0,0,0,0,0,0,0,320,399,219,267,407,412,248,476,151,442,139,151,459,118,36,59,4,151,18,35,31,9,14,12,17,23,9,53,7,30,49,14,59,5,1,1,1,23,2,1,39.42,0.01,0.08,0,5.58,0,0.58,0,0.25,0.17,0.5,6.75,0.33,0,0,0,0,0,0,0,501,268,328,267,503,412,340,476,230,558,232,214,581,118,36,59,4,151,18,35,62,14,28,12,27,23,15,53,14,54,86,27,86,5,1,1,1,23,2,1,55,15.45,11.2,173.04,Premium,Very Consistent,21,PR #8,97
341,OB #70,ANDREW SMITH,,6,6.79,40.73,Outside Back,Munster Rugby,0,0,13.74,0.86,0,0,0,0,0,0,0,0,0,0,13.44,17.3,5.21,-9.82,397,0.1,1,0,210,7,10,2,2,14,4,36,13,0,0,0,0,1,0,0,380,354,219,267,179,46,194,247,209,59,249,413,133,118,36,59,4,23,18,35,64,74,58,59,63,32,65,61,32,28,30,32,26,1,4,8,2,3,5,12,66.17,0.02,0.17,0,35,1.17,1.67,0.33,0.33,2.33,0.67,6,2.17,0,0,0,0,0.17,0,0,160,154,213,267,77,14,113,207,166,6,137,268,18,118,36,59,4,24,18,35,67,37,60,59,52,10,53,62,27,3,14,4,8,1,4,8,2,3,5,12,55,7.8,6.9,53.82,Fringe,Boom/Bust,518,OB #90,31
342,FH #31,JAKE FLANNERY,,15,2.71,40.68,Fly Half,Ulster Rugby,2.5,0,0.99,-0.67,2.12,5,0,2.26,11.03,-0.21,0,0,0,0,1.06,5.16,8.91,2.53,380,0.11,1,0,138,2,5,6,0,14,1,36,8,0,0,7,0,0,0,0,396,309,219,267,272,203,308,90,480,59,478,413,278,118,36,30,4,151,18,35,33,30,14,32,27,22,29,12,26,12,25,31,31,2,29,24,2,11,2,10,25.33,0.01,0.07,0,9.2,0.13,0.33,0.4,0,0.93,0.07,2.4,0.53,0,0,0.47,0,0,0,0,642,268,356,267,405,318,450,184,480,159,598,636,494,118,36,39,4,151,18,35,43,22,18,32,34,26,35,17,26,22,29,39,42,2,29,33,2,11,2,10,55,3.6,13.8,49.68,Fringe,Inconsistent,544,FH #42,28
343,LF #81,MARCEL THEUNISSEN,,13,3.13,40.64,Loose Forward,DHL Stormers,2.09,5.42,0.9,0.33,0,-4.78,9.91,0,0,9.93,0.43,3.96,2.23,0,3.31,2.46,0,4.45,449,0.09,0,0,110,1,6,2,1,4,4,48,4,5,0,0,0,1,0,0,348,399,390,267,321,286,275,247,323,326,249,335,459,12,36,59,4,23,18,35,74,98,77,50,76,61,66,53,86,68,63,85,82,8,1,1,1,6,6,1,34.54,0.01,0,0,8.46,0.08,0.46,0.15,0.08,0.31,0.31,3.69,0.31,0.38,0,0,0,0.08,0,0,564,268,390,267,421,366,397,363,443,477,408,527,609,21,36,59,4,87,18,35,108,56,77,50,101,83,88,78,100,101,87,118,112,8,1,1,1,21,6,1,54,3.77,12.2,45.99,Fringe,Inconsistent,576,LF #95,23
344,LK #43,COBUS WIESE,,15,2.7,40.5,Lock,Vodacom Bulls,0.13,0,0.87,1.82,5.82,-1.65,0.41,0,3.58,0,1.46,0.46,10.69,1.08,6.98,0.34,1.03,7.48,713,0.06,1,0,234,1,7,0,0,19,9,95,23,2,0,0,0,0,0,0,163,526,219,267,163,286,248,476,480,23,60,106,16,36,36,59,4,151,18,35,28,63,15,15,1,14,9,60,62,1,10,24,1,23,1,1,1,27,4,1,47.53,0,0.07,0,15.6,0.07,0.47,0,0,1.27,0.6,6.33,1.53,0.13,0,0,0,0,0,0,395,618,356,267,286,389,396,476,480,76,178,244,73,70,36,59,4,151,18,35,56,78,31,15,5,33,22,60,62,4,26,57,6,39,1,1,1,27,4,1,54,6.52,13.7,89.32,Squad,Average,236,LK #40,69
345,SH #23,ARCHIE HUGHES,,12,3.37,40.41,Scrum Half,Scarlets,0,0,0,2.29,0.4,0,0,1.35,3.08,1.48,0,7.27,14.57,10.72,0.57,-0.32,-1,0,356,0.11,0,3,84,2,5,2,2,4,1,37,6,0,0,0,0,0,0,0,427,309,390,47,374,203,308,247,209,326,478,407,363,118,36,59,4,151,18,35,34,28,43,15,35,17,26,21,11,35,25,18,32,1,3,7,2,11,2,10,29.67,0.01,0,0.25,7,0.17,0.42,0.17,0.17,0.33,0.08,3.08,0.5,0,0,0,0,0,0,0,617,268,390,65,459,273,419,339,334,451,590,581,499,118,36,59,4,151,18,35,43,22,43,17,43,22,35,28,17,43,35,26,41,1,3,7,2,11,2,10,54,3.54,11.4,40.36,Squad,Average,633,SH #24,16
346,LF #82,SIONE VAILANU,,8,5.05,40.38,Loose Forward,Glasgow Warriors,0,0,0,0,0,0,0,0,0,0,6.69,9.6,1.95,7.17,8.58,1.53,2.54,2.32,289,0.14,0,0,196,3,7,0,2,6,3,41,5,0,0,0,0,0,0,0,477,190,390,267,196,151,248,476,209,231,323,374,404,118,36,59,4,151,18,35,92,41,77,50,48,21,60,96,70,43,71,89,78,40,1,1,1,40,6,1,36.13,0.02,0,0,24.5,0.38,0.88,0,0.25,0.75,0.38,5.13,0.63,0,0,0,0,0,0,0,541,154,390,267,162,156,272,476,230,208,342,365,445,118,36,59,4,151,18,35,104,29,77,50,28,18,63,96,69,30,73,108,83,40,1,1,1,40,6,1,54,5.48,8.4,46.03,Fringe,Consistent,575,LF #94,24
347,SH #24,HECTOR PATTERSON,"Patterson actually made some decent headway when he did get game time this season. He is young and showed something more than a lot of other scrum halves were capable of this season, so might be worth considering next season, either in the draft or as one to watch on the waiver wire.",4,10.05,40.18,Scrum Half,Edinburgh Rugby,0,0,0,0,0,0,0,0,0,0,0,0,0,0,16.63,16.95,10.78,-4.18,273,0.15,2,5,123,0,3,0,0,6,2,11,5,0,0,0,0,0,0,1,488,163,133,15,294,412,393,476,480,231,405,607,404,118,36,59,4,151,18,12,41,14,14,5,27,42,33,46,33,28,15,46,34,1,3,7,2,11,2,3,68.25,0.04,0.5,1.25,30.75,0,0.75,0,0,1.5,0.5,2.75,1.25,0,0,0,0,0,0,0.25,131,78,38,1,105,412,294,476,480,44,232,610,161,118,36,59,4,151,18,6,4,5,5,1,2,42,19,46,33,3,4,31,15,1,3,7,2,11,2,1,54,6.15,7.4,45.51,Squad,Consistent,582,SH #22,23
348,SH #25,COBUS REINACH,,7,5.74,40.16,Scrum Half,DHL Stormers,0,0,0,0,0.99,0,9.37,0,5.89,2.23,6.3,0,0,0,12.46,2.92,0,0,396,0.1,1,1,171,4,9,2,2,8,1,32,10,0,0,0,0,1,0,0,381,354,219,138,226,118,212,247,209,156,478,445,204,118,36,59,4,23,18,35,29,30,28,33,17,8,14,21,11,17,25,22,22,1,3,7,2,3,2,10,56.57,0.01,0.14,0.14,24.43,0.57,1.29,0.29,0.29,1.14,0.14,4.57,1.43,0,0,0,0,0.14,0,0,282,268,239,154,164,90,177,243,202,97,546,432,99,118,36,59,4,33,18,35,14,22,26,34,5,4,6,16,8,7,25,12,7,1,3,7,2,4,2,10,54,5.1,7.9,40.29,Squad,Very Consistent,635,SH #25,15
349,LF #83,GIULIO MARINI,,11,3.64,40.07,Loose Forward,Benetton Rugby,0,0,0,1.84,0,1.85,2.89,0,0,2.18,2.07,4.2,12.11,0,4.77,5.43,1.62,1.11,540,0.07,0,1,55,1,3,0,1,4,6,104,13,0,0,0,0,0,0,0,267,483,390,138,445,286,393,476,323,326,139,91,133,118,36,59,4,151,18,35,57,116,77,23,97,61,95,96,86,68,38,44,26,40,1,1,1,40,6,1,49.09,0.01,0,0.09,5,0.09,0.27,0,0.09,0.36,0.55,9.45,1.18,0,0,0,0,0,0,0,371,268,390,212,523,356,486,476,431,440,214,78,184,118,36,59,4,151,18,35,76,56,77,38,115,79,108,96,99,94,46,44,23,40,1,1,1,40,6,1,54,4.18,10.6,44.31,Fringe,Average,595,LF #99,21
350,CE #48,BYRON RALSTON,,3,13.31,39.94,Centre,Connacht Rugby,4.19,0,0,16.71,19.04,0,0,0,0,0,0,0,0,0,0,0,0,0,169,0.24,2,2,59,3,5,2,0,1,1,13,3,0,0,0,0,0,0,0,564,31,133,78,435,151,308,247,480,526,478,594,500,118,36,59,4,151,18,35,70,5,20,12,69,34,53,48,60,68,51,74,67,1,3,6,1,17,2,6,56.33,0.08,0.67,0.67,19.67,1,1.67,0.67,0,0.33,0.33,4.33,1,0,0,0,0,0,0,0,287,39,24,12,224,18,113,85,480,451,373,454,234,118,36,59,4,151,18,35,55,8,1,3,48,3,23,21,60,66,34,54,53,1,3,6,1,17,2,6,54,8.11,6.9,55.96,Squad,Very Consistent,503,CE #46,33
351,LK #44,JOSH MCNALLY,,17,2.34,39.81,Lock,Cardiff Rugby,1.79,-5.14,3.86,2.83,5.41,3.91,5.61,-5.41,4.26,6.91,3.37,6.58,3.08,0.33,3.25,-1.97,1.14,0,1210,0.03,1,0,119,0,7,2,5,6,14,122,13,1,0,0,0,3,0,0,6,636,219,267,302,412,248,247,74,231,13,57,133,58,36,59,4,3,18,35,1,85,15,15,14,39,9,25,10,22,2,14,12,33,1,1,1,1,4,1,71.18,0,0.06,0,7,0,0.41,0.12,0.29,0.35,0.82,7.18,0.76,0.06,0,0,0,0.18,0,0,104,618,380,267,459,412,425,410,202,449,104,183,380,113,36,59,4,21,18,35,13,78,40,15,32,39,29,44,30,57,17,48,40,55,1,1,1,2,4,1,53,6.04,15.3,92.41,Squad,Inconsistent,221,LK #38,71
352,SH #26,ALESSANDRO FUSCO,,11,3.61,39.73,Scrum Half,Zebre Parma,13.03,2.02,0,0,0,8.68,4.27,1.86,0,7.25,0,0,0,0.61,13.51,-2.96,-2.36,-6.18,768,0.05,2,2,175,0,11,5,2,11,5,56,15,0,0,0,0,1,0,0,129,568,133,78,220,412,178,113,209,88,187,275,92,118,36,59,4,23,18,35,5,43,14,25,15,42,10,10,11,6,3,8,11,1,3,7,2,3,2,10,69.82,0,0.18,0.18,15.91,0,1,0.45,0.18,1,0.45,5.09,1.36,0,0,0,0,0.09,0,0,116,618,202,125,279,412,214,159,319,116,282,370,119,118,36,59,4,75,18,35,2,48,22,30,17,42,10,11,15,10,7,8,11,1,3,7,2,7,2,10,53,3.73,10.6,39.54,Squad,Boom/Bust,640,SH #26,15
353,LK #45,MARVIN ORIE,,7,5.66,39.65,Lock,Hollywoodbets Sharks,7.32,12.05,0.64,3.84,11.44,3.37,0.99,0,0,0,0,0,0,0,0,0,0,0,450,0.09,1,0,8,0,0,0,2,5,3,65,8,3,0,0,0,0,0,0,347,399,219,267,650,412,600,476,209,279,323,232,278,27,36,59,4,151,18,35,50,30,15,15,81,39,69,60,22,29,49,48,30,16,1,1,1,27,4,1,64.29,0.01,0.14,0,1.14,0,0,0,0.29,0.71,0.43,9.29,1.14,0.43,0,0,0,0,0,0,182,268,239,267,684,412,600,476,202,222,306,86,198,17,36,59,4,151,18,35,23,27,16,15,87,39,69,60,30,18,46,22,18,10,1,1,1,27,4,1,53,9.92,7.7,76.38,Fringe,Consistent,324,LK #49,57
354,OB #71,LUKE MORGAN,,8,4.95,39.61,Outside Back,Ospreys,0,0,0,7.78,0,0,0,0,0,0,0,0,0,21.81,5.21,1.38,1.6,1.83,378,0.1,2,0,147,3,7,1,2,9,3,27,4,0,0,0,0,0,0,0,401,354,133,267,261,151,248,338,209,130,323,483,459,118,36,59,4,151,18,35,66,74,39,59,77,70,71,77,32,51,44,47,82,1,4,8,2,20,5,12,47.25,0.01,0.25,0,18.38,0.38,0.88,0.13,0.25,1.13,0.38,3.38,0.5,0,0,0,0,0,0,0,402,268,150,267,238,156,272,391,230,101,342,555,499,118,36,59,4,151,18,35,99,60,48,59,94,83,92,84,42,56,42,52,98,1,4,8,2,20,5,12,53,6.23,7.9,49.22,Fringe,Inconsistent,549,OB #101,27
355,FH #32,JACK MURPHY,,15,2.64,39.59,Fly Half,Ulster Rugby,-1.8,0,2.83,-0.49,10.49,4.9,1.84,1.44,1.58,2.01,7.37,-0.24,-0.77,0,1.11,0,2.27,7.05,1044,0.04,1,6,116,2,6,1,1,17,8,78,33,0,1,6,0,1,0,0,29,603,219,10,309,203,275,338,323,33,77,167,1,118,29,32,4,23,18,35,7,43,14,2,31,22,27,28,14,6,2,8,1,2,23,25,2,2,2,10,69.6,0,0.07,0.4,7.73,0.13,0.4,0.07,0.07,1.13,0.53,5.2,2.2,0,0.07,0.4,0,0.07,0,0,122,618,356,34,442,318,426,460,460,101,228,358,16,118,32,43,4,114,18,35,12,44,18,10,36,26,34,35,22,11,3,19,4,2,26,36,2,7,2,10,53,3.54,13.8,48.85,Fringe,Boom/Bust,550,FH #43,27
356,LK #46,JASON JENKINS,,11,3.59,39.48,Lock,Hollywoodbets Sharks,0,0,0,0,0,-4.4,3.09,0,10.8,9.61,-2.67,4.03,6.55,6.3,1.25,2.36,2.56,0,729,0.05,2,0,127,1,1,4,1,9,5,71,15,3,0,0,0,1,0,0,149,568,133,267,288,286,512,149,323,130,187,201,92,27,36,59,4,23,18,35,23,75,5,15,12,14,55,12,40,6,32,42,8,16,1,1,1,5,4,1,66.27,0,0.18,0,11.55,0.09,0.09,0.36,0.09,0.82,0.45,6.45,1.36,0.27,0,0,0,0.09,0,0,158,618,202,267,351,356,575,198,431,186,282,239,119,35,36,59,4,75,18,35,17,78,9,15,13,24,63,16,53,11,44,55,11,24,1,1,1,14,4,1,53,7.72,10.5,81.06,Squad,Average,287,LK #47,62
356,LK #46,MARSHALL SYKES,,11,3.59,39.48,Lock,Edinburgh Rugby,3.16,0,4.17,0,6.84,0.86,0,0,0,0,0,2.36,-1.34,3.2,5.58,5.1,2.97,6.58,727,0.05,0,0,30,0,2,2,1,5,1,96,8,1,0,0,0,0,0,0,153,568,390,267,533,412,450,247,323,279,478,103,278,58,36,59,4,151,18,35,25,75,42,15,59,39,41,25,40,29,66,23,30,33,1,1,1,27,4,1,66.09,0,0,0,2.73,0,0.18,0.18,0.09,0.45,0.09,8.73,0.73,0.09,0,0,0,0,0,0,161,618,390,267,625,412,527,329,431,378,583,111,401,87,36,59,4,151,18,35,18,78,42,15,77,39,53,35,53,43,80,26,41,43,1,1,1,27,4,1,53,7.72,10.5,81.06,Squad,Very Consistent,287,LK #47,62
358,FH #33,CARWYN LEGGATT-JONES,,9,4.32,38.85,Fly Half,Scarlets,0,0,0,0,0,0.33,0,0,-0.47,0,16.79,14.35,11.61,0,0,0,0,-3.76,264,0.15,0,6,43,1,3,0,1,9,2,35,8,0,1,6,0,1,0,0,494,163,390,10,484,286,393,476,323,130,405,418,278,118,29,32,4,23,18,35,34,19,24,2,35,28,34,37,14,21,18,32,31,2,23,25,2,2,2,10,29.33,0.02,0,0.67,4.78,0.11,0.33,0,0.11,1,0.22,3.89,0.89,0,0.11,0.67,0,0.11,0,0,619,154,390,12,540,339,450,476,404,116,480,507,318,118,30,32,4,54,18,35,38,12,24,2,39,29,35,37,16,16,19,32,33,2,24,26,2,3,2,10,52,5.03,9,45.27,Fringe,Boom/Bust,586,FH #45,22
359,LK #48,JOE JOYCE,,13,2.93,38.13,Lock,Connacht Rugby,3.27,0,3.5,3.08,2.53,0,0,-6.85,4,2.33,12.51,0.88,4.57,0,0,2.45,1.7,4.16,627,0.06,1,1,61,1,4,1,0,1,10,111,4,1,0,0,0,2,0,0,218,526,219,138,428,286,349,338,480,526,41,78,459,58,36,59,4,7,18,35,33,63,15,3,40,14,20,35,62,67,6,20,58,33,1,1,1,2,4,1,48.23,0,0.08,0.08,4.69,0.08,0.31,0.08,0,0.08,0.77,8.54,0.31,0.08,0,0,0,0.15,0,0,382,618,328,228,542,366,470,438,480,608,114,119,609,93,36,59,4,31,18,35,54,78,26,8,55,27,37,49,62,78,20,28,72,46,1,1,1,7,4,1,52,6.83,12.1,82.64,Squad,Inconsistent,279,LK #45,63
360,CE #49,HUGH GAVIN,,6,6.33,37.95,Centre,Connacht Rugby,0,0,4.56,0,6.44,21.75,-0.6,0,0,0,0,0,0,0,3.19,2.61,0,0,395,0.1,1,1,154,2,4,2,1,4,2,35,8,0,0,0,0,0,0,0,385,354,219,138,251,203,349,247,323,326,405,418,278,118,36,59,4,151,18,35,51,48,32,23,48,42,58,48,46,50,36,51,45,1,3,6,1,17,2,6,65.83,0.02,0.17,0.17,25.67,0.33,0.67,0.33,0.17,0.67,0.33,5.83,1.33,0,0,0,0,0,0,0,163,154,213,132,152,172,315,207,334,239,373,295,125,118,36,59,4,151,18,35,36,20,33,22,33,39,62,46,47,34,34,35,25,1,3,6,1,17,2,6,52,6.34,7.1,45.01,Fringe,Inconsistent,588,CE #59,22
361,SH #27,CHE HOPE,,9,4.19,37.75,Scrum Half,Dragons RFC,-0.01,0,-0.78,0,0,0,19.69,11.44,7.52,-2.97,1.28,1.58,0,0,0,0,0,0,388,0.1,4,2,104,1,3,1,2,9,1,20,11,0,0,0,0,0,0,0,388,354,49,78,333,286,393,338,209,130,478,544,171,118,36,59,4,151,18,35,30,30,7,25,31,24,33,34,11,14,25,39,18,1,3,7,2,11,2,10,43.11,0.01,0.44,0.22,11.56,0.11,0.33,0.11,0.22,1,0.11,2.22,1.22,0,0,0,0,0,0,0,453,268,61,91,350,339,450,411,270,116,576,645,173,118,36,59,4,151,18,35,29,22,9,23,30,34,39,40,13,10,33,39,17,1,3,7,2,11,2,10,52,4.19,9,37.71,Squad,Inconsistent,655,SH #27,13
362,LF #84,GIOVANNI LICATA,,10,3.77,37.65,Loose Forward,Zebre Parma,-10.97,0,0,4.3,1.09,0.62,-0.09,3,0,0,0,0,0,5.72,15.51,5.64,12.83,0,426,0.09,1,0,181,2,10,16,2,5,9,55,8,0,0,0,0,1,1,0,363,399,219,267,209,203,194,7,209,279,60,287,278,118,36,59,4,23,1,35,76,98,44,50,54,36,43,3,70,56,18,81,55,40,1,1,1,6,1,1,42.6,0.01,0.1,0,18.1,0.2,1,1.6,0.2,0.5,0.9,5.5,0.8,0,0,0,0,0.1,0.1,0,461,268,298,267,243,237,214,10,284,324,81,332,359,118,36,59,4,65,3,35,91,56,58,50,54,39,45,2,80,66,10,104,63,40,1,1,1,16,1,1,52,4.29,9.8,42.04,Fringe,Boom/Bust,619,LF #107,18
363,CE #50,DAMIANO MAZZA,,12,3.11,37.28,Centre,Zebre Parma,6.15,8.53,0,3.89,0,0.06,3.23,-3.27,0,3.33,0,2.6,1.68,0,4.56,6.19,0,0.33,776,0.05,0,0,189,0,6,5,2,11,4,86,4,0,0,0,0,1,0,0,126,568,390,267,200,412,275,113,209,88,249,131,459,118,36,59,4,23,18,35,22,82,53,45,40,60,50,25,31,14,15,12,63,1,3,6,1,4,2,6,64.67,0,0,0,15.75,0,0.5,0.42,0.17,0.92,0.33,7.17,0.33,0,0,0,0,0.08,0,0,179,618,390,267,283,412,359,182,334,162,373,185,581,118,36,59,4,87,18,35,39,87,53,45,61,60,70,41,47,19,34,17,77,1,3,6,1,10,2,6,52,3.76,11.2,42.11,Fringe,Average,618,CE #67,18
364,PR #10,THOMAS CLARKSON,,10,3.73,37.25,Prop,Leinster Rugby,0,6.28,0.24,0.1,0,1.02,0,0.66,0.43,0,0,0,6.14,0,7.27,4.69,10.42,0,501,0.07,2,0,106,1,4,0,4,3,9,55,6,0,0,0,0,0,0,0,297,483,133,267,328,286,349,476,107,385,60,287,363,118,36,59,4,151,18,35,26,16,4,12,6,7,19,53,5,18,29,46,37,5,1,1,1,23,2,1,50.1,0.01,0.2,0,10.6,0.1,0.4,0,0.4,0.3,0.9,5.5,0.6,0,0,0,0,0,0,0,358,268,182,267,378,350,426,476,133,488,81,332,457,118,36,59,4,151,18,35,16,14,7,12,9,13,27,53,7,24,44,53,47,5,1,1,1,23,2,1,52,16.27,9.6,156.19,Good,Very Consistent,43,PR #18,94
365,CE #51,FETULI PAEA,,7,5.32,37.23,Centre,Dragons RFC,0,12.3,0,0,0,0,0,0,0,0,-0.84,4.26,3.57,0.13,6.71,11.1,0,0,337,0.11,0,1,126,1,11,1,2,4,1,36,7,0,0,0,0,0,0,0,442,309,390,138,289,286,178,338,209,326,478,413,322,118,36,59,4,151,18,35,55,39,53,23,52,55,39,55,31,50,51,49,52,1,3,6,1,17,2,6,48.14,0.02,0,0.14,18,0.14,1.57,0.14,0.29,0.57,0.14,5.14,1,0,0,0,0,0,0,0,383,154,390,154,245,298,125,370,202,300,546,363,234,118,36,59,4,151,18,35,64,20,53,28,54,56,27,63,33,44,59,45,53,1,3,6,1,17,2,6,52,5.76,7.5,43.2,Fringe,Average,604,CE #64,20
366,PR #11,PATRICK SCHICKERLING,,11,3.37,37.08,Prop,Glasgow Warriors,0,2.07,0.19,5.98,0,1.14,0,1.92,1.47,0,0,3.34,1.97,1.77,0,3.78,13.45,0,471,0.08,1,0,123,0,9,1,2,3,10,66,4,0,0,0,0,0,0,0,323,442,219,267,294,412,212,338,209,385,41,227,459,118,36,59,4,151,18,35,32,12,14,12,5,23,7,18,12,18,22,29,59,5,1,1,1,23,2,1,42.82,0.01,0.09,0,11.18,0,0.82,0.09,0.18,0.27,0.91,6,0.36,0,0,0,0,0,0,0,458,268,311,267,359,412,286,428,319,502,77,268,577,118,36,59,4,151,18,35,48,14,24,12,5,23,7,41,30,28,42,37,85,5,1,1,1,23,2,1,51,15.38,10.4,159.95,Good,Very Consistent,34,PR #14,96
367,LF #85,CAELAN DORIS,,5,7.39,36.96,Loose Forward,Leinster Rugby,0,0,0,0,0,0,0,6.27,0,8.76,0,0,0,9.98,0,8.64,0,3.31,305,0.12,0,0,107,0,7,1,4,6,3,67,7,0,0,0,0,0,0,0,466,258,390,267,326,412,248,338,107,231,323,220,322,118,36,59,4,151,18,35,89,59,77,50,79,92,60,77,43,43,71,72,67,40,1,1,1,40,6,1,61,0.02,0,0,21.4,0,1.4,0.2,0.8,1.2,0.6,13.4,1.4,0,0,0,0,0,0,0,212,154,390,267,195,412,150,303,38,87,178,6,104,118,36,59,4,151,18,35,29,29,77,50,36,92,29,60,17,9,38,3,10,40,1,1,1,40,6,1,51,6.77,7.4,50.1,Fringe,Very Consistent,542,LF #84,28
368,OB #72,YAW PENXE,,5,7.37,36.83,Outside Back,Hollywoodbets Sharks,19.49,0,0,0,0,0,0,0,0,-2.4,0,1.53,4.61,13.6,0,0,0,0,361,0.1,1,0,143,4,8,6,1,8,1,16,9,0,0,0,0,0,0,0,419,354,219,267,268,118,228,90,323,156,478,573,236,118,36,59,4,151,18,35,70,74,58,59,80,60,68,32,51,55,70,68,48,1,4,8,2,20,5,12,72.2,0.02,0.2,0,28.6,0.8,1.6,1.2,0.2,1.6,0.2,3.2,1.8,0,0,0,0,0,0,0,94,154,182,267,127,55,121,18,284,35,486,568,42,118,36,59,4,151,18,35,43,37,55,59,69,41,57,8,51,22,71,57,20,1,4,8,2,20,5,12,51,9.7,9.8,95.06,Good,Inconsistent,210,OB #41,72
369,CE #52,LITELIHLE BESTER,"Lured people in with 29.30 in Round 17, then got nowhere near that in the grand final. It wasn't a complete disaster score, I just hope you didn't swap out Esterhuizen or McDowall for him.",2,18.37,36.74,Centre,Hollywoodbets Sharks,0,0,0,0,0,0,0,0,0,0,0,0,0,0,0,0,29.3,7.44,125,0.29,1,0,156,5,3,4,1,7,2,8,2,0,0,0,0,0,0,0,604,16,219,267,248,84,393,149,323,192,405,635,556,118,36,59,4,151,18,35,78,2,32,45,47,17,62,33,46,28,36,79,74,1,3,6,1,17,2,6,62.5,0.15,0.5,0,78,2.5,1.5,2,0.5,3.5,1,4,1,0,0,0,0,0,0,0,198,21,38,267,4,1,135,4,83,1,32,481,234,118,36,59,4,151,18,35,44,4,2,45,1,1,29,1,12,1,2,61,53,1,3,6,1,17,2,6,51,8.37,7.2,60.26,Squad,,467,CE #43,38
370,OB #73,HUW ANDERSON,,14,2.62,36.66,Outside Back,Dragons RFC,5.59,0,13.22,3,0.88,-0.56,0.33,8,0,0,0,0,0,7.54,-1,0.66,-1,0,546,0.07,0,0,199,5,5,2,2,8,1,22,10,0,0,0,0,0,0,0,262,483,390,267,195,84,308,247,209,156,478,517,204,118,36,59,4,151,18,35,53,96,83,59,66,50,82,61,32,55,70,58,41,1,4,8,2,20,5,12,39,0.01,0,0,14.21,0.36,0.36,0.14,0.14,0.57,0.07,1.57,0.71,0,0,0,0,0,0,0,504,268,390,267,306,164,443,370,358,300,598,692,407,118,36,59,4,151,18,35,106,60,83,59,103,85,105,81,65,95,88,97,92,1,4,8,2,20,5,12,51,3.86,12.8,49.41,Fringe,Boom/Bust,547,OB #100,27
371,LK #49,FRANCO CARRERA,,8,4.56,36.46,Lock,Zebre Parma,0,0,8.75,7.6,6.57,0,0,0,6.35,-2.96,1.98,0,0,0,0,0,2.61,5.56,354,0.1,1,0,113,2,6,2,0,3,8,67,1,0,0,0,0,1,0,0,429,354,219,267,317,203,275,247,480,385,77,220,617,118,36,59,4,23,18,35,61,23,15,15,16,2,12,25,62,51,12,45,76,56,1,1,1,5,4,1,44.25,0.01,0.13,0,14.13,0.25,0.75,0.25,0,0.38,1,8.38,0.13,0,0,0,0,0.13,0,0,439,268,263,267,307,210,294,262,480,423,32,130,669,118,36,59,4,44,18,35,66,27,18,15,8,4,9,26,62,52,4,32,79,56,1,1,1,9,4,1,51,8.92,8.2,73.14,Fringe,Consistent,347,LK #50,54
372,PR #12,MICHAEL MILNE,,11,3.27,35.99,Prop,Munster Rugby,0,0,16.43,2.67,2.82,0.96,1.3,2.64,0,0,0,1.79,-2.66,3.05,4.3,2.69,0,0,481,0.07,2,0,45,0,4,2,2,2,11,83,6,0,0,0,0,0,0,0,313,483,133,267,474,412,349,247,209,442,28,145,363,118,36,59,4,151,18,35,29,16,4,12,30,23,19,8,12,30,16,13,37,5,1,1,1,23,2,1,43.73,0.01,0.18,0,4.09,0,0.36,0.18,0.18,0.18,1,7.55,0.55,0,0,0,0,0,0,0,450,268,202,267,568,412,443,329,319,553,32,169,485,118,36,59,4,151,18,35,43,14,11,12,42,23,29,18,30,50,20,15,60,5,1,1,1,23,2,1,51,15.13,10.4,157.35,Good,Very Consistent,40,PR #17,95
373,PR #13,MIRCO SPAGNOLO,,7,5.14,35.98,Prop,Benetton Rugby,15.17,5.43,2.74,2.01,0,0,3.6,5.31,0,1.72,0,0,0,0,0,0,0,0,347,0.1,0,0,77,1,5,2,7,3,4,41,3,0,0,0,0,0,0,0,433,354,390,267,384,286,308,247,32,385,249,374,500,118,36,59,4,151,18,35,60,6,36,12,14,7,14,8,1,18,73,71,71,5,1,1,1,23,2,1,49.57,0.01,0,0,11,0.14,0.71,0.29,1,0.43,0.57,5.86,0.43,0,0,0,0,0,0,0,364,268,390,267,361,298,306,243,7,389,196,291,551,118,36,59,4,151,18,35,18,14,36,12,6,8,11,4,1,9,79,42,76,5,1,1,1,23,2,1,50,16.43,7.5,123.23,Squad,Very Consistent,109,PR #26,86
374,LF #86,IACOPO BIANCHI,,8,4.45,35.62,Loose Forward,Zebre Parma,0,0,1.46,0,0,0,0,0,8.44,5.42,11.68,0.33,4.27,0,1.69,0,0,2.33,357,0.1,0,1,51,0,3,2,2,0,5,84,8,0,0,0,0,0,0,0,425,354,390,138,458,412,393,247,209,618,187,140,278,118,36,59,4,151,18,35,86,91,77,23,100,92,95,53,70,119,51,59,55,40,1,1,1,40,6,1,44.63,0.01,0,0.13,6.38,0,0.38,0.25,0.25,0,0.63,10.5,1,0,0,0,0,0,0,0,437,268,390,172,479,412,440,262,230,618,169,51,234,118,36,59,4,151,18,35,88,56,77,27,108,92,103,54,69,119,35,31,36,40,1,1,1,40,6,1,50,5.08,8.4,42.67,Fringe,Average,609,LF #103,19
375,PR #14,JEREMY LOUGHMAN,,14,2.52,35.31,Prop,Munster Rugby,0.99,0.08,0,1.22,1.29,3.37,3.95,1.73,3.34,1.2,0,0,0,0.29,6.49,2.75,5.49,3.12,634,0.06,0,0,46,0,1,3,2,4,10,127,10,0,0,0,0,0,0,0,215,526,390,267,469,412,512,199,209,326,41,45,204,118,36,59,4,151,18,35,13,28,36,12,27,23,56,4,12,10,22,4,13,5,1,1,1,23,2,1,45.29,0,0,0,3.29,0,0.07,0.21,0.14,0.29,0.71,9.07,0.71,0,0,0,0,0,0,0,424,618,390,267,600,412,591,296,358,491,130,91,407,118,36,59,4,151,18,35,30,66,36,12,57,23,84,14,40,25,61,5,34,5,1,1,1,23,2,1,50,13.28,12.8,169.98,Good,Very Consistent,23,PR #9,97
376,OB #74,SEABELO SENATLA,,5,7.04,35.21,Outside Back,DHL Stormers,32.84,4.7,-3.44,0,0.9,0,0,0,0,0,0,0,0.21,0,0,0,0,0,291,0.12,0,1,112,6,11,1,1,7,4,12,7,0,0,0,0,0,0,0,473,258,390,138,318,63,178,338,323,192,249,602,322,118,36,59,4,151,18,35,78,61,83,30,86,40,61,77,51,61,30,79,63,1,4,8,2,20,5,12,58.2,0.02,0,0.2,22.4,1.2,2.2,0.2,0.2,1.4,0.8,2.4,1.4,0,0,0,0,0,0,0,257,154,390,108,184,12,57,303,284,59,105,636,104,118,36,59,4,151,18,35,87,37,83,23,88,9,32,77,51,35,9,76,34,1,4,8,2,20,5,12,50,8.07,6.6,53.26,Fringe,Boom/Bust,520,OB #92,31
376,HK #42,NIALL SCANNELL,,8,4.4,35.21,Hooker,Munster Rugby,5.07,5.52,0,0,1.13,-0.07,2.67,0,0,0,0,5.57,0,5.29,0,0,0,10.03,271,0.13,0,1,66,0,1,0,1,2,3,37,2,1,0,0,0,0,0,0,492,221,390,138,412,412,512,476,323,442,323,407,556,58,36,59,4,151,18,35,42,38,39,2,36,30,40,32,36,32,31,43,48,6,1,1,1,9,2,1,33.88,0.02,0,0.13,8.25,0,0.13,0,0.13,0.25,0.38,4.63,0.25,0.13,0,0,0,0,0,0,572,154,390,172,427,412,553,476,378,513,342,424,624,70,36,59,4,151,18,35,38,23,39,5,32,30,42,32,43,36,29,48,54,11,1,1,1,9,2,1,50,4.67,8.1,37.83,Fringe,Consistent,652,HK #48,13
378,OB #75,CHAY MULLINS,,7,5,35.02,Outside Back,Connacht Rugby,-0.57,0,16.87,8.47,0,8.67,6.96,0,1.57,0,-6.95,0,0,0,0,0,0,0,464,0.08,1,0,178,5,7,3,1,3,6,34,8,0,0,0,0,2,0,1,330,442,219,267,214,84,248,199,323,385,139,427,278,118,36,59,4,7,18,12,58,89,58,59,69,50,71,51,51,83,7,36,54,1,4,8,2,1,5,6,66.29,0.01,0.14,0,25.43,0.71,1,0.43,0.14,0.43,0.86,4.86,1.14,0,0,0,0,0.29,0,0.14,157,268,239,267,154,63,214,175,358,389,92,400,198,118,36,59,4,6,18,11,66,60,68,59,81,45,81,58,65,100,7,18,50,1,4,8,2,1,5,5,50,6.59,7.3,48.11,Fringe,Boom/Bust,556,OB #103,26
379,LF #87,ALLY MILLER,,8,4.37,34.95,Loose Forward,Glasgow Warriors,0,0,0,0,0,8.6,0.33,0,2.39,0,7.07,6.47,0.66,0,0,0,3.87,5.56,368,0.09,0,0,116,1,2,0,1,4,1,45,2,2,0,0,0,0,0,0,410,399,390,267,309,286,450,476,323,326,478,351,556,36,36,59,4,151,18,35,83,98,77,50,72,61,102,96,86,68,90,88,99,13,1,1,1,40,6,1,46,0.01,0,0,14.5,0.13,0.25,0,0.13,0.5,0.13,5.63,0.25,0.25,0,0,0,0,0,0,415,268,390,267,301,318,490,476,378,324,564,322,624,39,36,59,4,151,18,35,85,56,77,50,71,69,109,96,94,66,109,101,116,12,1,1,1,40,6,1,50,5.02,8.4,42.17,Fringe,Consistent,617,LF #106,18
380,CE #53,DANIEL DU PLESSIS,,7,4.92,34.43,Centre,DHL Stormers,6.83,3.61,0,0,0,0,0,0,0,0,0,0,14.21,2.92,4.11,0.23,2.52,0,486,0.07,0,0,114,2,8,0,0,0,3,41,2,0,0,0,0,0,0,0,309,483,390,267,314,203,228,476,480,618,323,374,556,118,36,59,4,151,18,35,45,68,53,45,55,42,46,70,60,79,28,42,74,1,3,6,1,17,2,6,69.43,0.01,0,0,16.29,0.29,1.14,0,0,0,0.43,5.86,0.29,0,0,0,0,0,0,0,123,268,390,267,271,197,201,476,480,618,306,291,616,118,36,59,4,151,18,35,27,39,53,45,59,43,44,70,60,79,23,34,79,1,3,6,1,17,2,6,50,5.53,7.5,41.48,Fringe,Average,624,CE #68,17
381,SH #28,RHODRI WILLIAMS,,16,2.14,34.3,Scrum Half,Dragons RFC,2.07,3.67,0,-1.55,1.56,-0.2,2.29,0.66,4.94,0.9,0.52,5.32,10.28,-3.56,0,-0.21,8.37,-0.76,717,0.05,1,3,175,0,2,2,5,19,3,60,16,0,0,0,0,0,0,0,159,568,219,47,220,412,450,247,74,23,323,260,76,118,36,59,4,151,18,35,8,43,28,15,15,42,39,21,5,1,6,7,6,1,3,7,2,11,2,10,44.81,0,0.06,0.19,10.94,0,0.13,0.13,0.31,1.19,0.19,3.75,1,0,0,0,0,0,0,0,429,618,380,122,367,412,553,391,190,90,510,519,234,118,36,59,4,151,18,35,27,48,41,29,32,42,50,37,7,5,21,15,23,1,3,7,2,11,2,10,49,2.55,14.6,37.23,Squad,Boom/Bust,658,SH #28,13
382,PR #15,OX NCHE,,12,2.85,34.17,Prop,Hollywoodbets Sharks,0,0,0,3.22,9.49,0,0,0,4.53,0.91,2.29,-0.97,-0.37,2.36,1.09,2.34,1.37,7.91,603,0.06,0,1,64,0,8,3,6,7,3,54,11,0,0,0,0,0,0,0,225,526,390,138,418,412,228,199,47,192,323,292,171,118,36,59,4,151,18,35,15,28,36,7,19,23,8,4,2,2,88,48,9,5,1,1,1,23,2,1,50.25,0.01,0,0.08,5.33,0,0.67,0.25,0.5,0.58,0.25,4.5,0.92,0,0,0,0,0,0,0,355,268,390,228,511,412,315,262,83,295,449,435,302,118,36,59,4,151,18,35,15,14,36,11,29,23,12,6,5,3,118,82,17,5,1,1,1,23,2,1,49,14.09,11.2,157.81,Good,Very Consistent,38,PR #16,95
383,SH #29,BEN AFSHAR,"I feel like from watching games and highlights, Afshar actually contributed pretty well to some of Glasgow's performances this season. But I have double checked the stats and yep - just 2.26 fantasy points per game. Sometimes you need to disregard what your eyes/heart tell you and look at the data.",15,2.26,33.87,Scrum Half,Glasgow Warriors,0,0,1.9,1.66,1,3.35,0,0.3,5.26,0,-2.34,3.14,0,9.22,3.55,7,-1.17,1,537,0.06,0,2,148,1,6,3,2,10,0,29,10,0,0,0,0,0,0,1,270,526,390,78,259,286,275,199,209,114,615,466,204,118,36,59,4,151,18,12,18,40,43,25,22,24,22,17,11,11,45,25,22,1,3,7,2,11,2,3,35.8,0,0,0.13,9.87,0.07,0.4,0.2,0.13,0.67,0,1.93,0.67,0,0,0,0,0,0,0.07,547,618,390,172,392,389,426,303,378,239,615,672,423,118,36,59,4,151,18,27,35,48,43,39,35,37,36,25,23,19,45,45,35,1,3,7,2,11,2,8,49,2.65,13.8,36.57,Squad,Average,663,SH #29,12
384,LF #88,RUADHAN QUINN,,6,5.62,33.74,Loose Forward,Munster Rugby,0,13.42,4.6,0,4.22,0,0,0,0,5.58,4.86,0,0,0,0,0,0,1.06,247,0.14,1,2,55,1,1,0,0,1,1,48,4,0,0,0,0,0,0,0,506,190,219,78,445,286,512,476,480,526,478,335,459,118,36,59,4,151,18,35,95,41,44,11,97,61,107,96,104,106,90,85,82,40,1,1,1,40,6,1,41.17,0.02,0.17,0.33,9.17,0.17,0.17,0,0,0.17,0.17,8,0.67,0,0,0,0,0,0,0,479,154,213,46,406,273,530,476,480,558,522,145,423,118,36,59,4,151,18,35,94,29,44,5,98,54,112,96,104,114,101,67,78,40,1,1,1,40,6,1,49,5.98,7.5,44.85,Fringe,Consistent,590,LF #97,22
385,PR #16,BOAN VENTER,,13,2.59,33.72,Prop,Edinburgh Rugby,0,0,1.32,0,0.35,3.39,1.59,0,0,0.39,6.15,-0.48,3.46,5.73,8.88,5.71,-3.5,0.73,464,0.07,2,0,86,1,7,2,0,4,4,64,4,0,0,0,0,1,0,0,330,483,133,267,368,286,248,247,480,326,249,237,459,118,36,59,4,23,18,35,35,16,4,12,10,7,9,8,67,10,73,31,59,5,1,1,1,4,2,1,35.69,0.01,0.15,0,6.62,0.08,0.54,0.15,0,0.31,0.31,4.92,0.31,0,0,0,0,0.08,0,0,549,268,230,267,474,366,352,363,480,477,408,393,609,118,36,59,4,87,18,35,79,14,15,12,17,16,17,26,67,22,111,65,95,5,1,1,1,16,2,1,49,13.45,12,161.4,Good,Very Consistent,32,PR #13,96
386,SH #30,ETHAN COUGHLAN,,11,3.06,33.66,Scrum Half,Munster Rugby,0,-0.08,3.32,16.7,1.65,0,-1,0,-2.14,2.9,7.78,1.8,2.73,0,0,0,0,0,421,0.08,2,0,145,2,2,0,1,3,0,27,13,0,0,0,0,0,0,1,367,442,133,267,264,203,450,476,323,385,615,483,133,118,36,59,4,151,18,12,27,33,14,46,23,17,39,46,23,37,45,30,16,1,3,7,2,11,2,3,38.27,0.01,0.18,0,13.18,0.18,0.18,0,0.09,0.27,0,2.45,1.18,0,0,0,0,0,0,0.09,520,268,202,267,324,257,527,476,431,502,615,633,184,118,36,59,4,151,18,23,33,22,22,46,26,19,46,46,27,49,45,35,18,1,3,7,2,11,2,6,49,3.29,10.6,34.87,Squad,Inconsistent,674,SH #30,10
387,LK #50,MATTHEW DALTON,,8,4.18,33.45,Lock,Ulster Rugby,1.13,0,0,0,1.3,1.18,0,0,0,0.64,14.7,3.85,5.39,5.26,0,0,0,0,242,0.14,0,0,132,2,2,2,0,6,1,50,7,0,0,0,0,0,0,0,511,190,390,267,280,203,450,247,480,231,478,326,322,118,36,59,4,151,18,35,66,8,42,15,11,2,41,25,62,22,66,60,35,56,1,1,1,27,4,1,30.25,0.02,0,0,16.5,0.25,0.25,0.25,0,0.75,0.13,6.25,0.88,0,0,0,0,0,0,0,607,154,390,267,265,210,490,262,480,208,564,252,321,118,36,59,4,151,18,35,82,20,42,15,4,4,45,26,62,15,79,60,32,56,1,1,1,27,4,1,49,8.49,8.2,69.62,Fringe,Average,374,LK #53,50
388,PR #17,GARYN PHILLIPS,,11,3.01,33.14,Prop,Ospreys,1.18,0,5.29,1.87,4.64,0,0,2.29,7.04,0,0,0,0.63,0,9.13,0,1.32,-0.25,371,0.09,1,0,50,2,5,0,3,3,5,53,5,0,0,0,0,0,0,0,406,399,219,267,465,203,308,476,151,385,187,301,404,118,36,59,4,151,18,35,54,9,14,12,25,3,14,53,7,18,57,52,47,5,1,1,1,23,2,1,33.73,0.01,0.09,0,4.55,0.18,0.45,0,0.27,0.27,0.45,4.82,0.45,0,0,0,0,0,0,0,573,268,311,267,548,257,401,476,219,502,282,402,540,118,36,59,4,151,18,35,88,14,24,12,38,6,24,53,13,28,99,70,70,5,1,1,1,23,2,1,48,14.49,10.4,150.7,Good,Very Consistent,53,PR #19,93
389,HK #43,EOIN DE BUITLEAR,,6,5.39,32.33,Hooker,Connacht Rugby,0,0,2.35,0,0,3.59,0,0,2.54,1.2,0,0,0,0,0,0,11.29,11.36,205,0.16,0,0,12,0,0,1,4,0,1,56,1,0,0,0,0,0,0,0,535,149,390,267,627,412,600,338,107,618,478,275,617,118,36,59,4,151,18,35,47,26,39,15,54,30,49,21,10,58,43,35,53,19,1,1,1,9,2,1,34.17,0.03,0,0,2,0,0,0.17,0.67,0,0.17,9.33,0.17,0,0,0,0,0,0,0,567,109,390,267,648,412,600,339,52,618,522,82,661,118,36,59,4,151,18,35,37,16,39,15,59,30,49,20,6,58,50,11,58,19,1,1,1,9,2,1,48,5.32,7.1,37.77,Fringe,Average,653,HK #49,13
390,SH #31,IMAD KHAN,,8,4.03,32.21,Scrum Half,DHL Stormers,0,0,10.27,-0.09,0,0,0,0,0,-0.09,0,0.6,13.24,0,0,3.25,7.88,-2.85,277,0.12,2,3,72,1,4,2,0,3,2,22,11,0,0,0,0,0,0,0,483,258,133,47,394,286,349,247,480,385,405,517,171,118,36,59,4,151,18,35,39,24,14,15,38,24,30,21,33,37,15,34,18,1,3,7,2,11,2,10,34.63,0.02,0.25,0.38,9,0.13,0.5,0.25,0,0.38,0.25,2.75,1.38,0,0,0,0,0,0,0,562,154,150,37,409,318,359,262,480,423,449,610,113,118,36,59,4,151,18,35,38,10,18,10,37,32,26,19,33,41,14,31,8,1,3,7,2,11,2,10,48,4.09,8.4,34.36,Squad,Inconsistent,678,SH #31,10
391,LF #89,JJ THERON,,6,5.35,32.07,Loose Forward,Vodacom Bulls,9.32,6.77,0,4.79,2.31,4.77,4.11,0,0,0,0,0,0,0,0,0,0,0,380,0.08,0,0,114,0,5,2,0,3,1,54,5,0,0,0,0,0,0,0,396,442,390,267,314,412,308,247,480,385,478,292,404,118,36,59,4,151,18,35,81,107,77,50,75,92,77,53,104,83,90,82,78,40,1,1,1,40,6,1,63.33,0.01,0,0,19,0,0.83,0.33,0,0.5,0.17,9,0.83,0,0,0,0,0,0,0,186,268,390,267,231,412,283,207,480,324,522,92,336,118,36,59,4,151,18,35,24,56,77,50,51,92,67,42,104,66,101,49,56,40,1,1,1,40,6,1,48,5.85,7.5,43.88,Fringe,Very Consistent,600,LF #100,20
392,LF #90,MANUEL ZULIANI,,7,4.57,31.97,Loose Forward,Benetton Rugby,0,0,0,0.57,-1.34,0,7.59,14.24,0,-0.65,0,0,0,2.73,0,8.83,0,0,353,0.09,0,1,65,1,6,2,4,3,8,59,8,0,0,0,0,0,0,0,430,399,390,138,415,286,275,247,107,385,77,263,278,118,36,59,4,151,18,35,87,98,77,23,93,61,66,53,43,83,23,76,55,40,1,1,1,40,6,1,50.43,0.01,0,0.14,9.29,0.14,0.86,0.29,0.57,0.43,1.14,8.43,1.14,0,0,0,0,0,0,0,350,268,390,154,400,298,278,243,67,389,24,128,198,118,36,59,4,151,18,35,70,56,77,22,97,63,64,49,27,79,4,60,27,40,1,1,1,40,6,1,48,5.3,7.9,41.87,Fringe,Inconsistent,622,LF #108,17
393,OB #76,JACOPO TRULLA,,4,7.98,31.9,Outside Back,Zebre Parma,0,0,0,0,0,0,0,0,0,0,0,0,0,5.33,14.59,0.33,11.65,0,177,0.18,3,1,60,1,3,0,0,2,0,10,2,0,0,0,0,0,0,0,558,94,81,138,430,286,393,476,480,442,615,616,556,118,36,59,4,151,18,35,88,23,29,30,96,88,90,89,84,87,90,81,96,1,4,8,2,20,5,12,44.25,0.05,0.75,0.25,15,0.25,0.75,0,0,0.5,0,2.5,0.5,0,0,0,0,0,0,0,439,64,18,65,294,210,294,476,480,324,615,624,499,118,36,59,4,151,18,35,102,19,13,15,99,92,96,89,84,96,90,73,98,1,4,8,2,20,5,12,48,8.53,6.5,55.45,Fringe,Consistent,505,OB #86,33
394,LF #91,DAN DAVIS,,12,2.66,31.86,Loose Forward,Scarlets,1.66,0,5.08,3.98,5.95,0.98,0,0,5.24,0,0,0,6.1,1.91,1.32,0,-0.04,-0.32,457,0.07,1,0,64,0,3,1,1,6,4,82,4,0,0,0,0,0,0,0,342,483,219,267,418,412,393,338,323,231,249,149,459,118,36,59,4,151,18,35,73,116,44,50,94,92,95,77,86,43,63,63,82,40,1,1,1,40,6,1,38.08,0.01,0.08,0,5.33,0,0.25,0.08,0.08,0.5,0.33,6.83,0.33,0,0,0,0,0,0,0,525,268,328,267,511,412,490,438,443,324,373,211,581,118,36,59,4,151,18,35,100,56,64,50,113,92,109,90,100,66,78,81,107,40,1,1,1,40,6,1,48,3.4,11.4,38.76,Fringe,Average,646,LF #115,14
395,OB #77,RUBEN MOLONEY,,5,6.36,31.78,Outside Back,Leinster Rugby,0,0,0,0,0,0,0,0,0,0,15.21,16.57,0,0,0,0,0,0,164,0.19,0,0,178,3,9,3,0,4,2,6,4,0,0,0,0,0,0,0,570,81,390,267,214,151,212,199,480,326,405,655,459,118,36,59,4,151,18,35,90,19,83,59,69,70,67,51,84,76,58,90,82,1,4,8,2,20,5,12,32.8,0.04,0,0,35.6,0.6,1.8,0.6,0,0.8,0.4,1.2,0.8,0,0,0,0,0,0,0,583,78,390,267,73,80,94,104,480,191,320,705,359,118,36,59,4,151,18,35,110,21,83,59,50,55,48,38,84,83,39,104,84,1,4,8,2,20,5,12,48,7.78,6.6,51.35,Fringe,,532,OB #95,29
396,LK #51,EDWIN EDOGBO,,11,2.88,31.63,Lock,Munster Rugby,0,0,2.62,3.5,0,-0.57,4.64,2.72,0,0,0,0.83,-0.69,6.35,4.71,2.46,5.06,0,367,0.09,1,0,51,0,3,1,5,4,4,51,6,0,0,0,0,0,0,0,411,399,219,267,458,412,393,338,74,326,249,317,363,118,36,59,4,151,18,35,56,30,15,15,45,39,29,35,10,39,38,58,39,56,1,1,1,27,4,1,33.36,0.01,0.09,0,4.64,0,0.27,0.09,0.45,0.36,0.36,4.64,0.55,0,0,0,0,0,0,0,575,268,311,267,546,412,486,428,112,440,361,421,485,118,36,59,4,151,18,35,78,27,23,15,56,39,44,46,17,56,55,80,53,56,1,1,1,27,4,1,47,10.27,10.5,107.84,Good,Consistent,150,LK #23,80
397,LK #52,JOE HOPES,,9,3.48,31.3,Lock,Ulster Rugby,0,0,0,0.43,3.49,0,6.36,0,5.03,0,0,0,2.43,3.29,0,1.17,0,9.1,451,0.07,0,0,32,0,1,0,1,1,3,80,6,1,0,0,0,0,0,0,346,483,390,267,517,412,512,476,323,526,323,158,363,58,36,59,4,151,18,35,49,53,42,15,57,39,55,60,40,67,49,35,39,33,1,1,1,27,4,1,50.11,0.01,0,0,3.56,0,0.11,0,0.11,0.11,0.33,8.89,0.67,0.11,0,0,0,0,0,0,357,268,390,267,584,412,565,476,404,591,373,100,423,76,36,59,4,151,18,35,51,27,42,15,68,39,61,60,50,74,57,24,48,42,1,1,1,27,4,1,47,7.63,8.9,67.91,Fringe,Very Consistent,388,LK #56,48
398,LF #92,BEN MUNCASTER,,6,5.18,31.09,Loose Forward,Edinburgh Rugby,0,0,5.26,0,0,2.08,0,0,0,0.63,15.96,7.6,-0.44,0,0,0,0,0,303,0.1,0,0,86,0,6,4,3,5,2,38,3,0,0,0,0,0,0,0,467,354,390,267,368,412,275,149,151,279,405,397,500,118,36,59,4,151,18,35,90,91,77,50,87,92,66,30,56,56,83,94,90,40,1,1,1,40,6,1,50.5,0.02,0,0,14.33,0,1,0.67,0.5,0.83,0.33,6.33,0.5,0,0,0,0,0,0,0,349,154,390,267,304,412,214,85,83,183,373,244,499,118,36,59,4,151,18,35,69,29,77,50,72,92,45,15,36,26,78,88,92,40,1,1,1,40,6,1,47,5.76,7.5,43.2,Fringe,Inconsistent,604,LF #102,20
399,SH #32,LOUIS WERCHON,,7,4.41,30.86,Scrum Half,Benetton Rugby,-0.24,6.86,6.64,1.32,0,3.39,0,12.89,0,0,0,0,0,0,0,0,0,0,252,0.12,1,1,76,1,3,2,2,2,0,22,4,0,0,0,0,0,0,0,500,258,219,138,386,286,393,247,209,442,615,517,459,118,36,59,4,151,18,35,43,24,28,33,37,24,33,21,11,45,45,34,41,1,3,7,2,11,2,10,36,0.02,0.14,0.14,10.86,0.14,0.43,0.29,0.29,0.29,0,3.14,0.57,0,0,0,0,0,0,0,543,154,239,154,368,298,412,243,202,491,615,574,473,118,36,59,4,151,18,35,34,10,26,34,33,28,34,16,8,47,45,25,39,1,3,7,2,11,2,10,47,4.32,7.9,34.13,Squad,Consistent,681,SH #32,9
400,LK #53,SCOTT CUMMINGS,,7,4.39,30.71,Lock,Glasgow Warriors,2.88,2.45,3.63,0,12.61,0,2.19,8.12,0,-1.17,0,0,0,0,0,0,0,0,337,0.09,0,0,62,1,3,0,2,3,4,32,3,3,0,0,0,0,0,0,442,399,390,267,426,286,393,476,209,385,249,445,500,27,36,59,4,151,18,35,62,30,42,15,38,14,29,60,22,51,38,72,63,16,1,1,1,27,4,1,48.14,0.01,0,0,8.86,0.14,0.43,0,0.29,0.43,0.57,4.57,0.43,0.43,0,0,0,0,0,0,383,268,390,267,414,298,412,476,202,389,196,432,551,17,36,59,4,151,18,35,55,27,42,15,22,13,24,60,30,45,29,81,63,10,1,1,1,27,4,1,47,8.67,7.7,66.76,Fringe,Average,401,LK #59,47
401,SH #33,BEN MURPHY,,14,2.18,30.57,Scrum Half,Connacht Rugby,0,0,1.67,0,0.08,1.13,2.55,-1.22,-3.26,0,0,0,1.05,2.75,7.08,0,12.26,6.48,741,0.04,2,1,135,1,9,2,2,11,3,29,14,0,0,0,0,0,0,0,143,603,133,138,275,286,212,247,209,88,323,466,115,118,36,59,4,151,18,35,6,50,14,33,25,24,14,21,11,6,6,25,15,1,3,7,2,11,2,10,52.93,0,0.14,0.07,9.64,0.07,0.64,0.14,0.14,0.79,0.21,2.07,1,0,0,0,0,0,0,0,326,618,239,244,395,389,328,370,358,198,482,652,234,118,36,59,4,151,18,35,17,48,26,44,36,37,22,32,20,15,18,42,23,1,3,7,2,11,2,10,47,2.58,13,33.54,Squad,Inconsistent,687,SH #33,9
402,CE #54,FINDLAY THOMSON,,6,5.09,30.54,Centre,Edinburgh Rugby,0,0,0,0,0,11.28,0,0,0,0,0,0,0,0,2.39,6.6,5.57,4.7,400,0.08,0,1,118,2,2,0,0,1,3,53,9,0,0,0,0,0,0,0,378,442,390,138,304,203,450,476,480,526,323,301,236,118,36,59,4,151,18,35,49,64,53,23,53,42,71,70,60,68,28,36,42,1,3,6,1,17,2,6,66.67,0.01,0,0.17,19.67,0.33,0.33,0,0,0.17,0.5,8.83,1.5,0,0,0,0,0,0,0,151,268,390,132,224,172,450,476,480,558,232,105,74,118,36,59,4,151,18,35,32,39,53,22,48,39,77,70,60,75,13,8,12,1,3,6,1,17,2,6,47,5.72,7.1,40.61,Fringe,Very Consistent,631,CE #71,16
403,OB #78,HUGO KEENAN,,3,10.16,30.48,Outside Back,Leinster Rugby,0,0,0,0,0,0,0,0,0,0,0,0,16.26,0,3.47,0,10.75,0,178,0.17,2,2,90,1,3,0,1,2,0,6,6,0,0,0,0,0,0,0,556,121,133,78,361,286,393,476,323,442,615,655,363,118,36,59,4,151,18,35,87,31,39,14,90,88,90,89,51,87,90,90,70,1,4,8,2,20,5,12,59.33,0.06,0.67,0.67,30,0.33,1,0,0.33,0.67,0,2,2,0,0,0,0,0,0,0,233,53,24,12,110,172,214,476,166,239,615,655,21,118,36,59,4,151,18,35,84,14,16,2,62,88,81,89,27,91,90,81,10,1,4,8,2,20,5,12,46,9.14,6.6,60.32,Fringe,Very Consistent,465,OB #76,38
404,PR #18,RHYS BARRATT,,15,2.02,30.35,Prop,Cardiff Rugby,2.74,2.05,4.19,0,0,3.96,1.06,4.15,1.23,2.17,2.3,1.62,-1.69,0,3.66,1.57,3.19,-1.85,697,0.04,0,0,35,0,2,0,0,4,6,130,15,1,0,0,0,0,0,0,174,603,390,267,505,412,450,476,480,326,139,39,92,58,36,59,4,151,18,35,8,54,36,12,42,23,38,53,67,10,49,3,2,1,1,1,1,23,2,1,46.47,0,0,0,2.33,0,0.13,0,0,0.27,0.4,8.67,1,0.07,0,0,0,0,0,0,413,618,390,267,640,412,553,476,480,502,320,112,234,103,36,59,4,151,18,35,28,66,36,12,81,23,65,53,67,28,104,8,10,4,1,1,1,23,2,1,46,12.04,13.6,163.74,Good,Very Consistent,29,PR #12,96
405,LK #54,IAIN HENDERSON,,11,2.74,30.14,Lock,Ulster Rugby,9.41,0,10.43,1.88,0,0,0,0,8.25,8.68,3.14,3.17,-0.29,-0.46,1.27,0,-15.34,0,646,0.05,0,0,58,0,0,3,8,5,10,88,6,2,0,0,0,0,1,0,204,568,390,267,439,412,600,199,26,279,41,126,363,36,36,59,4,151,1,35,32,75,42,15,42,39,69,20,2,29,6,28,39,23,1,1,1,27,1,1,58.73,0,0,0,5.27,0,0,0.27,0.73,0.45,0.91,8,0.55,0.18,0,0,0,0,0.09,0,244,618,390,267,517,412,600,257,44,378,77,145,485,56,36,59,4,151,4,35,35,78,42,15,48,39,69,25,5,43,14,36,53,35,1,1,1,27,1,1,46,6.57,10.5,68.99,Fringe,Boom/Bust,377,LK #54,50
406,CE #55,HUW JONES,,4,7.49,29.97,Centre,Glasgow Warriors,0,0,0,0,0,0,0,0,0,1.63,0,0,0,2.93,13.82,11.59,0,0,295,0.1,0,0,141,2,11,2,0,3,1,14,5,0,0,0,0,0,0,0,470,354,390,267,269,203,178,247,480,385,478,589,404,118,36,59,4,151,18,35,58,48,53,45,49,42,39,48,60,55,51,73,58,1,3,6,1,17,2,6,73.75,0.03,0,0,35.25,0.5,2.75,0.5,0,0.75,0.25,3.5,1.25,0,0,0,0,0,0,0,73,109,390,267,75,101,29,136,480,208,449,538,161,118,36,59,4,151,18,35,18,14,53,45,12,19,5,32,60,28,42,68,34,1,3,6,1,17,2,6,46,6.74,6.8,45.83,Fringe,Consistent,579,CE #54,23
407,OB #79,MAX NAGY,,8,3.72,29.75,Outside Back,Ospreys,0,0,0,2.86,10.41,9.79,2.09,0,-1.5,0,5.1,0,0,-0.1,0,1.1,0,0,310,0.1,0,3,160,1,4,3,0,2,3,25,6,0,0,0,0,1,0,0,463,354,390,47,243,286,349,199,480,442,323,495,363,118,36,59,4,23,18,35,75,74,83,7,75,88,86,51,84,87,44,51,70,1,4,8,2,3,5,12,38.75,0.01,0,0.38,20,0.13,0.5,0.38,0,0.25,0.38,3.13,0.75,0,0,0,0,0.13,0,0,510,268,390,37,217,318,359,193,480,513,342,576,381,118,36,59,4,44,18,35,107,60,83,10,91,98,101,59,84,105,42,59,88,1,4,8,2,6,5,12,46,5.41,7.9,42.74,Fringe,Inconsistent,608,OB #109,19
408,LK #55,REINHARD NOTHNAGEL,,13,2.28,29.6,Lock,Lions,0,0,0,0.73,4.83,-1.5,0.2,0,0,1.29,7.6,-0.84,3.65,0.51,4.08,0.99,5.62,2.44,585,0.05,0,0,23,0,1,4,0,2,1,85,9,0,0,0,0,0,0,0,233,568,390,267,567,412,512,149,480,442,478,133,236,118,36,59,4,151,18,35,36,75,42,15,67,39,55,12,62,60,66,31,23,56,1,1,1,27,4,1,45,0,0,0,1.77,0,0.08,0.31,0,0.15,0.08,6.54,0.69,0,0,0,0,0,0,0,426,618,390,267,662,412,585,233,480,575,590,228,416,118,36,59,4,151,18,35,64,78,42,15,85,39,66,21,62,70,81,52,45,56,1,1,1,27,4,1,46,5.95,12.1,72,Fringe,Average,358,LK #51,52
409,OB #80,FERGUS WATSON,,2,14.72,29.44,Outside Back,Glasgow Warriors,0,0,0,0,0,0,0,0,0,0,0,0,0,21.25,8.19,0,0,0,152,0.19,1,0,88,3,10,0,0,2,1,8,4,0,0,0,0,0,0,0,583,81,219,267,365,151,194,476,480,442,478,635,459,118,36,59,4,151,18,35,92,19,58,59,91,70,65,89,84,87,70,85,82,1,4,8,2,20,5,12,76,0.1,0.5,0,44,1.5,5,0,0,1,0.5,4,2,0,0,0,0,0,0,0,46,29,38,267,44,8,3,476,480,116,232,481,21,118,36,59,4,151,18,35,24,5,21,59,34,7,3,89,84,61,25,32,10,1,4,8,2,20,5,12,46,9.79,6.8,66.57,Fringe,,404,OB #64,46
410,PR #19,PAUL HILL,,16,1.83,29.21,Prop,Edinburgh Rugby,1.4,0,2.75,1.85,1.98,0.2,-0.57,0.93,3.18,9.46,0.31,0,1.66,-0.11,0.98,3.89,3.95,-2.65,704,0.04,0,0,45,1,5,4,1,6,12,112,11,0,0,0,0,0,0,0,169,603,390,267,474,286,308,149,323,231,23,75,171,118,36,59,4,151,18,35,7,54,36,12,30,7,14,1,34,3,14,6,9,5,1,1,1,23,2,1,44,0,0,0,2.81,0.06,0.31,0.25,0.06,0.38,0.75,7,0.69,0,0,0,0,0,0,0,445,618,390,267,622,407,470,262,475,423,118,196,416,118,36,59,4,151,18,35,38,66,36,12,71,21,36,6,66,13,58,22,37,5,1,1,1,23,2,1,46,11.57,14.4,166.61,Good,Very Consistent,26,PR #10,97
411,SH #34,GARETH DAVIES,,8,3.65,29.19,Scrum Half,Scarlets,7.08,0,1.07,0,0,1.27,16.26,0.95,1.31,0,7.69,0,0,0,0,0,0,-6.44,453,0.06,3,1,129,3,7,0,1,5,6,38,11,0,0,0,0,2,0,0,344,526,81,138,286,151,248,476,323,279,139,397,171,118,36,59,4,7,18,35,26,40,10,33,26,10,18,46,23,32,1,17,18,1,3,7,2,1,2,10,56.63,0.01,0.38,0.13,16.13,0.38,0.88,0,0.13,0.63,0.75,4.75,1.38,0,0,0,0,0.25,0,0,280,268,75,172,275,156,272,476,378,273,118,409,113,118,36,59,4,7,18,35,13,22,10,39,16,8,17,46,23,24,1,10,8,1,3,7,2,2,2,10,45,3.83,8.4,32.17,Squad,Boom/Bust,693,SH #36,8
412,LF #93,WILL CONNORS,,9,3.24,29.12,Loose Forward,Leinster Rugby,1.86,-9.12,0,0,8.2,0,0,0,9.14,5.19,3.09,0,7.12,0,0.87,0,2.77,0,327,0.09,1,0,59,1,1,4,5,3,7,64,6,0,0,0,0,1,0,0,450,399,219,267,435,286,512,149,74,385,104,237,363,118,36,59,4,23,18,35,88,98,44,50,96,61,107,30,32,83,30,75,73,40,1,1,1,6,6,1,36.33,0.01,0.11,0,6.56,0.11,0.11,0.44,0.56,0.33,0.78,7.11,0.67,0,0,0,0,0.11,0,0,539,268,285,267,477,339,565,166,72,451,111,189,423,118,36,59,4,54,18,35,103,56,53,50,107,73,114,28,30,96,17,78,78,40,1,1,1,13,6,1,45,4.01,9,36.09,Fringe,Boom/Bust,668,LF #118,11
413,CE #56,JONATHAN ROCHE,,4,7.28,29.1,Centre,DHL Stormers,0,0,0,0,0,0,4.28,0,0,0,5.67,10.94,0,0,0,0,0,8.21,308,0.09,0,0,128,0,5,3,0,1,0,35,3,0,0,0,0,0,0,0,464,399,390,267,287,412,308,199,480,526,615,418,500,118,36,59,4,151,18,35,57,59,53,45,51,60,53,44,60,68,69,51,67,1,3,6,1,17,2,6,77,0.02,0,0,32,0,1.25,0.75,0,0.25,0,8.75,0.75,0,0,0,0,0,0,0,37,154,390,267,96,412,187,69,480,513,615,110,381,118,36,59,4,151,18,35,9,20,53,45,17,60,39,17,60,72,69,9,64,1,3,6,1,17,2,6,45,6.67,6.8,45.36,Fringe,Very Consistent,584,CE #56,22
414,SH #35,ANDY UREN,,12,2.42,29.01,Scrum Half,Benetton Rugby,0,0,0.33,0,0.57,2.68,0,0,3.25,3.88,3.24,-0.09,5.91,-0.07,8.32,0.99,0,0,558,0.05,0,4,54,0,3,1,2,5,1,32,7,0,0,0,0,0,0,0,259,568,390,29,449,412,393,338,209,279,478,445,322,118,36,59,4,151,18,35,16,43,43,11,42,42,33,34,11,32,25,22,28,1,3,7,2,11,2,10,46.5,0,0,0.33,4.5,0,0.25,0.08,0.17,0.42,0.08,2.67,0.58,0,0,0,0,0,0,0,411,618,390,46,550,412,490,438,334,401,590,616,468,118,36,59,4,151,18,35,24,48,43,13,49,42,42,43,17,39,35,34,38,1,3,7,2,11,2,10,45,2.78,11.4,31.69,Squad,Consistent,696,SH #37,7
415,OB #81,APHELELE FASSI,,3,9.59,28.77,Outside Back,Hollywoodbets Sharks,0,0,0,0,0,0,0,0,12.73,15.88,0.16,0,0,0,0,0,0,0,240,0.12,0,0,170,4,2,3,0,8,3,4,3,0,0,0,0,0,0,2,513,258,390,267,227,118,450,199,480,156,323,682,500,118,36,59,4,151,18,3,84,61,83,59,72,60,97,51,84,55,44,98,89,1,4,8,2,20,5,3,80,0.04,0,0,56.67,1.33,0.67,1,0,2.67,1,1.33,1,0,0,0,0,0,0,0.67,1,78,390,267,18,9,315,27,480,4,32,702,234,118,36,59,4,151,18,1,1,21,83,59,15,8,99,10,84,2,2,103,57,1,4,8,2,20,5,1,45,11.5,9.4,108.1,Good,Consistent,148,OB #33,80
416,LK #56,REINHARDT LUDWIG,,8,3.59,28.68,Lock,Vodacom Bulls,0,0,2.49,8.73,7.55,5.18,-0.67,0,0,0.4,5,0,0,0,0,0,0,0,358,0.08,0,0,43,0,0,0,1,1,4,61,1,1,0,0,0,0,0,0,423,442,390,267,484,412,600,476,323,526,249,256,617,58,36,59,4,151,18,35,60,43,42,15,51,39,69,60,40,67,38,52,76,33,1,1,1,27,4,1,44.75,0.01,0,0,5.38,0,0,0,0.13,0.13,0.5,7.63,0.13,0.13,0,0,0,0,0,0,430,268,390,267,510,412,600,476,378,585,232,166,669,70,36,59,4,151,18,35,65,27,42,15,46,39,69,60,46,73,37,43,79,39,1,1,1,27,4,1,45,7.82,8.2,64.12,Fringe,Consistent,432,LK #68,43
417,LF #94,DIARMUID MANGAN,,11,2.6,28.65,Loose Forward,Leinster Rugby,3.79,1.19,-0.74,0,8.57,-2.12,0,0,3.86,2.3,0.54,0,0,0,0,0,11.14,0.12,523,0.05,0,1,132,1,5,2,0,7,8,65,8,0,0,0,0,1,0,0,284,568,390,138,280,286,308,247,480,192,77,232,278,118,36,59,4,23,18,35,59,122,77,23,68,61,77,53,104,35,23,74,55,40,1,1,1,6,6,1,47.55,0,0,0.09,12,0.09,0.45,0.18,0,0.64,0.73,5.91,0.73,0,0,0,0,0.09,0,0,394,618,390,212,343,356,401,329,480,266,126,287,401,118,36,59,4,75,18,35,81,124,77,38,79,79,91,69,104,49,22,94,74,40,1,1,1,19,6,1,45,3.35,10.6,35.51,Fringe,Boom/Bust,670,LF #120,11
418,PR #20,SCOTT WILSON,,16,1.78,28.4,Prop,Ulster Rugby,0.2,0,0.62,3.25,1.72,4.78,1.89,0.48,1.05,3.78,8.08,3.98,0.67,-8.71,1.65,0,3.31,1.65,657,0.04,2,0,58,0,10,1,3,4,15,95,13,0,0,0,0,1,0,0,196,603,133,267,439,412,194,338,151,326,9,106,133,118,36,59,4,23,18,35,11,54,4,12,22,23,4,18,7,10,6,9,4,5,1,1,1,4,2,1,41.06,0,0.13,0,3.63,0,0.63,0.06,0.19,0.25,0.94,5.94,0.81,0,0,0,0,0.06,0,0,481,618,263,267,581,412,331,474,313,513,73,282,355,118,36,59,4,142,18,35,57,66,18,12,48,23,14,52,29,32,39,39,23,5,1,1,1,22,2,1,44,11.45,14.4,164.88,Good,Average,28,PR #11,96
419,OB #82,DYLAN MAART,,4,7.1,28.38,Outside Back,DHL Stormers,0,0,0,0,0,9.03,10.51,0,0,0,6.58,2.26,0,0,0,0,0,0,291,0.1,2,0,110,2,4,1,0,0,2,11,7,0,0,0,0,0,0,0,473,354,133,267,321,203,349,338,480,618,405,607,322,118,36,59,4,151,18,35,78,74,39,59,87,82,86,77,84,108,58,80,63,1,4,8,2,20,5,12,72.75,0.03,0.5,0,27.5,0.5,1,0.25,0,0,0.5,2.75,1.75,0,0,0,0,0,0,0,88,109,38,267,143,101,214,262,480,618,232,610,49,118,36,59,4,151,18,35,41,30,21,59,76,67,81,71,84,108,25,68,23,1,4,8,2,20,5,12,44,8.23,6.5,53.5,Fringe,Very Consistent,519,OB #91,31
420,SH #36,HAASHIM PEAD,,9,3.12,28.09,Scrum Half,Lions,0,0.33,0,0,0,0.33,0,0,4.35,3.89,0,0,8.88,3.4,0,0,0,6.91,136,0.21,2,0,67,2,5,1,0,1,0,8,3,0,0,0,0,0,0,0,596,49,133,267,407,203,308,338,480,526,615,635,500,118,36,59,4,151,18,35,50,5,14,46,40,17,26,34,33,51,45,51,45,1,3,7,2,11,2,10,15.11,0.02,0.22,0,7.44,0.22,0.56,0.11,0,0.11,0,0.89,0.33,0,0,0,0,0,0,0,705,154,173,267,451,228,346,411,480,591,615,728,581,118,36,59,4,151,18,35,58,10,21,46,40,16,25,40,33,55,45,58,49,1,3,7,2,11,2,10,44,3.39,9,30.51,Squad,Very Consistent,706,SH #41,6
421,LK #57,MATTHEW SCREECH,,11,2.54,27.98,Lock,Dragons RFC,1.17,4.95,1.69,3.45,5.14,7.35,0,3,0,0,0,0,0,-1.65,1.29,1.09,0.5,0,460,0.06,1,0,93,0,5,0,0,6,4,61,11,0,0,0,0,0,0,0,339,526,219,267,358,412,308,476,480,231,249,256,171,118,36,59,4,151,18,35,47,63,15,15,27,39,15,60,62,22,38,52,17,56,1,1,1,27,4,1,41.82,0.01,0.09,0,8.45,0,0.45,0,0,0.55,0.36,5.55,1,0,0,0,0,0,0,0,472,268,311,267,422,412,401,476,480,311,361,331,234,118,36,59,4,151,18,35,67,27,23,15,24,39,23,60,62,27,55,71,23,56,1,1,1,27,4,1,44,6.3,10.5,66.15,Fringe,Average,410,LK #60,46
422,LF #95,NIZAAM CARR,,7,4,27.97,Loose Forward,Vodacom Bulls,0,0,0,0,0,0,0.33,0,1.33,0.86,1.72,4.2,14.19,5.34,0,0,0,0,290,0.1,0,1,119,0,5,3,0,3,1,39,8,0,0,0,0,0,0,0,476,354,390,138,302,412,308,199,480,385,478,388,278,118,36,59,4,151,18,35,91,91,77,23,71,92,77,43,104,83,90,91,55,40,1,1,1,40,6,1,41.43,0.01,0,0.14,17,0,0.71,0.43,0,0.43,0.14,5.57,1.14,0,0,0,0,0,0,0,477,268,390,154,260,412,306,175,480,389,546,328,198,118,36,59,4,151,18,35,93,56,77,22,60,92,74,34,104,79,106,102,27,40,1,1,1,40,6,1,44,4.97,7.9,39.26,Fringe,Inconsistent,642,LF #114,15
423,SH #37,JADEN HENDRIKSE,,13,2.15,27.91,Scrum Half,Hollywoodbets Sharks,11.87,0.91,-0.74,5.19,-0.75,-0.16,8.33,0,1.05,-0.15,-0.76,-0.01,0,0,0.01,3.12,0,0,537,0.05,0,3,71,0,0,3,3,6,2,47,16,0,0,2,0,0,0,0,270,568,390,47,395,412,600,199,151,231,405,341,76,118,36,44,4,151,18,35,18,43,43,15,39,42,54,17,7,28,15,13,6,1,3,4,2,11,2,10,41.31,0,0,0.23,5.46,0,0,0.23,0.23,0.46,0.15,3.62,1.23,0,0,0.15,0,0,0,0,478,618,390,85,507,412,600,290,264,374,542,533,172,118,36,50,4,151,18,35,30,48,43,21,47,42,54,23,12,37,24,17,16,1,3,5,2,11,2,10,44,2.56,12.2,31.23,Squad,Boom/Bust,699,SH #38,7
424,OB #83,LEWIS WELLS,,3,9.27,27.8,Outside Back,Edinburgh Rugby,0,0,0,0,20.49,5,0,2.31,0,0,0,0,0,0,0,0,0,0,166,0.17,1,0,102,3,3,2,0,2,0,10,4,0,0,0,0,0,0,0,568,121,219,267,336,151,393,247,480,442,615,616,459,118,36,59,4,151,18,35,89,31,58,59,88,70,90,61,84,87,90,81,82,1,4,8,2,20,5,12,55.33,0.06,0.33,0,34,1,1,0.67,0,0.67,0,3.33,1.33,0,0,0,0,0,0,0,296,53,87,267,83,18,214,85,480,239,615,558,125,118,36,59,4,151,18,35,90,14,35,59,55,14,81,31,84,91,90,54,38,1,4,8,2,20,5,12,44,8.92,6.6,58.87,Fringe,Average,473,OB #80,37
425,PR #21,SAM TALAKAI,,15,1.85,27.75,Prop,Glasgow Warriors,4.51,0.66,0,-0.85,2.51,1.09,-0.47,-0.5,0.99,0,3.82,1.48,5.96,6.5,0,0.1,1.85,0.1,465,0.06,1,0,44,0,5,1,1,3,6,70,5,0,0,0,0,0,0,0,329,526,219,267,482,412,308,338,323,385,139,208,404,118,36,59,4,151,18,35,34,28,14,12,33,23,14,18,34,18,49,24,47,5,1,1,1,23,2,1,31,0,0.07,0,2.93,0,0.33,0.07,0.07,0.2,0.4,4.67,0.33,0,0,0,0,0,0,0,601,618,356,267,619,412,450,460,460,540,320,414,581,118,36,59,4,151,18,35,96,66,34,12,69,23,31,49,64,44,104,77,86,5,1,1,1,23,2,1,44,11.62,13.6,158.03,Good,Very Consistent,37,PR #15,95
426,CE #57,LE ROUX MALAN,,5,5.52,27.61,Centre,Hollywoodbets Sharks,0,0,0,0,0,0.96,0,0,0,0,0,0,12.4,3.66,6.19,0,0,4.4,227,0.12,2,0,75,1,1,3,1,3,0,17,2,0,0,0,0,0,0,0,520,258,133,267,388,286,512,199,323,385,615,567,556,118,36,59,4,151,18,35,64,30,20,45,62,55,77,44,46,55,69,69,74,1,3,6,1,17,2,6,45.4,0.02,0.4,0,15,0.2,0.2,0.6,0.2,0.6,0,3.4,0.4,0,0,0,0,0,0,0,422,154,68,267,294,237,515,104,284,281,615,550,564,118,36,59,4,151,18,35,67,20,4,45,64,51,81,26,42,39,69,72,76,1,3,6,1,17,2,6,43,6.01,6.9,41.47,Fringe,Consistent,625,CE #69,17
427,CE #58,MOSESE TUIPULOTU,,6,4.44,26.62,Centre,Edinburgh Rugby,0,0,0,0,0,0,0,0,0,0,0,7.26,2.87,-0.87,2.36,8.87,6.13,0,400,0.07,1,1,64,1,1,4,0,1,1,34,8,0,0,0,0,0,0,0,378,483,219,138,418,286,512,149,480,526,478,427,278,118,36,59,4,151,18,35,49,68,32,23,66,55,77,33,60,68,51,53,45,1,3,6,1,17,2,6,66.67,0.01,0.17,0.17,10.67,0.17,0.17,0.67,0,0.17,0.17,5.67,1.33,0,0,0,0,0,0,0,151,268,213,132,372,273,530,85,480,558,522,315,125,118,36,59,4,151,18,35,32,39,33,22,73,54,82,21,60,75,56,38,25,1,3,6,1,17,2,6,43,5.4,7.1,38.34,Fringe,Consistent,650,CE #75,14
428,OB #84,DEVON WILLIAMS,,8,3.32,26.54,Outside Back,Vodacom Bulls,0.05,13.89,0.7,0,0,0,0.03,0,-1.14,0,-0.67,0,0,0,14.78,0,0,-1.1,410,0.06,1,2,175,3,2,0,1,6,3,13,7,0,0,0,0,1,0,0,372,526,219,78,220,151,450,476,323,231,323,594,322,118,36,59,4,23,18,35,62,100,58,14,71,70,97,89,51,67,44,77,63,1,4,8,2,3,5,12,51.25,0.01,0.13,0.25,21.88,0.38,0.25,0,0.13,0.75,0.38,1.63,0.88,0,0,0,0,0.13,0,0,340,268,263,65,190,156,490,476,378,208,342,690,321,118,36,59,4,44,18,35,95,60,73,15,90,83,107,89,69,88,42,96,76,1,4,8,2,6,5,12,43,5.14,7.9,40.61,Fringe,Boom/Bust,631,OB #111,16
429,CE #59,STEFFAN EMANUEL,,5,5.24,26.18,Centre,Cardiff Rugby,0,0,5,0,0,8.08,0,0,0,0,11.61,0,0,0,0,0,0,1.49,239,0.11,1,0,87,0,5,1,0,3,0,31,1,0,0,0,0,0,0,0,515,309,219,267,367,412,308,338,480,385,615,454,617,118,36,59,4,151,18,35,62,39,32,45,57,60,53,55,60,55,69,56,80,1,3,6,1,17,2,6,47.8,0.02,0.2,0,17.4,0,1,0.2,0,0.6,0,6.2,0.2,0,0,0,0,0,0,0,390,154,182,267,256,412,214,303,480,281,615,256,648,118,36,59,4,151,18,35,65,20,27,45,58,60,47,57,60,39,69,30,82,1,3,6,1,17,2,6,43,5.9,6.9,40.71,Fringe,Very Consistent,629,CE #70,16
430,PR #22,RF SCHOEMAN,,14,1.87,26.16,Prop,Lions,1.6,2.43,-0.07,1.32,-0.14,1.05,0.23,0,2.09,6.47,1.52,1.99,3.05,2.39,0,0,0,2.23,460,0.06,0,0,67,0,7,0,1,0,4,62,8,0,0,0,0,0,0,0,339,526,390,267,407,412,248,476,323,618,249,247,278,118,36,59,4,151,18,35,38,28,36,12,17,23,9,53,34,79,73,33,23,5,1,1,1,23,2,1,32.86,0,0,0,4.79,0,0.5,0,0.07,0,0.29,4.43,0.57,0,0,0,0,0,0,0,582,618,390,267,539,412,359,476,460,618,426,445,473,118,36,59,4,151,18,35,92,66,36,12,36,23,18,53,64,79,114,86,55,5,1,1,1,23,2,1,43,11.67,12.8,149.38,Good,Very Consistent,56,PR #20,93
431,CE #60,JAN SERFONTEIN,,3,8.69,26.07,Centre,Vodacom Bulls,12.51,0,0,7.5,0,6.06,0,0,0,0,0,0,0,0,0,0,0,0,178,0.15,1,0,79,0,5,1,2,4,0,24,1,0,0,0,0,0,0,0,556,163,219,267,381,412,308,338,209,326,615,505,617,118,36,59,4,151,18,35,69,18,32,45,59,60,53,55,31,50,69,62,80,1,3,6,1,17,2,6,59.33,0.05,0.33,0,26.33,0,1.67,0.33,0.67,1.33,0,8,0.33,0,0,0,0,0,0,0,233,64,87,267,148,412,113,207,52,67,615,145,581,118,36,59,4,151,18,35,51,11,11,45,31,60,23,46,7,9,69,13,77,1,3,6,1,17,2,6,43,6.95,6.9,47.96,Fringe,Very Consistent,558,CE #48,26
432,OB #85,JACK BROWN,,8,3.25,26.02,Outside Back,Edinburgh Rugby,-0.34,0,0,0,0,0,0,1.49,5.66,0,0,0,7.5,0,-0.67,11.88,0,0.5,322,0.08,0,0,114,4,6,1,1,3,2,14,8,0,0,0,0,0,0,0,454,442,390,267,314,118,275,338,323,385,405,589,278,118,36,59,4,151,18,35,74,89,83,59,85,60,76,77,51,83,58,75,54,1,4,8,2,20,5,12,40.25,0.01,0,0,14.25,0.5,0.75,0.13,0.13,0.38,0.25,1.75,1,0,0,0,0,0,0,0,489,268,390,267,305,101,294,391,378,423,449,682,234,118,36,59,4,151,18,35,105,60,83,59,102,67,96,84,69,101,65,93,57,1,4,8,2,20,5,12,43,5.1,7.9,40.29,Fringe,Inconsistent,635,OB #112,15
433,OB #86,ANDREW OSBORNE,,7,3.7,25.9,Outside Back,Leinster Rugby,0,13.07,0,0,-13.57,0,0,0.33,5.4,0,1.85,14.46,0,0,0,0,4.36,0,291,0.09,0,1,182,6,8,4,0,6,5,15,7,0,0,0,0,0,1,0,473,399,390,138,207,63,228,149,480,231,187,580,322,118,36,59,4,151,1,35,78,82,83,30,68,40,68,44,84,67,19,72,63,1,4,8,2,20,1,12,41.57,0.01,0,0.14,26,0.86,1.14,0.57,0,0.86,0.71,2.14,1,0,0,0,0,0,0.14,0,475,268,390,154,150,49,201,117,480,176,130,650,234,118,36,59,4,151,1,35,103,60,83,38,78,37,79,41,84,79,12,79,57,1,4,8,2,20,1,12,42,5.83,7.3,42.56,Fringe,Boom/Bust,610,OB #110,19
434,LK #58,EVAN O'CONNELL,,4,6.37,25.47,Lock,Munster Rugby,0,0,0,0,1.66,0,0,0,0,3.16,5.1,0,0,0,0,0,0,15.55,212,0.12,1,0,29,0,2,0,2,0,1,29,4,1,0,0,0,0,0,0,528,258,219,267,539,412,450,476,209,618,478,466,459,58,36,59,4,151,18,35,69,11,15,15,62,39,41,60,22,81,66,74,58,33,1,1,1,27,4,1,53,0.03,0.25,0,7.25,0,0.5,0,0.5,0,0.25,7.25,1,0.25,0,0,0,0,0,0,320,109,150,267,457,412,359,476,83,618,449,178,234,39,36,59,4,151,18,35,44,10,6,15,31,39,18,60,10,81,69,46,23,27,1,1,1,27,4,1,42,9.65,7.1,68.52,Fringe,Consistent,380,LK #55,50
435,PR #23,CAMERON JONES,,6,4.21,25.27,Prop,Dragons RFC,0,0.19,0,0,0,3.3,0,0,0,6.88,0,0,0,0,0,12.89,0,2.01,142,0.18,0,1,55,2,5,1,1,0,3,19,2,0,0,0,0,0,0,0,592,94,390,138,445,203,308,338,323,618,323,548,556,118,36,59,4,151,18,35,104,1,36,7,23,3,14,18,34,79,88,102,86,5,1,1,1,23,2,1,23.67,0.03,0,0.17,9.17,0.33,0.83,0.17,0.17,0,0.5,3.17,0.33,0,0,0,0,0,0,0,659,109,390,132,406,172,283,339,334,618,232,569,581,118,36,59,4,151,18,35,113,7,36,5,12,2,6,20,36,79,86,115,86,5,1,1,1,23,2,1,42,14.93,7.1,106,Squad,Very Consistent,159,PR #41,79
436,FH #35,VUSI SIMPHIWE MOYO,"What even is this? Played just 59 minutes all season (all in the fantasy Grand Final), but registered a try, an assist and 5 conversion for 24.75 points. Flash in the pan, or another young rising Shark star to keep an eye on for the draft?",1,24.75,24.75,Fly Half,Hollywoodbets Sharks,0,0,0,0,0,0,0,0,0,0,0,0,0,0,0,0,0,24.75,59,0.42,1,1,16,0,2,0,1,0,0,5,2,0,0,5,0,0,0,0,674,4,219,138,602,412,450,476,323,618,615,666,556,118,36,36,4,151,18,35,43,2,14,24,38,34,35,37,14,44,36,40,40,2,29,29,2,11,2,10,59,0.42,1,1,16,0,2,0,1,0,0,5,2,0,0,5,0,0,0,0,238,4,2,2,277,412,66,476,7,618,615,373,21,118,36,1,4,151,18,35,18,2,1,1,24,34,3,37,1,44,36,20,5,2,29,1,2,11,2,10,42,12.12,10,121.2,Good,,113,FH #14,85
437,PR #24,FINLAY BEALHAM,,8,3.09,24.69,Prop,Connacht Rugby,0,0,0,0.98,0,0,5.77,-1.37,7.24,0,0,0,4.03,5.9,0,0,2.06,0.08,386,0.06,2,2,33,0,1,2,1,2,8,58,5,0,0,0,0,1,0,0,391,526,133,78,511,412,512,247,323,442,77,266,404,118,36,59,4,23,18,35,50,28,4,1,45,23,56,8,34,30,33,37,47,5,1,1,1,4,2,1,48.25,0.01,0.25,0.25,4.13,0,0.13,0.25,0.13,0.25,1,7.25,0.63,0,0,0,0,0.13,0,0,381,268,150,65,565,412,553,262,378,513,32,178,445,118,36,59,4,44,18,35,23,14,4,2,41,23,65,6,44,32,20,18,44,5,1,1,1,7,2,1,42,14.02,8.1,113.56,Squad,Very Consistent,127,PR #32,83
438,LF #97,SEAN EDOGBO,,4,6.12,24.49,Loose Forward,Munster Rugby,0,0,0,0,0,0,0,0,0,8.55,10.47,0,1.99,3.48,0,0,0,0,252,0.1,0,0,82,1,5,1,0,3,1,23,2,0,0,0,0,0,0,0,500,354,390,267,378,286,308,338,480,385,478,509,556,118,36,59,4,151,18,35,94,91,77,50,88,61,77,77,104,83,90,106,99,40,1,1,1,40,6,1,63,0.03,0,0,20.5,0.25,1.25,0.25,0,0.75,0.25,5.75,0.5,0,0,0,0,0,0,0,192,109,390,267,206,210,187,262,480,208,449,307,499,118,36,59,4,151,18,35,26,22,77,50,43,32,39,54,104,30,92,98,92,40,1,1,1,40,6,1,42,9.27,9.4,87.14,Squad,Very Consistent,249,LF #37,67
439,LK #59,NICO JANSE VAN RENSBURG,,4,6.1,24.38,Lock,Vodacom Bulls,14.03,2.87,5.1,2.38,0,0,0,0,0,0,0,0,0,0,0,0,0,0,212,0.12,0,1,17,1,2,1,0,7,1,51,5,1,0,0,0,0,0,0,528,258,390,138,597,286,450,338,480,192,478,317,404,58,36,59,4,151,18,35,69,11,42,3,72,14,41,35,62,16,66,58,45,33,1,1,1,27,4,1,53,0.03,0,0.25,4.25,0.25,0.5,0.25,0,1.75,0.25,12.75,1.25,0.25,0,0,0,0,0,0,320,109,390,65,560,210,359,262,480,25,449,11,161,39,36,59,4,151,18,35,44,10,42,1,62,4,18,26,62,1,69,3,15,27,1,1,1,27,4,1,42,9.5,7.1,67.45,Fringe,Consistent,392,LK #57,48
440,OB #87,HAKEEM KUNENE,,6,4.03,24.18,Outside Back,Hollywoodbets Sharks,0.33,-0.42,0,0,0,3.66,18.91,0,0,0,0,0,1.7,0,0,0,0,0,111,0.22,1,1,117,1,1,1,1,3,1,6,2,0,0,0,0,0,0,0,621,42,219,138,306,286,512,338,323,385,478,655,556,118,36,59,4,151,18,35,97,9,58,30,84,88,102,77,51,83,70,90,96,1,4,8,2,20,5,12,18.5,0.04,0.17,0.17,19.5,0.17,0.17,0.17,0.17,0.5,0.17,1,0.33,0,0,0,0,0,0,0,688,78,213,132,227,273,530,339,334,324,522,707,581,118,36,59,4,151,18,35,113,21,60,30,93,96,108,80,60,96,78,105,105,1,4,8,2,20,5,12,42,6.42,6.9,44.3,Fringe,Boom/Bust,596,OB #107,21
441,PR #25,RODRIGO MARTINEZ,,13,1.85,24.02,Prop,Dragons RFC,-0.15,0.66,4.95,-0.09,0.53,0,4.84,2.64,3.06,5.87,0,-2.98,0,1.51,0,2.52,0.66,0,559,0.04,0,0,38,0,1,0,1,3,8,99,7,0,0,0,0,0,0,0,258,603,390,267,498,412,512,476,323,385,77,96,322,118,36,59,4,151,18,35,18,54,36,12,37,23,56,53,34,18,33,8,29,5,1,1,1,23,2,1,43,0,0,0,2.92,0,0.08,0,0.08,0.23,0.62,7.62,0.54,0,0,0,0,0,0,0,455,618,390,267,620,412,585,476,443,533,175,167,490,118,36,59,4,151,18,35,45,66,36,12,70,23,80,53,59,40,74,13,61,5,1,1,1,23,2,1,41,11.62,12,139.44,Squad,Very Consistent,72,PR #21,91
442,OB #88,ALBERT EINSTEIN BATISTA,There's a theoretical physicist somewhere named Jonah Lomu Undertaker who is struggling to make the math math.,5,4.75,23.76,Outside Back,Zebre Parma,0,0,0,0,6.7,0,0,0,3.9,5.26,0,7.1,0.8,0,0,0,0,0,340,0.07,0,0,120,3,5,0,1,5,2,22,6,0,0,0,0,0,0,0,440,483,390,267,300,151,308,476,323,279,405,517,363,118,36,59,4,151,18,35,71,96,83,59,83,70,82,89,51,72,58,58,70,1,4,8,2,20,5,12,68,0.01,0,0,24,0.6,1,0,0.2,1,0.4,4.4,1.2,0,0,0,0,0,0,0,134,268,390,267,167,80,214,476,284,116,320,449,177,118,36,59,4,151,18,35,57,60,83,59,82,55,81,89,51,61,39,25,49,1,4,8,2,20,5,12,41,7.11,6.6,46.93,Fringe,Very Consistent,565,OB #104,25
443,PR #26,ZACHARY PORTHEN,,9,2.63,23.69,Prop,DHL Stormers,-0.34,0,2.31,2.96,7.05,0,0,0,0,0,-1,1.86,0,0,5.4,0.63,4.82,0,319,0.07,0,0,45,0,4,0,2,0,3,43,0,0,0,0,0,0,0,0,457,483,390,267,474,412,349,476,209,618,323,367,677,118,36,59,4,151,18,35,69,16,36,12,30,23,19,53,12,79,88,66,119,5,1,1,1,23,2,1,35.44,0.01,0,0,5,0,0.44,0,0.22,0,0.33,4.78,0,0,0,0,0,0,0,0,553,268,390,267,523,412,407,476,270,618,373,406,677,118,36,59,4,151,18,35,81,14,36,12,33,23,25,53,20,79,109,74,119,5,1,1,1,23,2,1,41,13.37,8.8,117.66,Squad,Very Consistent,121,PR #30,84
444,CE #61,GARRY RINGROSE,,5,4.68,23.41,Centre,Leinster Rugby,0,0,0,1.7,0,0,0,0,0,-1.75,0,0,0,5.68,10.24,0,0,7.54,325,0.07,2,1,59,0,3,2,0,2,0,22,9,0,0,0,0,0,0,0,453,483,133,138,435,412,393,247,480,442,615,517,236,118,36,59,4,151,18,35,56,68,20,23,69,60,62,48,60,61,69,64,42,1,3,6,1,17,2,6,65,0.01,0.4,0.2,11.8,0,0.6,0.4,0,0.4,0,4.4,1.8,0,0,0,0,0,0,0,172,268,68,108,347,412,333,184,480,406,615,449,42,118,36,59,4,151,18,35,38,39,4,15,68,60,66,42,60,62,69,52,9,1,3,6,1,17,2,6,41,5.66,6.9,39.05,Fringe,Average,644,CE #73,14
445,PR #27,VERNON MATONGO,,10,2.34,23.37,Prop,DHL Stormers,-1.68,4.38,3.44,1.98,3.65,7.35,1.64,0,0,-0.34,0,1.63,1.32,0,0,0,0,0,440,0.05,0,0,33,1,4,0,1,2,4,54,1,0,0,0,0,0,0,0,355,568,390,267,511,286,349,476,323,442,249,292,617,118,36,59,4,151,18,35,41,41,36,12,45,7,19,53,34,30,73,48,103,5,1,1,1,23,2,1,44,0.01,0,0,3.3,0.1,0.4,0,0.1,0.2,0.4,5.4,0.1,0,0,0,0,0,0,0,445,268,390,267,599,350,426,476,418,540,320,341,673,118,36,59,4,151,18,35,38,14,36,12,56,13,27,53,52,44,104,56,117,5,1,1,1,23,2,1,41,12.83,9.6,123.17,Squad,Very Consistent,110,PR #27,85
446,HK #44,JAN-HENDRIK WESSELS,,13,1.8,23.35,Hooker,Vodacom Bulls,0,0,3.19,7.49,0,0,0.53,0,-3.42,-0.76,0.1,4.58,6.71,0.66,5.76,-0.81,-0.61,-0.07,514,0.05,0,0,120,1,4,0,2,5,14,60,7,0,0,0,0,0,0,0,289,568,390,267,300,286,349,476,209,279,13,260,322,118,36,59,4,151,18,35,21,65,39,15,20,16,24,32,28,17,1,33,21,19,1,1,1,9,2,1,39.54,0,0,0,9.23,0.08,0.31,0,0.15,0.38,1.08,4.62,0.54,0,0,0,0,0,0,0,499,618,390,267,404,366,470,476,354,423,28,426,490,118,36,59,4,151,18,35,29,67,39,15,25,22,33,32,41,27,2,49,36,19,1,1,1,9,2,1,41,2.49,12.1,30.13,Fringe,Boom/Bust,708,HK #64,6
447,HK #45,EFAN DANIEL,,5,4.67,23.33,Hooker,Ospreys,0,0,0,0,0,2.99,0,0,0,0,0,0,0,0.62,1.19,4.26,0,14.27,124,0.19,0,0,41,0,2,0,3,2,2,21,0,1,0,0,0,0,0,0,606,81,390,267,489,412,450,476,151,442,405,533,677,58,36,59,4,151,18,35,49,20,39,15,45,30,34,32,19,32,37,50,61,6,1,1,1,9,2,1,24.8,0.04,0,0,8.2,0,0.4,0,0.6,0.4,0.4,4.2,0,0.2,0,0,0,0,0,0,650,78,390,267,428,412,426,476,62,406,320,465,677,49,36,59,4,151,18,35,52,14,39,15,33,30,28,32,8,23,28,53,61,3,1,1,1,9,2,1,41,5,6.9,34.5,Fringe,Inconsistent,677,HK #56,10
448,PR #28,SIMONE FERRARI,,6,3.89,23.32,Prop,Benetton Rugby,1.38,1.6,9.18,0,2.47,0,3.11,0,5.58,0,0,0,0,0,0,0,0,0,347,0.07,1,0,20,0,1,1,2,0,3,54,6,0,0,0,0,0,0,0,433,483,219,267,582,412,512,338,209,618,323,292,363,118,36,59,4,151,18,35,60,16,14,12,75,23,56,18,12,79,88,48,37,5,1,1,1,23,2,1,57.83,0.01,0.17,0,3.33,0,0.17,0.17,0.33,0,0.5,9,1,0,0,0,0,0,0,0,263,268,213,267,594,412,530,339,166,618,232,92,234,118,36,59,4,151,18,35,4,14,13,12,55,23,57,20,9,79,86,6,10,5,1,1,1,23,2,1,40,14.44,7.1,102.52,Squad,Very Consistent,184,PR #49,76
449,PR #29,BILLY BOHAN,,8,2.9,23.21,Prop,Connacht Rugby,0,0,0,0,0,0,0,0,0,1.62,0,3.83,2.27,1.07,-0.34,1.84,8.96,3.96,353,0.07,0,0,46,0,4,2,0,0,5,67,6,0,0,0,0,0,0,0,430,483,390,267,469,412,349,247,480,618,187,220,363,118,36,59,4,151,18,35,59,16,36,12,27,23,19,8,67,79,57,27,37,5,1,1,1,23,2,1,44.13,0.01,0,0,5.75,0,0.5,0.25,0,0,0.63,8.38,0.75,0,0,0,0,0,0,0,442,268,390,267,493,412,359,262,480,618,169,130,381,118,36,59,4,151,18,35,37,14,36,12,23,23,18,6,67,79,72,10,27,5,1,1,1,23,2,1,40,13.63,8.1,110.4,Squad,Very Consistent,135,PR #34,82
450,HK #46,ELLIOT DEE,,7,3.24,22.68,Hooker,Dragons RFC,-0.57,0,0,0,0,0,0,0,0,0,0,0,3.08,2.58,7.65,4.09,2.43,3.42,234,0.1,0,0,54,0,1,0,0,1,3,31,1,0,0,0,0,0,0,0,517,354,390,267,449,412,512,476,480,526,323,454,617,118,36,59,4,151,18,35,46,57,39,15,42,30,40,32,51,44,31,47,53,19,1,1,1,9,2,1,33.43,0.01,0,0,7.71,0,0.14,0,0,0.14,0.43,4.43,0.14,0,0,0,0,0,0,0,574,268,390,267,443,412,545,476,480,576,306,445,666,118,36,59,4,151,18,35,39,35,39,15,36,30,40,32,51,50,26,51,60,19,1,1,1,9,2,1,40,4.07,7.5,30.53,Fringe,Average,704,HK #63,6
451,PR #30,JACK AUNGIER,,8,2.83,22.66,Prop,Connacht Rugby,0,0,5.06,1.62,0,8.65,0,0,0,0.57,-0.55,4.99,0,0,0.23,2.09,0,0,319,0.07,0,0,26,1,4,3,0,1,4,57,5,0,0,0,0,0,0,0,457,483,390,267,551,286,349,199,480,526,249,269,404,118,36,59,4,151,18,35,69,16,36,12,60,7,19,4,67,55,73,38,47,5,1,1,1,23,2,1,39.88,0.01,0,0,3.25,0.13,0.5,0.38,0,0.13,0.5,7.13,0.63,0,0,0,0,0,0,0,494,268,390,267,602,318,359,193,480,585,232,186,445,118,36,59,4,151,18,35,60,14,36,12,59,10,18,3,67,63,86,19,44,5,1,1,1,23,2,1,40,13.49,8.1,109.27,Squad,Very Consistent,141,PR #35,81
452,LK #60,NICCOLO CANNONE,,10,2.24,22.42,Lock,Benetton Rugby,5.35,-7.67,3.31,0,3.95,0,0,1.72,2.85,0,0,0,0,7.66,0,2.05,2.82,0.38,498,0.05,0,0,31,0,1,0,2,1,4,79,5,0,0,0,0,1,0,0,303,568,390,267,529,412,512,476,209,526,249,162,404,118,36,59,4,23,18,35,41,75,42,15,58,39,55,60,22,67,38,36,45,56,1,1,1,5,4,1,49.8,0.01,0,0,3.1,0,0.1,0,0.2,0.1,0.4,7.9,0.5,0,0,0,0,0.1,0,0,362,268,390,267,609,412,571,476,284,598,320,154,499,118,36,59,4,65,18,35,52,27,42,15,72,39,62,60,36,76,48,40,57,56,1,1,1,12,4,1,40,5.9,9.7,57.23,Fringe,Boom/Bust,492,LK #84,35
453,PR #31,TOM O'TOOLE,,12,1.87,22.4,Prop,Ulster Rugby,5.58,0,-1.01,-8.43,-0.56,2.93,2.24,3.85,4.48,1.61,0,0,4.29,0,2.55,0,0,4.87,531,0.04,0,0,63,0,3,1,5,1,10,70,4,0,0,0,0,1,0,0,277,603,390,267,424,412,393,338,74,526,41,208,459,118,36,59,4,23,18,35,21,54,36,12,20,23,29,18,4,55,22,24,59,5,1,1,1,4,2,1,44.25,0,0,0,5.25,0,0.25,0.08,0.42,0.08,0.83,5.83,0.33,0,0,0,0,0.08,0,0,439,618,390,267,518,412,490,438,130,608,96,295,581,118,36,59,4,87,18,35,36,66,36,12,31,23,41,45,6,74,51,43,86,5,1,1,1,16,2,1,40,11.67,11.2,130.7,Squad,Average,89,PR #23,88
454,LK #61,JADIN KINGI,,7,3.19,22.36,Lock,Benetton Rugby,0,0,0,0,0,2.65,0,0,0,1.16,6.64,9.44,0,1.91,1.23,0,0,-0.67,278,0.08,0,0,40,0,3,1,1,2,1,52,4,0,0,0,0,0,0,0,482,442,390,267,493,412,393,338,323,442,478,308,459,118,36,59,4,151,18,35,64,43,42,15,56,39,29,35,40,60,66,55,58,56,1,1,1,27,4,1,39.71,0.01,0,0,5.71,0,0.43,0.14,0.14,0.29,0.14,7.43,0.57,0,0,0,0,0,0,0,497,268,390,267,498,412,412,370,358,491,546,172,473,118,36,59,4,151,18,35,69,27,42,15,41,39,24,38,42,67,76,45,52,56,1,1,1,27,4,1,40,7.5,7.7,57.75,Fringe,Average,483,LK #80,36
455,PR #32,NEETHLING FOUCHE,,12,1.81,21.7,Prop,DHL Stormers,1.85,1.17,0,0,0,-0.4,1.92,0,2.23,-2.18,4.14,0,3.75,1.88,2.72,0,0,4.62,596,0.04,0,2,22,0,0,1,2,0,7,75,15,0,0,0,0,0,0,0,226,603,390,78,572,412,600,338,209,618,104,182,92,118,36,59,4,151,18,35,16,54,36,1,70,23,86,18,12,79,40,19,2,5,1,1,1,23,2,1,49.67,0,0,0.17,1.83,0,0,0.08,0.17,0,0.58,6.25,1.25,0,0,0,0,0,0,0,363,618,390,132,658,412,600,438,334,618,192,252,161,118,36,59,4,151,18,35,17,66,36,5,92,23,86,45,36,79,78,32,6,5,1,1,1,23,2,1,40,11.53,11.2,129.14,Squad,Very Consistent,95,PR #24,87
456,LF #98,MICHELE LAMARO,,11,1.96,21.55,Loose Forward,Benetton Rugby,-1.68,6.29,1.96,0,3.83,0.96,2.57,-3.64,3.68,0,0,0,2.23,0,2.54,2.81,0,0,771,0.03,0,1,115,0,4,2,2,8,7,125,28,0,0,0,0,2,0,0,128,636,390,138,311,412,349,247,209,156,104,47,5,118,36,59,4,7,18,35,30,124,77,23,73,92,86,53,70,27,30,26,2,40,1,1,1,3,6,1,70.09,0,0,0.09,10.45,0,0.36,0.18,0.18,0.73,0.64,11.36,2.55,0,0,0,0,0.18,0,0,113,618,390,212,381,412,443,329,319,217,161,33,10,118,36,59,4,21,18,35,14,124,77,38,91,92,104,69,88,34,32,20,2,40,1,1,1,8,6,1,39,2.84,10.6,30.1,Fringe,Boom/Bust,709,LF #127,6
457,SH #38,ALED DAVIES,,13,1.65,21.45,Scrum Half,Cardiff Rugby,-0.67,0,-0.18,2.4,-1.65,-1.43,2.63,-0.66,10.66,0.64,2.16,8.22,-0.67,0,0,0,0,0,532,0.04,1,1,95,0,3,2,0,9,1,40,7,0,0,0,0,0,0,0,276,603,219,138,355,412,393,247,480,130,478,381,322,118,36,59,4,151,18,35,20,50,28,33,32,42,33,21,33,14,25,15,28,1,3,7,2,11,2,10,40.92,0,0.08,0.08,7.31,0,0.23,0.15,0,0.69,0.08,3.08,0.54,0,0,0,0,0,0,0,484,618,328,228,454,412,506,363,480,231,590,581,490,118,36,59,4,151,18,35,31,48,37,43,41,42,44,31,33,17,35,26,40,1,3,7,2,11,2,10,39,2.16,12.2,26.35,Fringe,Boom/Bust,721,SH #44,4
458,LK #62,JF VAN HEERDEN,,5,4.25,21.25,Lock,Vodacom Bulls,6.31,1.6,0,0,0,3.35,2.8,0,0,0,0,0,0,0,0,0,7.19,0,382,0.06,0,0,73,0,0,0,0,3,5,40,7,0,0,0,0,0,0,0,395,526,390,267,393,412,600,476,480,385,187,381,322,118,36,59,4,151,18,35,54,63,42,15,30,39,69,60,62,51,32,67,35,56,1,1,1,27,4,1,76.4,0.01,0,0,14.6,0,0,0,0,0.6,1,8,1.4,0,0,0,0,0,0,0,44,268,390,267,300,412,600,476,480,281,32,145,104,118,36,59,4,151,18,35,4,27,42,15,7,39,69,60,62,25,4,36,9,56,1,1,1,27,4,1,39,8.49,7.2,61.13,Fringe,Very Consistent,457,LK #74,39
459,PR #33,HANRO JACOBS,,12,1.77,21.23,Prop,Hollywoodbets Sharks,0,0,0,0,0,1.64,1.08,0,1.08,-1.81,-1.57,4.36,2.64,1.32,2.97,0.48,-0.04,9.08,536,0.04,1,0,60,1,3,0,1,0,11,56,7,0,0,0,0,0,0,0,272,603,219,267,430,286,393,476,323,618,28,275,322,118,36,59,4,151,18,35,20,54,14,12,21,7,29,53,34,79,16,41,29,5,1,1,1,23,2,1,44.67,0,0.08,0,5,0.08,0.25,0,0.08,0,0.92,4.67,0.58,0,0,0,0,0,0,0,434,618,328,267,523,366,490,476,443,618,74,414,468,118,36,59,4,151,18,35,35,66,28,12,33,16,41,53,59,79,40,77,53,5,1,1,1,23,2,1,39,11.42,11.2,127.9,Squad,Consistent,99,PR #25,87
460,LF #99,SEBASTIAN NEGRI,,3,6.99,20.96,Loose Forward,Benetton Rugby,7.43,0,0,0,5.87,0,0,0,0,0,0,0,0,0,7.66,0,0,0,155,0.14,0,0,75,2,3,0,0,2,5,32,2,0,0,0,0,0,0,0,580,190,390,267,388,203,393,476,480,442,187,445,556,118,36,59,4,151,18,35,105,41,77,50,90,36,95,96,104,95,51,99,99,40,1,1,1,40,6,1,51.67,0.05,0,0,25,0.67,1,0,0,0.67,1.67,10.67,0.67,0,0,0,0,0,0,0,332,64,390,267,157,69,214,476,480,239,7,47,423,118,36,59,4,151,18,35,65,7,77,50,26,3,45,96,104,41,1,28,78,40,1,1,1,40,6,1,39,6.5,7.6,49.4,Fringe,Very Consistent,548,LF #87,27
461,PR #34,TOM MCALLISTER,,3,6.98,20.94,Prop,Ulster Rugby,0,0,0,0,0,0,0,0,0,0,0,0,0,7.7,0,1.76,11.48,0,114,0.18,1,0,32,1,2,0,0,0,0,28,2,0,0,0,0,0,0,0,618,94,219,267,517,286,450,476,480,618,615,475,556,118,36,59,4,151,18,35,112,1,14,12,50,7,38,53,67,79,128,88,86,5,1,1,1,23,2,1,38,0.06,0.33,0,10.67,0.33,0.67,0,0,0,0,9.33,0.67,0,0,0,0,0,0,0,526,53,87,267,372,172,315,476,480,618,615,82,423,118,36,59,4,151,18,35,69,4,2,12,7,2,12,53,67,79,128,4,39,5,1,1,1,23,2,1,39,13.17,6.9,90.87,Fringe,Very Consistent,230,PR #59,70
462,CE #62,ENRICO LUCCHIN,,5,4.18,20.89,Centre,Zebre Parma,0,0,3.81,0,0,0,0,0,6.66,0,3.33,0,0,0,0,0,7.09,0,210,0.1,0,0,45,0,2,4,3,0,2,33,6,0,0,0,0,0,0,0,533,354,390,267,474,412,450,149,151,618,405,436,363,118,36,59,4,151,18,35,66,48,53,45,74,60,71,33,23,79,36,54,55,1,3,6,1,17,2,6,42,0.02,0,0,9,0,0.4,0.8,0.6,0,0.4,6.6,1.2,0,0,0,0,0,0,0,468,154,390,267,409,412,426,57,62,618,320,222,177,118,36,59,4,151,18,35,71,20,53,45,76,60,75,12,9,79,24,25,40,1,3,6,1,17,2,6,39,5.45,6.9,37.61,Fringe,Very Consistent,656,CE #77,13
463,OB #89,BEN O'CONNOR,,2,10.42,20.83,Outside Back,Munster Rugby,0,8.13,0,0,0,0,0,0,0,0,0,0,0,12.7,0,0,0,0,160,0.13,1,0,75,2,4,1,0,0,0,1,4,0,0,0,0,0,0,0,574,221,219,267,388,203,349,338,480,618,615,725,459,118,36,59,4,151,18,35,91,54,58,59,92,82,86,77,84,108,90,111,82,1,4,8,2,20,5,12,80,0.07,0.5,0,37.5,1,2,0.5,0,0,0,0.5,2,0,0,0,0,0,0,0,1,43,38,267,68,18,66,136,480,618,615,733,21,118,36,59,4,151,18,35,1,11,21,59,47,14,38,47,84,108,90,113,10,1,4,8,2,20,5,12,38,9.07,6.8,61.68,Fringe,,455,OB #74,40
464,PR #35,GERHARD STEENEKAMP,,13,1.59,20.64,Prop,Vodacom Bulls,0.93,4.71,1.65,2.74,1.47,0,0.24,0,-0.34,0,0,0,5.45,-1.42,8.09,2.3,-1.5,-3.68,658,0.03,0,0,68,1,2,0,2,6,5,73,11,0,0,0,0,0,0,0,195,636,390,267,401,286,450,476,209,231,187,192,171,118,36,59,4,151,18,35,10,75,36,12,16,7,38,53,12,3,57,21,9,5,1,1,1,23,2,1,50.62,0,0,0,5.23,0.08,0.15,0,0.15,0.46,0.38,5.62,0.85,0,0,0,0,0,0,0,348,618,390,267,519,366,542,476,354,374,342,324,334,118,36,59,4,151,18,35,14,66,36,12,32,16,61,53,39,6,107,50,22,5,1,1,1,23,2,1,38,10.98,12,131.76,Squad,Average,88,PR #22,88
465,SH #39,PADDY PATTERSON,,12,1.72,20.59,Scrum Half,Munster Rugby,-0.67,-0.67,1.41,3.95,0,0,10.79,0,-3.65,0,5.92,1.83,1.68,0,0,0,0,0,375,0.05,0,2,51,1,2,2,3,7,1,28,9,0,0,0,0,0,0,0,403,568,390,78,458,286,450,247,151,192,478,475,236,118,36,59,4,151,18,35,32,43,43,25,45,24,39,21,7,23,25,28,24,1,3,7,2,11,2,10,31.25,0,0,0.17,4.25,0.08,0.17,0.17,0.25,0.58,0.08,2.33,0.75,0,0,0,0,0,0,0,600,618,390,132,560,366,530,339,230,295,590,638,381,118,36,59,4,151,18,35,40,48,43,32,51,36,47,28,10,28,35,36,33,1,3,7,2,11,2,10,38,2.22,11.4,25.31,Fringe,Boom/Bust,725,SH #47,4
466,FH #36,JACK CARTY,,12,1.71,20.5,Fly Half,Connacht Rugby,4.35,0,5.16,0,0,0,-0.65,-0.74,0,0.25,0,2.57,8.94,-0.28,0,-0.65,1.89,-0.34,408,0.05,0,0,90,1,6,1,3,4,5,50,16,0,0,0,0,0,0,0,374,568,390,267,361,286,275,338,151,326,187,326,76,118,36,59,4,151,18,35,30,42,24,32,32,28,27,28,4,34,6,22,17,2,29,41,2,11,2,10,34,0,0,0,7.5,0.08,0.5,0.08,0.25,0.33,0.42,4.17,1.33,0,0,0,0,0,0,0,569,618,390,267,449,366,359,438,230,451,317,472,125,118,36,59,4,151,18,35,35,44,24,32,37,31,28,32,5,43,7,28,18,2,29,41,2,11,2,10,38,2.8,11.4,31.92,Fringe,Boom/Bust,694,FH #49,8
467,HK #47,MATT VICTORY,,6,3.39,20.35,Hooker,Connacht Rugby,0,0,0,0,0,0,0,0,0,0,0.88,1.76,3.9,0.62,6.04,7.15,0,0,138,0.15,0,0,31,0,0,0,0,1,1,35,2,1,0,0,0,0,0,0,594,163,390,267,529,412,600,476,480,526,478,418,556,58,36,59,4,151,18,35,48,29,39,15,47,30,49,32,51,44,43,44,48,6,1,1,1,9,2,1,23,0.03,0,0,5.17,0,0,0,0,0.17,0.17,5.83,0.33,0.17,0,0,0,0,0,0,664,109,390,267,521,412,600,476,480,558,522,295,581,58,36,59,4,151,18,35,54,16,39,15,51,30,49,32,51,48,50,36,51,7,1,1,1,9,2,1,38,4.32,7.1,30.67,Fringe,Average,702,HK #61,7
468,PR #36,GIOSUE ZILOCCHI,,9,2.18,19.65,Prop,Benetton Rugby,0,0.33,1.18,2.38,2.01,1.68,0,3.84,1.63,0,0,4.95,1.65,0,0,0,0,0,385,0.05,0,0,20,0,2,2,1,0,5,55,2,0,0,0,0,0,0,0,392,568,390,267,582,412,450,247,323,618,187,287,556,118,36,59,4,151,18,35,51,41,36,12,75,23,38,8,34,79,57,46,86,5,1,1,1,23,2,1,42.78,0.01,0,0,2.22,0,0.22,0.22,0.11,0,0.56,6.11,0.22,0,0,0,0,0,0,0,459,268,390,267,644,412,510,293,404,618,207,264,643,118,36,59,4,151,18,35,49,14,36,12,83,23,49,13,49,79,81,35,106,5,1,1,1,23,2,1,38,12.32,8.8,108.42,Squad,Very Consistent,146,PR #37,81
469,PR #37,JERRY CAHIR,,11,1.77,19.49,Prop,Leinster Rugby,0,0,0,0,6.18,2.54,0,0,-0.22,-2.08,2.31,2.16,1.32,2.22,1.72,0.4,0,2.94,429,0.05,1,0,26,0,1,0,2,2,3,53,8,0,0,0,0,0,0,0,362,568,219,267,551,412,512,476,209,442,323,301,278,118,36,59,4,151,18,35,43,41,14,12,60,23,56,53,12,30,88,52,23,5,1,1,1,23,2,1,39,0,0.09,0,2.36,0,0.09,0,0.18,0.18,0.27,4.82,0.73,0,0,0,0,0,0,0,504,618,311,267,638,412,575,476,319,553,441,402,401,118,36,59,4,151,18,35,65,66,24,12,80,23,76,53,30,50,117,70,32,5,1,1,1,23,2,1,38,11.42,10.4,118.77,Squad,Very Consistent,119,PR #29,84
470,OB #90,JAC DAVIES,,4,4.87,19.46,Outside Back,Scarlets,0,0,0,0,0,6.22,0,0,0,0,3.63,9.51,0,0,0,0,0,0.1,248,0.08,0,0,124,1,6,0,1,1,3,7,3,0,0,0,0,0,0,0,504,442,390,267,292,286,275,476,323,526,323,646,500,118,36,59,4,151,18,35,83,89,83,59,82,88,76,89,51,100,44,87,89,1,4,8,2,20,5,12,62,0.02,0,0,31,0.25,1.5,0,0.25,0.25,0.75,1.75,0.75,0,0,0,0,0,0,0,204,154,390,267,101,210,135,476,230,513,118,682,381,118,36,59,4,151,18,35,78,37,83,59,61,92,67,89,42,105,10,93,88,1,4,8,2,20,5,12,38,7.49,6.5,48.69,Fringe,Consistent,551,OB #102,27
471,OB #91,LORENZO PANI,,7,2.76,19.35,Outside Back,Zebre Parma,2.78,0,3.72,0.38,0.88,-2.27,0,0,-2.24,16.1,0,0,0,0,0,0,0,0,491,0.04,1,0,168,2,6,1,0,14,1,10,5,0,0,0,0,0,0,0,306,603,219,267,230,203,275,338,480,59,478,616,404,118,36,59,4,151,18,35,55,107,58,59,73,82,76,77,84,28,70,81,77,1,4,8,2,20,5,12,70.14,0.01,0.14,0,24,0.29,0.86,0.14,0,2,0.14,1.43,0.71,0,0,0,0,0,0,0,112,268,239,267,167,197,278,370,480,12,546,699,407,118,36,59,4,151,18,35,49,60,68,59,82,89,94,81,84,9,80,101,92,1,4,8,2,20,5,12,37,5.28,7.3,38.54,Fringe,Boom/Bust,648,OB #113,14
472,LF #100,MACKENZIE MARTIN,,3,6.4,19.21,Loose Forward,Dragons RFC,-0.35,0,6.15,0,0,13.41,0,0,0,0,0,0,0,0,0,0,0,0,152,0.13,0,0,54,0,8,0,1,4,2,32,1,0,0,0,0,0,0,0,583,221,390,267,449,412,228,476,323,326,405,445,617,118,36,59,4,151,18,35,106,52,77,50,99,92,55,96,86,68,83,99,111,40,1,1,1,40,6,1,50.67,0.04,0,0,18,0,2.67,0,0.33,1.33,0.67,10.67,0.33,0,0,0,0,0,0,0,346,78,390,267,245,412,33,476,166,67,137,47,581,118,36,59,4,151,18,35,68,11,77,50,55,92,3,96,53,4,25,28,107,40,1,1,1,40,6,1,37,6.35,7.6,48.26,Fringe,Average,555,LF #89,26
473,OB #92,TOMI LEWIS,,3,6.33,18.99,Outside Back,Scarlets,0,0,0,0,0,4.44,0,0,0,0,12.85,1.7,0,0,0,0,0,0,215,0.09,1,0,67,2,5,2,1,4,2,13,8,0,0,0,0,0,0,0,525,399,219,267,407,203,308,247,323,326,405,594,278,118,36,59,4,151,18,35,85,82,58,59,95,82,82,61,51,76,58,77,54,1,4,8,2,20,5,12,71.67,0.03,0.33,0,22.33,0.67,1.67,0.67,0.33,1.33,0.67,4.33,2.67,0,0,0,0,0,0,0,101,109,87,267,185,69,113,85,166,67,137,454,9,118,36,59,4,151,18,35,46,30,35,59,89,49,53,31,27,42,14,27,5,1,4,8,2,20,5,12,37,8.18,6.6,53.99,Fringe,Average,517,OB #89,31
474,SH #40,DANE BLACKER,,14,1.34,18.78,Scrum Half,Scarlets,-0.75,0,-0.34,1.8,4.04,-0.51,0,0,0,-0.67,0.33,0.33,-1.51,0.63,5.53,3.16,5.38,1.36,543,0.03,1,3,85,0,2,1,0,8,1,31,15,0,0,0,0,0,0,0,263,636,219,47,372,412,450,338,480,156,478,454,92,118,36,59,4,151,18,35,17,53,28,15,34,42,39,34,33,17,25,24,11,1,3,7,2,11,2,10,38.79,0,0.07,0.21,6.07,0,0.14,0.07,0,0.57,0.07,2.21,1.07,0,0,0,0,0,0,0,508,618,356,97,484,412,545,460,480,300,598,646,226,118,36,59,4,151,18,35,32,48,39,24,45,42,49,45,33,30,39,40,21,1,3,7,2,11,2,10,37,1.91,13,24.83,Fringe,Boom/Bust,729,SH #48,3
475,LF #101,RUAN DELPORT,,6,3.12,18.71,Loose Forward,Lions,7.77,7.62,-1,0,0,0,0,0,2.79,0,0,0,0,0.8,0,0,0,0.73,232,0.08,0,0,32,0,1,1,0,1,0,22,1,2,0,0,0,0,0,0,518,442,390,267,517,412,512,338,480,526,615,517,617,36,36,59,4,151,18,35,97,107,77,50,104,92,107,77,104,106,114,108,111,13,1,1,1,40,6,1,38.67,0.01,0,0,5.33,0,0.17,0.17,0,0.17,0,3.67,0.17,0.33,0,0,0,0,0,0,512,268,390,267,511,412,530,339,480,558,615,528,661,22,36,59,4,151,18,35,98,56,77,50,113,92,112,72,104,114,114,119,122,9,1,1,1,40,6,1,37,4.73,7.5,35.48,Fringe,Inconsistent,671,LF #121,11
476,PR #38,DILLON LEWIS,,8,2.32,18.58,Prop,Dragons RFC,1.31,0,3.89,2.98,0.63,0,0,0,0,0,0,0,0,0,-4.26,1.84,9.8,2.39,343,0.05,1,0,26,0,1,1,2,2,7,56,6,0,0,0,0,0,0,0,436,568,219,267,551,412,512,338,209,442,104,275,363,118,36,59,4,151,18,35,62,41,14,12,60,23,56,18,12,30,40,41,37,5,1,1,1,23,2,1,42.88,0.01,0.13,0,3.25,0,0.13,0.13,0.25,0.25,0.88,7,0.75,0,0,0,0,0,0,0,456,268,263,267,602,412,553,391,230,513,88,196,381,118,36,59,4,151,18,35,46,14,18,12,59,23,65,30,14,32,48,22,27,5,1,1,1,23,2,1,37,12.43,8.1,100.68,Squad,Consistent,188,PR #51,75
477,CE #63,TOM FLORENCE,,4,4.62,18.49,Centre,Ospreys,0.91,0.66,9.75,7.17,0,0,0,0,0,0,0,0,0,0,0,0,0,0,154,0.12,0,0,78,2,4,0,0,2,1,18,3,0,0,0,0,0,0,0,581,258,390,267,383,203,349,476,480,442,478,557,500,118,36,59,4,151,18,35,74,30,53,45,60,42,58,70,60,61,51,67,67,1,3,6,1,17,2,6,38.5,0.03,0,0,19.5,0.5,1,0,0,0.5,0.25,4.5,0.75,0,0,0,0,0,0,0,516,109,390,267,227,101,214,476,480,324,449,435,381,118,36,59,4,151,18,35,77,14,53,45,50,19,47,70,60,49,42,51,64,1,3,6,1,17,2,6,37,5.79,6.8,39.37,Fringe,Average,641,CE #72,15
478,PR #39,STEFFAN THOMAS,,12,1.53,18.32,Prop,Ospreys,0.75,0,0,0,0,1.62,1.38,6.69,-0.32,2.03,0.26,-0.34,3.38,-0.18,0,0.44,2.61,0,540,0.03,0,0,37,0,3,0,0,2,9,89,9,0,0,0,0,0,0,0,267,636,390,267,499,412,393,476,480,442,60,124,236,118,36,59,4,151,18,35,19,75,36,12,38,23,29,53,67,30,29,11,19,5,1,1,1,23,2,1,45,0,0,0,3.08,0,0.25,0,0,0.17,0.75,7.42,0.75,0,0,0,0,0,0,0,426,618,390,267,610,412,490,476,480,558,118,173,381,118,36,59,4,151,18,35,32,66,36,12,66,23,41,53,67,54,58,16,27,5,1,1,1,23,2,1,36,10.83,11.2,121.3,Squad,Very Consistent,112,PR #28,85
479,LK #63,JAMES RYAN,,6,3,18.01,Lock,Leinster Rugby,0,0,0,6.14,0,0,-1.96,4.96,0,5.44,0,0,0,0,1.34,0,2.09,0,447,0.04,0,0,30,0,0,1,2,4,2,52,5,2,0,0,0,1,0,0,350,603,390,267,533,412,600,338,209,326,405,308,404,36,36,59,4,23,18,35,51,81,42,15,59,39,69,35,22,39,61,55,45,23,1,1,1,5,4,1,74.5,0.01,0,0,5,0,0,0.17,0.33,0.67,0.33,8.67,0.83,0.33,0,0,0,0.17,0,0,66,268,390,267,523,412,600,339,166,239,373,112,336,22,36,59,4,24,18,35,7,27,42,15,50,39,69,36,24,19,57,27,34,14,1,1,1,3,4,1,36,7.46,7.3,54.46,Fringe,Average,515,LK #86,32
480,LK #64,CORNE RAHL,,8,2.25,17.97,Lock,Hollywoodbets Sharks,0,0,0,0,0,0,0,0,-0.34,0,2.9,7.02,5.02,1.06,1.75,0.16,0.4,0,211,0.09,0,0,28,1,3,1,3,4,3,24,1,0,0,0,0,0,0,0,532,399,390,267,541,286,393,338,151,326,323,505,617,118,36,59,4,151,18,35,72,30,42,15,63,14,29,35,18,39,49,75,76,56,1,1,1,27,4,1,26.38,0.01,0,0,3.5,0.13,0.38,0.13,0.38,0.5,0.38,3,0.13,0,0,0,0,0,0,0,633,268,390,267,586,318,440,391,149,324,342,583,669,118,36,59,4,151,18,35,87,27,42,15,69,18,31,41,22,30,53,86,79,56,1,1,1,27,4,1,36,6.32,8.2,51.82,Fringe,Average,528,LK #87,30
481,LK #65,JAKE BALL,,8,2.19,17.51,Lock,Scarlets,2.18,0,0,0,4.76,3.85,4.94,1.97,0,0,-0.67,0.48,0,0,0,0,0,0,444,0.04,0,0,64,0,1,0,2,4,8,52,3,0,0,0,0,0,0,0,351,603,390,267,418,412,512,476,209,326,77,308,500,118,36,59,4,151,18,35,52,81,42,15,35,39,55,60,22,39,12,55,63,56,1,1,1,27,4,1,55.5,0.01,0,0,8,0,0.13,0,0.25,0.5,1,6.5,0.38,0,0,0,0,0,0,0,294,268,390,267,432,412,553,476,230,324,32,230,573,118,36,59,4,151,18,35,41,27,42,15,27,39,58,60,33,30,4,53,65,56,1,1,1,27,4,1,36,6.25,8.2,51.25,Fringe,Consistent,533,LK #88,29
482,PR #40,FIACHNA BARRETT,,6,2.89,17.32,Prop,Connacht Rugby,4.25,0,0,0,3.5,0,0,1.43,0.41,0,-0.32,0,0,0,0,8.05,0,0,181,0.1,0,2,36,0,1,0,0,2,3,34,2,0,0,0,0,0,0,0,552,354,390,78,500,412,512,476,480,442,323,427,556,118,36,59,4,151,18,35,93,6,36,1,39,23,56,53,67,30,88,77,86,5,1,1,1,23,2,1,30.17,0.02,0,0.33,6,0,0.17,0,0,0.33,0.5,5.67,0.33,0,0,0,0,0,0,0,609,154,390,46,487,412,530,476,480,451,232,315,581,118,36,59,4,151,18,35,98,10,36,1,22,23,57,53,67,18,86,47,86,5,1,1,1,23,2,1,36,12.89,7.1,91.52,Fringe,Very Consistent,226,PR #58,70
483,HK #48,WILLS AUSTIN,,4,4.32,17.28,Hooker,Dragons RFC,0,0,0,0,0,7.48,0,0,0,0,0,0,0,0.3,5.84,3.66,0,0,91,0.19,0,0,41,0,2,0,1,1,1,21,1,1,0,0,0,0,0,0,639,81,390,267,489,412,450,476,323,526,478,533,617,58,36,59,4,151,18,35,54,20,39,15,45,30,34,32,36,44,43,50,53,6,1,1,1,9,2,1,22.75,0.05,0,0,10.25,0,0.5,0,0.25,0.25,0.25,5.25,0.25,0.25,0,0,0,0,0,0,668,64,390,267,385,412,359,476,230,513,449,353,624,39,36,59,4,151,18,35,56,13,39,15,21,30,21,32,29,36,38,43,54,2,1,1,1,9,2,1,36,4.93,6.9,34.02,Fringe,Consistent,682,HK #57,9
484,OB #93,CAI EVANS,,8,2.12,16.95,Outside Back,Dragons RFC,0,0,0,4.1,0.4,1.83,0,0,0,1.19,0,3.5,2.27,0,3.66,0,0,0,306,0.06,0,0,130,0,5,0,1,4,0,15,8,0,0,1,0,0,0,0,465,526,390,267,285,412,308,476,323,326,615,580,278,118,36,50,4,151,18,35,76,100,83,59,81,99,82,89,51,76,90,72,54,1,4,5,2,20,5,12,38.25,0.01,0,0,16.25,0,0.63,0,0.13,0.5,0,1.88,1,0,0,0.13,0,0,0,0,521,268,390,267,273,412,331,476,378,324,615,674,234,118,36,52,4,151,18,35,108,60,83,59,98,99,100,89,69,96,90,88,57,1,4,5,2,20,5,12,36,4.34,7.9,34.29,Fringe,Very Consistent,680,OB #115,10
485,CE #64,FILIPPO DRAGO,,7,2.41,16.89,Centre,Benetton Rugby,0,0,0,3.64,0,6.53,0,0,0,2.73,2.42,0.25,0,1.32,0,0,0,0,273,0.06,0,0,51,0,4,2,1,2,0,38,9,0,0,0,0,0,0,0,488,526,390,267,458,412,349,247,323,442,615,397,236,118,36,59,4,151,18,35,60,74,53,45,73,60,58,48,46,61,69,46,42,1,3,6,1,17,2,6,39,0.01,0,0,7.29,0,0.57,0.29,0.14,0.29,0,5.43,1.29,0,0,0,0,0,0,0,504,268,390,267,455,412,343,243,358,491,615,337,144,118,36,59,4,151,18,35,76,39,53,45,80,60,68,51,50,71,69,40,30,1,3,6,1,17,2,6,36,4.07,7.5,30.53,Fringe,Consistent,704,CE #83,6
486,HK #49,ROBERT HUNT,,9,1.86,16.74,Hooker,Dragons RFC,-0.19,-3.05,0,2.76,0,1.31,0.18,9.44,1.96,4.23,0.1,0,0,0,0,0,0,0,442,0.04,0,0,45,1,3,1,0,4,12,78,6,0,0,0,0,0,0,0,352,603,390,267,474,286,393,338,480,326,23,167,363,118,36,59,4,151,18,35,27,68,39,15,44,16,28,21,51,21,2,21,29,19,1,1,1,9,2,1,49.11,0,0,0,5,0.11,0.33,0.11,0,0.44,1.33,8.67,0.67,0,0,0,0,0,0,0,370,618,390,267,523,339,450,411,480,385,12,112,423,118,36,59,4,151,18,35,16,67,39,15,52,17,30,25,51,21,1,14,28,19,1,1,1,9,2,1,35,2.71,8.8,23.85,Fringe,Boom/Bust,735,HK #70,2
487,LK #66,SAM SKINNER,,3,5.56,16.69,Lock,Edinburgh Rugby,1.46,0,8.35,6.88,0,0,0,0,0,0,0,0,0,0,0,0,0,0,189,0.09,0,0,9,0,0,0,0,2,1,18,1,4,0,0,0,0,0,0,545,399,390,267,645,412,600,476,480,442,478,557,617,19,36,59,4,151,18,35,75,30,42,15,79,39,69,60,62,60,66,77,76,10,1,1,1,27,4,1,63,0.03,0,0,3,0,0,0,0,0.67,0.33,6,0.33,1.33,0,0,0,0,0,0,192,109,390,267,611,412,600,476,480,239,373,268,581,1,36,59,4,151,18,35,26,10,42,15,73,39,69,60,62,19,57,64,68,1,1,1,1,27,4,1,35,8.98,7.3,65.55,Fringe,Very Consistent,414,LK #61,45
487,PR #41,PETER DOOLEY,,9,1.85,16.69,Prop,Connacht Rugby,0.57,0,0,1.48,2.29,0,0,0,0,0,1.83,0,3.04,0,4.55,0.24,1.97,0.72,318,0.05,0,0,35,0,1,0,1,1,6,68,7,0,0,0,0,0,0,0,460,568,390,267,505,412,512,476,323,526,139,217,322,118,36,59,4,151,18,35,72,41,36,12,42,23,56,53,34,55,49,26,29,5,1,1,1,23,2,1,35.33,0.01,0,0,3.89,0,0.11,0,0.11,0.11,0.67,7.56,0.78,0,0,0,0,0,0,0,555,268,390,267,573,412,565,476,404,591,137,168,374,118,36,59,4,151,18,35,82,14,36,12,43,23,70,53,49,67,64,14,25,5,1,1,1,23,2,1,35,11.56,8.8,101.73,Squad,Very Consistent,185,PR #50,75
489,LK #67,LEVI DOUGLAS,,14,1.19,16.67,Lock,Dragons RFC,0.9,1.23,0.74,0,0,0.49,4.38,3.54,1.25,4.82,10.3,-10.1,1.06,0,2.31,-4.25,0,0,542,0.03,1,0,96,1,6,2,1,2,11,84,7,0,0,0,0,1,1,0,265,636,219,267,353,286,275,247,323,442,28,140,322,118,36,59,4,23,1,35,39,85,15,15,25,14,12,25,40,60,5,34,35,56,1,1,1,5,1,1,38.71,0,0.07,0,6.86,0.07,0.43,0.14,0.07,0.14,0.79,6,0.5,0,0,0,0,0.07,0.07,0,511,618,356,267,469,389,412,370,460,576,109,268,499,118,36,59,4,114,7,35,72,78,31,15,34,33,24,38,58,71,19,64,57,56,1,1,1,21,2,1,35,4.49,12.9,57.92,Fringe,Boom/Bust,481,LK #79,36
490,OB #94,AITZOL KING,,1,16.58,16.58,Outside Back,Ulster Rugby,0,0,0,0,0,0,0,0,0,0,0,0,0,0,0,16.58,0,0,80,0.21,1,0,46,1,3,0,1,2,1,6,0,0,0,0,0,0,0,0,647,49,219,267,469,286,393,476,323,442,478,655,677,118,36,59,4,151,18,35,103,12,58,59,98,88,90,89,51,87,70,90,109,1,4,8,2,20,5,12,80,0.21,1,0,46,1,3,0,1,2,1,6,0,0,0,0,0,0,0,0,1,11,2,267,39,18,23,476,7,12,32,268,677,118,36,59,4,151,18,35,1,1,2,59,30,14,17,89,1,9,2,4,109,1,4,8,2,20,5,12,35,9.44,7.2,67.97,Fringe,,387,OB #61,49
491,CE #65,JOHN DEVINE,,3,5.46,16.37,Centre,Connacht Rugby,0,0,0,0,0,0,0,0,0,0,0,0,0,0,15.29,1.08,0,0,167,0.1,1,0,64,2,2,0,0,1,2,9,4,0,0,0,0,0,0,0,566,354,219,267,418,203,450,476,480,526,405,626,459,118,36,59,4,151,18,35,72,48,32,45,66,42,71,70,60,68,36,78,63,1,3,6,1,17,2,6,55.67,0.03,0.33,0,21.33,0.67,0.67,0,0,0.33,0.67,3,1.33,0,0,0,0,0,0,0,292,109,87,267,197,69,315,476,480,451,137,583,125,118,36,59,4,151,18,35,56,14,11,45,44,14,62,70,60,66,4,75,25,1,3,6,1,17,2,6,35,6.14,6.9,42.37,Fringe,,613,CE #66,19
492,PR #43,WILCO LOUW,,10,1.63,16.29,Prop,Vodacom Bulls,0,0,6.34,1.76,0,0,-1.34,0,1.44,3.24,1.29,1.32,0,0,0,-0.42,0.69,1.97,511,0.03,1,0,36,0,2,0,1,1,5,43,6,0,0,0,0,0,0,0,290,636,219,267,500,412,450,476,323,526,187,367,363,118,36,59,4,151,18,35,25,75,14,12,39,23,38,53,34,55,57,66,37,5,1,1,1,23,2,1,51.1,0,0.1,0,3.6,0,0.2,0,0.1,0.1,0.5,4.3,0.6,0,0,0,0,0,0,0,342,618,298,267,582,412,515,476,418,598,232,462,457,118,36,59,4,151,18,35,12,66,23,12,49,23,52,53,52,70,86,91,47,5,1,1,1,23,2,1,34,11.08,9.6,106.37,Squad,Very Consistent,158,PR #40,79
492,PR #42,OLI JAGER,,7,2.33,16.29,Prop,Munster Rugby,3.37,3.34,3.3,0,0,0,0,0,0,0.63,0.33,0,0,0,2.95,2.37,0,0,292,0.06,0,0,22,0,1,0,0,0,2,48,1,0,0,0,0,0,0,0,472,526,390,267,572,412,512,476,480,618,405,335,617,118,36,59,4,151,18,35,74,28,36,12,70,23,56,53,67,79,104,57,103,5,1,1,1,23,2,1,41.71,0.01,0,0,3.14,0,0.14,0,0,0,0.29,6.86,0.14,0,0,0,0,0,0,0,473,268,390,267,606,412,545,476,480,618,426,210,666,118,36,59,4,151,18,35,54,14,36,12,63,23,62,53,67,79,114,26,115,5,1,1,1,23,2,1,34,12.25,7.5,91.88,Fringe,Very Consistent,223,PR #56,70
494,SH #41,LUKE DAVIES,,7,2.26,15.82,Scrum Half,Ospreys,0.33,0,0,0,0,7.59,0,-0.42,0,0,0,0,5.06,3.26,0,0,0,0,192,0.08,2,0,53,1,0,1,0,2,1,19,9,0,0,0,0,0,0,0,542,442,133,267,452,286,600,338,480,442,478,548,236,118,36,59,4,151,18,35,46,33,14,46,43,24,54,34,33,45,25,42,24,1,3,7,2,11,2,10,27.43,0.01,0.29,0,7.57,0.14,0,0.14,0,0.29,0.14,2.71,1.29,0,0,0,0,0,0,0,626,268,124,267,446,298,600,370,480,491,546,614,144,118,36,59,4,151,18,35,45,22,14,46,38,28,54,32,33,47,25,33,13,1,3,7,2,11,2,10,34,3.07,7.9,24.25,Fringe,Consistent,734,SH #53,2
495,LK #68,RYAN BAIRD,,3,5.27,15.81,Lock,Leinster Rugby,2.44,4.26,9.11,0,0,0,0,0,0,0,0,0,0,0,0,0,0,0,240,0.07,0,0,22,0,4,3,2,5,2,32,5,0,0,0,0,0,0,0,513,483,390,267,572,412,349,199,209,279,405,445,404,118,36,59,4,151,18,35,67,53,42,15,69,39,20,20,22,29,61,72,45,56,1,1,1,27,4,1,80,0.02,0,0,7.33,0,1.33,1,0.67,1.67,0.67,10.67,1.67,0,0,0,0,0,0,0,1,154,390,267,453,412,164,27,52,32,137,47,50,118,36,59,4,151,18,35,1,20,42,15,30,39,2,3,6,2,23,13,2,56,1,1,1,27,4,1,34,8.86,7.3,64.68,Fringe,Very Consistent,424,LK #65,44
496,PR #44,ARCHER HOLZ,,10,1.57,15.74,Prop,Scarlets,0,0,0.2,0.65,0.57,2.38,0,1.09,0,1.97,2.31,0,3.82,0,0.57,0,0,2.18,516,0.03,0,0,20,0,1,0,0,0,2,48,2,0,0,0,0,0,0,0,288,636,390,267,582,412,512,476,480,618,405,335,556,118,36,59,4,151,18,35,24,75,36,12,75,23,56,53,67,79,104,57,86,5,1,1,1,23,2,1,51.6,0,0,0,2,0,0.1,0,0,0,0.2,4.8,0.2,0,0,0,0,0,0,0,334,618,390,267,648,412,571,476,480,618,486,404,648,118,36,59,4,151,18,35,11,66,36,12,86,23,73,53,67,79,120,72,108,5,1,1,1,23,2,1,34,10.93,9.6,104.93,Squad,Very Consistent,168,PR #44,78
497,OB #95,MACK HANSEN,,1,15.71,15.71,Outside Back,Connacht Rugby,0,0,0,15.71,0,0,0,0,0,0,0,0,0,0,0,0,0,0,80,0.2,1,0,68,0,4,1,1,3,0,2,1,0,0,0,0,0,0,0,647,60,219,267,401,412,349,338,323,385,615,712,617,118,36,59,4,151,18,35,103,15,58,59,94,99,86,77,51,83,90,108,102,1,4,8,2,20,5,12,80,0.2,1,0,68,0,4,1,1,3,0,2,1,0,0,0,0,0,0,0,1,14,2,267,6,412,7,27,7,2,615,655,234,118,36,59,4,151,18,35,1,2,2,59,5,99,7,10,1,1,90,81,57,1,4,8,2,20,5,12,34,9.36,7.2,67.39,Fringe,,393,OB #62,48
498,SH #42,STEFAN UNGERER,,14,1.1,15.45,Scrum Half,DHL Stormers,5.91,-0.42,3.91,5.92,0,-1.87,-0.42,0,0.43,0,-0.42,-1.65,-1.42,1.34,-1.09,0,3.58,1.65,501,0.03,1,3,47,1,1,2,0,7,1,20,15,0,0,0,0,0,0,0,297,636,219,47,467,286,512,247,480,192,478,544,92,118,36,59,4,151,18,35,22,53,28,15,47,24,46,21,33,23,25,39,11,1,3,7,2,11,2,10,35.79,0,0.07,0.21,3.36,0.07,0.07,0.14,0,0.5,0.07,1.43,1.07,0,0,0,0,0,0,0,548,618,356,97,593,389,591,370,480,324,598,699,226,118,36,59,4,151,18,35,36,48,39,24,53,37,53,32,33,33,39,52,21,1,3,7,2,11,2,10,34,1.72,13,22.36,Fringe,Boom/Bust,738,SH #56,2
499,LF #102,LORCAN MCLOUGHLIN,,3,5.14,15.42,Loose Forward,Ulster Rugby,0,0,0,0,0,0,0,0,0,0,1.62,0,0,0,0,10.76,0,3.04,122,0.13,0,0,60,1,3,0,0,0,1,19,3,0,0,0,0,0,0,0,609,221,390,267,430,286,393,476,480,618,478,548,500,118,36,59,4,151,18,35,111,52,77,50,95,61,95,96,104,119,90,113,90,40,1,1,1,40,6,1,40.67,0.04,0,0,20,0.33,1,0,0,0,0.33,6.33,1,0,0,0,0,0,0,0,485,78,390,267,217,172,214,476,480,618,373,244,234,118,36,59,4,151,18,35,95,11,77,50,47,20,45,96,104,119,78,88,36,40,1,1,1,40,6,1,34,6.03,7.6,45.83,Fringe,Consistent,579,LF #96,23
500,LF #103,GWILYM EVANS,,4,3.8,15.19,Loose Forward,Ospreys,0,0,0,2.31,0,8.26,0,0,2.76,0,1.86,0,0,0,0,0,0,0,140,0.11,0,0,14,0,2,0,0,0,0,38,1,0,0,0,0,0,0,0,593,309,390,267,612,412,450,476,480,618,615,397,617,118,36,59,4,151,18,35,108,74,77,50,119,92,102,96,104,119,114,94,111,40,1,1,1,40,6,1,35,0.03,0,0,3.5,0,0.5,0,0,0,0,9.5,0.25,0,0,0,0,0,0,0,560,109,390,267,586,412,359,476,480,618,615,76,624,118,36,59,4,151,18,35,107,22,77,50,121,92,84,96,104,119,114,43,116,40,1,1,1,40,6,1,34,5.5,7.4,40.7,Fringe,Consistent,630,LF #110,16
501,CE #66,LUKHANYO AM,,5,3.04,15.18,Centre,Hollywoodbets Sharks,13.25,-0.18,0.13,0.33,1.65,0,0,0,0,0,0,0,0,0,0,0,0,0,274,0.06,1,0,70,0,3,3,0,3,3,21,5,0,0,0,0,0,0,0,486,526,219,267,397,412,393,199,480,385,323,533,404,118,36,59,4,151,18,35,59,74,32,45,63,60,62,44,60,55,28,65,58,1,3,6,1,17,2,6,54.8,0.01,0.2,0,14,0,0.6,0.6,0,0.6,0.6,4.2,1,0,0,0,0,0,0,0,300,268,182,267,309,412,333,104,480,281,178,465,234,118,36,59,4,151,18,35,57,39,27,45,66,60,66,26,60,39,8,58,53,1,3,6,1,17,2,6,33,4.98,6.9,34.36,Fringe,Boom/Bust,678,CE #80,10
502,OB #96,HARRI HOUSTON,,4,3.78,15.12,Outside Back,Ospreys,3.33,0,0,0,0,0,0,0,0,0,2.5,0,9.29,0,0,0,0,0,45,0.34,0,1,58,0,3,2,0,1,0,4,0,0,0,0,0,0,0,0,688,8,390,138,439,412,393,247,480,526,615,682,677,118,36,59,4,151,18,35,112,2,83,30,97,99,90,61,84,100,90,98,109,1,4,8,2,20,5,12,11.25,0.09,0,0.25,14.5,0,0.75,0.5,0,0.25,0,1,0,0,0,0,0,0,0,0,722,34,390,65,301,412,294,136,480,513,615,707,677,118,36,59,4,151,18,35,114,8,83,15,101,99,96,47,84,105,90,105,109,1,4,8,2,20,5,12,33,7.13,6.5,46.35,Fringe,Consistent,569,OB #106,24
503,PR #45,DESTINY AMINU,,11,1.37,15.05,Prop,Benetton Rugby,0,0,0,0,0,2.1,0,0.9,-0.24,-0.38,3.32,3.22,-0.09,2.69,2.15,1,0.38,0,404,0.04,0,0,28,0,1,0,2,4,5,65,8,0,0,0,0,0,0,0,377,603,390,267,541,412,512,476,209,326,187,232,278,118,36,59,4,151,18,35,46,54,36,12,59,23,56,53,12,10,57,30,23,5,1,1,1,23,2,1,36.73,0,0,0,2.55,0,0.09,0,0.18,0.36,0.45,5.91,0.73,0,0,0,0,0,0,0,536,618,390,267,629,412,575,476,319,440,282,287,401,118,36,59,4,151,18,35,76,66,36,12,74,23,76,53,30,16,99,40,32,5,1,1,1,23,2,1,33,10.44,10.4,108.58,Squad,Very Consistent,144,PR #36,81
504,SH #43,ELLIS BEVAN,,7,2.14,14.98,Scrum Half,Cardiff Rugby,0,0,0,0,0,0,0,0,0,0,0,0,7.82,4.51,0,0.66,1.99,0,115,0.13,0,0,51,1,2,1,0,1,1,11,1,0,0,0,0,0,0,1,617,221,390,267,458,286,450,338,480,526,478,607,617,118,36,59,4,151,18,12,52,19,43,46,45,24,39,34,33,51,25,46,55,1,3,7,2,11,2,3,16.43,0.02,0,0,7.29,0.14,0.29,0.14,0,0.14,0.14,1.57,0.14,0,0,0,0,0,0,0.14,701,154,390,267,455,298,479,370,480,576,546,692,666,118,36,59,4,151,18,11,57,10,43,46,42,28,41,32,33,54,25,50,57,1,3,7,2,11,2,3,33,3,7.9,23.7,Fringe,Very Consistent,736,SH #54,2
505,CE #67,JONNY SCOTT,,2,7.44,14.87,Centre,Ulster Rugby,0,0,0,0,0,0,0,0,0,0,0,0,3.2,0,0,11.67,0,0,82,0.18,0,0,53,0,8,4,0,0,0,4,5,0,0,0,0,0,0,0,646,94,390,267,452,412,228,149,480,618,615,682,404,118,36,59,4,151,18,35,80,10,53,45,72,60,46,33,60,79,69,83,58,1,3,6,1,17,2,6,41,0.09,0,0,26.5,0,4,2,0,0,0,2,2.5,0,0,0,0,0,0,0,482,34,390,267,146,412,7,4,480,618,615,655,11,118,36,59,4,151,18,35,74,7,53,45,30,60,1,1,60,79,69,85,3,1,3,6,1,17,2,6,33,6.54,7.2,47.09,Fringe,,563,CE #50,25
506,PR #46,KEMSLEY MATHIAS,,11,1.34,14.77,Prop,Scarlets,0,0,0,0,2.65,6.13,-1.95,0,0.89,4.88,0,-2.27,6.93,4.33,3.55,-0.61,-9.76,0,659,0.02,0,0,81,0,3,1,2,4,12,94,13,0,0,0,0,1,0,0,194,673,390,267,379,412,393,338,209,326,23,110,133,118,36,59,4,23,18,35,9,94,36,12,13,23,29,18,12,10,14,10,4,5,1,1,1,4,2,1,59.91,0,0,0,7.36,0,0.27,0.09,0.18,0.36,1.09,8.55,1.18,0,0,0,0,0.09,0,0,231,618,390,267,452,412,486,428,319,440,27,118,184,118,36,59,4,75,18,35,2,66,36,12,15,23,40,41,30,16,18,9,8,5,1,1,1,12,2,1,33,10.36,10.4,107.74,Squad,Boom/Bust,151,PR #39,80
506,LF #104,BEN DONNELL,,5,2.95,14.77,Loose Forward,Cardiff Rugby,-0.42,0.99,10.71,0,1.2,2.29,0,0,0,0,0,0,0,0,0,0,0,0,187,0.08,0,0,34,0,0,1,0,0,1,34,3,0,0,0,0,0,0,0,548,442,390,267,507,412,600,338,480,618,478,427,500,118,36,59,4,151,18,35,100,107,77,50,103,92,117,77,104,119,90,97,90,40,1,1,1,40,6,1,37.4,0.02,0,0,6.8,0,0,0.2,0,0,0.2,6.8,0.6,0,0,0,0,0,0,0,530,154,390,267,471,412,600,303,480,618,486,213,457,118,36,59,4,151,18,35,102,29,77,50,106,92,117,60,104,119,95,82,88,40,1,1,1,40,6,1,33,4.92,7.4,36.41,Fringe,Boom/Bust,667,LF #117,11
508,SH #44,ROSS BRAUDE,,7,2.1,14.72,Scrum Half,Hollywoodbets Sharks,2.33,0,-1.21,0,0,0,0,0,0,0,0,5.42,0,0,0,0,2.05,6.13,192,0.08,1,0,80,0,5,0,0,3,1,9,3,0,0,0,0,0,0,0,542,442,219,267,380,412,308,476,480,385,478,626,500,118,36,59,4,151,18,35,46,33,28,46,36,42,26,46,33,37,25,49,45,1,3,7,2,11,2,10,27.43,0.01,0.14,0,11.43,0,0.71,0,0,0.43,0.14,1.29,0.43,0,0,0,0,0,0,0,626,268,239,267,355,412,306,476,480,389,546,704,551,118,36,59,4,151,18,35,45,22,26,46,31,42,20,46,33,38,25,53,46,1,3,7,2,11,2,10,32,2.97,7.9,23.46,Fringe,Consistent,737,SH #55,2
509,LF #105,CONNOR BOYLE,,4,3.66,14.64,Loose Forward,Edinburgh Rugby,0,0,0,0,0,0,0,0,1.09,0,1,4.64,0,0,7.91,0,0,0,128,0.11,1,0,18,0,0,0,1,1,0,23,1,0,0,0,0,0,0,0,600,309,219,267,593,412,600,476,323,526,615,509,617,118,36,59,4,151,18,35,110,74,44,50,115,92,117,96,86,106,114,106,111,40,1,1,1,40,6,1,32,0.03,0.25,0,4.5,0,0,0,0.25,0.25,0,5.75,0.25,0,0,0,0,0,0,0,591,109,150,267,550,412,600,476,230,513,615,307,624,118,36,59,4,151,18,35,114,22,36,50,118,92,117,96,69,112,114,98,116,40,1,1,1,40,6,1,32,5.45,7.4,40.33,Fringe,Consistent,634,LF #111,16
510,PR #47,RHYS HENRY,,9,1.61,14.47,Prop,Ospreys,1.32,-0.67,0,0,0,0,-2.46,4.75,0.49,0,1.73,0.32,7.45,1.54,0,0,0,0,335,0.04,0,0,42,1,3,0,0,2,6,44,3,0,0,0,0,0,0,0,446,603,390,267,488,286,393,476,480,442,139,361,500,118,36,59,4,151,18,35,65,54,36,12,34,7,29,53,67,30,49,65,71,5,1,1,1,23,2,1,37.22,0,0,0,4.67,0.11,0.33,0,0,0.22,0.67,4.89,0.33,0,0,0,0,0,0,0,533,618,390,267,543,339,450,476,480,534,137,397,581,118,36,59,4,151,18,35,74,66,36,12,37,12,31,53,67,41,64,68,86,5,1,1,1,23,2,1,32,11,8.8,96.8,Squad,Consistent,202,PR #53,73
511,PR #48,DIAN BLEULER,,9,1.6,14.36,Prop,Hollywoodbets Sharks,0.93,0,0.01,0,2.48,0,0,0,0,0,0.66,7.72,2.17,-8,4.38,4.01,0,0,245,0.06,1,0,39,0,0,0,2,0,8,62,8,1,0,0,0,1,0,0,509,526,219,267,496,412,600,476,209,618,77,247,278,58,36,59,4,23,18,35,83,28,14,12,35,23,86,53,12,79,33,33,23,1,1,1,1,4,2,1,27.22,0.01,0.11,0,4.33,0,0,0,0.22,0,0.89,6.89,0.89,0.11,0,0,0,0.11,0,0,629,268,285,267,557,412,600,476,270,618,85,208,318,76,36,59,4,54,18,35,103,14,21,12,40,23,86,53,20,79,46,25,19,2,1,1,1,9,2,1,32,10.98,8.8,96.62,Squad,Inconsistent,203,PR #54,73
512,PR #49,DENIS BUCKLEY,,8,1.79,14.31,Prop,Connacht Rugby,0,0,2.64,0,0,0.49,2.74,-0.1,2.55,-0.25,0,3.5,0,2.74,0,0,0,0,343,0.04,0,0,10,0,0,1,2,0,9,57,2,0,0,0,0,0,0,0,436,603,390,267,636,412,600,338,209,618,60,269,556,118,36,59,4,151,18,35,62,54,36,12,100,23,86,18,12,79,29,38,86,5,1,1,1,23,2,1,42.88,0.01,0,0,1.25,0,0,0.13,0.25,0,1.13,7.13,0.25,0,0,0,0,0,0,0,456,268,390,267,680,412,600,391,230,618,26,186,624,118,36,59,4,151,18,35,46,14,36,12,105,23,86,30,14,79,17,19,98,5,1,1,1,23,2,1,32,11.34,8.1,91.85,Fringe,Very Consistent,224,PR #57,70
513,LF #106,NAMA XABA,,5,2.81,14.07,Loose Forward,Vodacom Bulls,-0.34,4.95,1.31,7.92,0.23,0,0,0,0,0,0,0,0,0,0,0,0,0,165,0.09,0,0,0,0,0,0,0,2,1,54,1,0,0,0,0,0,0,0,569,399,390,267,713,412,600,476,480,442,478,292,617,118,36,59,4,151,18,35,102,98,77,50,129,92,117,96,104,95,90,82,111,40,1,1,1,40,6,1,33,0.02,0,0,0,0,0,0,0,0.4,0.2,10.8,0.2,0,0,0,0,0,0,0,577,154,390,267,713,412,600,476,480,406,486,45,648,118,36,59,4,151,18,35,110,29,77,50,129,92,117,96,104,84,95,27,121,40,1,1,1,40,6,1,32,4.86,7.4,35.96,Fringe,Inconsistent,669,LF #119,11
514,HK #50,HARRY THOMAS,,7,2,13.99,Hooker,Scarlets,8.33,0,0,0,0,0,0,0,0,0,0,0,0,4.85,0,0,-0.75,1.56,121,0.12,0,0,2,0,0,0,1,1,1,18,3,1,0,0,0,0,0,0,610,258,390,267,698,412,600,476,323,526,478,557,500,58,36,59,4,151,18,35,50,47,39,15,64,30,49,32,36,44,43,53,43,6,1,1,1,9,2,1,17.29,0.02,0,0,0.29,0,0,0,0.14,0.14,0.14,2.57,0.43,0.14,0,0,0,0,0,0,696,154,390,267,709,412,600,476,358,576,546,620,551,63,36,59,4,151,18,35,60,23,39,15,65,30,49,32,42,50,54,62,47,9,1,1,1,9,2,1,32,3.35,7.5,25.13,Fringe,Inconsistent,727,HK #69,3
515,PR #50,PHATU GANYANE,,12,1.15,13.76,Prop,Hollywoodbets Sharks,0,0,0,0,0,4.36,0.51,0,0.53,-0.57,-0.67,-1.42,9.07,-0.14,-0.28,0.32,0.66,1.39,448,0.03,1,0,16,0,0,0,2,1,11,47,1,0,0,0,0,0,0,0,349,636,219,267,602,412,600,476,209,526,28,341,617,118,36,59,4,151,18,35,40,75,14,12,85,23,86,53,12,55,16,59,103,5,1,1,1,23,2,1,37.33,0,0.08,0,1.33,0,0,0,0.17,0.08,0.92,3.92,0.08,0,0,0,0,0,0,0,531,618,328,267,675,412,600,476,334,608,74,504,675,118,36,59,4,151,18,35,72,66,28,12,102,23,86,53,36,74,40,100,118,5,1,1,1,23,2,1,32,9.89,11.2,110.77,Squad,Average,134,PR #33,82
516,LK #69,TEDDY WILLIAMS,,3,4.55,13.66,Lock,Cardiff Rugby,5.66,4.79,3.21,0,0,0,0,0,0,0,0,0,0,0,0,0,0,0,193,0.07,0,0,16,0,0,1,1,1,4,37,5,1,0,0,0,0,0,0,540,483,390,267,602,412,600,338,323,526,249,407,404,58,36,59,4,151,18,35,74,53,42,15,73,39,69,35,40,67,38,69,45,33,1,1,1,27,4,1,64.33,0.02,0,0,5.33,0,0,0.33,0.33,0.33,1.33,12.33,1.67,0.33,0,0,0,0,0,0,181,154,390,267,511,412,600,207,166,451,12,15,50,22,36,59,4,151,18,35,22,20,42,15,47,39,69,17,24,58,1,5,2,14,1,1,1,27,4,1,31,8.56,7.3,62.49,Fringe,Very Consistent,444,LK #73,41
517,PR #51,ALEX USANOV,,5,2.72,13.62,Prop,Leinster Rugby,0,0,0,0,2.43,0,0,0,0,0,1.43,2.74,5.26,0,0,0,0,1.76,186,0.07,0,0,33,0,0,0,2,0,1,29,3,0,0,0,0,0,0,0,549,483,390,267,511,412,600,476,209,618,478,466,500,118,36,59,4,151,18,35,92,16,36,12,45,23,86,53,12,79,115,85,71,5,1,1,1,23,2,1,37.2,0.01,0,0,6.6,0,0,0,0.4,0,0.2,5.8,0.6,0,0,0,0,0,0,0,534,268,390,267,476,412,600,476,133,618,486,302,457,118,36,59,4,151,18,35,75,14,36,12,19,23,86,53,7,79,120,45,47,5,1,1,1,23,2,1,31,12.32,6.9,85.01,Fringe,Very Consistent,263,PR #69,65
518,LF #107,JOHN BRYANT,,3,4.54,13.61,Loose Forward,Benetton Rugby,0,0,7.09,7.03,0,-0.51,0,0,0,0,0,0,0,0,0,0,0,0,102,0.13,0,0,32,1,1,2,2,2,1,17,4,0,0,0,0,0,0,0,629,221,390,267,517,286,512,247,209,442,478,567,459,118,36,59,4,151,18,35,114,52,77,50,104,61,107,53,70,95,90,115,82,40,1,1,1,40,6,1,34,0.04,0,0,10.67,0.33,0.33,0.67,0.67,0.67,0.33,5.67,1.33,0,0,0,0,0,0,0,569,78,390,267,372,172,450,85,52,239,373,315,125,118,36,59,4,151,18,35,109,11,77,50,88,20,105,15,24,41,78,100,14,40,1,1,1,40,6,1,31,5.89,7.6,44.76,Fringe,Consistent,591,LF #98,21
519,LF #108,TOM DODD,,4,3.4,13.58,Loose Forward,Edinburgh Rugby,0,0,0,0,0,0,0,0,5.03,0,2.95,0,0,0,0,-1.1,0,6.7,144,0.09,0,0,22,0,4,2,0,3,0,26,4,0,0,0,0,0,0,0,590,399,390,267,572,412,349,247,480,385,615,489,459,118,36,59,4,151,18,35,107,98,77,50,112,92,86,53,104,83,114,105,82,40,1,1,1,40,6,1,36,0.02,0,0,5.5,0,1,0.5,0,0.75,0,6.5,1,0,0,0,0,0,0,0,543,154,390,267,504,412,214,136,480,208,615,230,234,118,36,59,4,151,18,35,105,29,77,50,112,92,45,24,104,30,114,85,36,40,1,1,1,40,6,1,31,5.36,7.4,39.66,Fringe,Average,639,LF #113,15
520,FH #37,LUBABALO DOBELA,,2,6.78,13.55,Fly Half,Lions,9.89,3.66,0,0,0,0,0,0,0,0,0,0,0,0,0,0,0,0,96,0.14,0,0,0,0,1,1,0,3,0,10,1,0,2,3,0,0,0,0,633,190,390,267,713,412,512,338,480,385,615,616,617,118,24,41,4,151,18,35,38,21,24,32,44,34,36,28,26,37,36,38,44,2,18,32,2,11,2,10,48,0.07,0,0,0,0,0.5,0.5,0,1.5,0,5,0.5,0,1,1.5,0,0,0,0,386,43,390,267,713,412,359,136,480,44,615,373,499,118,4,17,4,151,18,35,28,4,24,32,44,34,28,14,26,7,36,20,43,2,4,12,2,11,2,10,31,7.1,8,56.8,Fringe,,496,FH #33,34
521,PR #52,PAOLO BUONFIGLIO,,13,1.04,13.53,Prop,Zebre Parma,0.99,0,-1.1,0,-0.01,0.2,2.28,0.99,2.9,0,3.23,0.09,0.98,0,0.23,1.75,1,0,470,0.03,0,0,8,0,0,0,3,1,7,56,5,0,0,0,0,0,0,0,324,636,390,267,650,412,600,476,151,526,104,275,404,118,36,59,4,151,18,35,33,75,36,12,103,23,86,53,7,55,40,41,47,5,1,1,1,23,2,1,36.15,0,0,0,0.62,0,0,0,0.23,0.08,0.54,4.31,0.38,0,0,0,0,0,0,0,540,618,390,267,698,412,600,476,264,608,221,461,573,118,36,59,4,151,18,35,78,66,36,12,118,23,86,53,19,74,84,90,83,5,1,1,1,23,2,1,31,9.62,12,115.44,Squad,Very Consistent,123,PR #31,84
522,PR #53,ERIC O'SULLIVAN,,7,1.93,13.49,Prop,Ulster Rugby,0,0,-1.24,0,0,0,0,0,1.19,1.54,0,2.89,0,0.69,0,0.86,7.56,0,220,0.06,1,0,21,0,1,3,1,0,6,33,6,0,0,0,0,0,0,0,523,526,219,267,579,412,512,199,323,618,139,436,363,118,36,59,4,151,18,35,87,28,14,12,73,23,56,4,34,79,49,79,37,5,1,1,1,23,2,1,31.43,0.01,0.14,0,3,0,0.14,0.43,0.14,0,0.86,4.71,0.86,0,0,0,0,0,0,0,597,268,239,267,611,412,545,175,358,618,92,411,328,118,36,59,4,151,18,35,95,14,16,12,67,23,62,2,40,79,50,75,20,5,1,1,1,23,2,1,31,11.53,7.5,86.48,Fringe,Very Consistent,254,PR #67,66
523,PR #55,VINCENT KOCH,,11,1.22,13.47,Prop,Hollywoodbets Sharks,0,0,1.56,-5.37,0,0,0,0,0,0.99,0,2.45,-0.01,-1.09,1.32,9.81,1.17,2.64,464,0.03,1,0,14,0,1,1,1,0,4,54,5,0,0,0,0,1,0,0,330,636,219,267,612,412,512,338,323,618,249,292,404,118,36,59,4,23,18,35,35,75,14,12,89,23,56,18,34,79,73,48,47,5,1,1,1,4,2,1,42.18,0,0.09,0,1.27,0,0.09,0.09,0.09,0,0.36,4.91,0.45,0,0,0,0,0.09,0,0,465,618,311,267,679,412,575,428,431,618,361,394,540,118,36,59,4,75,18,35,52,66,24,12,104,23,76,41,57,79,108,66,70,5,1,1,1,12,2,1,30,10.06,10.4,104.62,Squad,Inconsistent,171,PR #45,77
523,PR #54,OLLIE BLYTH-LAFFERTY,,10,1.35,13.47,Prop,Edinburgh Rugby,0,0,0,0,0,0,2.73,-0.34,2.55,0,4.54,0.66,0,0,-0.57,0.66,1.06,2.18,328,0.04,0,0,23,0,0,0,1,1,3,49,4,0,0,0,0,0,0,0,448,603,390,267,567,412,600,476,323,526,323,331,459,118,36,59,4,151,18,35,67,54,36,12,68,23,86,53,34,55,88,56,59,5,1,1,1,23,2,1,32.8,0,0,0,2.3,0,0,0,0.1,0.1,0.3,4.9,0.4,0,0,0,0,0,0,0,583,618,390,267,643,412,600,476,418,598,416,395,564,118,36,59,4,151,18,35,93,66,36,12,82,23,86,53,52,70,112,67,79,5,1,1,1,23,2,1,30,10.38,9.6,99.65,Squad,Very Consistent,192,PR #52,75
525,SH #45,BRADLEY DAVIDS,,6,2.24,13.41,Scrum Half,Hollywoodbets Sharks,0,0,0,0,0,0,0,0,0,0,0,0,4.66,3.85,-1,-1.09,2.98,4.01,275,0.05,0,2,27,0,4,1,0,4,2,7,4,0,0,2,0,0,0,0,485,568,390,78,549,412,349,338,480,326,405,646,459,118,36,44,4,151,18,35,40,43,43,25,52,42,30,34,33,35,15,53,41,1,3,4,2,11,2,10,45.83,0.01,0,0.33,4.5,0,0.67,0.17,0,0.67,0.33,1.17,0.67,0,0,0.33,0,0,0,0,416,268,390,46,550,412,315,339,480,239,373,706,423,118,36,45,4,151,18,35,25,22,43,13,49,42,21,28,33,19,11,54,35,1,3,4,2,11,2,10,30,3.22,7.6,24.47,Fringe,Average,733,SH #52,3
525,CE #68,FRANCOIS VENTER,,4,3.35,13.41,Centre,Hollywoodbets Sharks,4.01,1.65,3.08,0,0,4.67,0,0,0,0,0,0,0,0,0,0,0,0,168,0.08,0,0,40,0,3,0,0,1,0,27,2,0,0,0,0,0,0,0,565,442,390,267,493,412,393,476,480,526,615,483,556,118,36,59,4,151,18,35,71,64,53,45,76,60,62,70,60,68,69,59,74,1,3,6,1,17,2,6,42,0.02,0,0,10,0,0.75,0,0,0.25,0,6.75,0.5,0,0,0,0,0,0,0,468,154,390,267,389,412,294,476,480,513,615,214,499,118,36,59,4,151,18,35,71,20,53,45,74,60,59,70,60,72,69,24,74,1,3,6,1,17,2,6,30,5.37,6.8,36.52,Fringe,Very Consistent,664,CE #78,12
527,SH #46,THOMAS DOMINGUEZ,,15,0.89,13.28,Scrum Half,Zebre Parma,0,0,1.28,1.09,-0.06,0,0.33,0.25,-1.09,0,2.55,0.33,5.73,-0.69,0.33,0.12,3.11,0,463,0.03,2,2,92,2,2,3,0,6,2,51,25,0,0,0,0,0,1,0,336,636,133,78,359,203,450,199,480,231,405,317,11,118,36,59,4,151,1,35,25,53,14,25,33,17,39,17,33,28,15,10,1,1,3,7,2,11,1,10,30.87,0,0.13,0.13,6.13,0.13,0.13,0.2,0,0.4,0.13,3.4,1.67,0,0,0,0,0,0.07,0,604,618,263,172,483,318,553,303,480,406,564,550,50,118,36,59,4,151,7,35,41,48,32,39,44,32,50,25,33,40,31,21,1,1,3,7,2,11,1,10,30,1.55,13.8,21.39,Fringe,Boom/Bust,742,SH #58,1
528,LK #70,CONNOR EVANS,,7,1.88,13.15,Lock,DHL Stormers,0,6.75,5.94,0,0,-6.63,0,0,0,2.21,0,2.56,0,2.64,0,0,-0.32,0,217,0.06,0,0,20,1,1,0,1,3,3,45,2,0,0,0,0,1,0,0,524,526,390,267,582,286,512,476,323,385,323,351,556,118,36,59,4,23,18,35,68,63,42,15,71,14,55,60,40,51,49,63,70,56,1,1,1,5,4,1,31,0.01,0,0,2.86,0.14,0.14,0,0.14,0.43,0.43,6.43,0.29,0,0,0,0,0.14,0,0,601,268,390,267,621,298,545,476,358,389,306,240,616,118,36,59,4,33,18,35,81,27,42,15,76,13,57,60,42,45,46,56,74,56,1,1,1,8,4,1,30,6.21,7.7,47.82,Fringe,Boom/Bust,559,LK #89,26
529,LF #109,RUAN ACKERMANN,,5,2.59,12.93,Loose Forward,DHL Stormers,1.59,0,0,4.15,1.83,1.29,0,0,4.07,0,0,0,0,0,0,0,0,0,161,0.08,0,0,28,0,2,0,1,3,0,31,2,0,0,0,0,0,0,0,573,442,390,267,541,412,450,476,323,385,615,454,556,118,36,59,4,151,18,35,103,107,77,50,108,92,102,96,86,83,114,101,99,40,1,1,1,40,6,1,32.2,0.02,0,0,5.6,0,0.4,0,0.2,0.6,0,6.2,0.4,0,0,0,0,0,0,0,590,154,390,267,501,412,426,476,284,281,615,256,564,118,36,59,4,151,18,35,113,29,77,50,111,92,98,96,80,54,114,91,103,40,1,1,1,40,6,1,30,4.77,7.4,35.3,Fringe,Very Consistent,672,LF #122,11
530,LF #110,GUIDO VOLPI,,6,2.15,12.88,Loose Forward,Zebre Parma,1.65,4.68,2.4,1.61,0,0,0,0,0.09,0,0,2.45,0,0,0,0,0,0,287,0.04,0,0,28,0,0,2,1,4,0,31,5,0,0,0,0,0,0,0,478,603,390,267,541,412,600,247,323,326,615,454,404,118,36,59,4,151,18,35,93,123,77,50,108,92,117,53,86,68,114,101,78,40,1,1,1,40,6,1,47.83,0.01,0,0,4.67,0,0,0.33,0.17,0.67,0,5.17,0.83,0,0,0,0,0,0,0,389,268,390,267,543,412,600,207,334,239,615,362,336,118,36,59,4,151,18,35,80,56,77,50,117,92,117,42,90,41,114,107,56,40,1,1,1,40,6,1,30,4.25,7.5,31.88,Fringe,Consistent,695,LF #126,8
531,PR #56,WYN JONES,,11,1.16,12.77,Prop,Dragons RFC,2.08,-0.91,0,1.63,-4.84,0.68,0,4.98,0.99,0,2.98,0,3.3,0,0.24,0,0,1.64,464,0.03,0,0,20,0,2,0,2,2,11,64,5,0,0,0,0,0,0,0,330,636,390,267,582,412,450,476,209,442,28,237,404,118,36,59,4,151,18,35,35,75,36,12,75,23,38,53,12,30,16,31,47,5,1,1,1,23,2,1,42.18,0,0,0,1.82,0,0.18,0,0.18,0.18,1,5.82,0.45,0,0,0,0,0,0,0,465,618,390,267,659,412,527,476,319,553,32,299,540,118,36,59,4,151,18,35,52,66,36,12,93,23,56,53,30,50,20,44,70,5,1,1,1,23,2,1,29,9.92,10.4,103.17,Squad,Average,178,PR #47,76
532,HK #51,ETHAN LEWIS,,2,6.32,12.64,Hooker,Ospreys,1.29,0,0,11.35,0,0,0,0,0,0,0,0,0,0,0,0,0,0,46,0.27,0,0,22,0,2,1,0,0,0,18,0,0,0,0,0,0,0,0,686,22,390,267,572,412,450,338,480,618,615,557,677,118,36,59,4,151,18,35,57,5,39,15,50,30,34,21,51,58,57,53,61,19,1,1,1,9,2,1,23,0.14,0,0,11,0,1,0.5,0,0,0,9,0,0,0,0,0,0,0,0,664,22,390,267,361,412,214,136,480,618,615,92,677,118,36,59,4,151,18,35,54,6,39,15,19,30,8,5,51,58,57,12,61,19,1,1,1,9,2,1,29,5.42,7.2,39.02,Fringe,,645,HK #47,14
533,SH #47,NIALL ARMSTRONG,,9,1.39,12.53,Scrum Half,Dragons RFC,0,0,3.06,0.53,-1,0.33,0,0,0,0,0,0,1.39,-0.75,1.98,0,1.73,5.26,261,0.05,0,0,31,1,1,1,1,3,0,21,2,0,0,0,0,0,0,0,497,568,390,267,529,286,512,338,323,385,615,533,556,118,36,59,4,151,18,35,42,43,43,46,48,24,46,34,23,37,45,37,50,1,3,7,2,11,2,10,29,0.01,0,0,3.44,0.11,0.11,0.11,0.11,0.33,0,2.33,0.22,0,0,0,0,0,0,0,620,268,390,267,591,339,565,411,404,451,615,638,643,118,36,59,4,151,18,35,44,22,43,46,52,34,52,40,25,43,45,36,56,1,3,7,2,11,2,10,29,2.09,9,18.81,Fringe,Average,746,SH #61,1
534,PR #57,BEN WARREN,,8,1.55,12.43,Prop,Ospreys,0,0,-0.09,5.9,3.54,0,0,0,0,0,0,0,0,-0.11,0.5,0.42,1.09,1.18,264,0.05,0,0,11,0,1,0,1,1,4,46,3,0,0,0,0,0,0,0,494,568,390,267,634,412,512,476,323,526,249,347,500,118,36,59,4,151,18,35,79,41,36,12,99,23,56,53,34,55,73,61,71,5,1,1,1,23,2,1,33,0.01,0,0,1.38,0,0.13,0,0.13,0.13,0.5,5.75,0.38,0,0,0,0,0,0,0,577,268,390,267,674,412,553,476,378,585,232,307,573,118,36,59,4,151,18,35,90,14,36,12,101,23,65,53,44,63,86,46,83,5,1,1,1,23,2,1,29,10.85,8.1,87.89,Fringe,Very Consistent,241,PR #62,68
535,LF #111,SIBABALO QOMA,,7,1.76,12.31,Loose Forward,Lions,0,0,0,0,0,6.69,2.95,0,-0.1,0,0,-8.09,8.1,0,0,1.73,0,1.03,108,0.11,0,0,75,1,5,1,0,2,1,22,3,0,0,0,0,1,0,0,623,309,390,267,388,286,308,338,480,442,478,517,500,118,36,59,4,23,18,35,113,74,77,50,90,61,77,77,104,95,90,108,90,40,1,1,1,6,6,1,15.43,0.02,0,0,10.71,0.14,0.71,0.14,0,0.29,0.14,3.14,0.43,0,0,0,0,0.14,0,0,702,154,390,267,371,298,306,370,480,491,546,574,551,118,36,59,4,33,18,35,127,29,77,50,87,63,74,82,104,106,106,123,101,40,1,1,1,9,6,1,29,3.67,7.9,28.99,Fringe,Boom/Bust,713,LF #129,5
536,PR #58,ZANDER FAGERSON,,7,1.74,12.15,Prop,Glasgow Warriors,0,0,0,0,0,0,3.38,1.82,0,-1.55,0,0,0,0,1.09,0.79,2.18,4.44,320,0.04,0,0,84,0,4,0,1,2,7,25,2,0,0,0,0,0,0,0,455,603,390,267,374,412,349,476,323,442,104,495,556,118,36,59,4,151,18,35,68,54,36,12,12,23,19,53,34,30,40,95,86,5,1,1,1,23,2,1,45.71,0.01,0,0,12,0,0.57,0,0.14,0.29,1,3.57,0.29,0,0,0,0,0,0,0,420,268,390,267,343,412,343,476,358,491,32,535,616,118,36,59,4,151,18,35,29,14,36,12,4,23,16,53,40,25,20,110,96,5,1,1,1,23,2,1,29,11.18,7.5,83.85,Fringe,Very Consistent,271,PR #71,64
537,FH #38,TONY BUTLER,,7,1.73,12.09,Fly Half,Munster Rugby,0,-0.42,0.4,0,2.39,0,0,0,2.66,5.02,2.04,0,0,0,0,0,0,0,181,0.07,0,0,65,0,1,1,0,6,2,23,4,0,1,2,0,0,0,0,552,483,390,267,415,412,512,338,480,231,405,509,459,118,29,44,4,151,18,35,36,38,24,32,34,34,36,28,26,29,18,35,38,2,23,34,2,11,2,10,25.86,0.01,0,0,9.29,0,0.14,0.14,0,0.86,0.29,3.29,0.57,0,0.14,0.29,0,0,0,0,636,268,390,267,400,412,545,370,480,176,426,563,473,118,28,48,4,151,18,35,41,22,24,32,33,34,38,31,26,25,15,34,41,2,22,38,2,11,2,10,29,4,7.9,31.6,Fringe,Average,698,FH #50,7
538,HK #52,BONGI MBONAMBI,,5,2.41,12.04,Hooker,Hollywoodbets Sharks,0,0,4.28,-0.23,4.68,0,1.19,0,2.12,0,0,0,0,0,0,0,0,0,252,0.05,0,0,8,0,0,0,0,1,3,23,7,0,0,0,0,0,0,0,500,568,390,267,650,412,600,476,480,526,323,509,322,118,36,59,4,151,18,35,44,65,39,15,57,30,49,32,51,44,31,48,21,19,1,1,1,9,2,1,50.4,0.01,0,0,1.6,0,0,0,0,0.2,0.6,4.6,1.4,0,0,0,0,0,0,0,352,268,390,267,667,412,600,476,480,540,178,428,104,118,36,59,4,151,18,35,15,35,39,15,61,30,49,32,51,42,12,50,7,19,1,1,1,9,2,1,28,4.05,6.9,27.95,Fringe,Average,715,HK #65,5
539,PR #59,PADDY MCCARTHY,,6,1.99,11.95,Prop,Leinster Rugby,-0.22,1.49,3.54,0.99,0,0,4.52,1.63,0,0,0,0,0,0,0,0,0,0,206,0.06,0,0,32,0,0,0,2,0,2,25,2,0,0,0,0,0,0,0,534,526,390,267,517,412,600,476,209,618,405,495,556,118,36,59,4,151,18,35,89,28,36,12,50,23,86,53,12,79,104,95,86,5,1,1,1,23,2,1,34.33,0.01,0,0,5.33,0,0,0,0.33,0,0.33,4.17,0.33,0,0,0,0,0,0,0,565,268,390,267,511,412,600,476,166,618,373,472,581,118,36,59,4,151,18,35,86,14,36,12,29,23,86,53,9,79,109,94,86,5,1,1,1,23,2,1,28,11.51,7.1,81.72,Fringe,Very Consistent,281,PR #75,63
540,LK #71,RUBEN SCHOEMAN,,3,3.98,11.94,Lock,Lions,0,0,0,0,0,0,0,0,-0.25,10.75,1.44,0,0,0,0,0,0,0,170,0.07,0,0,10,0,0,0,1,1,2,33,5,1,0,0,0,0,0,0,562,483,390,267,636,412,600,476,323,526,405,436,404,58,36,59,4,151,18,35,77,53,42,15,77,39,69,60,40,67,61,71,45,33,1,1,1,27,4,1,56.67,0.02,0,0,3.33,0,0,0,0.33,0.33,0.67,11,1.67,0.33,0,0,0,0,0,0,278,154,390,267,594,412,600,476,166,451,137,40,50,22,36,59,4,151,18,35,39,20,42,15,70,39,69,60,24,58,23,10,2,14,1,1,1,27,4,1,28,8.32,7.3,60.74,Fringe,Average,461,LK #75,39
541,LF #112,WJ STEENKAMP,,2,5.95,11.9,Loose Forward,Lions,9.35,2.55,0,0,0,0,0,0,0,0,0,0,0,0,0,0,0,0,97,0.12,1,0,32,0,1,0,0,1,0,10,0,0,0,0,0,0,0,0,631,258,219,267,517,412,512,476,480,526,615,616,677,118,36,59,4,151,18,35,116,59,44,50,104,92,107,96,104,106,114,119,124,40,1,1,1,40,6,1,48.5,0.06,0.5,0,16,0,0.5,0,0,0.5,0,5,0,0,0,0,0,0,0,0,377,53,38,267,277,412,359,476,480,324,615,373,677,118,36,59,4,151,18,35,78,5,7,50,65,92,84,96,104,66,114,109,124,40,1,1,1,40,6,1,28,6.27,7.9,49.53,Fringe,,546,LF #86,27
542,CE #69,LUCA MORISI,,6,1.97,11.83,Centre,Zebre Parma,0,0,0,0,0.66,0,0,0,2.99,0,0,0,0,2.96,4.77,0,0,0.45,189,0.06,0,1,25,0,0,1,2,3,0,26,7,0,0,0,0,0,0,0,545,526,390,138,560,412,600,338,209,385,615,489,322,118,36,59,4,151,18,35,67,74,53,23,79,60,83,55,31,55,69,60,52,1,3,6,1,17,2,6,31.5,0.01,0,0.17,4.17,0,0,0.17,0.33,0.5,0,4.33,1.17,0,0,0,0,0,0,0,595,268,390,132,564,412,600,339,166,324,615,454,189,118,36,59,4,151,18,35,80,39,53,22,84,60,83,60,31,49,69,54,45,1,3,6,1,17,2,6,28,4.16,7.1,29.54,Fringe,Consistent,712,CE #85,5
543,CE #70,HARRI ACKERMAN,,8,1.48,11.82,Centre,Dragons RFC,0,1.76,4.97,4.66,0,0,0,0,0,0,0,0,0,0,0.33,0,0.1,0,186,0.06,0,0,34,0,3,0,1,1,2,24,2,0,0,0,0,0,0,0,549,526,390,267,507,412,393,476,323,526,405,505,556,118,36,59,4,151,18,35,68,74,53,45,78,60,62,70,46,68,36,62,74,1,3,6,1,17,2,6,23.25,0.01,0,0,4.25,0,0.38,0,0.13,0.13,0.25,3,0.25,0,0,0,0,0,0,0,662,268,390,267,560,412,440,476,378,585,449,583,624,118,36,59,4,151,18,35,82,39,53,45,83,60,76,70,53,78,42,75,80,1,3,6,1,17,2,6,28,3.11,8.1,25.19,Fringe,Average,726,CE #88,3
544,FH #39,DUNCAN WEIR,,1,11.73,11.73,Fly Half,Glasgow Warriors,0,0,0,0,0,0,0,0,11.73,0,0,0,0,0,0,0,0,0,28,0.42,1,0,14,0,0,0,0,1,0,1,0,0,0,3,0,0,0,0,706,4,219,267,612,412,600,476,480,526,615,725,677,118,36,41,4,151,18,35,45,2,14,32,40,34,40,37,26,42,36,44,45,2,29,32,2,11,2,10,28,0.42,1,0,14,0,0,0,0,1,0,1,0,0,0,3,0,0,0,0,623,4,2,267,309,412,600,476,480,116,615,707,677,118,36,2,4,151,18,35,39,2,1,32,26,34,40,37,26,16,36,43,45,2,29,2,2,11,2,10,28,7.54,8.5,64.09,Fringe,,433,FH #30,42
545,LF #113,SEAN REFFELL,,3,3.89,11.68,Loose Forward,Ulster Rugby,0,0,3.55,2.66,0,0,0,0,0,0,0,0,0,0,5.47,0,0,0,71,0.16,0,0,1,0,3,1,1,0,1,21,1,0,0,0,0,0,0,0,659,149,390,267,702,412,393,338,323,618,478,533,617,118,36,59,4,151,18,35,120,32,77,50,128,92,95,77,86,119,90,110,111,40,1,1,1,40,6,1,23.67,0.05,0,0,0.33,0,1,0.33,0.33,0,0.33,7,0.33,0,0,0,0,0,0,0,659,64,390,267,706,412,214,207,166,618,373,196,581,118,36,59,4,151,18,35,120,7,77,50,128,92,45,42,53,119,78,79,107,40,1,1,1,40,6,1,28,5.72,7.6,43.47,Fringe,Very Consistent,603,LF #101,20
546,HK #53,JERRY BLYTH-LAFFERTY,,5,2.32,11.58,Hooker,Edinburgh Rugby,0,0,0,0,0,0,0,0,0,0,4.89,6.84,0,0.3,0,0,0,-0.45,94,0.12,0,0,7,0,1,2,1,2,1,21,3,0,0,0,0,0,0,0,635,258,390,267,660,412,512,247,323,442,478,533,500,118,36,59,4,151,18,35,53,47,39,15,59,30,40,11,36,32,43,50,43,19,1,1,1,9,2,1,18.8,0.02,0,0,1.4,0,0.2,0.4,0.2,0.4,0.2,4.2,0.6,0,0,0,0,0,0,0,686,154,390,267,672,412,515,184,284,406,486,465,457,118,36,59,4,151,18,35,59,23,39,15,62,30,38,6,36,23,43,53,30,19,1,1,1,9,2,1,27,4.02,6.9,27.74,Fringe,Inconsistent,716,HK #66,5
547,PR #60,JORDAN DUGGAN,,8,1.45,11.56,Prop,Connacht Rugby,1.42,0,1.72,0.71,2.32,-0.71,1.98,0.99,0,0,3.13,0,0,0,0,0,0,0,319,0.04,0,0,22,0,0,0,0,2,1,42,2,0,0,0,0,0,0,0,457,603,390,267,572,412,600,476,480,442,478,371,556,118,36,59,4,151,18,35,69,54,36,12,70,23,86,53,67,30,115,69,86,5,1,1,1,23,2,1,39.88,0.01,0,0,2.75,0,0,0,0,0.25,0.13,5.25,0.25,0,0,0,0,0,0,0,494,268,390,267,624,412,600,476,480,513,564,353,624,118,36,59,4,151,18,35,60,14,36,12,72,23,86,53,67,32,127,57,98,5,1,1,1,23,2,1,27,10.64,8.1,86.18,Fringe,Very Consistent,257,PR #68,66
548,PR #61,JUAN PITINARI,,12,0.95,11.43,Prop,Zebre Parma,-4.74,1.65,1.55,-0.02,0,0.15,1.89,-0.31,0,3.38,0.99,4,0.66,2.23,0,0,0,0,525,0.02,1,0,39,0,0,1,3,2,10,61,8,0,0,0,0,1,0,0,283,673,219,267,496,412,600,338,151,442,41,256,278,118,36,59,4,23,18,35,22,94,14,12,35,23,86,18,7,30,22,35,23,5,1,1,1,4,2,1,43.75,0,0.08,0,3.25,0,0,0.08,0.25,0.17,0.83,5.08,0.67,0,0,0,0,0.08,0,0,449,618,328,267,602,412,600,438,230,558,96,371,423,118,36,59,4,87,18,35,42,66,28,12,59,23,86,45,14,54,51,61,39,5,1,1,1,16,2,1,27,9.4,11.2,105.28,Squad,Average,167,PR #43,78
549,LK #72,JAC PRICE,,9,1.26,11.32,Lock,Scarlets,0,0,0,0,0,0,0,0,1.2,0.32,3.19,0.99,0.68,0,0,-0.27,2.97,2.24,272,0.04,0,0,13,0,0,0,1,1,3,44,6,0,0,0,0,0,0,0,490,603,390,267,620,412,600,476,323,526,323,361,363,118,36,59,4,151,18,35,65,81,42,15,75,39,69,60,40,67,49,64,39,56,1,1,1,27,4,1,30.22,0,0,0,1.44,0,0,0,0.11,0.11,0.33,4.89,0.67,0,0,0,0,0,0,0,608,618,390,267,671,412,600,476,404,591,373,397,423,118,36,59,4,151,18,35,83,78,42,15,86,39,69,60,50,74,57,78,48,56,1,1,1,27,4,1,27,4.81,8.9,42.81,Fringe,Consistent,607,LK #91,19
550,HK #54,PATRICK HARRISON,,4,2.81,11.25,Hooker,Edinburgh Rugby,8.3,0,1.43,0.86,0.66,0,0,0,0,0,0,0,0,0,0,0,0,0,47,0.24,1,0,16,0,0,0,1,1,1,10,1,0,0,0,0,0,0,0,685,31,219,267,602,412,600,476,323,526,478,616,617,118,36,59,4,151,18,35,56,8,21,15,51,30,49,32,36,44,43,57,53,19,1,1,1,9,2,1,11.75,0.06,0.25,0,4,0,0,0,0.25,0.25,0.25,2.5,0.25,0,0,0,0,0,0,0,721,53,150,267,569,412,600,476,230,513,449,624,624,118,36,59,4,151,18,35,65,12,17,15,55,30,49,32,29,36,38,63,54,19,1,1,1,9,2,1,27,4.43,6.9,30.57,Fringe,Inconsistent,703,HK #62,7
551,CE #71,FEDERICO ZANANDREA,,2,5.58,11.16,Centre,Benetton Rugby,0,0,0,0,0,0,0,0,0,0,0,0,0,0,0,0,3.77,7.39,107,0.1,0,0,61,0,2,0,2,1,0,7,3,0,0,0,0,0,0,0,625,354,390,267,428,412,450,476,209,526,615,646,500,118,36,59,4,151,18,35,79,48,53,45,68,60,71,70,31,68,69,80,67,1,3,6,1,17,2,6,53.5,0.05,0,0,30.5,0,1,0,1,0.5,0,3.5,1.5,0,0,0,0,0,0,0,317,64,390,267,108,412,214,476,7,324,615,538,74,118,36,59,4,151,18,35,60,11,53,45,21,60,47,70,1,49,69,68,12,1,3,6,1,17,2,6,27,6.23,7.2,44.86,Fringe,,589,CE #60,22
552,HK #55,SHILO KLEIN,,3,3.66,10.99,Hooker,Zebre Parma,0,0,0,0,0,0,0,0,0,0,1.55,0,0,0,7.39,2.05,0,0,41,0.27,0,1,16,0,0,0,0,1,0,13,0,0,0,0,0,0,0,0,690,22,390,138,602,412,600,476,480,526,615,594,677,118,36,59,4,151,18,35,58,5,39,2,51,30,49,32,51,44,57,55,61,19,1,1,1,9,2,1,13.67,0.09,0,0.33,5.33,0,0,0,0,0.33,0,4.33,0,0,0,0,0,0,0,0,708,34,390,46,511,412,600,476,480,451,615,454,677,118,36,59,4,151,18,35,62,8,39,2,49,30,49,32,51,31,57,52,61,19,1,1,1,9,2,1,27,4.85,7,33.95,Fringe,Average,684,HK #58,9
553,LK #73,JAMES FENDER,,10,1.09,10.88,Lock,Ospreys,-5.32,0.05,-0.6,3.25,5.71,0,0,0,0.64,0,2.97,4.05,0.22,-0.09,0,0,0,0,475,0.02,0,0,26,0,0,0,0,4,5,66,10,0,0,0,0,1,0,0,319,673,390,267,551,412,600,476,480,326,187,227,204,118,36,59,4,23,18,35,43,89,42,15,65,39,69,60,62,39,32,46,20,56,1,1,1,5,4,1,47.5,0,0,0,2.6,0,0,0,0,0.4,0.5,6.6,1,0,0,0,0,0.1,0,0,396,618,390,267,627,412,600,476,480,406,232,222,234,118,36,59,4,65,18,35,57,78,42,15,78,39,69,60,62,50,37,51,23,56,1,1,1,12,4,1,26,4.35,9.7,42.2,Fringe,Boom/Bust,615,LK #93,18
554,PR #62,FINLAY RICHARDSON,,7,1.55,10.84,Prop,Glasgow Warriors,1.9,3.64,0.76,0,0,0,0,0,-2.56,0,0,0,1.42,2.62,3.06,0,0,0,342,0.03,0,0,13,0,2,1,0,3,0,38,4,0,0,0,0,0,0,0,438,636,390,267,620,412,450,338,480,385,615,397,459,118,36,59,4,151,18,35,64,75,36,12,91,23,38,18,67,18,128,76,59,5,1,1,1,23,2,1,48.86,0,0,0,1.86,0,0.29,0.14,0,0.43,0,5.43,0.57,0,0,0,0,0,0,0,376,618,390,267,657,412,479,370,480,389,615,337,473,118,36,59,4,151,18,35,22,66,36,12,91,23,37,27,67,9,128,55,55,5,1,1,1,23,2,1,26,10.84,7.5,81.3,Fringe,Very Consistent,285,PR #76,62
555,LF #114,DEON FOURIE,,5,2.17,10.83,Loose Forward,DHL Stormers,0,0,0.25,0,0,0,0,0,0,0,0,0,2.89,8.96,-2.59,0,1.32,0,117,0.09,1,0,14,0,0,1,4,1,2,21,2,0,0,0,0,1,0,0,615,399,219,267,612,412,600,338,107,526,405,533,556,118,36,59,4,23,18,35,112,98,44,50,119,92,117,77,43,106,83,110,99,40,1,1,1,6,6,1,23.4,0.02,0.2,0,2.8,0,0,0.2,0.8,0.2,0.4,4.2,0.4,0,0,0,0,0.2,0,0,661,154,182,267,623,412,600,303,38,540,320,465,564,118,36,59,4,13,18,35,121,29,40,50,123,92,117,60,17,113,67,114,103,40,1,1,1,4,6,1,26,4.59,7.4,33.97,Fringe,Boom/Bust,683,LF #123,9
556,OB #97,SHAY MCCARTHY,,1,10.74,10.74,Outside Back,Munster Rugby,0,0,0,0,10.74,0,0,0,0,0,0,0,0,0,0,0,0,0,65,0.17,0,0,40,1,6,0,0,1,0,3,3,0,0,0,0,0,0,0,665,121,390,267,493,286,275,476,480,526,615,696,500,118,36,59,4,151,18,35,108,31,83,59,99,88,76,89,84,100,90,103,89,1,4,8,2,20,5,12,65,0.17,0,0,40,1,6,0,0,1,0,3,3,0,0,0,0,0,0,0,172,18,390,267,55,18,2,476,480,116,615,583,5,118,36,59,4,151,18,35,71,3,83,59,40,14,2,89,84,61,90,63,3,1,4,8,2,20,5,12,26,8.95,7.2,64.44,Fringe,,429,OB #68,43
557,PR #63,MATTEO NOCERA,,12,0.89,10.65,Prop,Zebre Parma,0,6.44,0.47,-7.4,2.23,1.19,0.32,-3.09,0.35,0,0,0,0,0,4.66,4.73,-0.4,1.15,518,0.02,2,0,69,0,0,2,1,2,14,75,16,0,0,0,0,1,0,0,286,673,133,267,399,412,600,247,323,442,13,182,76,118,36,59,4,23,18,35,23,94,4,12,15,23,86,8,34,30,10,19,1,5,1,1,1,4,2,1,43.17,0,0.17,0,5.75,0,0,0.17,0.08,0.17,1.17,6.25,1.33,0,0,0,0,0.08,0,0,452,618,213,267,493,412,600,339,443,558,22,252,125,118,36,59,4,87,18,35,44,66,13,12,23,23,86,20,59,54,15,32,5,5,1,1,1,16,2,1,26,9.25,11.2,103.6,Squad,Boom/Bust,173,PR #46,77
558,CE #72,CHRISTIE GROBBELAAR,,2,5.31,10.61,Centre,Hollywoodbets Sharks,13.25,-2.64,0,0,0,0,0,0,0,0,0,0,0,0,0,0,0,0,159,0.07,0,0,103,2,3,1,0,5,1,7,8,0,0,0,0,0,0,0,577,483,390,267,334,203,393,338,480,279,478,646,278,118,36,59,4,151,18,35,73,68,53,45,56,42,62,55,60,41,51,80,45,1,3,6,1,17,2,6,79.5,0.04,0,0,51.5,1,1.5,0.5,0,2.5,0.5,3.5,4,0,0,0,0,0,0,0,22,78,390,267,26,18,135,136,480,5,232,538,2,118,36,59,4,151,18,35,6,13,53,45,4,3,29,32,60,2,13,68,1,1,3,6,1,17,2,6,26,6.19,7.2,44.57,Fringe,,593,CE #62,21
559,PR #64,MORNAY SMITH,,9,1.18,10.58,Prop,Vodacom Bulls,3.7,1.54,1.41,0,2.98,0.33,0,0,0,0.2,1.65,-0.34,0,0,-0.89,0,0,0,364,0.03,0,0,20,0,2,1,0,1,5,51,7,0,0,0,0,0,0,0,414,636,390,267,582,412,450,338,480,526,187,317,322,118,36,59,4,151,18,35,57,75,36,12,75,23,38,18,67,55,57,55,29,5,1,1,1,23,2,1,40.44,0,0,0,2.22,0,0.22,0.11,0,0.11,0.56,5.67,0.78,0,0,0,0,0,0,0,486,618,390,267,644,412,510,411,480,591,207,315,374,118,36,59,4,151,18,35,58,66,36,12,83,23,49,36,67,67,81,47,25,5,1,1,1,23,2,1,26,10.01,8.8,88.09,Fringe,Very Consistent,240,PR #61,68
560,HK #56,GEORGE ROBERTS,,1,10.54,10.54,Hooker,Dragons RFC,0,0,0,0,0,0,0,0,0,0,0,0,0,10.54,0,0,0,0,32,0.33,0,0,5,0,3,1,1,0,1,8,0,0,0,0,0,0,0,0,700,11,390,267,672,412,393,338,323,618,478,635,677,118,36,59,4,151,18,35,62,3,39,15,62,30,28,21,36,58,43,58,61,19,1,1,1,9,2,1,32,0.33,0,0,5,0,3,1,1,0,1,8,0,0,0,0,0,0,0,0,591,7,390,267,523,412,23,27,7,618,32,145,677,118,36,59,4,151,18,35,42,3,39,15,52,30,1,2,1,58,3,18,61,19,1,1,1,9,2,1,26,5.67,7.7,43.66,Fringe,,601,HK #40,20
561,PR #65,ANDREW PORTER,,5,2.1,10.51,Prop,Leinster Rugby,0,0,0,5.05,0,0,0,-0.05,0.86,0,0,0,0,4.17,0,0,0.48,0,237,0.04,0,0,32,0,1,0,1,0,4,32,3,0,0,0,0,0,0,0,516,603,390,267,517,412,512,476,323,618,249,445,500,118,36,59,4,151,18,35,85,54,36,12,50,23,56,53,34,79,73,82,71,5,1,1,1,23,2,1,47.4,0.01,0,0,6.4,0,0.2,0,0.2,0,0.8,6.4,0.6,0,0,0,0,0,0,0,399,268,390,267,478,412,515,476,284,618,105,241,457,118,36,59,4,151,18,35,25,14,36,12,20,23,52,53,23,79,56,30,47,5,1,1,1,23,2,1,25,11.52,6.9,79.49,Fringe,Very Consistent,303,PR #82,60
562,HK #57,AKKER VAN DER MERWE,,3,3.5,10.5,Hooker,Vodacom Bulls,0,0,0,0,0,8.71,0.6,0,1.19,0,0,0,0,0,0,0,0,0,108,0.1,1,0,25,0,0,0,0,2,1,5,1,0,0,0,0,0,0,0,623,354,219,267,560,412,600,476,480,442,478,666,617,118,36,59,4,151,18,35,52,57,21,15,49,30,49,32,51,32,43,62,53,19,1,1,1,9,2,1,36,0.03,0.33,0,8.33,0,0,0,0,0.67,0.33,1.67,0.33,0,0,0,0,0,0,0,543,109,87,267,424,412,600,476,480,239,373,686,581,118,36,59,4,151,18,35,34,16,7,15,30,30,49,32,51,9,31,66,51,19,1,1,1,9,2,1,25,4.81,7,33.67,Fringe,Inconsistent,686,HK #59,9
563,PR #66,JOSH WYCHERLEY,,9,1.16,10.45,Prop,Munster Rugby,5.64,0.75,0.72,0,0,0,0,0,0.89,1.92,0,2.21,-2,0,0,0,2.16,-1.84,245,0.04,0,0,20,0,2,0,1,1,6,40,5,1,0,0,0,0,0,0,509,603,390,267,582,412,450,476,323,526,139,381,404,58,36,59,4,151,18,35,83,54,36,12,75,23,38,53,34,55,49,73,47,1,1,1,1,23,2,1,27.22,0,0,0,2.22,0,0.22,0,0.11,0.11,0.67,4.44,0.56,0.11,0,0,0,0,0,0,629,618,390,267,644,412,510,476,404,591,137,443,482,76,36,59,4,151,18,35,103,66,36,12,83,23,49,53,49,67,64,84,59,2,1,1,1,23,2,1,25,9.96,8.8,87.65,Fringe,Average,246,PR #65,67
564,CE #73,KERR YULE,,4,2.61,10.43,Centre,Glasgow Warriors,-0.39,0,0,0,0,0,0,0,2.07,0,6.92,1.83,0,0,0,0,0,0,228,0.05,0,0,70,0,1,0,1,2,1,16,3,0,0,0,0,0,0,0,519,568,390,267,397,412,512,476,323,442,478,573,500,118,36,59,4,151,18,35,63,82,53,45,63,60,77,70,46,61,51,72,67,1,3,6,1,17,2,6,57,0.01,0,0,17.5,0,0.25,0,0.25,0.5,0.25,4,0.75,0,0,0,0,0,0,0,269,268,390,267,254,412,490,476,230,324,449,481,381,118,36,59,4,151,18,35,53,39,53,45,57,60,80,70,35,49,42,61,64,1,3,6,1,17,2,6,25,5.12,6.8,34.82,Fringe,Average,675,CE #79,10
564,PR #67,SIMPHIWE MATANZIMA,,4,2.61,10.43,Prop,Hollywoodbets Sharks,3.48,-0.43,6.29,1.09,0,0,0,0,0,0,0,0,0,0,0,0,0,0,212,0.05,0,0,32,0,3,0,0,0,4,26,1,0,0,0,0,0,0,0,528,568,390,267,517,412,393,476,480,618,249,489,617,118,36,59,4,151,18,35,88,41,36,12,50,23,29,53,67,79,73,93,103,5,1,1,1,23,2,1,53,0.01,0,0,8,0,0.75,0,0,0,1,6.5,0.25,0,0,0,0,0,0,0,320,268,390,267,432,412,294,476,480,618,32,230,624,118,36,59,4,151,18,35,8,14,36,12,13,23,10,53,67,79,20,29,98,5,1,1,1,23,2,1,25,11.89,6.8,80.85,Fringe,Very Consistent,293,PR #78,61
566,CE #74,WILHELM DE KLERK,,2,5.16,10.31,Centre,Ulster Rugby,0,0,0,0,0,0,0,0,0,0,0,0,0,0,0,0,0,10.31,52,0.2,0,0,22,0,2,0,1,0,0,17,2,0,0,0,0,0,0,0,679,60,390,267,572,412,450,476,323,618,615,567,556,118,36,59,4,151,18,35,83,7,53,45,81,60,71,70,46,79,69,69,74,1,3,6,1,17,2,6,26,0.1,0,0,11,0,1,0,0.5,0,0,8.5,1,0,0,0,0,0,0,0,635,29,390,267,361,412,214,476,83,618,615,121,234,118,36,59,4,151,18,35,81,6,53,45,71,60,47,70,12,79,69,12,53,1,3,6,1,17,2,6,25,6.16,7.2,44.35,Fringe,,594,CE #63,21
567,LK #74,CONOR O'TIGHEARNAIGH,,6,1.67,9.99,Lock,Leinster Rugby,0,0,0,0,0,0,0,0,-0.27,0,-0.09,0,1.32,0.83,2.38,5.82,0,0,159,0.06,1,0,26,0,2,1,0,3,1,18,5,0,0,0,0,0,0,0,577,526,219,267,551,412,450,338,480,385,478,557,404,118,36,59,4,151,18,35,79,63,15,15,65,39,41,35,62,51,66,77,45,56,1,1,1,27,4,1,26.5,0.01,0.17,0,4.33,0,0.33,0.17,0,0.5,0.17,3,0.83,0,0,0,0,0,0,0,632,268,213,267,557,412,450,339,480,324,522,583,336,118,36,59,4,151,18,35,86,27,12,15,60,39,34,36,62,30,74,86,34,56,1,1,1,27,4,1,25,6.34,7.3,46.28,Fringe,Average,570,LK #90,24
568,PR #68,ALULUTHO TSHAKWENI,,7,1.39,9.72,Prop,Vodacom Bulls,1.09,-0.35,0,3.29,0,-0.66,0,0,0,0.08,0.89,5.38,0,0,0,0,0,0,274,0.04,0,0,25,0,0,2,1,0,5,34,4,0,0,0,0,0,0,0,486,603,390,267,560,412,600,247,323,618,187,427,459,118,36,59,4,151,18,35,77,54,36,12,65,23,86,8,34,79,57,77,59,5,1,1,1,23,2,1,39.14,0.01,0,0,3.57,0,0,0.29,0.14,0,0.71,4.86,0.57,0,0,0,0,0,0,0,503,268,390,267,583,412,600,243,358,618,130,400,473,118,36,59,4,151,18,35,64,14,36,12,50,23,86,4,40,79,61,69,55,5,1,1,1,23,2,1,25,10.55,7.5,79.13,Fringe,Consistent,305,PR #84,59
569,OB #98,HUGO MCLAUGHLIN,,2,4.83,9.65,Outside Back,Leinster Rugby,0,0,0,0,6.35,0,0,0,0,0,3.3,0,0,0,0,0,0,0,123,0.08,0,1,34,1,1,1,0,2,0,0,1,0,0,0,0,0,0,0,607,442,390,138,507,286,512,338,480,442,615,737,617,118,36,59,4,151,18,35,95,89,83,30,101,88,102,77,84,87,90,114,102,1,4,8,2,20,5,12,61.5,0.04,0,0.5,17,0.5,0.5,0.5,0,1,0,0,0.5,0,0,0,0,0,0,0,209,78,390,20,260,101,359,136,480,116,615,737,499,118,36,59,4,151,18,35,80,21,83,5,96,67,101,47,84,61,90,114,98,1,4,8,2,20,5,12,24,8.14,6.8,55.35,Fringe,,507,OB #87,33
570,LF #115,JAMES MCKILLOP,,1,9.54,9.54,Loose Forward,Ulster Rugby,0,0,0,0,0,0,0,0,0,0,0,0,0,0,0,9.54,0,0,54,0.18,0,0,18,1,1,0,0,1,0,13,1,0,0,0,0,0,0,0,677,94,390,267,593,286,512,476,480,526,615,594,617,118,36,59,4,151,18,35,123,15,77,50,115,61,107,96,104,106,114,117,111,40,1,1,1,40,6,1,54,0.18,0,0,18,1,1,0,0,1,0,13,1,0,0,0,0,0,0,0,310,16,390,267,245,18,214,476,480,116,615,7,234,118,36,59,4,151,18,35,60,2,77,50,55,1,45,96,104,12,114,4,36,40,1,1,1,40,6,1,24,6.6,8.4,55.44,Fringe,,506,LF #76,33
571,PR #69,TADHG FURLONG,,7,1.36,9.49,Prop,Leinster Rugby,0,0,0.9,-0.48,0,0,-0.7,2.55,0,0,0,0,0,2.83,0,0.68,0,3.71,283,0.03,0,0,31,0,3,1,0,2,2,33,6,0,0,0,0,0,0,0,480,636,390,267,529,412,393,338,480,442,405,436,363,118,36,59,4,151,18,35,75,75,36,12,56,23,29,18,67,30,104,79,37,5,1,1,1,23,2,1,40.43,0,0,0,4.43,0,0.43,0.14,0,0.29,0.29,4.71,0.86,0,0,0,0,0,0,0,487,618,390,267,556,412,412,370,480,491,426,411,328,118,36,59,4,151,18,35,59,66,36,12,39,23,26,27,67,25,114,75,20,5,1,1,1,23,2,1,24,10.5,7.5,78.75,Fringe,Very Consistent,309,PR #85,59
572,PR #70,RORY SUTHERLAND,,8,1.19,9.48,Prop,Glasgow Warriors,2.24,-0.65,-0.26,0,0,0,-0.14,0,-1.67,0,0,0,8.57,0,1.09,0,0,0.3,282,0.03,0,0,46,1,2,1,0,5,6,31,1,0,0,0,0,0,0,0,481,636,390,267,469,286,450,338,480,279,139,454,617,118,36,59,4,151,18,35,76,75,36,12,27,7,38,18,67,6,49,83,103,5,1,1,1,23,2,1,35.25,0,0,0,5.75,0.13,0.25,0.13,0,0.63,0.75,3.88,0.13,0,0,0,0,0,0,0,557,618,390,267,493,318,490,391,480,273,118,509,669,118,36,59,4,151,18,35,84,66,36,12,23,10,41,30,67,2,58,101,116,5,1,1,1,23,2,1,24,10.11,8.1,81.89,Fringe,Inconsistent,280,PR #74,63
573,LK #75,DEON SLABBERT,,3,3.16,9.47,Lock,Hollywoodbets Sharks,4.16,3,0,0,0,0,0,0,0,0,0,0,0,0,0,0,0,2.31,212,0.04,0,0,10,0,2,0,0,0,0,19,4,0,0,0,0,0,0,0,528,603,390,267,636,412,450,476,480,618,615,548,459,118,36,59,4,151,18,35,69,81,42,15,77,39,41,60,62,81,83,76,58,56,1,1,1,27,4,1,70.67,0.01,0,0,3.33,0,0.67,0,0,0,0,6.33,1.33,0,0,0,0,0,0,0,107,268,390,267,594,412,315,476,480,618,615,244,125,118,36,59,4,151,18,35,14,27,42,15,70,39,12,60,62,81,83,57,12,56,1,1,1,27,4,1,24,7.97,7.3,58.18,Fringe,Very Consistent,479,LK #78,36
574,CE #75,DAVID HAWKSHAW,,3,3.08,9.23,Centre,Connacht Rugby,0,0,4.14,0,0,0,0,1.33,3.76,0,0,0,0,0,0,0,0,0,126,0.07,0,0,56,1,1,0,1,1,2,11,4,0,0,0,0,0,0,0,603,483,390,267,444,286,512,476,323,526,405,607,459,118,36,59,4,151,18,35,77,68,53,45,71,55,77,70,46,68,36,77,63,1,3,6,1,17,2,6,42,0.02,0,0,18.67,0.33,0.33,0,0.33,0.33,0.67,3.67,1.33,0,0,0,0,0,0,0,468,154,390,267,234,172,450,476,166,451,137,528,125,118,36,59,4,151,18,35,71,20,53,45,52,39,77,70,31,66,4,67,25,1,3,6,1,17,2,6,24,5.55,6.9,38.3,Fringe,Very Consistent,651,CE #76,13
575,LK #76,EBEN ETZEBETH,,2,4.61,9.21,Lock,Hollywoodbets Sharks,0,0,0,6.08,3.13,0,0,0,0,0,0,0,0,0,0,0,0,0,160,0.06,0,0,21,0,1,0,1,3,1,17,2,1,0,0,0,0,0,0,574,526,390,267,579,412,512,476,323,385,478,567,556,58,36,59,4,151,18,35,78,63,42,15,70,39,55,60,40,51,66,79,70,33,1,1,1,27,4,1,80,0.03,0,0,10.5,0,0.5,0,0.5,1.5,0.5,8.5,1,0.5,0,0,0,0,0,0,1,109,390,267,379,412,359,476,83,44,232,121,234,11,36,59,4,151,18,35,1,10,42,15,16,39,18,60,10,3,37,29,23,5,1,1,1,27,4,1,24,8.51,7.6,64.68,Fringe,,424,LK #65,44
576,PR #71,GARETH THOMAS,,7,1.31,9.16,Prop,Ospreys,0,0.1,-1.42,3.51,1.57,0,0,0,0,0,2.21,2.41,0,0,0.78,0,0,0,371,0.02,0,0,26,0,1,0,0,0,5,57,11,0,0,0,0,0,0,0,406,673,390,267,551,412,512,476,480,618,187,269,171,118,36,59,4,151,18,35,54,94,36,12,60,23,56,53,67,79,57,38,9,5,1,1,1,23,2,1,53,0,0,0,3.71,0,0.14,0,0,0,0.71,8.14,1.57,0,0,0,0,0,0,0,320,618,390,267,578,412,545,476,480,618,130,139,67,118,36,59,4,151,18,35,8,66,36,12,46,23,62,53,67,79,61,11,3,5,1,1,1,23,2,1,23,10.41,7.5,78.08,Fringe,Very Consistent,314,PR #87,58
577,LF #116,EVAN MINTO,,2,4.57,9.14,Loose Forward,Dragons RFC,0,0,0,0,0,0,0,0,0,0,0,9.14,0,0,0,0,0,0,76,0.12,0,1,46,0,2,0,0,2,1,8,2,0,0,0,0,0,0,0,653,258,390,138,469,412,450,476,480,442,478,635,556,118,36,59,4,151,18,35,119,59,77,23,101,92,102,96,104,95,90,122,99,40,1,1,1,40,6,1,38,0.06,0,0.5,23,0,1,0,0,1,0.5,4,1,0,0,0,0,0,0,0,526,53,390,20,180,412,214,476,480,116,232,481,234,118,36,59,4,151,18,35,101,5,77,1,33,92,45,96,104,12,50,115,36,40,1,1,1,40,6,1,23,6.04,7.9,47.72,Fringe,,560,LF #90,26
578,HK #58,JUANN ELSE,,5,1.82,9.08,Hooker,Vodacom Bulls,9.45,0.66,-0.07,0,-0.09,-0.87,0,0,0,0,0,0,0,0,0,0,0,0,55,0.17,1,0,9,0,0,0,0,1,1,11,3,1,0,0,0,0,0,0,676,121,219,267,645,412,600,476,480,526,478,607,500,58,36,59,4,151,18,35,55,24,21,15,56,30,49,32,51,44,43,56,43,6,1,1,1,9,2,1,11,0.03,0.2,0,1.8,0,0,0,0,0.2,0.2,2.2,0.6,0.2,0,0,0,0,0,0,723,109,182,267,660,412,600,476,480,540,486,647,457,49,36,59,4,151,18,35,66,16,20,15,60,30,49,32,51,42,43,65,30,3,1,1,1,9,2,1,23,3.81,6.9,26.29,Fringe,Boom/Bust,722,HK #68,4
579,LK #77,MATTIA MIDENA,,3,2.96,8.87,Lock,Benetton Rugby,0,0,0,0,0,0,0,0,0,0,0,0,0,1.33,0,0,4.42,3.12,94,0.09,0,0,1,1,2,0,0,0,0,9,0,0,0,0,0,0,0,0,635,399,390,267,702,286,450,476,480,618,615,626,677,118,36,59,4,151,18,35,81,30,42,15,88,14,41,60,62,81,83,82,83,56,1,1,1,27,4,1,31.33,0.03,0,0,0.33,0.33,0.67,0,0,0,0,3,0,0,0,0,0,0,0,0,598,109,390,267,706,172,315,476,480,618,615,583,677,118,36,59,4,151,18,35,79,10,42,15,89,3,12,60,62,81,83,86,83,56,1,1,1,27,4,1,23,7.88,7.3,57.52,Fringe,Very Consistent,485,LK #82,35
580,PR #72,MICHAEL ALA'ALATOA,,9,0.95,8.54,Prop,Munster Rugby,0,0,0,0,0,0,0,0,0,1.23,-0.28,2.12,-1.68,-0.43,0.74,0.09,-0.09,6.84,477,0.02,0,1,32,0,0,0,0,0,16,73,9,0,0,0,0,0,0,0,317,673,390,138,517,412,600,476,480,618,2,192,236,118,36,59,4,151,18,35,30,94,36,7,50,23,86,53,67,79,2,21,19,5,1,1,1,23,2,1,53,0,0,0.11,3.56,0,0,0,0,0,1.78,8.11,1,0,0,0,0,0,0,0,320,618,390,186,584,412,600,476,480,618,4,141,234,118,36,59,4,151,18,35,8,66,36,9,51,23,86,53,67,79,3,12,10,5,1,1,1,23,2,1,23,9.48,8.8,83.42,Fringe,Average,273,PR #72,64
581,PR #73,MARCOS GALLORINI,,10,0.85,8.52,Prop,Benetton Rugby,0,0,0,0,2.19,0.34,0,0,0,2.38,0.1,0,2.3,0.42,-0.97,1.97,0.89,-1.1,333,0.03,0,0,13,0,0,0,1,0,9,59,7,0,0,0,0,0,0,0,447,636,390,267,620,412,600,476,323,618,60,263,322,118,36,59,4,151,18,35,66,75,36,12,91,23,86,53,34,79,29,36,29,5,1,1,1,23,2,1,33.3,0,0,0,1.3,0,0,0,0.1,0,0.9,5.9,0.7,0,0,0,0,0,0,0,576,618,390,267,678,412,600,476,418,618,81,290,414,118,36,59,4,151,18,35,89,66,36,12,103,23,86,53,52,79,44,41,36,5,1,1,1,23,2,1,23,9.15,9.6,87.84,Fringe,Consistent,242,PR #63,68
582,SH #48,MIGAEL PRINSLOO,,6,1.4,8.38,Scrum Half,Zebre Parma,0,0,0,0,2.16,0,0,0,4.83,0,0,0,0,0,0,0,0.83,0.56,112,0.07,0,0,29,1,3,0,0,1,0,6,2,0,0,0,0,0,0,0,620,483,390,267,539,286,393,476,480,526,615,655,556,118,36,59,4,151,18,35,53,39,43,46,50,24,33,46,33,51,45,54,50,1,3,7,2,11,2,10,18.67,0.01,0,0,4.83,0.17,0.5,0,0,0.17,0,1,0.33,0,0,0,0,0,0,0,687,268,390,267,537,273,359,476,480,558,615,707,581,118,36,59,4,151,18,35,54,22,43,46,48,22,26,46,33,52,45,55,49,1,3,7,2,11,2,10,23,2.8,7.6,21.28,Fringe,Consistent,743,SH #59,1
583,LF #117,OISIN MCCORMACK,,2,4.18,8.35,Loose Forward,Connacht Rugby,0,0,0,0,0,0,0,0,0,0,6.86,0,0,1.49,0,0,0,0,36,0.23,1,0,17,0,0,0,0,0,0,5,0,0,0,0,0,0,0,0,694,35,219,267,597,412,600,476,480,618,615,666,677,118,36,59,4,151,18,35,126,5,44,50,118,92,117,96,104,119,114,125,124,40,1,1,1,40,6,1,18,0.12,0.5,0,8.5,0,0,0,0,0,0,2.5,0,0,0,0,0,0,0,0,691,25,38,267,419,412,600,476,480,618,615,624,677,118,36,59,4,151,18,35,125,3,7,50,100,92,117,96,104,119,114,124,124,40,1,1,1,40,6,1,23,5.98,7.9,47.24,Fringe,,562,LF #91,25
584,PR #74,ION NECULAI,,9,0.92,8.29,Prop,Zebre Parma,-0.34,0.9,0,0.8,0,0,0,0,0,0,0,0,1.03,1.19,-1.1,2.4,-0.47,3.88,224,0.04,0,0,33,0,0,1,2,2,5,28,3,0,0,0,0,0,0,0,522,603,390,267,511,412,600,338,209,442,187,475,500,118,36,59,4,151,18,35,86,54,36,12,45,23,86,18,12,30,57,88,71,5,1,1,1,23,2,1,24.89,0,0,0,3.67,0,0,0.11,0.22,0.22,0.56,3.11,0.33,0,0,0,0,0,0,0,647,618,390,267,580,412,600,411,270,534,207,579,581,118,36,59,4,151,18,35,110,66,36,12,47,23,86,36,20,41,81,116,86,5,1,1,1,23,2,1,22,9.41,8.8,82.81,Fringe,Consistent,278,PR #73,63
585,PR #75,SEBASTIAN LOMBARD,,6,1.37,8.23,Prop,Vodacom Bulls,0,1.33,0,0,0,0,0,0,0,0,0,0,0,0.33,0.32,0.33,0.57,5.35,150,0.05,0,0,4,0,1,0,0,0,1,26,1,0,0,0,0,0,0,0,586,568,390,267,682,412,512,476,480,618,478,489,617,118,36,59,4,151,18,35,100,41,36,12,113,23,56,53,67,79,115,93,103,5,1,1,1,23,2,1,25,0.01,0,0,0.67,0,0.17,0,0,0,0.17,4.33,0.17,0,0,0,0,0,0,0,645,268,390,267,693,412,530,476,480,618,522,454,661,118,36,59,4,151,18,35,109,14,36,12,113,23,57,53,67,79,125,89,114,5,1,1,1,23,2,1,22,10.55,7.1,74.91,Fringe,Very Consistent,329,PR #92,56
586,PR #76,MUHAMED HASA,,13,0.62,8.05,Prop,Zebre Parma,-0.51,2.27,-0.34,-0.84,-0.33,-0.51,-0.46,2.85,0,1.98,0,0,0,1.48,0.39,1.02,0,1.05,706,0.01,0,0,86,0,3,0,0,5,16,80,13,0,0,0,0,0,0,0,166,698,390,267,368,412,393,476,480,279,2,158,133,118,36,59,4,151,18,35,6,109,36,12,10,23,29,53,67,6,2,16,4,5,1,1,1,23,2,1,54.31,0,0,0,6.62,0,0.23,0,0,0.38,1.23,6.15,1,0,0,0,0,0,0,0,304,618,390,267,474,412,506,476,480,423,18,263,234,118,36,59,4,151,18,35,7,66,36,12,17,23,48,53,67,13,13,34,10,5,1,1,1,23,2,1,22,8.58,12,102.96,Squad,Average,179,PR #48,76
587,CE #76,MALAKAI FEKITOA,,11,0.73,8.03,Centre,Benetton Rugby,-2.29,2.29,1.12,-4.1,0,0,-0.57,2.54,5.73,0,0,-8.24,-2.08,0,2.6,11.03,0,0,662,0.01,1,1,167,0,7,11,0,6,5,51,18,0,0,0,0,4,0,0,193,698,219,138,232,412,248,23,480,231,187,317,53,118,36,59,4,1,18,35,34,90,32,23,44,60,48,6,60,36,10,38,13,1,3,6,1,1,2,6,60.18,0,0.09,0.09,15.18,0,0.64,1,0,0.55,0.45,4.64,1.64,0,0,0,0,0.36,0,0,228,618,311,212,291,412,328,27,480,311,282,421,59,118,36,59,4,2,18,35,50,87,47,39,63,60,64,8,60,46,18,50,10,1,3,6,1,1,2,6,22,1.85,10.4,19.24,Fringe,Boom/Bust,745,CE #90,1
588,CE #77,TOMAS MEDINA,,2,4,7.99,Centre,Benetton Rugby,0,0,0,0,0,0,0,0,0,0,0,0,0,6.42,0,0,0,1.57,138,0.06,0,0,23,0,5,1,0,0,4,18,3,0,0,0,0,0,0,0,594,526,390,267,567,412,308,338,480,618,249,557,500,118,36,59,4,151,18,35,76,74,53,45,80,60,53,55,60,79,15,67,67,1,3,6,1,17,2,6,69,0.03,0,0,11.5,0,2.5,0.5,0,0,2,9,1.5,0,0,0,0,0,0,0,125,109,390,267,353,412,38,136,480,618,1,92,74,118,36,59,4,151,18,35,28,14,53,45,69,60,8,32,60,79,1,5,12,1,3,6,1,17,2,6,22,5.97,7.2,42.98,Fringe,,606,CE #65,19
589,PR #77,JOHN RYAN,,10,0.8,7.98,Prop,Munster Rugby,0,0,0.32,3.19,2.73,0.22,0,1.73,0,0,-0.34,0.66,-1.42,-0.67,0,0,0,1.56,392,0.02,0,0,15,0,1,0,0,2,8,56,4,0,0,0,0,0,0,0,387,673,390,267,609,412,512,476,480,442,77,275,459,118,36,59,4,151,18,35,49,94,36,12,87,23,56,53,67,30,33,41,59,5,1,1,1,23,2,1,39.2,0,0,0,1.5,0,0.1,0,0,0.2,0.8,5.6,0.4,0,0,0,0,0,0,0,502,618,390,267,669,412,571,476,480,540,105,325,564,118,36,59,4,151,18,35,63,66,36,12,98,23,73,53,67,44,56,51,79,5,1,1,1,23,2,1,22,9.02,9.6,86.59,Fringe,Consistent,253,PR #66,66
589,OB #99,IOAN JONES,,6,1.33,7.98,Outside Back,Scarlets,0,0,0,0,0,0,0,0,0,0,0,4.8,0.33,0.83,0,2.98,0,-0.96,149,0.05,0,0,75,0,2,0,0,2,0,6,2,0,0,0,0,0,0,0,587,568,390,267,388,412,450,476,480,442,615,655,556,118,36,59,4,151,18,35,94,105,83,59,92,99,97,89,84,87,90,90,96,1,4,8,2,20,5,12,24.83,0.01,0,0,12.5,0,0.33,0,0,0.33,0,1,0.33,0,0,0,0,0,0,0,648,268,390,267,336,412,450,476,480,451,615,707,581,118,36,59,4,151,18,35,112,60,83,59,106,99,106,89,84,103,90,105,105,1,4,8,2,20,5,12,22,5.06,6.9,34.91,Fringe,Boom/Bust,673,OB #114,11
591,PR #78,ALEC HEPBURN,,8,0.98,7.85,Prop,Scarlets,-0.32,0,3.32,-1.82,-0.01,0,0.99,1.29,0,0,2.61,1.79,0,0,0,0,0,0,379,0.02,0,0,25,0,2,1,0,2,5,45,10,1,0,0,0,0,0,0,400,673,390,267,560,412,450,338,480,442,187,351,204,58,36,59,4,151,18,35,53,94,36,12,65,23,38,18,67,30,57,62,13,1,1,1,1,23,2,1,47.38,0,0,0,3.13,0,0.25,0.13,0,0.25,0.63,5.63,1.25,0.13,0,0,0,0,0,0,400,618,390,267,607,412,490,391,480,513,169,322,161,70,36,59,4,151,18,35,26,66,36,12,64,23,41,30,67,32,72,49,6,1,1,1,1,23,2,1,21,9.67,8.1,78.33,Fringe,Consistent,312,PR #86,59
592,LK #78,CALLUM HUNTER-HILL,,12,0.65,7.83,Lock,Edinburgh Rugby,0,0,0,0,2.33,4.24,-6.35,1.65,6.02,-0.34,-2.67,1.44,0.91,0,0,-0.18,0.82,-0.04,376,0.02,0,0,23,0,0,1,0,1,4,71,10,1,0,0,0,2,0,0,402,673,390,267,567,412,600,338,480,526,249,201,204,58,36,59,4,7,18,35,55,89,42,15,67,39,69,35,62,67,38,42,20,33,1,1,1,2,4,1,31.33,0,0,0,1.92,0,0,0.08,0,0.08,0.33,5.92,0.83,0.08,0,0,0,0.17,0,0,598,618,390,267,656,412,600,438,480,608,373,284,336,93,36,59,4,24,18,35,79,78,42,15,84,39,69,49,62,78,57,68,34,46,1,1,1,3,4,1,21,3.76,11.3,42.49,Fringe,Boom/Bust,611,LK #92,19
593,PR #79,MURPHY WALKER,,6,1.3,7.81,Prop,Glasgow Warriors,0,0,0.42,2.88,-0.99,0,0,0,0,-0.43,1.64,4.29,0,0,0,0,0,0,263,0.03,0,0,12,0,2,1,0,1,7,42,3,0,0,0,0,0,0,0,496,636,390,267,627,412,450,338,480,526,104,371,500,118,36,59,4,151,18,35,80,75,36,12,95,23,38,18,67,55,40,69,71,5,1,1,1,23,2,1,43.83,0.01,0,0,2,0,0.33,0.17,0,0.17,1.17,7,0.5,0,0,0,0,0,0,0,448,268,390,267,648,412,450,339,480,558,22,196,499,118,36,59,4,151,18,35,41,14,36,12,86,23,31,20,67,54,15,22,63,5,1,1,1,23,2,1,21,10.44,7.1,74.12,Fringe,Consistent,339,PR #98,55
594,LF #118,JANNES POTGIETER,,3,2.54,7.61,Loose Forward,Hollywoodbets Sharks,0,0,0,0,0,0,0,0,0,0,0,0.83,1.32,5.46,0,0,0,0,62,0.12,0,0,19,0,3,0,0,0,0,7,0,0,0,0,0,0,0,0,669,258,390,267,592,412,393,476,480,618,615,646,677,118,36,59,4,151,18,35,122,59,77,50,114,92,95,96,104,119,114,123,124,40,1,1,1,40,6,1,20.67,0.04,0,0,6.33,0,1,0,0,0,0,2.33,0,0,0,0,0,0,0,0,679,78,390,267,480,412,214,476,480,618,615,638,677,118,36,59,4,151,18,35,124,11,77,50,109,92,45,96,104,119,114,125,124,40,1,1,1,40,6,1,21,5.39,7.6,40.96,Fringe,Average,627,LF #109,17
595,FH #40,GEORGE WHITEHEAD,,2,3.75,7.49,Fly Half,Hollywoodbets Sharks,0,0,0,0,0,4.24,3.25,0,0,0,0,0,0,0,0,0,0,0,83,0.09,0,0,26,0,0,0,0,1,0,8,5,0,0,2,0,0,0,1,643,399,390,267,551,412,600,476,480,526,615,635,404,118,36,44,4,151,18,12,39,34,24,32,37,34,40,37,26,42,36,39,37,2,29,34,2,11,2,5,41.5,0.05,0,0,13,0,0,0,0,0.5,0,4,2.5,0,0,1,0,0,0,0.5,476,64,390,267,327,412,600,476,480,324,615,481,11,118,36,25,4,151,18,2,32,6,24,32,30,34,40,37,26,37,36,29,1,2,29,19,2,11,2,1,21,6.6,8,52.8,Fringe,,524,FH #39,30
596,PR #80,SAM O'CONNOR,,6,1.23,7.39,Prop,Scarlets,-0.39,0,3.36,-0.13,0,0.67,0,0,0,0,0,0,0,1.09,0,0,0,2.79,131,0.06,0,0,33,0,3,0,0,0,3,18,3,0,0,0,0,0,0,0,597,526,390,267,511,412,393,476,480,618,323,557,500,118,36,59,4,151,18,35,105,28,36,12,45,23,29,53,67,79,88,104,71,5,1,1,1,23,2,1,21.83,0.01,0,0,5.5,0,0.5,0,0,0,0.5,3,0.5,0,0,0,0,0,0,0,671,268,390,267,504,412,359,476,480,618,232,583,499,118,36,59,4,151,18,35,115,14,36,12,28,23,18,53,67,79,86,117,63,5,1,1,1,23,2,1,21,10.33,7.1,73.34,Fringe,Very Consistent,345,PR #101,54
597,LK #79,DYLAN SJOBLOM,,2,3.68,7.35,Lock,Lions,4.43,0,0,0,0,0,2.92,0,0,0,0,0,0,0,0,0,0,0,123,0.06,0,0,9,0,1,0,0,0,0,15,2,0,0,0,0,0,0,0,607,526,390,267,645,412,512,476,480,618,615,580,556,118,36,59,4,151,18,35,80,63,42,15,79,39,55,60,62,81,83,80,70,56,1,1,1,27,4,1,61.5,0.03,0,0,4.5,0,0.5,0,0,0,0,7.5,1,0,0,0,0,0,0,0,209,109,390,267,550,412,359,476,480,618,615,170,234,118,36,59,4,151,18,35,30,10,42,15,59,39,18,60,62,81,83,44,23,56,1,1,1,27,4,1,21,8.25,7.6,62.7,Fringe,,442,LK #72,41
598,HK #59,SCARRA NTUBENI,,1,7.33,7.33,Hooker,DHL Stormers,0,0,0,0,0,0,0,0,0,0,0,0,0,0,7.33,0,0,0,33,0.22,0,1,1,0,0,2,0,0,0,6,3,0,0,0,0,0,0,0,698,42,390,138,702,412,600,247,480,618,615,655,500,118,36,59,4,151,18,35,60,13,39,2,65,30,49,11,51,58,57,61,43,19,1,1,1,9,2,1,33,0.22,0,1,1,0,0,2,0,0,0,6,3,0,0,0,0,0,0,0,577,10,390,2,687,412,600,4,480,618,615,268,5,118,36,59,4,151,18,35,40,4,39,1,64,30,49,1,51,58,57,34,1,19,1,1,1,9,2,1,20,5.41,7.7,41.66,Fringe,,623,HK #43,17
598,LF #119,TRISTAN DAVIES,,6,1.22,7.33,Loose Forward,Scarlets,5.07,0,0.86,0,0,0,0,0,0,0,0,0,0,1.4,0,0,0,0,88,0.08,0,0,3,0,4,0,0,0,1,11,0,0,0,0,0,0,0,0,640,442,390,267,690,412,349,476,480,618,478,607,677,118,36,59,4,151,18,35,117,107,77,50,127,92,86,96,104,119,90,118,124,40,1,1,1,40,6,1,14.67,0.01,0,0,0.5,0,0.67,0,0,0,0.17,1.83,0,0,0,0,0,0,0,0,706,268,390,267,699,412,315,476,480,618,522,675,677,118,36,59,4,151,18,35,128,56,77,50,127,92,76,96,104,119,101,129,124,40,1,1,1,40,6,1,20,3.78,7.5,28.35,Fringe,Consistent,714,LF #130,5
600,PR #81,EDDIE DAVIDS,,10,0.73,7.29,Prop,Lions,0,0,0,0,0,0,-1,0,1.24,0,0,1.64,1.65,0.99,1.98,0.97,-1.42,1.24,248,0.03,0,0,4,0,0,1,1,1,3,33,4,0,0,0,0,0,0,0,504,636,390,267,682,412,600,338,323,526,323,436,459,118,36,59,4,151,18,35,81,75,36,12,113,23,86,18,34,55,88,79,59,5,1,1,1,23,2,1,24.8,0,0,0,0.4,0,0,0.1,0.1,0.1,0.3,3.3,0.4,0,0,0,0,0,0,0,650,618,390,267,704,412,600,422,418,598,416,562,564,118,36,59,4,151,18,35,111,66,36,12,121,23,86,40,52,70,112,114,79,5,1,1,1,23,2,1,20,8.85,9.6,84.96,Fringe,Very Consistent,264,PR #70,65
601,OB #100,CIARAN MANGAN,,1,7.28,7.28,Outside Back,Leinster Rugby,0,0,0,0,0,0,0,0,0,0,7.28,0,0,0,0,0,0,0,80,0.09,0,0,13,0,2,2,0,0,0,6,0,0,0,0,0,0,0,0,647,399,390,267,620,412,450,247,480,618,615,655,677,118,36,59,4,151,18,35,103,82,83,59,108,99,97,61,84,108,90,90,109,1,4,8,2,20,5,12,80,0.09,0,0,13,0,2,2,0,0,0,6,0,0,0,0,0,0,0,0,1,34,390,267,327,412,66,4,480,618,615,268,677,118,36,59,4,151,18,35,1,8,83,59,105,99,38,2,84,108,90,4,109,1,4,8,2,20,5,12,20,8.66,7.2,62.35,Fringe,,445,OB #72,41
602,PR #82,CONRAAD VAN VUUREN,,8,0.9,7.23,Prop,Lions,0,0,7.32,0,10.02,6.68,0,0,-2.66,3.54,-1.24,-16.43,0,0,0,0,0,0,170,0.04,2,0,30,2,4,1,0,1,8,31,4,0,0,0,0,0,1,0,562,603,133,267,533,203,349,338,480,526,77,454,459,118,36,59,4,151,1,35,97,54,4,12,57,3,19,18,67,55,33,83,59,5,1,1,1,23,1,1,21.25,0.01,0.25,0,3.75,0.25,0.5,0.13,0,0.13,1,3.88,0.5,0,0,0,0,0,0.13,0,675,268,150,267,576,210,359,391,480,585,32,509,499,118,36,59,4,151,2,35,119,14,4,12,45,5,18,30,67,63,20,101,63,5,1,1,1,23,1,1,20,9.51,8.1,77.03,Fringe,Boom/Bust,321,PR #88,57
603,PR #83,COREY DOMACHOWSKI,,4,1.8,7.2,Prop,Cardiff Rugby,0,0,0,5.5,1.06,0,0,0,0,-0.68,0,0,0,1.32,0,0,0,0,119,0.06,0,1,10,0,0,0,0,0,2,15,1,0,0,0,0,0,0,0,612,526,390,138,636,412,600,476,480,618,405,580,617,118,36,59,4,151,18,35,110,28,36,7,100,23,86,53,67,79,104,109,103,5,1,1,1,23,2,1,29.75,0.02,0,0.25,2.5,0,0,0,0,0,0.5,3.75,0.25,0,0,0,0,0,0,0,614,154,390,65,630,412,600,476,480,618,232,519,624,118,36,59,4,151,18,35,99,10,36,2,75,23,86,53,67,79,86,105,98,5,1,1,1,23,2,1,20,11.05,6.8,75.14,Fringe,Very Consistent,328,PR #91,56
604,LK #80,STEVEN CUMMINS,,1,7.12,7.12,Lock,Dragons RFC,0,0,7.12,0,0,0,0,0,0,0,0,0,0,0,0,0,0,0,51,0.14,0,0,6,1,1,1,0,0,1,4,0,0,0,0,0,0,0,0,680,190,390,267,667,286,512,338,480,618,478,682,677,118,36,59,4,151,18,35,86,8,42,15,83,14,55,35,62,81,66,88,83,56,1,1,1,27,4,1,51,0.14,0,0,6,1,1,1,0,0,1,4,0,0,0,0,0,0,0,0,343,22,390,267,487,18,214,27,480,618,32,481,677,118,36,59,4,151,18,35,49,4,42,15,39,1,6,3,62,81,4,84,83,56,1,1,1,27,4,1,20,8.78,8.1,71.12,Fringe,,364,LK #52,52
605,HK #60,JOHN ANDREW,,3,2.37,7.11,Hooker,Ulster Rugby,0,0,0,0,0,0,0.63,0,0,0,0,0,0,0,0,6.48,0,0,31,0.23,1,0,10,0,0,0,0,0,0,2,1,0,0,0,0,0,0,0,701,35,219,267,636,412,600,476,480,618,615,712,617,118,36,59,4,151,18,35,63,10,21,15,55,30,49,32,51,58,57,68,53,19,1,1,1,9,2,1,10.33,0.08,0.33,0,3.33,0,0,0,0,0,0,0.67,0.33,0,0,0,0,0,0,0,727,39,87,267,594,412,600,476,480,618,615,731,581,118,36,59,4,151,18,35,67,9,7,15,57,30,49,32,51,58,57,68,51,19,1,1,1,9,2,1,20,4.52,7,31.64,Fringe,,697,HK #60,7
606,PR #84,JOSH MORSE,,6,1.18,7.09,Prop,Scarlets,0,0,0,0,0,0,0,0,0,1.59,0.66,0,0,0,0.23,0.19,1.5,2.92,146,0.05,0,0,21,0,2,1,0,1,4,28,3,0,0,0,0,0,0,0,589,568,390,267,579,412,450,338,480,526,249,475,500,118,36,59,4,151,18,35,102,41,36,12,73,23,38,18,67,55,73,88,71,5,1,1,1,23,2,1,24.33,0.01,0,0,3.5,0,0.33,0.17,0,0.17,0.67,4.67,0.5,0,0,0,0,0,0,0,658,268,390,267,586,412,450,339,480,558,137,414,499,118,36,59,4,151,18,35,112,14,36,12,52,23,31,20,67,54,64,77,63,5,1,1,1,23,2,1,19,10.25,7.1,72.78,Fringe,Very Consistent,349,PR #102,54
607,OB #101,CALLUM WOOLLEY,,1,7.08,7.08,Outside Back,Scarlets,0,0,0,0,0,0,0,0,0,0,0,0,0,0,0,7.08,0,0,53,0.13,1,0,5,1,0,0,0,1,0,1,1,0,0,0,0,0,0,0,678,221,219,267,672,286,600,476,480,526,615,725,617,118,36,59,4,151,18,35,110,54,58,59,113,88,109,89,84,100,90,111,102,1,4,8,2,20,5,12,53,0.13,1,0,5,1,0,0,0,1,0,1,1,0,0,0,0,0,0,0,320,24,2,267,523,18,600,476,480,116,615,707,234,118,36,59,4,151,18,35,93,4,2,59,111,14,109,89,84,61,90,105,57,1,4,8,2,20,5,12,19,8.65,7.2,62.28,Fringe,,447,OB #73,41
608,LF #120,DAVIDE RUGGERI,,10,0.67,6.74,Loose Forward,Zebre Parma,4.43,6,3,-2.69,0,-5.28,0,-1.45,-6.87,0.99,7.25,0,1.36,0,0,0,0,0,469,0.01,0,0,95,0,4,2,1,6,6,58,10,0,0,0,0,2,0,0,325,698,390,267,355,412,349,247,323,231,139,266,204,118,36,59,4,7,18,35,69,129,77,50,85,92,86,53,86,43,38,78,39,40,1,1,1,3,6,1,46.9,0,0,0,9.5,0,0.4,0.2,0.1,0.6,0.6,5.8,1,0,0,0,0,0.2,0,0,407,618,390,267,396,412,426,303,418,281,178,302,234,118,36,59,4,13,18,35,83,124,77,50,95,92,98,60,98,54,38,96,36,40,1,1,1,4,6,1,19,1.81,9.8,17.74,Fringe,Boom/Bust,748,LF #131,1
609,CE #78,RORY JENNINGS,,6,1.1,6.59,Centre,Cardiff Rugby,0,2.31,0,0,0,0,0,0,0,0,0,0,0,-0.42,3.43,2.75,0.75,-2.23,362,0.02,0,0,36,0,3,0,0,1,0,28,11,0,0,0,0,0,0,0,418,673,390,267,500,412,393,476,480,526,615,475,171,118,36,59,4,151,18,35,54,87,53,45,77,60,62,70,60,68,69,58,33,1,3,6,1,17,2,6,60.33,0,0,0,6,0,0.5,0,0,0.17,0,4.67,1.83,0,0,0,0,0,0,0,225,618,390,267,487,412,359,476,480,558,615,414,38,118,36,59,4,151,18,35,48,87,53,45,81,60,70,70,60,75,69,49,8,1,3,6,1,17,2,6,19,3.73,7.1,26.48,Fringe,Boom/Bust,719,CE #87,4
610,LF #121,LUKE CROSBIE,,2,3.29,6.58,Loose Forward,Edinburgh Rugby,2.6,0,0,0,3.98,0,0,0,0,0,0,0,0,0,0,0,0,0,99,0.07,0,0,20,0,0,0,1,1,1,16,2,0,0,0,0,0,0,0,630,483,390,267,582,412,600,476,323,526,478,573,556,118,36,59,4,151,18,35,115,116,77,50,113,92,117,96,86,106,90,116,99,40,1,1,1,40,6,1,49.5,0.04,0,0,10,0,0,0,0.5,0.5,0.5,8,1,0,0,0,0,0,0,0,365,78,390,267,389,412,600,476,83,324,232,145,234,118,36,59,4,151,18,35,73,11,77,50,94,92,117,96,36,66,50,67,36,40,1,1,1,40,6,1,19,5.83,7.9,46.06,Fringe,,574,LF #93,24
611,PR #85,JORDAN MORRIS,,5,1.31,6.54,Prop,Dragons RFC,0,0,0,0,0,0,0,0,0,0.1,6.28,0.52,-0.35,-0.01,0,0,0,0,171,0.04,0,0,7,0,1,0,1,1,3,23,1,0,0,0,0,0,0,0,561,603,390,267,660,412,512,476,323,526,323,509,617,118,36,59,4,151,18,35,96,54,36,12,107,23,56,53,34,55,88,98,103,5,1,1,1,23,2,1,34.2,0.01,0,0,1.4,0,0.2,0,0.2,0.2,0.6,4.6,0.2,0,0,0,0,0,0,0,566,268,390,267,672,412,515,476,284,540,178,428,648,118,36,59,4,151,18,35,87,14,36,12,100,23,52,53,23,44,75,81,108,5,1,1,1,23,2,1,19,10.5,6.9,72.45,Fringe,Average,353,PR #104,53
612,PR #86,TIZIANO PASQUALI,,12,0.54,6.53,Prop,Benetton Rugby,0.24,0,0,2.31,0,0,0.66,-0.67,0,2.41,0.75,-0.76,0,-0.15,0.23,1,0.65,-0.14,396,0.02,0,0,8,0,1,0,0,0,10,56,5,0,0,0,0,0,0,0,381,673,390,267,650,412,512,476,480,618,41,275,404,118,36,59,4,151,18,35,47,94,36,12,103,23,56,53,67,79,22,41,47,5,1,1,1,23,2,1,33,0,0,0,0.67,0,0.08,0,0,0,0.83,4.67,0.42,0,0,0,0,0,0,0,577,618,390,267,693,412,585,476,480,618,96,414,563,118,36,59,4,151,18,35,90,66,36,12,113,23,80,53,67,79,51,77,78,5,1,1,1,23,2,1,19,8.38,11.2,93.86,Squad,Consistent,216,PR #55,71
612,LF #122,KEKETSO MORABE,,3,2.18,6.53,Loose Forward,DHL Stormers,0,0,0,0,0,0,0,0,0,0,0,0,0,0,0,4.86,1.38,0.29,66,0.1,1,0,28,0,0,0,0,1,0,6,3,0,0,0,0,0,0,0,664,354,219,267,541,412,600,476,480,526,615,655,500,118,36,59,4,151,18,35,121,91,44,50,108,92,117,96,104,106,114,124,90,40,1,1,1,40,6,1,22,0.03,0.33,0,9.33,0,0,0,0,0.33,0,2,1,0,0,0,0,0,0,0,670,109,87,267,399,412,600,476,480,451,615,655,234,118,36,59,4,151,18,35,123,22,17,50,96,92,117,96,104,96,114,126,36,40,1,1,1,40,6,1,19,5.3,7.6,40.28,Fringe,Average,637,LF #112,15
614,PR #87,IVAN NEMER,,5,1.3,6.51,Prop,Benetton Rugby,0,0,0,0,0,0,0,0,0,0,0,0,0,0,0.9,2.36,2.32,0.93,128,0.05,0,0,10,0,0,0,1,2,1,22,1,0,0,0,0,0,0,0,600,568,390,267,636,412,600,476,323,442,478,517,617,118,36,59,4,151,18,35,107,41,36,12,100,23,86,53,34,30,115,99,103,5,1,1,1,23,2,1,25.6,0.01,0,0,2,0,0,0,0.2,0.4,0.2,4.4,0.2,0,0,0,0,0,0,0,639,268,390,267,648,412,600,476,284,406,486,449,648,118,36,59,4,151,18,35,107,14,36,12,86,23,86,53,23,11,120,88,108,5,1,1,1,23,2,1,18,10.49,6.9,72.38,Fringe,Very Consistent,354,PR #105,53
615,CE #79,SULEIMAN HARTZENBERG,,4,1.6,6.41,Centre,DHL Stormers,0,0,0,0,0,0,-0.34,0,2.51,0.6,0,0,0,0,0,0,0,3.64,241,0.03,0,0,77,0,3,0,0,5,1,12,3,0,0,0,0,0,0,0,512,636,390,267,384,412,393,476,480,279,478,602,500,118,36,59,4,151,18,35,61,84,53,45,61,60,62,70,60,41,51,76,67,1,3,6,1,17,2,6,60.25,0.01,0,0,19.25,0,0.75,0,0,1.25,0.25,3,0.75,0,0,0,0,0,0,0,226,268,390,267,230,412,294,476,480,78,449,583,381,118,36,59,4,151,18,35,49,39,53,45,51,60,59,70,60,10,42,75,64,1,3,6,1,17,2,6,18,4.78,6.8,32.5,Fringe,Average,692,CE #82,8
615,HK #61,JAMES BENJAMIN,,1,6.41,6.41,Hooker,Dragons RFC,0,0,6.41,0,0,0,0,0,0,0,0,0,0,0,0,0,0,0,30,0.21,0,0,0,0,0,0,1,0,0,7,0,0,0,0,0,0,0,0,704,49,390,267,713,412,600,476,323,618,615,646,677,118,36,59,4,151,18,35,64,15,39,15,66,30,49,32,36,58,57,59,61,19,1,1,1,9,2,1,30,0.21,0,0,0,0,0,0,1,0,0,7,0,0,0,0,0,0,0,0,610,11,390,267,713,412,600,476,7,618,615,196,677,118,36,59,4,151,18,35,46,5,39,15,66,30,49,32,1,58,57,23,61,19,1,1,1,9,2,1,18,5.33,7.7,41.04,Fringe,,626,HK #44,17
617,SH #49,ZAK BURGER,,4,1.57,6.29,Scrum Half,Vodacom Bulls,0,0.77,3.76,0,0,0,0,0,0,1.76,0,0,0,0,0,0,0,0,183,0.03,0,1,30,0,0,0,0,2,0,13,4,0,0,0,0,0,0,0,551,636,390,138,533,412,600,476,480,442,615,594,459,118,36,59,4,151,18,35,48,53,43,33,49,42,54,46,33,45,45,45,41,1,3,7,2,11,2,10,45.75,0.01,0,0.25,7.5,0,0,0,0,0.5,0,3.25,1,0,0,0,0,0,0,0,418,268,390,65,449,412,600,476,480,324,615,565,234,118,36,59,4,151,18,35,26,22,43,17,39,42,54,46,33,33,45,23,23,1,3,7,2,11,2,10,18,3.32,7.4,24.57,Fringe,Very Consistent,730,SH #49,3
618,PR #88,ALISTAIR VERMAAK,,5,1.25,6.23,Prop,DHL Stormers,0,2.65,0.68,0.32,1.32,0,0,0,1.26,0,0,0,0,0,0,0,0,0,164,0.04,0,0,8,0,0,1,0,0,1,21,2,0,0,0,0,0,0,0,570,603,390,267,650,412,600,338,480,618,478,533,556,118,36,59,4,151,18,35,98,54,36,12,103,23,86,18,67,79,115,100,86,5,1,1,1,23,2,1,32.8,0.01,0,0,1.6,0,0,0.2,0,0,0.2,4.2,0.4,0,0,0,0,0,0,0,583,268,390,267,667,412,600,303,480,618,486,465,564,118,36,59,4,151,18,35,93,14,36,12,97,23,86,15,67,79,120,93,79,5,1,1,1,23,2,1,18,10.43,6.9,71.97,Fringe,Very Consistent,359,PR #106,52
619,PR #89,CONOR BARTLEY,,4,1.55,6.19,Prop,Munster Rugby,1.65,0,0,0,0,0,1.24,0,2.31,0,0,0,0,0,0,0,0.99,0,83,0.07,0,0,0,0,0,0,1,0,1,18,1,0,0,0,0,0,0,0,643,483,390,267,713,412,600,476,323,618,478,557,617,118,36,59,4,151,18,35,118,16,36,12,125,23,86,53,34,79,115,104,103,5,1,1,1,23,2,1,20.75,0.02,0,0,0,0,0,0,0.25,0,0.25,4.5,0.25,0,0,0,0,0,0,0,678,154,390,267,713,412,600,476,230,618,449,435,624,118,36,59,4,151,18,35,121,10,36,12,125,23,86,53,14,79,118,82,98,5,1,1,1,23,2,1,18,10.79,6.8,73.37,Fringe,Very Consistent,344,PR #100,54
620,SH #50,BEN O'DONOVAN,,4,1.52,6.09,Scrum Half,Munster Rugby,0,0,0,0,0,0,0,0,0,0,0,0,0,0,-0.37,2.81,3.65,0,31,0.2,0,0,52,0,2,0,0,1,0,3,2,0,0,0,0,0,0,0,701,60,390,267,456,412,450,476,480,526,615,696,556,118,36,59,4,151,18,35,60,7,43,46,44,42,39,46,33,51,45,55,50,1,3,7,2,11,2,10,7.75,0.05,0,0,13,0,0.5,0,0,0.25,0,0.75,0.5,0,0,0,0,0,0,0,738,64,390,267,327,412,359,476,480,513,615,729,499,118,36,59,4,151,18,35,60,3,43,46,27,42,26,46,33,50,45,59,41,1,3,7,2,11,2,10,18,3.31,7.4,24.49,Fringe,Consistent,731,SH #50,3
621,SH #51,GONZALO GARCIA,,4,1.52,6.08,Scrum Half,Zebre Parma,0,0,0,0,0,0,0,0,0,-1.7,4.57,4.95,-1.74,0,0,0,0,0,215,0.03,1,1,55,1,1,0,0,8,3,26,4,0,0,0,0,1,0,0,525,636,219,138,445,286,512,476,480,156,323,489,459,118,36,59,4,23,18,35,44,53,28,33,41,24,46,46,33,17,6,31,41,1,3,7,2,3,2,10,53.75,0.01,0.25,0.25,13.75,0.25,0.25,0,0,2,0.75,6.5,1,0,0,0,0,0.25,0,0,314,268,150,65,313,210,490,476,480,12,118,230,234,118,36,59,4,7,18,35,16,22,18,17,23,13,42,46,33,1,1,2,23,1,3,7,2,2,2,10,17,3.31,7.4,24.49,Fringe,Boom/Bust,731,SH #50,3
622,OB #102,IOAN NICHOLAS,,3,2.01,6.04,Outside Back,Scarlets,0,0,0,1.49,0,0,0,0,4.55,0,0,0,0,0,0,0,0,0,151,0.04,0,0,98,0,3,0,0,4,0,3,5,0,0,0,0,0,0,0,585,603,390,267,346,412,393,476,480,326,615,696,404,118,36,59,4,151,18,35,93,107,83,59,89,99,90,89,84,76,90,103,77,1,4,8,2,20,5,12,50.33,0.01,0,0,32.67,0,1,0,0,1.33,0,1,1.67,0,0,0,0,0,0,0,353,268,390,267,92,412,214,476,480,67,615,707,50,118,36,59,4,151,18,35,96,60,83,59,60,99,81,89,84,42,90,105,24,1,4,8,2,20,5,12,17,7.1,6.6,46.86,Fringe,,566,OB #105,25
623,PR #90,LUCA FRANCESCHETTO,,6,0.97,5.79,Prop,Zebre Parma,0,0,0,0,0,0,0,0,0.72,-0.01,0.66,1.1,0,0,0,0,0.76,2.56,125,0.05,0,0,15,0,2,0,0,1,1,13,0,0,0,0,0,0,0,0,604,568,390,267,609,412,450,476,480,526,478,594,677,118,36,59,4,151,18,35,109,41,36,12,87,23,38,53,67,55,115,116,119,5,1,1,1,23,2,1,20.83,0.01,0,0,2.5,0,0.33,0,0,0.17,0.17,2.17,0,0,0,0,0,0,0,0,677,268,390,267,630,412,450,476,480,558,522,649,677,118,36,59,4,151,18,35,120,14,36,12,75,23,31,53,67,54,125,127,119,5,1,1,1,23,2,1,17,9.93,7.1,70.5,Fringe,Very Consistent,369,PR #110,51
624,LK #81,SALMAAN MOERAT,,6,0.96,5.77,Lock,DHL Stormers,0,0,0,0,7.62,-0.36,2.55,0,3.5,-7.67,0,0,0,0,0,0,0,0.13,205,0.03,0,0,14,0,0,2,2,2,6,39,2,0,0,0,0,1,0,0,535,636,390,267,612,412,600,247,209,442,139,388,556,118,36,59,4,23,18,35,73,85,42,15,74,39,69,25,22,60,25,68,70,56,1,1,1,5,4,1,34.17,0.01,0,0,2.33,0,0,0.33,0.33,0.33,1,6.5,0.33,0,0,0,0,0.17,0,0,567,268,390,267,640,412,600,207,166,451,32,230,581,118,36,59,4,24,18,35,76,27,42,15,80,39,69,17,24,58,4,53,68,56,1,1,1,3,4,1,17,5.74,7.3,41.9,Fringe,Boom/Bust,621,LK #94,17
625,HK #62,JAMES MCCORMICK,,6,0.95,5.71,Hooker,Ulster Rugby,0,0,0,0,-0.84,0,0,0,0,0,0,0,0,-0.12,1.66,2.48,2.53,0,121,0.05,0,0,8,0,0,0,0,0,1,22,9,0,0,0,0,0,0,0,610,568,390,267,650,412,600,476,480,618,478,517,236,118,36,59,4,151,18,35,50,65,39,15,57,30,49,32,51,58,43,49,16,19,1,1,1,9,2,1,20.17,0.01,0,0,1.33,0,0,0,0,0,0.17,3.67,1.5,0,0,0,0,0,0,0,680,268,390,267,675,412,600,476,480,618,522,528,74,118,36,59,4,151,18,35,57,35,39,15,63,30,49,32,51,58,50,60,5,19,1,1,1,9,2,1,17,3.1,7.1,22.01,Fringe,Boom/Bust,739,HK #71,2
626,SH #52,DEWALDT DUVENAGE,,5,1.12,5.58,Scrum Half,DHL Stormers,3.6,0.93,0,0,1.06,0.33,0,0,0,0,0,0,0,-0.34,0,0,0,0,176,0.03,0,1,12,0,1,1,0,3,0,11,3,0,0,0,0,0,0,0,559,636,390,138,627,412,512,338,480,385,615,607,500,118,36,59,4,151,18,35,49,53,43,33,54,42,46,34,33,37,45,46,45,1,3,7,2,11,2,10,35.2,0.01,0,0.2,2.4,0,0.2,0.2,0,0.6,0,2.2,0.6,0,0,0,0,0,0,0,558,268,390,108,637,412,515,303,480,281,615,647,457,118,36,59,4,151,18,35,37,22,43,28,55,42,45,25,33,26,45,41,37,1,3,7,2,11,2,10,17,2.91,7.4,21.53,Fringe,Average,741,SH #57,1
627,PR #91,TOM BOTHA,,15,0.37,5.51,Prop,Ospreys,1.31,0.97,-1.67,0,0.32,0.64,-0.67,0.9,1.98,0.25,-0.77,0.31,0.75,0,1.56,-1.43,1.06,0,736,0.01,0,0,3,0,2,0,0,2,15,77,8,0,0,0,0,0,0,0,146,698,390,267,690,412,450,476,480,442,9,176,278,118,36,59,4,151,18,35,4,109,36,12,116,23,38,53,67,30,6,18,23,5,1,1,1,23,2,1,49.07,0,0,0,0.2,0,0.13,0,0,0.13,1,5.13,0.53,0,0,0,0,0,0,0,372,618,390,267,710,412,553,476,480,585,32,365,494,118,36,59,4,151,18,35,20,66,36,12,123,23,65,53,67,63,20,58,62,5,1,1,1,23,2,1,17,7.97,13.6,108.39,Squad,Inconsistent,147,PR #38,81
627,SH #53,CORMAC FOLEY,,2,2.76,5.51,Scrum Half,Leinster Rugby,0,0,0,0,0,0,0,0,0,0,0,5.51,0,0,0,0,0,0,63,0.09,1,0,6,0,1,0,0,0,1,2,1,0,0,0,0,0,0,0,668,399,219,267,667,412,512,476,480,618,478,712,617,118,36,59,4,151,18,35,55,32,28,46,57,42,46,46,33,57,25,59,55,1,3,7,2,11,2,10,31.5,0.05,0.5,0,3,0,0.5,0,0,0,0.5,1,0.5,0,0,0,0,0,0,0,595,64,38,267,611,412,359,476,480,618,232,707,499,118,36,59,4,151,18,35,39,3,5,46,54,42,26,46,33,57,4,55,41,1,3,7,2,11,2,10,17,3.95,7.9,31.21,Squad,,700,SH #39,7
629,SH #54,CRISTIANO TIZZANO,,2,2.75,5.49,Scrum Half,Benetton Rugby,0,0,0,0,0,0,0,0,0,0,0,0,0,0,0,0,3.84,1.65,36,0.15,1,0,1,0,0,0,0,0,0,8,3,0,0,0,0,0,0,0,694,163,219,267,702,412,600,476,480,618,615,635,500,118,36,59,4,151,18,35,59,14,28,46,60,42,54,46,33,57,45,51,45,1,3,7,2,11,2,10,18,0.08,0.5,0,0.5,0,0,0,0,0,0,4,1.5,0,0,0,0,0,0,0,691,39,38,267,699,412,600,476,480,618,615,481,74,118,36,59,4,151,18,35,56,2,5,46,59,42,54,46,33,57,45,13,3,1,3,7,2,11,2,10,16,3.95,7.9,31.21,Squad,,700,SH #39,7
630,PR #92,CALLUM REID,,5,1.09,5.46,Prop,Ulster Rugby,1.09,0,0,4.4,0.99,-1,0,0,0,0,0,0,0,0,0,-0.02,0,0,193,0.03,1,0,6,0,1,0,0,1,5,17,1,0,0,0,0,0,0,0,540,636,219,267,667,412,512,476,480,526,187,567,617,118,36,59,4,151,18,35,90,75,14,12,108,23,56,53,67,55,57,107,103,5,1,1,1,23,2,1,38.6,0.01,0.2,0,1.2,0,0.2,0,0,0.2,1,3.4,0.2,0,0,0,0,0,0,0,514,268,182,267,683,412,515,476,480,540,32,550,648,118,36,59,4,151,18,35,66,14,7,12,108,23,52,53,67,44,20,112,108,5,1,1,1,23,2,1,16,10.22,6.9,70.52,Fringe,Consistent,368,PR #109,51
631,OB #103,EWAN ROSSER,,2,2.68,5.36,Outside Back,Dragons RFC,0,0,0,0,0,0.66,0,0,4.7,0,0,0,0,0,0,0,0,0,96,0.06,0,0,18,0,0,0,1,0,0,7,1,0,0,0,0,0,0,0,633,526,390,267,593,412,600,476,323,618,615,646,617,118,36,59,4,151,18,35,100,100,83,59,106,99,109,89,51,108,90,87,102,1,4,8,2,20,5,12,48,0.03,0,0,9,0,0,0,0.5,0,0,3.5,0.5,0,0,0,0,0,0,0,386,109,390,267,409,412,600,476,83,618,615,538,499,118,36,59,4,151,18,35,98,30,83,59,108,99,109,89,10,108,90,47,98,1,4,8,2,20,5,12,16,7.78,6.8,52.9,Fringe,,521,OB #93,31
632,HK #63,LUKHANYO VOKOZELA,,2,2.68,5.35,Hooker,DHL Stormers,0,0,0,0,0,0,4.45,0,0.9,0,0,0,0,0,0,0,0,0,40,0.13,0,0,14,0,0,0,0,1,0,5,0,0,0,0,0,0,0,0,692,221,390,267,612,412,600,476,480,526,615,666,677,118,36,59,4,151,18,35,59,38,39,15,53,30,49,32,51,44,57,62,61,19,1,1,1,9,2,1,20,0.07,0,0,7,0,0,0,0,0.5,0,2.5,0,0,0,0,0,0,0,0,681,43,390,267,459,412,600,476,480,324,615,624,677,118,36,59,4,151,18,35,58,10,39,15,41,30,49,32,51,16,57,63,61,19,1,1,1,9,2,1,16,4.81,7.2,34.63,Fringe,,676,HK #55,10
633,OB #104,ROSS MCCANN,,2,2.65,5.29,Outside Back,Edinburgh Rugby,0,0,0,3.73,1.56,0,0,0,0,0,0,0,0,0,0,0,0,0,116,0.05,0,0,33,0,3,0,0,2,0,3,0,0,0,0,0,0,0,0,616,568,390,267,511,412,393,476,480,442,615,696,677,118,36,59,4,151,18,35,96,105,83,59,102,99,90,89,84,87,90,103,109,1,4,8,2,20,5,12,58,0.03,0,0,16.5,0,1.5,0,0,1,0,1.5,0,0,0,0,0,0,0,0,259,109,390,267,265,412,135,476,480,116,615,695,677,118,36,59,4,151,18,35,88,30,83,59,97,99,67,89,84,61,90,99,109,1,4,8,2,20,5,12,16,7.77,6.8,52.84,Fringe,,523,OB #94,30
634,FH #41,GIANNI LOMBARD,,3,1.71,5.14,Fly Half,Lions,0,0,0,6,0.78,-1.64,0,0,0,0,0,0,0,0,0,0,0,0,76,0.07,0,0,14,0,0,3,0,4,0,3,3,0,2,0,0,0,0,0,653,483,390,267,612,412,600,199,480,326,615,696,500,118,24,59,4,151,18,35,41,38,24,32,40,34,40,21,26,34,36,43,39,2,18,41,2,11,2,10,25.33,0.02,0,0,4.67,0,0,1,0,1.33,0,1,1,0,0.67,0,0,0,0,0,642,154,390,267,543,412,600,27,480,67,615,707,234,118,9,59,4,151,18,35,43,12,24,32,40,34,40,1,26,9,36,43,27,2,8,41,2,11,2,10,16,5.8,7.6,44.08,Fringe,Boom/Bust,597,FH #46,21
635,FH #42,NICOLAS ROGER,,2,2.53,5.06,Fly Half,Benetton Rugby,0,0,0,0,0,0,0,0,0,2.74,2.32,0,0,0,0,0,0,0,160,0.03,0,0,16,0,1,0,0,2,0,12,2,0,0,1,0,0,0,0,574,636,390,267,602,412,512,476,480,442,615,602,556,118,36,50,4,151,18,35,37,44,24,32,38,34,36,37,26,39,36,36,40,2,29,38,2,11,2,10,80,0.02,0,0,8,0,0.5,0,0,1,0,6,1,0,0,0.5,0,0,0,0,1,154,390,267,432,412,359,476,480,116,615,268,234,118,36,38,4,151,18,35,1,12,24,32,35,34,28,37,26,16,36,6,27,2,29,32,2,11,2,10,16,6.39,8,51.12,Fringe,,535,FH #40,29
636,LK #82,THOMAS DYER,,2,2.34,4.67,Lock,Hollywoodbets Sharks,0,0,0,0,0,0,0,0,0,0,0,-0.97,0,0,0,0,0,5.64,60,0.08,0,0,4,0,0,0,1,0,0,4,3,1,0,0,0,0,0,0,672,442,390,267,682,412,600,476,323,618,615,682,500,58,36,59,4,151,18,35,84,43,42,15,85,39,69,60,40,81,83,88,63,33,1,1,1,27,4,1,30,0.04,0,0,2,0,0,0,0.5,0,0,2,1.5,0.5,0,0,0,0,0,0,610,78,390,267,648,412,600,476,83,618,615,655,74,11,36,59,4,151,18,35,84,8,42,15,83,39,69,60,10,81,83,91,7,5,1,1,1,27,4,1,15,7.87,7.6,59.81,Fringe,,468,LK #76,38
637,PR #93,MARK DONNELLY,,1,4.65,4.65,Prop,Munster Rugby,0,0,0,0,0,0,0,0,0,0,4.65,0,0,0,0,0,0,0,68,0.07,0,0,2,0,0,0,1,0,1,15,2,0,0,0,0,0,0,0,661,483,390,267,698,412,600,476,323,618,478,580,556,118,36,59,4,151,18,35,122,16,36,12,118,23,86,53,34,79,115,109,86,5,1,1,1,23,2,1,68,0.07,0,0,2,0,0,0,1,0,1,15,2,0,0,0,0,0,0,0,134,43,390,267,648,412,600,476,7,618,32,2,21,118,36,59,4,151,18,35,1,3,36,12,86,23,86,53,1,79,20,1,1,5,1,1,1,23,2,1,15,11.54,7.6,87.7,Fringe,,244,PR #64,68
638,PR #94,KHUTHA MCHUNU,,4,1.13,4.5,Prop,Vodacom Bulls,0,0,0,0,0,0,1.32,0,1.32,0,0,0,1.31,0.55,0,0,0,0,87,0.05,0,0,23,0,0,0,0,0,2,15,1,0,0,0,0,0,0,0,642,568,390,267,567,412,600,476,480,618,405,580,617,118,36,59,4,151,18,35,117,41,36,12,68,23,86,53,67,79,104,109,103,5,1,1,1,23,2,1,21.75,0.01,0,0,5.75,0,0,0,0,0,0.5,3.75,0.25,0,0,0,0,0,0,0,672,268,390,267,493,412,600,476,480,618,232,519,624,118,36,59,4,151,18,35,116,14,36,12,23,23,86,53,67,79,86,105,98,5,1,1,1,23,2,1,15,10.36,6.8,70.45,Fringe,Very Consistent,371,PR #111,51
639,HK #64,SAM SCARFE,,1,4.46,4.46,Hooker,Dragons RFC,0,0,0,0,0,0,0,4.46,0,0,0,0,0,0,0,0,0,0,13,0.34,0,0,6,0,0,0,1,0,0,7,1,0,0,0,0,0,0,0,723,8,390,267,667,412,600,476,323,618,615,646,617,118,36,59,4,151,18,35,67,2,39,15,61,30,49,32,36,58,57,59,53,19,1,1,1,9,2,1,13,0.34,0,0,6,0,0,0,1,0,0,7,1,0,0,0,0,0,0,0,710,6,390,267,487,412,600,476,7,618,615,196,234,118,36,59,4,151,18,35,63,2,39,15,46,30,49,32,1,58,57,23,12,19,1,1,1,9,2,1,15,5.17,7.7,39.81,Fringe,,638,HK #45,15
640,CE #80,BEN CARSON,,6,0.73,4.37,Centre,Ulster Rugby,0.6,0,0,0,0,0,0,0,0,0,-1.56,2.7,3.05,-0.42,0,0,0,0,214,0.02,0,0,66,0,3,0,0,5,2,19,6,0,0,0,0,0,0,0,527,673,390,267,412,412,393,476,480,279,405,548,363,118,36,59,4,151,18,35,65,87,53,45,65,60,62,70,60,41,36,66,55,1,3,6,1,17,2,6,35.67,0,0,0,11,0,0.5,0,0,0.83,0.33,3.17,1,0,0,0,0,0,0,0,550,618,390,267,361,412,359,476,480,183,373,569,234,118,36,59,4,151,18,35,79,87,53,45,71,60,70,70,60,23,34,73,53,1,3,6,1,17,2,6,15,3.54,7.1,25.13,Fringe,Boom/Bust,727,CE #89,3
641,PR #95,HENRY THOMAS,,15,0.29,4.36,Prop,Scarlets,0.09,0,-1.35,-0.34,-2.1,0.9,-0.14,2.9,2.39,0.33,0.51,0.1,0.66,2.3,0,-1.37,-0.52,0,640,0.01,0,0,26,0,1,1,2,3,16,72,12,0,0,0,0,0,0,0,211,698,390,267,551,412,512,338,209,385,2,196,154,118,36,59,4,151,18,35,12,109,36,12,60,23,56,18,12,18,2,23,7,5,1,1,1,23,2,1,42.67,0,0,0,1.73,0,0.07,0.07,0.13,0.2,1.07,4.8,0.8,0,0,0,0,0,0,0,460,618,390,267,664,412,591,460,378,540,30,404,359,118,36,59,4,151,18,35,50,66,36,12,95,23,84,49,44,44,19,72,24,5,1,1,1,23,2,1,15,7.77,13.6,105.67,Squad,Boom/Bust,162,PR #42,79
642,OB #105,KERR JOHNSTON,,1,4.32,4.32,Outside Back,Glasgow Warriors,0,0,0,0,0,4.32,0,0,0,0,0,0,0,0,0,0,0,0,50,0.09,0,0,15,1,1,0,0,1,0,4,2,0,0,0,0,0,0,0,681,399,390,267,609,286,512,476,480,526,615,682,556,118,36,59,4,151,18,35,111,82,83,59,107,88,102,89,84,100,90,98,96,1,4,8,2,20,5,12,50,0.09,0,0,15,1,1,0,0,1,0,4,2,0,0,0,0,0,0,0,359,34,390,267,294,18,214,476,480,116,615,481,21,118,36,59,4,151,18,35,97,8,83,59,99,14,81,89,84,61,90,32,10,1,4,8,2,20,5,12,15,8.42,7.2,60.62,Fringe,,463,OB #75,38
643,PR #96,OLI KEBBLE,,7,0.61,4.3,Prop,DHL Stormers,0,0,0,0,0,-0.01,0,0,0,0,0.32,0,0,1.65,1.49,-0.97,1.49,0.33,179,0.02,0,0,17,0,0,0,0,0,4,20,0,0,0,0,0,0,0,0,554,673,390,267,597,412,600,476,480,618,249,544,677,118,36,59,4,151,18,35,94,94,36,12,83,23,86,53,67,79,73,101,119,5,1,1,1,23,2,1,25.57,0,0,0,2.43,0,0,0,0,0,0.57,2.86,0,0,0,0,0,0,0,0,640,618,390,267,636,412,600,476,480,618,196,602,677,118,36,59,4,151,18,35,108,66,36,12,79,23,86,53,67,79,79,121,119,5,1,1,1,23,2,1,15,9.15,7.5,68.63,Fringe,Consistent,379,PR #113,50
644,LF #123,HACJIVAH DAYIMANI,,2,2.06,4.12,Loose Forward,DHL Stormers,0,0,0,0,0,0,0,0,0,0,0,0,0,1.56,0,0,2.56,0,49,0.08,0,0,5,0,1,0,0,0,0,9,1,0,0,0,0,0,0,0,682,442,390,267,672,412,512,476,480,618,615,626,617,118,36,59,4,151,18,35,124,107,77,50,125,92,107,96,104,119,114,121,111,40,1,1,1,40,6,1,24.5,0.04,0,0,2.5,0,0.5,0,0,0,0,4.5,0.5,0,0,0,0,0,0,0,654,78,390,267,630,412,359,476,480,618,615,435,499,118,36,59,4,151,18,35,119,11,77,50,125,92,84,96,104,119,114,113,92,40,1,1,1,40,6,1,14,8.12,7.9,64.15,Fringe,,431,LF #66,43
645,PR #97,SAZI SANDI,,12,0.34,4.09,Prop,DHL Stormers,0,1.33,2.46,0,7.36,-1.34,0.66,0,-0.34,-9,0,-3.17,1.06,1.49,0,0,0.76,2.82,424,0.01,1,0,24,0,1,0,1,1,8,43,6,0,0,0,0,1,0,0,364,698,219,267,564,412,512,476,323,526,77,367,363,118,36,59,4,23,18,35,44,109,14,12,67,23,56,53,34,55,33,66,37,5,1,1,1,4,2,1,35.33,0,0.08,0,2,0,0.08,0,0.08,0.08,0.67,3.58,0.5,0,0,0,0,0.08,0,0,555,618,328,267,648,412,585,476,443,608,137,534,499,118,36,59,4,87,18,35,82,66,28,12,86,23,80,53,59,74,64,109,63,5,1,1,1,16,2,1,14,7.89,11.2,88.37,Fringe,Boom/Bust,238,PR #60,68
646,HK #65,KIRBY MYHILL,,4,1,3.99,Hooker,Scarlets,2.43,0,0.93,0,0.63,0,0,0,0,0,0,0,0,0,0,0,0,0,33,0.12,0,0,0,0,0,0,0,0,0,3,0,0,0,0,0,0,0,0,698,258,390,267,713,412,600,476,480,618,615,696,677,118,36,59,4,151,18,35,60,47,39,15,66,30,49,32,51,58,57,67,61,19,1,1,1,9,2,1,8.25,0.03,0,0,0,0,0,0,0,0,0,0.75,0,0,0,0,0,0,0,0,735,109,390,267,713,412,600,476,480,618,615,729,677,118,36,59,4,151,18,35,68,16,39,15,66,30,49,32,51,58,57,67,61,19,1,1,1,9,2,1,14,3.82,6.9,26.36,Fringe,Consistent,720,HK #67,4
647,LF #124,MARCUS REA,,5,0.79,3.97,Loose Forward,Ulster Rugby,0,0,0,0,-2.19,0,0,0,0,0,3.05,-7.26,4.12,0,0,6.25,0,0,159,0.02,0,0,24,0,1,0,5,2,3,19,6,0,0,0,0,1,0,0,577,673,390,267,564,412,512,476,74,442,323,548,363,118,36,59,4,23,18,35,104,127,77,50,111,92,107,96,32,95,71,113,73,40,1,1,1,6,6,1,31.8,0,0,0,4.8,0,0.2,0,1,0.4,0.6,3.8,1.2,0,0,0,0,0.2,0,0,594,618,390,267,538,412,515,476,7,406,178,515,177,118,36,59,4,13,18,35,115,124,77,50,116,92,111,96,6,84,38,117,22,40,1,1,1,4,6,1,14,4.02,7.4,29.75,Fringe,Boom/Bust,711,LF #128,5
648,PR #98,D'ARCY RAE,,7,0.55,3.86,Prop,Edinburgh Rugby,-1.42,0,-6.52,1.09,0.56,0,0,0,0,6.86,0,3.71,-0.42,0,0,0,0,0,316,0.01,1,0,12,0,2,0,0,1,3,27,3,0,0,0,0,1,0,0,461,698,219,267,627,412,450,476,480,526,323,483,500,118,36,59,4,23,18,35,73,109,14,12,95,23,38,53,67,55,88,92,71,5,1,1,1,4,2,1,45.14,0,0.14,0,1.71,0,0.29,0,0,0.14,0.43,3.86,0.43,0,0,0,0,0.14,0,0,425,618,239,267,665,412,479,476,480,576,306,511,551,118,36,59,4,33,18,35,31,66,16,12,96,23,37,53,67,61,103,103,76,5,1,1,1,5,2,1,14,9.04,7.5,67.8,Fringe,Boom/Bust,389,PR #116,48
649,SH #55,MORGAN LLOYD,,2,1.9,3.79,Scrum Half,Dragons RFC,0,0,0,0,0,0,0,0,0,0,0,0,0,0,1.03,2.76,0,0,49,0.08,0,0,28,0,1,0,0,1,0,3,0,0,0,0,0,0,0,0,682,442,390,267,541,412,512,476,480,526,615,696,677,118,36,59,4,151,18,35,57,33,43,46,51,42,46,46,33,51,45,55,59,1,3,7,2,11,2,10,24.5,0.04,0,0,14,0,0.5,0,0,0.5,0,1.5,0,0,0,0,0,0,0,0,654,78,390,267,309,412,359,476,480,324,615,695,677,118,36,59,4,151,18,35,49,5,43,46,22,42,26,46,33,33,45,51,59,1,3,7,2,11,2,10,14,3.81,7.9,30.1,Squad,,709,SH #42,6
650,LF #125,MARCO DE WITT,,1,3.76,3.76,Loose Forward,Ospreys,0,0,0,0,0,0,0,0,0,0,3.76,0,0,0,0,0,0,0,18,0.21,0,0,7,0,2,1,0,1,0,2,0,0,0,0,0,0,0,0,717,49,390,267,660,412,450,338,480,526,615,712,677,118,36,59,4,151,18,35,130,8,77,50,124,92,102,77,104,106,114,130,124,40,1,1,1,40,6,1,18,0.21,0,0,7,0,2,1,0,1,0,2,0,0,0,0,0,0,0,0,691,11,390,267,459,412,66,27,480,116,615,655,677,118,36,59,4,151,18,35,125,1,77,50,105,92,13,8,104,12,114,126,124,40,1,1,1,40,6,1,14,6.12,8.4,51.41,Fringe,,531,LF #82,29
651,FH #43,JAMES HUMPHREYS,,2,1.83,3.65,Fly Half,Ulster Rugby,0,0,0,0,0,0,0,0,0,0,0,0,0,4.99,0,-1.34,0,0,65,0.06,0,0,0,0,0,0,0,2,0,5,0,0,0,2,0,0,0,0,665,526,390,267,713,412,600,476,480,442,615,666,677,118,36,44,4,151,18,35,42,41,24,32,44,34,40,37,26,39,36,40,45,2,29,34,2,11,2,10,32.5,0.03,0,0,0,0,0,0,0,1,0,2.5,0,0,0,1,0,0,0,0,587,109,390,267,713,412,600,476,480,116,615,624,677,118,36,25,4,151,18,35,37,8,24,32,44,34,40,37,26,16,36,37,45,2,29,19,2,11,2,10,13,6.28,8,50.24,Fringe,,540,FH #41,28
651,LK #83,SINTU MANJEZI,,1,3.65,3.65,Lock,Vodacom Bulls,0,3.65,0,0,0,0,0,0,0,0,0,0,0,0,0,0,0,0,18,0.2,0,0,0,0,0,0,1,0,0,5,0,0,0,0,0,0,0,0,717,60,390,267,713,412,600,476,323,618,615,666,677,118,36,59,4,151,18,35,91,2,42,15,90,39,69,60,40,81,83,86,83,56,1,1,1,27,4,1,18,0.2,0,0,0,0,0,0,1,0,0,5,0,0,0,0,0,0,0,0,691,14,390,267,713,412,600,476,7,618,615,373,677,118,36,59,4,151,18,35,90,1,42,15,90,39,69,60,2,81,83,74,83,56,1,1,1,27,4,1,13,8.3,8.1,67.23,Fringe,,395,LK #58,48
651,LK #83,LEWIS JONES,,2,1.83,3.65,Lock,Ospreys,0,0,0,0,0,3.65,0,0,0,0,0,0,0,0,0,0,0,0,19,0.19,0,0,0,0,0,0,1,0,0,5,0,0,0,0,0,0,0,0,716,81,390,267,713,412,600,476,323,618,615,666,677,118,36,59,4,151,18,35,90,4,42,15,90,39,69,60,40,81,83,86,83,56,1,1,1,27,4,1,9.5,0.1,0,0,0,0,0,0,0.5,0,0,2.5,0,0,0,0,0,0,0,0,732,29,390,267,713,412,600,476,83,618,615,624,677,118,36,59,4,151,18,35,94,5,42,15,90,39,69,60,10,81,83,90,83,56,1,1,1,27,4,1,13,7.73,7.6,58.75,Fringe,,475,LK #77,37
654,HK #66,RICHIE ASIATA,,1,3.52,3.52,Hooker,Benetton Rugby,3.52,0,0,0,0,0,0,0,0,0,0,0,0,0,0,0,0,0,30,0.12,0,0,7,0,0,0,0,0,0,4,0,0,0,0,0,0,0,0,704,258,390,267,660,412,600,476,480,618,615,682,677,118,36,59,4,151,18,35,64,47,39,15,59,30,49,32,51,58,57,65,61,19,1,1,1,9,2,1,30,0.12,0,0,7,0,0,0,0,0,0,4,0,0,0,0,0,0,0,0,610,25,390,267,459,412,600,476,480,618,615,481,677,118,36,59,4,151,18,35,46,7,39,15,41,30,49,32,51,58,57,56,61,19,1,1,1,9,2,1,13,5.09,7.7,39.19,Fringe,,643,HK #46,15
655,PR #99,HARRI O'CONNOR,,9,0.38,3.38,Prop,Scarlets,1.83,0,0,0,0,0,0,0,0.06,0,0,0.43,0,2.06,-0.24,0,-0.34,-0.42,176,0.02,0,0,16,0,1,1,0,0,4,16,2,0,0,0,0,0,0,0,559,673,390,267,602,412,512,338,480,618,249,573,556,118,36,59,4,151,18,35,95,94,36,12,85,23,56,18,67,79,73,108,86,5,1,1,1,23,2,1,19.56,0,0,0,1.78,0,0.11,0.11,0,0,0.44,1.78,0.22,0,0,0,0,0,0,0,684,618,390,267,661,412,565,411,480,618,293,680,643,118,36,59,4,151,18,35,122,66,36,12,94,23,70,36,67,79,102,129,106,5,1,1,1,23,2,1,13,8.16,8.8,71.81,Fringe,Average,361,PR #107,52
656,PR #100,JACK BOYLE,,7,0.47,3.27,Prop,Leinster Rugby,-0.68,5.99,-6.78,0,0,7.44,-2.21,0,0.85,-1.34,0,0,0,0,0,0,0,0,265,0.01,0,0,47,1,6,1,2,1,14,29,4,0,0,0,0,1,0,0,493,698,390,267,467,286,275,338,209,526,13,466,459,118,36,59,4,23,18,35,78,109,36,12,26,7,12,18,12,55,10,85,59,5,1,1,1,4,2,1,37.86,0,0,0,6.71,0.14,0.86,0.14,0.29,0.14,2,4.14,0.57,0,0,0,0,0.14,0,0,528,618,390,267,472,298,278,370,202,576,1,474,473,118,36,59,4,33,18,35,70,66,36,12,16,8,5,27,11,61,1,95,55,5,1,1,1,5,2,1,13,8.9,7.5,66.75,Fringe,Boom/Bust,402,PR #117,47
656,PR #100,OWAIN JAMES,,5,0.65,3.27,Prop,Dragons RFC,0,0,0,0,0,0.99,0,0,0,0,0,2.64,0.65,-1.67,0,0.66,0,0,97,0.03,0,0,0,0,0,0,0,0,3,19,0,0,0,0,0,0,0,0,631,636,390,267,713,412,600,476,480,618,323,548,677,118,36,59,4,151,18,35,115,75,36,12,125,23,86,53,67,79,88,102,119,5,1,1,1,23,2,1,19.4,0.01,0,0,0,0,0,0,0,0,0.6,3.8,0,0,0,0,0,0,0,0,685,268,390,267,713,412,600,476,480,618,178,515,677,118,36,59,4,151,18,35,123,14,36,12,125,23,86,53,67,79,75,104,119,5,1,1,1,23,2,1,13,9.65,6.9,66.59,Fringe,Average,403,PR #118,46
656,PR #102,MAWANDE MDANDA,,4,0.82,3.27,Prop,Hollywoodbets Sharks,0,0,0,0,0,1.65,1.46,0,0.16,0,0,0,0,0,0,0,0,0,73,0.04,0,0,5,0,0,1,0,0,2,9,0,0,0,0,0,0,0,0,657,603,390,267,672,412,600,338,480,618,405,626,677,118,36,59,4,151,18,35,120,54,36,12,110,23,86,18,67,79,104,122,119,5,1,1,1,23,2,1,18.25,0.01,0,0,1.25,0,0,0.25,0,0,0.5,2.25,0,0,0,0,0,0,0,0,689,268,390,267,680,412,600,262,480,618,232,643,677,118,36,59,4,151,18,35,124,14,36,12,105,23,86,6,67,79,86,126,119,5,1,1,1,23,2,1,13,10.04,6.8,68.27,Fringe,Very Consistent,383,PR #115,49
659,PR #103,ANDREW SPARROW,,5,0.61,3.07,Prop,Leinster Rugby,-0.42,0,0,0,2.43,0,0,0,0,1.07,-1.49,1.48,0,0,0,0,0,0,144,0.02,0,0,17,0,0,0,1,0,3,14,3,0,0,0,0,0,0,0,590,673,390,267,597,412,600,476,323,618,323,589,500,118,36,59,4,151,18,35,103,94,36,12,83,23,86,53,34,79,88,114,71,5,1,1,1,23,2,1,28.8,0,0,0,3.4,0,0,0,0.2,0,0.6,2.8,0.6,0,0,0,0,0,0,0,621,618,390,267,592,412,600,476,284,618,178,605,457,118,36,59,4,151,18,35,101,66,36,12,54,23,86,53,23,79,75,122,47,5,1,1,1,23,2,1,12,9.6,6.9,66.24,Fringe,Average,406,PR #119,46
660,CE #81,MARKUS MULLER,,1,2.99,2.99,Centre,DHL Stormers,0,0,0,0,0,0,0,0,0,0,0,0,0,0,0,2.99,0,0,13,0.23,0,0,0,0,0,0,1,0,0,3,0,0,0,0,0,0,0,0,723,35,390,267,713,412,600,476,323,618,615,696,677,118,36,59,4,151,18,35,86,6,53,45,89,60,83,70,46,79,69,84,84,1,3,6,1,17,2,6,13,0.23,0,0,0,0,0,0,1,0,0,3,0,0,0,0,0,0,0,0,710,9,390,267,713,412,600,476,7,618,615,583,677,118,36,59,4,151,18,35,85,2,53,45,89,60,83,70,1,79,69,75,84,1,3,6,1,17,2,6,12,6.09,7.6,46.28,Fringe,,570,CE #51,24
661,OB #106,MARNUS POTGIETER,,1,2.81,2.81,Outside Back,Hollywoodbets Sharks,0,0,0,0,0,0,0,0,0,0,0,0,0,0,0,2.81,0,0,41,0.07,0,0,9,0,2,0,0,0,0,2,1,0,0,0,0,0,0,0,690,483,390,267,645,412,450,476,480,618,615,712,617,118,36,59,4,151,18,35,113,96,83,59,110,99,97,89,84,108,90,108,102,1,4,8,2,20,5,12,41,0.07,0,0,9,0,2,0,0,0,0,2,1,0,0,0,0,0,0,0,482,43,390,267,409,412,66,476,480,618,615,655,234,118,36,59,4,151,18,35,104,11,83,59,108,99,38,89,84,108,90,81,57,1,4,8,2,20,5,12,12,8.29,7.2,59.69,Fringe,,469,OB #78,38
662,CE #82,DUNCAN MUNN,,1,2.79,2.79,Centre,Glasgow Warriors,0,0,0,0,0,0,0,0,2.79,0,0,0,0,0,0,0,0,0,80,0.03,0,1,8,0,0,0,0,0,0,3,4,0,0,0,0,0,0,0,647,636,390,138,650,412,600,476,480,618,615,696,459,118,36,59,4,151,18,35,81,84,53,23,83,60,83,70,60,79,69,84,63,1,3,6,1,17,2,6,80,0.03,0,1,8,0,0,0,0,0,0,3,4,0,0,0,0,0,0,0,1,109,390,2,432,412,600,476,480,618,615,583,2,118,36,59,4,151,18,35,1,14,53,1,78,60,83,70,60,79,69,75,1,1,3,6,1,17,2,6,12,6.07,7.6,46.13,Fringe,,573,CE #52,24
663,LK #86,BARNY LANGTON,,2,1.36,2.71,Lock,Dragons RFC,0,0,0,0,0,0,0,0,0,0,0,0.74,1.97,0,0,0,0,0,49,0.06,0,0,5,0,0,0,0,1,0,12,1,0,0,0,0,0,0,0,682,526,390,267,672,412,600,476,480,526,615,602,617,118,36,59,4,151,18,35,87,63,42,15,84,39,69,60,62,67,83,81,76,56,1,1,1,27,4,1,24.5,0.03,0,0,2.5,0,0,0,0,0.5,0,6,0.5,0,0,0,0,0,0,0,654,109,390,267,630,412,600,476,480,324,615,268,499,118,36,59,4,151,18,35,88,10,42,15,79,39,69,60,62,30,83,64,57,56,1,1,1,27,4,1,12,7.59,7.6,57.68,Fringe,,484,LK #81,36
664,SH #56,CONOR MCKEE,,16,0.16,2.62,Scrum Half,Ulster Rugby,0,0,-0.67,0,0,0,0,-0.84,0,0,3.28,1,-1.67,1.56,0,-0.1,0,0.06,361,0.01,0,0,3,0,0,2,1,5,1,29,7,0,0,0,0,0,0,0,419,698,390,267,690,412,600,247,323,279,478,466,322,118,36,59,4,151,18,35,33,59,43,46,59,42,54,21,23,32,25,25,28,1,3,7,2,11,2,10,22.56,0,0,0,0.19,0,0,0.13,0.06,0.31,0.06,1.81,0.44,0,0,0,0,0,0,0,669,618,390,267,711,412,600,391,475,477,611,677,549,118,36,59,4,151,18,35,51,48,43,46,60,42,54,37,32,46,43,46,45,1,3,7,2,11,2,10,12,0.97,14.6,14.16,Fringe,Boom/Bust,750,SH #64,0
665,PR #104,CEBO DLAMINI,,6,0.43,2.6,Prop,Hollywoodbets Sharks,0,2.64,0,0,0,0,0.98,1.31,2.31,0.33,-4.97,0,0,0,0,0,0,0,163,0.02,0,0,4,0,0,1,0,0,5,40,0,0,0,0,0,1,0,0,572,673,390,267,682,412,600,338,480,618,187,381,677,118,36,59,4,23,18,35,99,94,36,12,113,23,86,18,67,79,57,73,119,5,1,1,1,4,2,1,27.17,0,0,0,0.67,0,0,0.17,0,0,0.83,6.67,0,0,0,0,0,0.17,0,0,631,618,390,267,693,412,600,339,480,618,96,220,677,118,36,59,4,24,18,35,105,66,36,12,113,23,86,20,67,79,51,28,119,5,1,1,1,4,2,1,12,9.09,7.1,64.54,Fringe,Boom/Bust,426,PR #122,43
666,LF #126,MATT ROMAO,,4,0.62,2.48,Loose Forward,Hollywoodbets Sharks,0,0,0,0,0,1.5,-1.67,0,0,0,0,0,0,0,0,0,1.96,0.69,130,0.02,0,0,18,0,0,0,1,5,1,21,3,0,0,0,0,0,0,0,598,673,390,267,593,412,600,476,323,279,478,533,500,118,36,59,4,151,18,35,109,127,77,50,115,92,117,96,86,56,90,110,90,40,1,1,1,40,6,1,32.5,0.01,0,0,4.5,0,0,0,0.25,1.25,0.25,5.25,0.75,0,0,0,0,0,0,0,587,268,390,267,550,412,600,476,230,78,449,353,381,118,36,59,4,151,18,35,111,56,77,50,118,92,117,96,69,7,92,105,70,40,1,1,1,40,6,1,11,4.44,7.4,32.86,Fringe,Boom/Bust,690,LF #125,8
667,LK #88,RYAN BURKE,,2,1.24,2.47,Lock,Glasgow Warriors,0,0,0,0,0,0,0,0,0,0,0,0,0,0,1.79,0.68,0,0,78,0.03,0,0,0,0,0,0,0,1,0,9,2,0,0,0,0,0,0,0,651,636,390,267,713,412,600,476,480,526,615,626,556,118,36,59,4,151,18,35,82,85,42,15,90,39,69,60,62,67,83,82,70,56,1,1,1,27,4,1,39,0.02,0,0,0,0,0,0,0,0.5,0,4.5,1,0,0,0,0,0,0,0,504,154,390,267,713,412,600,476,480,324,615,435,234,118,36,59,4,151,18,35,71,20,42,15,90,39,69,60,62,30,83,82,23,56,1,1,1,27,4,1,11,7.56,7.6,57.46,Fringe,,487,LK #83,35
667,PR #105,NATHAN MCBETH,,10,0.25,2.47,Prop,Glasgow Warriors,0,0,0,0.86,-1.96,-2.91,2.62,1.49,0,-0.9,0.99,0,0,0,1.85,2.32,0,-1.89,366,0.01,2,0,30,0,1,0,2,0,10,29,2,0,0,0,0,2,0,0,412,698,133,267,533,412,512,476,209,618,41,466,556,118,36,59,4,7,18,35,56,109,4,12,57,23,56,53,12,79,22,85,86,5,1,1,1,1,2,1,36.6,0,0.2,0,3,0,0.1,0,0.2,0,1,2.9,0.2,0,0,0,0,0.2,0,0,537,618,182,267,611,412,571,476,284,618,32,601,648,118,36,59,4,13,18,35,77,66,7,12,67,23,73,53,23,79,20,120,108,5,1,1,1,2,2,1,11,7.67,9.6,73.63,Fringe,Boom/Bust,343,PR #99,54
669,CE #83,MANUEL RASS,,1,2.46,2.46,Centre,Lions,0,0,2.46,0,0,0,0,0,0,0,0,0,0,0,0,0,0,0,10,0.25,0,0,8,0,1,0,0,0,0,2,0,0,0,0,0,0,0,0,734,28,390,267,650,412,512,476,480,618,615,712,677,118,36,59,4,151,18,35,88,4,53,45,83,60,77,70,60,79,69,87,84,1,3,6,1,17,2,6,10,0.25,0,0,8,0,1,0,0,0,0,2,0,0,0,0,0,0,0,0,728,8,390,267,432,412,214,476,480,618,615,655,677,118,36,59,4,151,18,35,87,1,53,45,78,60,47,70,60,79,69,85,84,1,3,6,1,17,2,6,11,6.04,7.6,45.9,Fringe,,577,CE #53,23
670,LK #89,SCOTT SCRAFTON,,6,0.4,2.41,Lock,Benetton Rugby,0,0,0,0,0,0,0,0,-0.1,3.51,4.29,1.47,-7.47,0.71,0,0,0,0,179,0.01,0,0,41,0,0,0,0,2,5,37,2,0,0,0,0,1,0,0,554,698,390,267,489,412,600,476,480,442,187,407,556,118,36,59,4,23,18,35,76,93,42,15,54,39,69,60,62,60,32,69,70,56,1,1,1,5,4,1,29.83,0,0,0,6.83,0,0,0,0,0.33,0.83,6.17,0.33,0,0,0,0,0.17,0,0,613,618,390,267,470,412,600,476,480,451,96,259,581,118,36,59,4,24,18,35,85,78,42,15,35,39,69,60,62,58,16,62,68,56,1,1,1,3,4,1,11,5.27,7.3,38.47,Fringe,Boom/Bust,649,LK #95,14
671,SH #57,DAVE SHANAHAN,,3,0.8,2.39,Scrum Half,Ulster Rugby,0,0,0,0,0,0.33,0,0,0,0,1.33,0,0,0,0,0.73,0,0,60,0.04,0,1,4,0,1,0,0,2,2,3,0,0,0,0,0,0,0,0,672,603,390,138,682,412,512,476,480,442,405,696,677,118,36,59,4,151,18,35,56,50,43,33,58,42,46,46,33,45,15,55,59,1,3,7,2,11,2,10,20,0.01,0,0.33,1.33,0,0.33,0,0,0.67,0.67,1,0,0,0,0,0,0,0,0,681,268,390,46,675,412,450,476,480,239,137,707,677,118,36,59,4,151,18,35,52,22,43,13,58,42,39,46,33,19,3,55,59,1,3,7,2,11,2,10,11,3.34,7.6,25.38,Fringe,Very Consistent,723,SH #45,4
672,CE #84,RYNHARDT JONKER,,4,0.59,2.36,Centre,Lions,2,1.65,-2.28,0,0,0,0,0,0,0,0,0,0,0,0,0,0,0.99,153,0.02,0,0,45,0,2,1,0,2,1,17,1,0,0,0,0,1,0,0,582,673,390,267,474,412,450,338,480,442,478,567,617,118,36,59,4,23,18,35,75,87,53,45,74,60,71,55,60,61,51,69,80,1,3,6,1,4,2,6,38.25,0.01,0,0,11.25,0,0.5,0.25,0,0.5,0.25,4.25,0.25,0,0,0,0,0.25,0,0,521,268,390,267,357,412,359,262,480,324,449,464,624,118,36,59,4,7,18,35,78,39,53,45,70,60,70,54,60,49,42,57,80,1,3,6,1,2,2,6,11,4.45,6.8,30.26,Fringe,Boom/Bust,707,CE #84,6
672,SH #58,CONOR MCALPINE,,3,0.79,2.36,Scrum Half,Edinburgh Rugby,0,0,0,0,0.93,1.1,0.33,0,0,0,0,0,0,0,0,0,0,0,40,0.06,0,0,17,0,0,0,0,0,0,2,0,0,0,0,0,0,0,0,692,526,390,267,597,412,600,476,480,618,615,712,677,118,36,59,4,151,18,35,58,40,43,46,53,42,54,46,33,57,45,59,59,1,3,7,2,11,2,10,13.33,0.02,0,0,5.67,0,0,0,0,0,0,0.67,0,0,0,0,0,0,0,0,709,154,390,267,499,412,600,476,480,618,615,731,677,118,36,59,4,151,18,35,59,10,43,46,46,42,54,46,33,57,45,60,59,1,3,7,2,11,2,10,11,3.34,7.6,25.38,Fringe,Very Consistent,723,SH #45,4
674,OB #107,LEIGH HALFPENNY,,2,1.16,2.32,Outside Back,Cardiff Rugby,0,0,0,0,0,0,0,0,0,0,1.99,0,0,0,0,0,0,0.33,20,0.12,0,0,10,0,0,0,0,0,0,4,0,0,0,0,0,0,0,0,715,258,390,267,636,412,600,476,480,618,615,682,677,118,36,59,4,151,18,35,115,61,83,59,109,99,109,89,84,108,90,98,109,1,4,8,2,20,5,12,10,0.06,0,0,5,0,0,0,0,0,0,2,0,0,0,0,0,0,0,0,728,53,390,267,523,412,600,476,480,618,615,655,677,118,36,59,4,151,18,35,115,14,83,59,111,99,109,89,84,108,90,81,109,1,4,8,2,20,5,12,10,7.52,6.8,51.14,Fringe,,534,OB #96,29
675,FH #44,SIYA MASUKU,,8,0.28,2.26,Fly Half,Hollywoodbets Sharks,0,0,-0.91,1.66,0,0,0,0,0,0.63,0,0.33,0,0,0.64,-0.09,0,0,203,0.01,0,0,28,0,1,0,0,3,0,12,6,0,0,1,0,0,0,0,537,698,390,267,541,412,512,476,480,385,615,602,363,118,36,50,4,151,18,35,35,46,24,32,36,34,36,37,26,37,36,36,35,2,29,38,2,11,2,10,25.38,0,0,0,3.5,0,0.13,0,0,0.38,0,1.5,0.75,0,0,0.13,0,0,0,0,641,618,390,267,586,412,553,476,480,423,615,695,381,118,36,52,4,151,18,35,42,44,24,32,41,34,39,37,26,42,36,42,38,2,29,40,2,11,2,10,10,2.57,8.4,21.59,Fringe,Boom/Bust,740,FH #51,2
676,PR #106,JAMES WHITCOMBE,,5,0.42,2.1,Prop,Edinburgh Rugby,0.66,0,0,-0.09,0,0,0,0,0,0,0,0,1.53,0,0,0,0,0,88,0.02,0,0,2,0,0,1,0,0,0,5,1,0,0,0,0,0,0,0,640,673,390,267,698,412,600,338,480,618,615,666,617,118,36,59,4,151,18,35,116,94,36,12,118,23,86,18,67,79,128,126,103,5,1,1,1,23,2,1,17.6,0,0,0,0.4,0,0,0.2,0,0,0,1,0.2,0,0,0,0,0,0,0,695,618,390,267,704,412,600,303,480,618,615,707,648,118,36,59,4,151,18,35,125,66,36,12,121,23,86,15,67,79,128,130,108,5,1,1,1,23,2,1,10,9.35,6.9,64.52,Fringe,Very Consistent,427,PR #123,43
677,CE #85,JOE WESTWOOD,,5,0.41,2.04,Centre,Dragons RFC,0.4,0,0,0,-0.67,0,1.98,0,0.33,0,0,0,0,0,0,0,0,0,76,0.03,0,0,5,0,0,1,0,2,1,13,1,0,0,0,0,0,0,0,653,636,390,267,672,412,600,338,480,442,478,594,617,118,36,59,4,151,18,35,82,84,53,45,85,60,83,55,60,61,51,74,80,1,3,6,1,17,2,6,15.2,0.01,0,0,1,0,0,0.2,0,0.4,0.2,2.6,0.2,0,0,0,0,0,0,0,704,268,390,267,687,412,600,303,480,406,486,618,648,118,36,59,4,151,18,35,84,39,53,45,88,60,83,57,60,62,52,84,82,1,3,6,1,17,2,6,10,3.88,6.9,26.77,Fringe,Boom/Bust,718,CE #86,5
678,LK #90,EUAN MCVIE,,1,2.03,2.03,Lock,Edinburgh Rugby,0,0,0,0,0,0,0,0,0,0,0,0,0,0,0,0,0,2.03,13,0.16,0,0,7,0,1,0,0,0,0,1,0,0,0,0,0,0,0,0,723,149,390,267,660,412,512,476,480,618,615,725,677,118,36,59,4,151,18,35,92,7,42,15,82,39,55,60,62,81,83,94,83,56,1,1,1,27,4,1,13,0.16,0,0,7,0,1,0,0,0,0,1,0,0,0,0,0,0,0,0,710,20,390,267,459,412,214,476,480,618,615,707,677,118,36,59,4,151,18,35,91,3,42,15,32,39,6,60,62,81,83,94,83,56,1,1,1,27,4,1,10,8.07,8.1,65.37,Fringe,,418,LK #62,44
679,FH #45,HARRI WILDE,,1,2,2,Fly Half,Cardiff Rugby,0,0,0,0,0,2,0,0,0,0,0,0,0,0,0,0,0,0,1,2,0,0,0,0,0,0,0,0,0,0,0,0,0,1,0,0,0,0,746,1,390,267,713,412,600,476,480,618,615,737,677,118,36,50,4,151,18,35,50,1,24,32,44,34,40,37,26,44,36,48,45,2,29,38,2,11,2,10,1,2,0,0,0,0,0,0,0,0,0,0,0,0,0,1,0,0,0,0,745,1,390,267,713,412,600,476,480,618,615,737,677,118,36,25,4,151,18,35,50,1,24,32,44,34,40,37,26,44,36,48,45,2,29,19,2,11,2,10,10,6.74,8.5,57.29,Fringe,,491,FH #32,35
680,LK #91,BEN ROBERTS,,1,1.96,1.96,Lock,Ospreys,0,0,0,0,0,0,0,0,0,0,0,0,0,0,0,0,0,1.96,11,0.18,0,0,3,0,0,1,0,0,0,2,0,0,0,0,0,0,0,0,731,94,390,267,690,412,600,338,480,618,615,712,677,118,36,59,4,151,18,35,94,5,42,15,86,39,69,35,62,81,83,92,83,56,1,1,1,27,4,1,11,0.18,0,0,3,0,0,1,0,0,0,2,0,0,0,0,0,0,0,0,723,16,390,267,611,412,600,27,480,618,615,655,677,118,36,59,4,151,18,35,93,2,42,15,73,39,69,3,62,81,83,91,83,56,1,1,1,27,4,1,10,8.06,8.1,65.29,Fringe,,420,LK #63,44
681,LK #92,ALAN SPICER,,1,1.94,1.94,Lock,Leinster Rugby,0,0,0,0,0,0,0,0,0,0,0,1.94,0,0,0,0,0,0,36,0.05,0,0,3,0,0,0,0,0,1,8,0,0,0,0,0,0,0,0,694,568,390,267,690,412,600,476,480,618,478,635,677,118,36,59,4,151,18,35,88,75,42,15,86,39,69,60,62,81,66,85,83,56,1,1,1,27,4,1,36,0.05,0,0,3,0,0,0,0,0,1,8,0,0,0,0,0,0,0,0,543,64,390,267,611,412,600,476,480,618,32,145,677,118,36,59,4,151,18,35,75,7,42,15,73,39,69,60,62,81,4,36,83,56,1,1,1,27,4,1,9,8.06,8.1,65.29,Fringe,,420,LK #63,44
682,PR #107,RONAN FOXE,,4,0.46,1.85,Prop,Munster Rugby,0,0.11,0,-0.68,2.89,-0.47,0,0,0,0,0,0,0,0,0,0,0,0,61,0.03,0,0,13,0,2,0,0,0,4,10,1,0,0,0,0,0,0,0,671,636,390,267,620,412,450,476,480,618,249,616,617,118,36,59,4,151,18,35,124,75,36,12,91,23,38,53,67,79,73,119,103,5,1,1,1,23,2,1,15.25,0.01,0,0,3.25,0,0.5,0,0,0,1,2.5,0.25,0,0,0,0,0,0,0,703,268,390,267,602,412,359,476,480,618,32,624,624,118,36,59,4,151,18,35,127,14,36,12,59,23,18,53,67,79,20,124,98,5,1,1,1,23,2,1,9,9.67,6.8,65.76,Fringe,Boom/Bust,412,PR #120,45
683,PR #108,CAMERON DAWSON,,2,0.83,1.65,Prop,Hollywoodbets Sharks,0,1.32,0,0,0.33,0,0,0,0,0,0,0,0,0,0,0,0,0,26,0.06,0,0,0,0,0,0,0,0,0,5,0,0,0,0,0,0,0,0,709,526,390,267,713,412,600,476,480,618,615,666,677,118,36,59,4,151,18,35,127,28,36,12,125,23,86,53,67,79,128,126,119,5,1,1,1,23,2,1,13,0.03,0,0,0,0,0,0,0,0,0,2.5,0,0,0,0,0,0,0,0,710,109,390,267,713,412,600,476,480,618,615,624,677,118,36,59,4,151,18,35,128,7,36,12,125,23,86,53,67,79,128,124,119,5,1,1,1,23,2,1,9,10.39,7.2,74.81,Fringe,,330,PR #93,56
684,PR #109,MIKEY JONES,,2,0.82,1.64,Prop,Edinburgh Rugby,0,0,0,0,0,0,0,0.32,0,0,1.32,0,0,0,0,0,0,0,22,0.07,0,0,0,0,0,0,0,0,1,8,0,0,0,0,0,0,0,0,713,483,390,267,713,412,600,476,480,618,478,635,677,118,36,59,4,151,18,35,128,16,36,12,125,23,86,53,67,79,115,123,119,5,1,1,1,23,2,1,11,0.04,0,0,0,0,0,0,0,0,0.5,4,0,0,0,0,0,0,0,0,723,78,390,267,713,412,600,476,480,618,232,481,677,118,36,59,4,151,18,35,130,6,36,12,125,23,86,53,67,79,86,98,119,5,1,1,1,23,2,1,9,10.39,7.2,74.81,Fringe,,330,PR #93,56
685,PR #110,NIALL SMYTH,,2,0.82,1.63,Prop,Leinster Rugby,0,0,0,0,0,0,0,0,0,3.04,-1.41,0,0,0,0,0,0,0,75,0.02,0,0,5,0,2,0,0,0,3,11,2,0,0,0,0,0,0,0,656,673,390,267,672,412,450,476,480,618,323,607,556,118,36,59,4,151,18,35,119,94,36,12,110,23,38,53,67,79,88,117,86,5,1,1,1,23,2,1,37.5,0.01,0,0,2.5,0,1,0,0,0,1.5,5.5,1,0,0,0,0,0,0,0,529,268,390,267,630,412,214,476,480,618,8,332,234,118,36,59,4,151,18,35,71,14,36,12,75,23,3,53,67,79,6,53,10,5,1,1,1,23,2,1,9,10.39,7.2,74.81,Fringe,,330,PR #93,56
686,PR #111,JAMIE BHATTI,,8,0.2,1.58,Prop,Glasgow Warriors,-2.04,0,0,0,-2.68,1.31,0,0,0,2.11,1.68,0.85,0,-0.24,0,0,0.59,0,358,0,0,0,20,0,0,0,1,2,11,41,5,0,0,0,0,0,0,0,423,715,390,267,582,412,600,476,323,442,28,374,404,118,36,59,4,151,18,35,58,118,36,12,75,23,86,53,34,30,16,71,47,5,1,1,1,23,2,1,44.75,0,0,0,2.5,0,0,0,0.13,0.25,1.38,5.13,0.63,0,0,0,0,0,0,0,430,618,390,267,630,412,600,476,378,513,11,365,445,118,36,59,4,151,18,35,33,66,36,12,75,23,86,53,44,32,9,58,44,5,1,1,1,23,2,1,9,8.07,8.1,65.37,Fringe,Boom/Bust,418,PR #121,44
687,CE #86,ELIJAH EVANS,,3,0.52,1.55,Centre,Cardiff Rugby,0,0,0,0,0,0,0,0,0,0,2.89,0,0,-1.34,0,0,0,0,28,0.06,0,0,9,0,1,0,0,1,1,5,0,0,0,0,0,0,0,0,706,526,390,267,645,412,512,476,480,526,478,666,677,118,36,59,4,151,18,35,84,74,53,45,82,60,77,70,60,68,51,82,84,1,3,6,1,17,2,6,9.33,0.02,0,0,3,0,0.33,0,0,0.33,0.33,1.67,0,0,0,0,0,0,0,0,733,154,390,267,611,412,450,476,480,451,373,686,677,118,36,59,4,151,18,35,88,20,53,45,86,60,77,70,60,66,34,88,84,1,3,6,1,17,2,6,9,4.91,6.9,33.88,Fringe,,685,CE #81,9
688,LF #127,LOUW NEL,,1,1.52,1.52,Loose Forward,DHL Stormers,0,0,0,0,0,0,0,0,0,1.52,0,0,0,0,0,0,0,0,23,0.07,0,0,12,0,0,0,0,1,0,4,0,0,0,0,0,0,0,0,712,483,390,267,627,412,600,476,480,526,615,682,677,118,36,59,4,151,18,35,129,116,77,50,121,92,117,96,104,106,114,127,124,40,1,1,1,40,6,1,23,0.07,0,0,12,0,0,0,0,1,0,4,0,0,0,0,0,0,0,0,664,43,390,267,343,412,600,476,480,116,615,481,677,118,36,59,4,151,18,35,122,4,77,50,79,92,117,96,104,12,114,115,124,40,1,1,1,40,6,1,9,5.94,8.4,49.9,Fringe,,543,LF #85,28
689,CE #87,GORDON WOOD,,1,1.49,1.49,Centre,Munster Rugby,0,0,0,0,0,0,0,0,0,0,0,0,0,0,0,0,0,1.49,13,0.11,0,0,5,0,0,0,0,0,0,3,0,0,0,0,0,0,0,0,723,309,390,267,672,412,600,476,480,618,615,696,677,118,36,59,4,151,18,35,86,39,53,45,85,60,83,70,60,79,69,84,84,1,3,6,1,17,2,6,13,0.11,0,0,5,0,0,0,0,0,0,3,0,0,0,0,0,0,0,0,710,27,390,267,523,412,600,476,480,618,615,583,677,118,36,59,4,151,18,35,85,5,53,45,82,60,83,70,60,79,69,75,84,1,3,6,1,17,2,6,8,5.96,7.6,45.3,Fringe,,585,CE #57,22
690,PR #112,SAM CREAN,,11,0.13,1.43,Prop,Ulster Rugby,0.96,0,-2.43,1.98,-0.66,-1.69,-1.52,0.64,0,0,-0.76,0,-1.07,0,0.2,0,0,5.78,452,0,0,0,12,0,0,0,0,5,14,81,10,0,0,0,0,0,0,0,345,715,390,267,627,412,600,476,480,279,13,151,204,118,36,59,4,151,18,35,39,118,36,12,95,23,86,53,67,6,10,14,13,5,1,1,1,23,2,1,41.09,0,0,0,1.09,0,0,0,0,0.45,1.27,7.36,0.91,0,0,0,0,0,0,0,480,618,390,267,685,412,600,476,480,378,14,174,309,118,36,59,4,151,18,35,56,66,36,12,109,23,86,53,67,7,10,17,18,5,1,1,1,23,2,1,8,7.37,10.4,76.65,Fringe,Boom/Bust,323,PR #90,57
690,OB #108,MATT DAVIDSON,,1,1.43,1.43,Outside Back,Edinburgh Rugby,0,0,0,0,0,0,1.43,0,0,0,0,0,0,0,0,0,0,0,25,0.06,0,0,1,0,1,0,0,0,0,1,0,0,0,0,0,0,0,0,710,526,390,267,702,412,512,476,480,618,615,725,677,118,36,59,4,151,18,35,114,100,83,59,115,99,102,89,84,108,90,111,109,1,4,8,2,20,5,12,25,0.06,0,0,1,0,1,0,0,0,0,1,0,0,0,0,0,0,0,0,645,53,390,267,687,412,214,476,480,618,615,707,677,118,36,59,4,151,18,35,111,14,83,59,115,99,81,89,84,108,90,105,109,1,4,8,2,20,5,12,8,8.18,7.2,58.9,Fringe,,472,OB #79,37
692,OB #109,IWAN STEPHENS,,2,0.71,1.42,Outside Back,Cardiff Rugby,0,0,0,0,0,0,0,0,0,4.96,0,0,0,-3.54,0,0,0,0,93,0.02,0,0,36,0,1,0,1,2,0,4,6,0,0,0,0,0,0,0,638,673,390,267,500,412,512,476,323,442,615,682,363,118,36,59,4,151,18,35,102,109,83,59,100,99,102,89,51,87,90,98,70,1,4,8,2,20,5,12,46.5,0.01,0,0,18,0,0.5,0,0.5,1,0,2,3,0,0,0,0,0,0,0,411,268,390,267,245,412,359,476,83,116,615,655,5,118,36,59,4,151,18,35,101,60,83,59,95,99,101,89,10,61,90,81,3,1,4,8,2,20,5,12,8,7.45,6.8,50.66,Fringe,,537,OB #97,29
693,PR #113,OLIVER REID,,1,1.33,1.33,Prop,DHL Stormers,1.33,0,0,0,0,0,0,0,0,0,0,0,0,0,0,0,0,0,17,0.08,0,0,0,0,0,0,1,0,1,1,0,0,0,0,0,0,0,0,719,442,390,267,713,412,600,476,323,618,478,725,677,118,36,59,4,151,18,35,129,12,36,12,125,23,86,53,34,79,115,131,119,5,1,1,1,23,2,1,17,0.08,0,0,0,0,0,0,1,0,1,1,0,0,0,0,0,0,0,0,697,39,390,267,713,412,600,476,7,618,32,707,677,118,36,59,4,151,18,35,126,2,36,12,125,23,86,53,1,79,20,130,119,5,1,1,1,23,2,1,8,10.69,7.6,81.24,Fringe,,286,PR #77,62
694,LK #93,DYLAN COCKBURN,,2,0.64,1.27,Lock,Glasgow Warriors,0,0,0,0,0,0,0,0,0,0,0,0,0,0,1.16,0.11,0,0,68,0.02,0,0,1,0,0,0,0,2,1,9,0,0,0,0,0,0,0,0,661,673,390,267,702,412,600,476,480,442,478,626,677,118,36,59,4,151,18,35,83,89,42,15,88,39,69,60,62,60,66,82,83,56,1,1,1,27,4,1,34,0.01,0,0,0.5,0,0,0,0,1,0.5,4.5,0,0,0,0,0,0,0,0,569,268,390,267,699,412,600,476,480,116,232,435,677,118,36,59,4,151,18,35,77,27,42,15,88,39,69,60,62,5,37,82,83,56,1,1,1,27,4,1,8,7.39,7.6,56.16,Fringe,,500,LK #85,34
695,PR #114,ED BYRNE,,3,0.42,1.25,Prop,Cardiff Rugby,0,0,0,0,0,0,0,0,0,0,0,0,0,0,-0.79,0.59,1.45,0,127,0.01,0,0,32,0,0,0,0,1,2,10,3,0,0,0,0,0,0,0,602,698,390,267,517,412,600,476,480,526,405,616,500,118,36,59,4,151,18,35,108,109,36,12,50,23,86,53,67,55,104,119,71,5,1,1,1,23,2,1,42.33,0,0,0,10.67,0,0,0,0,0.33,0.67,3.33,1,0,0,0,0,0,0,0,463,618,390,267,372,412,600,476,480,451,137,558,234,118,36,59,4,151,18,35,51,66,36,12,7,23,86,53,67,18,64,113,10,5,1,1,1,23,2,1,8,9.91,6.9,68.38,Fringe,Average,381,PR #114,49
696,HK #67,TOMAS MONTILLA,,1,1.17,1.17,Hooker,Benetton Rugby,0,0,0,0,0,1.17,0,0,0,0,0,0,0,0,0,0,0,0,17,0.07,0,0,0,0,0,0,0,0,0,4,1,0,0,0,0,0,0,0,719,483,390,267,713,412,600,476,480,618,615,682,617,118,36,59,4,151,18,35,66,64,39,15,66,30,49,32,51,58,57,65,53,19,1,1,1,9,2,1,17,0.07,0,0,0,0,0,0,0,0,0,4,1,0,0,0,0,0,0,0,697,43,390,267,713,412,600,476,480,618,615,481,234,118,36,59,4,151,18,35,61,10,39,15,66,30,49,32,51,58,57,56,12,19,1,1,1,9,2,1,7,4.9,7.7,37.73,Fringe,,654,HK #50,13
697,PR #115,JOE COWELL,,1,1.09,1.09,Prop,Cardiff Rugby,0,0,0,0,0,0,0,0,0,0,1.09,0,0,0,0,0,0,0,10,0.11,0,0,1,0,0,0,0,0,0,3,0,0,0,0,0,0,0,0,734,309,390,267,702,412,600,476,480,618,615,696,677,118,36,59,4,151,18,35,132,4,36,12,121,23,86,53,67,79,128,130,119,5,1,1,1,23,2,1,10,0.11,0,0,1,0,0,0,0,0,0,3,0,0,0,0,0,0,0,0,728,27,390,267,687,412,600,476,480,618,615,583,677,118,36,59,4,151,18,35,132,1,36,12,111,23,86,53,67,79,128,117,119,5,1,1,1,23,2,1,7,10.63,7.6,80.79,Fringe,,295,PR #79,61
698,CE #88,STEWART MOORE,,1,1.06,1.06,Centre,Ulster Rugby,0,0,0,0,0,1.06,0,0,0,0,0,0,0,0,0,0,0,0,17,0.06,0,0,4,0,0,0,0,0,0,2,0,0,0,0,0,0,0,0,719,526,390,267,682,412,600,476,480,618,615,712,677,118,36,59,4,151,18,35,85,74,53,45,87,60,83,70,60,79,69,87,84,1,3,6,1,17,2,6,17,0.06,0,0,4,0,0,0,0,0,0,2,0,0,0,0,0,0,0,0,697,53,390,267,569,412,600,476,480,618,615,655,677,118,36,59,4,151,18,35,83,10,53,45,85,60,83,70,60,79,69,85,84,1,3,6,1,17,2,6,7,5.93,7.6,45.07,Fringe,,587,CE #58,22
699,LK #94,JACOBUS GROBBELAAR,,1,1.02,1.02,Lock,Vodacom Bulls,0,0,0,0,0,1.02,0,0,0,0,0,0,0,0,0,0,0,0,57,0.02,0,0,13,0,0,0,0,1,1,4,0,0,0,0,0,0,0,0,675,673,390,267,620,412,600,476,480,526,478,682,677,118,36,59,4,151,18,35,85,89,42,15,75,39,69,60,62,67,66,88,83,56,1,1,1,27,4,1,57,0.02,0,0,13,0,0,0,0,1,1,4,0,0,0,0,0,0,0,0,269,154,390,267,327,412,600,476,480,116,32,481,677,118,36,59,4,151,18,35,38,20,42,15,10,39,69,60,62,5,4,84,83,56,1,1,1,27,4,1,7,7.93,8.1,64.23,Fringe,,430,LK #67,43
700,LF #128,GIACOMO MILANO,,2,0.49,0.97,Loose Forward,Zebre Parma,0,0,0,0,0.31,0,0,0,0.66,0,0,0,0,0,0,0,0,0,28,0.03,0,0,0,0,0,0,0,0,0,4,1,0,0,0,0,0,0,0,706,636,390,267,713,412,600,476,480,618,615,682,617,118,36,59,4,151,18,35,127,124,77,50,129,92,117,96,104,119,114,127,111,40,1,1,1,40,6,1,14,0.02,0,0,0,0,0,0,0,0,0,2,0.5,0,0,0,0,0,0,0,707,154,390,267,713,412,600,476,480,618,615,655,499,118,36,59,4,151,18,35,129,29,77,50,129,92,117,96,104,119,114,126,92,40,1,1,1,40,6,1,7,5.36,7.9,42.34,Fringe,,614,LF #104,18
701,HK #68,MAX PEARCE,,1,0.8,0.8,Hooker,Cardiff Rugby,0,0,0,0,0,0.8,0,0,0,0,0,0,0,0,0,0,0,0,1,0.8,0,0,5,0,0,0,0,0,0,0,0,0,0,0,0,0,0,0,746,2,390,267,672,412,600,476,480,618,615,737,677,118,36,59,4,151,18,35,71,1,39,15,62,30,49,32,51,58,57,69,61,19,1,1,1,9,2,1,1,0.8,0,0,5,0,0,0,0,0,0,0,0,0,0,0,0,0,0,0,745,2,390,267,523,412,600,476,480,618,615,737,677,118,36,59,4,151,18,35,71,1,39,15,52,30,49,32,51,58,57,69,61,19,1,1,1,9,2,1,7,4.87,7.7,37.5,Fringe,,657,HK #51,13
702,LF #129,BEN WILLIAMS,,2,0.37,0.73,Loose Forward,Scarlets,0,0,0.4,0.33,0,0,0,0,0,0,0,0,0,0,0,0,0,0,24,0.03,0,0,4,0,0,0,0,0,0,1,0,0,0,0,0,0,0,0,711,636,390,267,682,412,600,476,480,618,615,725,677,118,36,59,4,151,18,35,128,124,77,50,126,92,117,96,104,119,114,131,124,40,1,1,1,40,6,1,12,0.02,0,0,2,0,0,0,0,0,0,0.5,0,0,0,0,0,0,0,0,717,154,390,267,648,412,600,476,480,618,615,733,677,118,36,59,4,151,18,35,130,29,77,50,126,92,117,96,104,119,114,131,124,40,1,1,1,40,6,1,7,5.34,7.9,42.19,Fringe,,616,LF #105,18
703,OB #110,IORI BADHAM,,2,0.35,0.69,Outside Back,Scarlets,0,0,0,0,0,1.69,0,0,0,0,-1,0,0,0,0,0,0,0,94,0.01,0,0,8,0,0,0,0,1,1,8,1,0,0,0,0,0,0,0,635,698,390,267,650,412,600,476,480,526,478,635,617,118,36,59,4,151,18,35,101,110,83,59,111,99,109,89,84,100,70,85,102,1,4,8,2,20,5,12,47,0.01,0,0,4,0,0,0,0,0.5,0.5,4,0.5,0,0,0,0,0,0,0,405,268,390,267,569,412,600,476,480,324,232,481,499,118,36,59,4,151,18,35,100,60,83,59,113,99,109,89,84,96,25,32,98,1,4,8,2,20,5,12,6,7.39,6.8,50.25,Fringe,,539,OB #98,28
703,OB #110,BEN MOXHAM,,3,0.23,0.69,Outside Back,Ulster Rugby,0,0,0,0,0,0,0,0,0,0,0,0,0,1.4,0,-0.71,0,0,105,0.01,0,0,32,0,0,0,0,1,1,3,2,0,0,0,0,0,0,0,626,698,390,267,517,412,600,476,480,526,478,696,556,118,36,59,4,151,18,35,98,110,83,59,103,99,109,89,84,100,70,103,96,1,4,8,2,20,5,12,35,0,0,0,10.67,0,0,0,0,0.33,0.33,1,0.67,0,0,0,0,0,0,0,560,618,390,267,372,412,600,476,480,451,373,707,423,118,36,59,4,151,18,35,109,111,83,59,107,99,109,89,84,103,50,105,94,1,4,8,2,20,5,12,6,6.66,6.6,43.96,Fringe,,598,OB #108,21
705,LK #95,WILLIAM GREATBANKS,,1,0.66,0.66,Lock,Ospreys,0,0,0,0,0,0.66,0,0,0,0,0,0,0,0,0,0,0,0,12,0.06,0,0,0,0,0,0,0,0,0,2,0,0,0,0,0,0,0,0,729,526,390,267,713,412,600,476,480,618,615,712,677,118,36,59,4,151,18,35,93,63,42,15,90,39,69,60,62,81,83,92,83,56,1,1,1,27,4,1,12,0.06,0,0,0,0,0,0,0,0,0,2,0,0,0,0,0,0,0,0,717,53,390,267,713,412,600,476,480,618,615,655,677,118,36,59,4,151,18,35,92,6,42,15,90,39,69,60,62,81,83,91,83,56,1,1,1,27,4,1,6,7.88,8.1,63.83,Fringe,,435,LK #69,42
705,CE #89,GABE MCDONALD,,2,0.33,0.66,Centre,Scarlets,0,0,0,0,0,0.66,0,0,0,0,0,0,0,0,0,0,0,0,2,0.33,0,0,0,0,0,0,0,0,0,2,0,0,0,0,0,0,0,0,745,11,390,267,713,412,600,476,480,618,615,712,677,118,36,59,4,151,18,35,90,1,53,45,89,60,83,70,60,79,69,87,84,1,3,6,1,17,2,6,1,0.17,0,0,0,0,0,0,0,0,0,1,0,0,0,0,0,0,0,0,745,18,390,267,713,412,600,476,480,618,615,707,677,118,36,59,4,151,18,35,90,3,53,45,89,60,83,70,60,79,69,89,84,1,3,6,1,17,2,6,6,5.36,7.2,38.59,Fringe,,647,CE #74,14
705,SH #59,HARRI WILLIAMS,,1,0.66,0.66,Scrum Half,Ospreys,0,0,0,0,0,0,0,0,0,0,0,0,0,0.66,0,0,0,0,1,0.66,0,0,0,0,0,0,0,0,0,2,0,0,0,0,0,0,0,0,746,3,390,267,713,412,600,476,480,618,615,712,677,118,36,59,4,151,18,35,63,1,43,46,61,42,54,46,33,57,45,59,59,1,3,7,2,11,2,10,1,0.66,0,0,0,0,0,0,0,0,0,2,0,0,0,0,0,0,0,0,745,3,390,267,713,412,600,476,480,618,615,655,677,118,36,59,4,151,18,35,63,1,43,46,61,42,54,46,33,57,45,44,59,1,3,7,2,11,2,10,6,3.9,8.5,33.15,Squad,,688,SH #34,9
708,PR #116,GABE HAWLEY,,1,0.65,0.65,Prop,Scarlets,0,0,0,0,0,0,0,0,0,0,0,0,0.65,0,0,0,0,0,31,0.02,0,0,0,0,0,0,0,0,1,5,0,0,0,0,0,0,0,0,701,673,390,267,713,412,600,476,480,618,478,666,677,118,36,59,4,151,18,35,126,94,36,12,125,23,86,53,67,79,115,126,119,5,1,1,1,23,2,1,31,0.02,0,0,0,0,0,0,0,0,1,5,0,0,0,0,0,0,0,0,601,154,390,267,713,412,600,476,480,618,32,373,677,118,36,59,4,151,18,35,96,10,36,12,125,23,86,53,67,79,20,62,119,5,1,1,1,23,2,1,6,10.51,7.6,79.88,Fringe,,299,PR #80,60
708,PR #116,HENCUS VAN WYK,,1,0.65,0.65,Prop,DHL Stormers,0,0,0,0.65,0,0,0,0,0,0,0,0,0,0,0,0,0,0,13,0.05,0,0,0,0,0,0,0,0,1,5,0,0,0,0,0,0,0,0,723,568,390,267,713,412,600,476,480,618,478,666,677,118,36,59,4,151,18,35,130,41,36,12,125,23,86,53,67,79,115,126,119,5,1,1,1,23,2,1,13,0.05,0,0,0,0,0,0,0,0,1,5,0,0,0,0,0,0,0,0,710,64,390,267,713,412,600,476,480,618,32,373,677,118,36,59,4,151,18,35,128,5,36,12,125,23,86,53,67,79,20,62,119,5,1,1,1,23,2,1,6,10.51,7.6,79.88,Fringe,,299,PR #80,60
710,CE #90,CORNEL SMIT,,1,0.63,0.63,Centre,Vodacom Bulls,0,0,0,0,0,0.63,0,0,0,0,0,0,0,0,0,0,0,0,9,0.07,0,0,3,0,0,0,0,0,0,1,0,0,0,0,0,0,0,0,737,483,390,267,690,412,600,476,480,618,615,725,677,118,36,59,4,151,18,35,89,68,53,45,88,60,83,70,60,79,69,90,84,1,3,6,1,17,2,6,9,0.07,0,0,3,0,0,0,0,0,0,1,0,0,0,0,0,0,0,0,734,43,390,267,611,412,600,476,480,618,615,707,677,118,36,59,4,151,18,35,89,9,53,45,86,60,83,70,60,79,69,89,84,1,3,6,1,17,2,6,6,5.89,7.6,44.76,Fringe,,591,CE #61,21
711,LF #130,JOSH ERICSON,,3,0.19,0.57,Loose Forward,Leinster Rugby,0,0,0,0,0,0,0,0,0,0,0.57,0,0,0,0,0,0,0,5,0.11,0,0,0,0,0,0,0,0,0,4,1,0,0,0,0,0,0,0,740,309,390,267,713,412,600,476,480,618,615,682,617,118,36,59,4,151,18,35,131,74,77,50,129,92,117,96,104,119,114,127,111,40,1,1,1,40,6,1,1.67,0.04,0,0,0,0,0,0,0,0,0,1.33,0.33,0,0,0,0,0,0,0,744,78,390,267,713,412,600,476,480,618,615,702,581,118,36,59,4,151,18,35,131,11,77,50,129,92,117,96,104,119,114,130,107,40,1,1,1,40,6,1,5,4.8,7.6,36.48,Fringe,,665,LF #116,12
712,OB #112,TAPIWA MAFURA,,1,0.55,0.55,Outside Back,Lions,0.55,0,0,0,0,0,0,0,0,0,0,0,0,0,0,0,0,0,62,0.01,0,0,4,0,0,0,1,2,0,5,2,0,0,0,0,0,0,0,669,698,390,267,682,412,600,476,323,442,615,666,556,118,36,59,4,151,18,35,109,110,83,59,114,99,109,89,51,87,90,97,96,1,4,8,2,20,5,12,62,0.01,0,0,4,0,0,0,1,2,0,5,2,0,0,0,0,0,0,0,204,268,390,267,569,412,600,476,7,12,615,373,21,118,36,59,4,151,18,35,78,60,83,59,113,99,109,89,1,9,90,14,10,1,4,8,2,20,5,12,5,8.11,7.2,58.39,Fringe,,477,OB #82,37
713,PR #118,SAM WAINWRIGHT,,6,0.09,0.54,Prop,Cardiff Rugby,0,-0.34,0,0,0,-0.09,-0.34,-0.33,0,0,0,0,0.32,0,0,0,1.32,0,130,0,0,0,1,0,1,0,0,0,5,18,2,0,0,0,0,0,0,0,598,715,390,267,702,412,512,476,480,618,187,557,556,118,36,59,4,151,18,35,106,118,36,12,121,23,56,53,67,79,57,104,86,5,1,1,1,23,2,1,21.67,0,0,0,0.17,0,0.17,0,0,0,0.83,3,0.33,0,0,0,0,0,0,0,673,618,390,267,712,412,530,476,480,618,96,583,581,118,36,59,4,151,18,35,117,66,36,12,124,23,57,53,67,79,51,117,86,5,1,1,1,23,2,1,5,8.57,7.1,60.85,Fringe,,460,PR #130,39
714,PR #119,STI SITHOLE,,2,0.25,0.49,Prop,DHL Stormers,0,0,0,0,0,-0.65,0,0,0,0,0,1.14,0,0,0,0,0,0,46,0.01,0,0,1,0,0,0,0,0,0,8,3,0,0,0,0,0,0,0,686,698,390,267,702,412,600,476,480,618,615,635,500,118,36,59,4,151,18,35,125,109,36,12,121,23,86,53,67,79,128,123,71,5,1,1,1,23,2,1,23,0.01,0,0,0.5,0,0,0,0,0,0,4,1.5,0,0,0,0,0,0,0,664,268,390,267,699,412,600,476,480,618,615,481,74,118,36,59,4,151,18,35,114,14,36,12,119,23,86,53,67,79,128,98,4,5,1,1,1,23,2,1,5,10.09,7.2,72.65,Fringe,,350,PR #103,53
715,FH #46,LUKE SCULLY,,1,0.33,0.33,Fly Half,Ospreys,0,0,0,0,0,0,0,0,0,0,0,0.33,0,0,0,0,0,0,12,0.03,0,0,0,0,0,0,0,0,0,1,0,0,0,0,0,0,0,0,729,636,390,267,713,412,600,476,480,618,615,725,677,118,36,59,4,151,18,35,47,44,24,32,44,34,40,37,26,44,36,44,45,2,29,41,2,11,2,10,12,0.03,0,0,0,0,0,0,0,0,0,1,0,0,0,0,0,0,0,0,717,109,390,267,713,412,600,476,480,618,615,707,677,118,36,59,4,151,18,35,46,8,24,32,44,34,40,37,26,44,36,43,45,2,29,41,2,11,2,10,5,6.6,8.5,56.1,Fringe,,501,FH #34,33
715,PR #120,IOAN EMANUEL,,1,0.33,0.33,Prop,Cardiff Rugby,0,0,0,0,0,0.33,0,0,0,0,0,0,0,0,0,0,0,0,11,0.03,0,0,0,0,0,0,0,0,0,1,0,0,0,0,0,0,0,0,731,636,390,267,713,412,600,476,480,618,615,725,677,118,36,59,4,151,18,35,131,75,36,12,125,23,86,53,67,79,128,131,119,5,1,1,1,23,2,1,11,0.03,0,0,0,0,0,0,0,0,0,1,0,0,0,0,0,0,0,0,723,109,390,267,713,412,600,476,480,618,615,707,677,118,36,59,4,151,18,35,130,7,36,12,125,23,86,53,67,79,128,130,119,5,1,1,1,23,2,1,5,10.43,7.6,79.27,Fringe,,304,PR #83,60
715,FH #46,CASPAR GABRIEL,,1,0.33,0.33,Fly Half,Leinster Rugby,0,0,0,0,0.33,0,0,0,0,0,0,0,0,0,0,0,0,0,5,0.07,0,0,0,0,0,0,0,0,0,1,0,0,0,0,0,0,0,0,740,483,390,267,713,412,600,476,480,618,615,725,677,118,36,59,4,151,18,35,48,38,24,32,44,34,40,37,26,44,36,44,45,2,29,41,2,11,2,10,5,0.07,0,0,0,0,0,0,0,0,0,1,0,0,0,0,0,0,0,0,739,43,390,267,713,412,600,476,480,618,615,707,677,118,36,59,4,151,18,35,48,4,24,32,44,34,40,37,26,44,36,43,45,2,29,41,2,11,2,10,5,6.6,8.5,56.1,Fringe,,501,FH #34,33
718,PR #121,RABAH SLIMANI,,11,0.03,0.3,Prop,Leinster Rugby,-4.1,0.1,0,0,1.98,2.05,0.99,0,0,0,0,1.31,-7.67,3.99,1.01,0,0.65,-0.01,419,0,0,1,12,0,0,0,1,1,10,45,5,0,0,0,0,1,0,0,369,715,390,138,627,412,600,476,323,526,41,351,404,118,36,59,4,23,18,35,45,118,36,7,95,23,86,53,34,55,22,62,47,5,1,1,1,4,2,1,38.09,0,0,0.09,1.09,0,0,0,0.09,0.09,0.91,4.09,0.45,0,0,0,0,0.09,0,0,524,618,390,212,685,412,600,476,431,604,77,477,540,118,36,59,4,75,18,35,68,66,36,10,109,23,86,53,57,73,42,96,70,5,1,1,1,12,2,1,5,7.13,10.4,74.15,Fringe,,338,PR #97,55
719,SH #60,JACK OLIVER,,6,0.04,0.24,Scrum Half,Glasgow Warriors,0,0,0,0,0,0,0,0,0,0,0,0.66,0,-0.3,0.63,-0.75,0,0,109,0,0,0,10,1,1,0,0,2,0,3,5,0,0,0,0,0,0,0,622,715,390,267,636,286,512,476,480,442,615,696,404,118,36,59,4,151,18,35,54,60,43,46,55,24,46,46,33,45,45,55,34,1,3,7,2,11,2,10,18.17,0,0,0,1.67,0.17,0.17,0,0,0.33,0,0.5,0.83,0,0,0,0,0,0,0,690,618,390,267,666,273,530,476,480,451,615,733,336,118,36,59,4,151,18,35,55,48,43,46,57,22,47,46,33,43,45,61,30,1,3,7,2,11,2,10,4,2.12,7.6,16.11,Fringe,,749,SH #63,0
720,SH #61,COLM REILLY,,4,0.04,0.17,Scrum Half,Connacht Rugby,0,0,0,0,0,0,0,0,0,0,0,0.24,0.44,0,0,-0.51,0,0,119,0,0,0,7,0,0,1,0,0,0,9,6,0,0,0,0,0,0,0,612,715,390,267,660,412,600,338,480,618,615,626,363,118,36,59,4,151,18,35,51,60,43,46,56,42,54,34,33,57,45,49,32,1,3,7,2,11,2,10,29.75,0,0,0,1.75,0,0,0.25,0,0,0,2.25,1.5,0,0,0,0,0,0,0,614,618,390,267,663,412,600,262,480,618,615,643,74,118,36,59,4,151,18,35,42,48,43,46,56,42,54,19,33,57,45,38,3,1,3,7,2,11,2,10,4,2.81,7.4,20.79,Fringe,,744,SH #60,1
721,FH #48,CLINTON SWART,,3,0.04,0.13,Fly Half,DHL Stormers,0.13,0,0,0,0,0,0,0,0,0,0,0,0,0,0,0,0,0,36,0,0,0,3,0,0,1,0,0,0,1,2,0,0,0,0,0,0,0,694,715,390,267,690,412,600,338,480,618,615,725,556,118,36,59,4,151,18,35,44,47,24,32,42,34,40,28,26,44,36,44,40,2,29,41,2,11,2,10,12,0,0,0,1,0,0,0.33,0,0,0,0.33,0.67,0,0,0,0,0,0,0,717,618,390,267,687,412,600,207,480,618,615,736,423,118,36,59,4,151,18,35,46,44,24,32,42,34,40,21,26,44,36,47,39,2,29,41,2,11,2,10,4,5.38,7.6,40.89,Fringe,,628,FH #47,17
722,FH #49,LUAN GILIOMEE,,1,0,0,Fly Half,Hollywoodbets Sharks,0,0,0,0,0,0,0,0,0,0,0,0,0,0,0,0,0,0,17,0,0,0,0,0,0,0,0,0,0,0,0,0,0,0,0,0,0,0,719,715,390,267,713,412,600,476,480,618,615,737,677,118,36,59,4,151,18,35,46,47,24,32,44,34,40,37,26,44,36,48,45,2,29,41,2,11,2,10,17,0,0,0,0,0,0,0,0,0,0,0,0,0,0,0,0,0,0,0,697,618,390,267,713,412,600,476,480,618,615,737,677,118,36,59,4,151,18,35,45,44,24,32,44,34,40,37,26,44,36,48,45,2,29,41,2,11,2,10,3,10.07,8.5,85.6,Squad,,260,FH #23,66
722,HK #69,ETHAN BESTER,,1,0,0,Hooker,Hollywoodbets Sharks,0,0,0,0,0,0,0,0,0,0,0,0,0,0,0,0,0,0,8,0,0,0,0,0,0,0,0,0,0,0,0,0,0,0,0,0,0,0,738,715,390,267,713,412,600,476,480,618,615,737,677,118,36,59,4,151,18,35,69,69,39,15,66,30,49,32,51,58,57,69,61,19,1,1,1,9,2,1,8,0,0,0,0,0,0,0,0,0,0,0,0,0,0,0,0,0,0,0,736,618,390,267,713,412,600,476,480,618,615,737,677,118,36,59,4,151,18,35,69,67,39,15,66,30,49,32,51,58,57,69,61,19,1,1,1,9,2,1,3,4.8,7.7,36.96,Fringe,,661,HK #52,12
722,SH #62,LAYTON HORN,,2,0,0,Scrum Half,Lions,0,0,0,0,0,0,0,0,0,0,0,0,0,0,0,0,0,0,5,0,0,0,0,0,0,0,0,0,0,0,0,0,0,0,0,0,0,0,740,715,390,267,713,412,600,476,480,618,615,737,677,118,36,59,4,151,18,35,62,60,43,46,61,42,54,46,33,57,45,62,59,1,3,7,2,11,2,10,2.5,0,0,0,0,0,0,0,0,0,0,0,0,0,0,0,0,0,0,0,742,618,390,267,713,412,600,476,480,618,615,737,677,118,36,59,4,151,18,35,62,48,43,46,61,42,54,46,33,57,45,62,59,1,3,7,2,11,2,10,3,3.49,7.9,27.57,Fringe,,717,SH #43,5
722,SH #62,SCOTT WHITLOCK,,1,0,0,Scrum Half,Ospreys,0,0,0,0,0,0,0,0,0,0,0,0,0,0,0,0,0,0,0,0,0,0,0,0,0,0,0,0,0,0,0,0,0,0,0,0,0,0,750,715,390,267,713,412,600,476,480,618,615,737,677,118,36,59,4,151,18,35,64,60,43,46,61,42,54,46,33,57,45,62,59,1,3,7,2,11,2,10,0,0,0,0,0,0,0,0,0,0,0,0,0,0,0,0,0,0,0,0,750,618,390,267,713,412,600,476,480,618,615,737,677,118,36,59,4,151,18,35,64,48,43,46,61,42,54,46,33,57,45,62,59,1,3,7,2,11,2,10,3,3.85,8.5,32.73,Squad,,691,SH #35,8
722,LK #96,OSIAN WILLIAMS,,1,0,0,Lock,Scarlets,0,0,0,0,0,0,0,0,0,0,0,0,0,0,0,0,0,0,0,0,0,0,0,0,0,0,0,0,0,0,0,0,0,0,0,0,0,0,750,715,390,267,713,412,600,476,480,618,615,737,677,118,36,59,4,151,18,35,95,94,42,15,90,39,69,60,62,81,83,95,83,56,1,1,1,27,4,1,0,0,0,0,0,0,0,0,0,0,0,0,0,0,0,0,0,0,0,0,750,618,390,267,713,412,600,476,480,618,615,737,677,118,36,59,4,151,18,35,95,78,42,15,90,39,69,60,62,81,83,95,83,56,1,1,1,27,4,1,3,7.79,8.1,63.1,Fringe,,438,LK #70,42
722,FH #49,TOMAS ALBORNOZ,,1,0,0,Fly Half,Benetton Rugby,0,0,0,0,0,0,0,0,0,0,0,0,0,0,0,0,0,0,0,0,0,0,0,0,0,0,0,0,0,0,0,0,0,0,0,0,0,0,750,715,390,267,713,412,600,476,480,618,615,737,677,118,36,59,4,151,18,35,51,47,24,32,44,34,40,37,26,44,36,48,45,2,29,41,2,11,2,10,0,0,0,0,0,0,0,0,0,0,0,0,0,0,0,0,0,0,0,0,750,618,390,267,713,412,600,476,480,618,615,737,677,118,36,59,4,151,18,35,51,44,24,32,44,34,40,37,26,44,36,48,45,2,29,41,2,11,2,10,3,6.57,8.5,55.85,Fringe,,504,FH #36,33
728,LK #97,DAN GEMINE,,1,-0.01,-0.01,Lock,Ospreys,0,0,0,-0.01,0,0,0,0,0,0,0,0,0,0,0,0,0,0,21,0,0,0,0,0,0,0,0,0,1,3,0,0,0,0,0,0,0,0,714,715,390,267,713,412,600,476,480,618,478,696,677,118,36,59,4,151,18,35,89,94,42,15,90,39,69,60,62,81,66,91,83,56,1,1,1,27,4,1,21,0,0,0,0,0,0,0,0,0,1,3,0,0,0,0,0,0,0,0,676,618,390,267,713,412,600,476,480,618,32,583,677,118,36,59,4,151,18,35,89,78,42,15,90,39,69,60,62,81,4,86,83,56,1,1,1,27,4,1,3,7.78,8.1,63.02,Fringe,,439,LK #71,42
729,PR #122,KIAN HIRE,,4,-0.06,-0.22,Prop,Ospreys,0,0,0,0.65,0,-0.12,0,0,0,0,0,0,0,0,0,0,0,-0.75,105,0,0,0,14,0,0,1,0,0,4,11,3,0,0,0,0,0,0,0,626,715,390,267,612,412,600,338,480,618,249,607,500,118,36,59,4,151,18,35,114,118,36,12,89,23,86,18,67,79,73,117,71,5,1,1,1,23,2,1,26.25,0,0,0,3.5,0,0,0.25,0,0,1,2.75,0.75,0,0,0,0,0,0,0,634,618,390,267,586,412,600,262,480,618,32,610,381,118,36,59,4,151,18,35,106,66,36,12,52,23,86,6,67,79,20,123,27,5,1,1,1,23,2,1,3,9.14,6.8,62.15,Fringe,,448,PR #124,40
730,PR #123,LEE-MARVIN MAZIBUKO,,4,-0.06,-0.25,Prop,Hollywoodbets Sharks,-7.34,0,0,0,5.77,0.99,0.33,0,0,0,0,0,0,0,0,0,0,0,118,0,1,0,3,0,0,0,0,0,2,15,2,0,0,0,0,1,0,0,614,715,219,267,690,412,600,476,480,618,405,580,556,118,36,59,4,23,18,35,111,118,14,12,116,23,86,53,67,79,104,109,86,5,1,1,1,4,2,1,29.5,0,0.25,0,0.75,0,0,0,0,0,0.5,3.75,0.5,0,0,0,0,0.25,0,0,618,618,150,267,692,412,600,476,480,618,232,519,499,118,36,59,4,7,18,35,100,66,4,12,112,23,86,53,67,79,86,105,63,5,1,1,1,1,2,1,3,9.14,6.8,62.15,Fringe,,448,PR #124,40
731,OB #113,JC MARS,,1,-0.3,-0.3,Outside Back,DHL Stormers,0,0,0,-0.3,0,0,0,0,0,0,0,0,0,0,0,0,0,0,72,0,0,0,7,0,1,0,0,2,0,0,0,0,0,0,0,0,0,0,658,715,390,267,660,412,512,476,480,442,615,737,677,118,36,59,4,151,18,35,106,113,83,59,112,99,102,89,84,87,90,114,109,1,4,8,2,20,5,12,72,0,0,0,7,0,1,0,0,2,0,0,0,0,0,0,0,0,0,0,98,618,390,267,459,412,214,476,480,12,615,737,677,118,36,59,4,151,18,35,44,111,83,59,110,99,81,89,84,9,90,114,109,1,4,8,2,20,5,12,3,8.04,7.2,57.89,Fringe,,482,OB #83,36
731,PR #124,RHODRI JONES,,4,-0.08,-0.3,Prop,Dragons RFC,0,0,0,0,0,0,0,0,0,0,0,0,0,0,0.56,0.33,-2.38,1.19,149,0,0,0,5,0,0,0,0,0,5,15,1,0,0,0,0,0,0,0,587,715,390,267,672,412,600,476,480,618,187,580,617,118,36,59,4,151,18,35,101,118,36,12,110,23,86,53,67,79,57,109,103,5,1,1,1,23,2,1,37.25,0,0,0,1.25,0,0,0,0,0,1.25,3.75,0.25,0,0,0,0,0,0,0,532,618,390,267,680,412,600,476,480,618,15,519,624,118,36,59,4,151,18,35,73,66,36,12,105,23,86,53,67,79,11,105,98,5,1,1,1,23,2,1,3,9.12,6.8,62.02,Fringe,,452,PR #127,40
733,PR #125,DYLAN KELLEHER-GRIFFITHS,,2,-0.18,-0.35,Prop,Dragons RFC,0,0,1.56,0,0,-1.91,0,0,0,0,0,0,0,0,0,0,0,0,71,0,0,0,1,0,0,0,0,0,3,10,1,0,0,0,0,0,0,0,659,715,390,267,702,412,600,476,480,618,323,616,617,118,36,59,4,151,18,35,121,118,36,12,121,23,86,53,67,79,88,119,103,5,1,1,1,23,2,1,35.5,0,0,0,0.5,0,0,0,0,0,1.5,5,0.5,0,0,0,0,0,0,0,552,618,390,267,699,412,600,476,480,618,8,373,499,118,36,59,4,151,18,35,80,66,36,12,119,23,86,53,67,79,6,62,63,5,1,1,1,23,2,1,3,9.87,7.2,71.06,Fringe,,366,PR #108,51
734,OB #114,RYAN CONBEER,,2,-0.2,-0.39,Outside Back,Ospreys,0,0,0,0,0,0,0,-3.01,0,0,0,0,2.62,0,0,0,0,0,103,0,0,0,28,1,1,0,0,2,0,7,10,0,0,0,0,0,0,0,628,715,390,267,541,286,512,476,480,442,615,646,204,118,36,59,4,151,18,35,99,113,83,59,104,88,102,89,84,87,90,87,41,1,4,8,2,20,5,12,51.5,0,0,0,14,0.5,0.5,0,0,1,0,3.5,5,0,0,0,0,0,0,0,336,618,390,267,309,101,359,476,480,116,615,538,1,118,36,59,4,151,18,35,94,111,83,59,104,67,101,89,84,61,90,47,1,1,4,8,2,20,5,12,2,7.3,6.8,49.64,Fringe,,545,OB #99,28
735,HK #70,GRANT STEWART,,1,-0.4,-0.4,Hooker,Glasgow Warriors,0,0,0,0,0,0,0,0,0,0,-0.4,0,0,0,0,0,0,0,4,-0.1,0,0,0,0,0,0,0,1,0,0,0,0,0,0,0,0,0,0,743,747,390,267,713,412,600,476,480,526,615,737,677,118,36,59,4,151,18,35,70,71,39,15,66,30,49,32,51,44,57,69,61,19,1,1,1,9,2,1,4,-0.1,0,0,0,0,0,0,0,1,0,0,0,0,0,0,0,0,0,0,740,747,390,267,713,412,600,476,480,116,615,737,677,118,36,59,4,151,18,35,70,71,39,15,66,30,49,32,51,1,57,69,61,19,1,1,1,9,2,1,2,4.77,7.7,36.73,Fringe,,662,HK #53,12
736,LF #131,LUCAS DE LA RUA,,1,-0.75,-0.75,Loose Forward,Cardiff Rugby,0,0,0,0,0,0,0,0,0,0,-0.75,0,0,0,0,0,0,0,1,-0.75,0,0,0,0,0,0,0,0,0,0,1,0,0,0,0,0,0,0,746,751,390,267,713,412,600,476,480,618,615,737,617,118,36,59,4,151,18,35,132,132,77,50,129,92,117,96,104,119,114,132,111,40,1,1,1,40,6,1,1,-0.75,0,0,0,0,0,0,0,0,0,0,1,0,0,0,0,0,0,0,745,752,390,267,713,412,600,476,480,618,615,737,234,118,36,59,4,151,18,35,132,132,77,50,129,92,117,96,104,119,114,132,36,40,1,1,1,40,6,1,2,5.75,8.4,48.3,Fringe,,554,LF #88,26
737,PR #126,NAHUEL TETAZ CHAPARRO,,4,-0.2,-0.78,Prop,Benetton Rugby,0,1.52,0,0,-2,2.71,0,0,0,0,0,0,0,0,0,0,0,-3.01,113,-0.01,0,0,6,0,0,0,0,2,4,14,0,0,0,0,0,0,0,0,619,735,390,267,667,412,600,476,480,442,249,589,677,118,36,59,4,151,18,35,113,126,36,12,108,23,86,53,67,30,73,114,119,5,1,1,1,23,2,1,28.25,0,0,0,1.5,0,0,0,0,0.5,1,3.5,0,0,0,0,0,0,0,0,622,618,390,267,669,412,600,476,480,324,32,538,677,118,36,59,4,151,18,35,102,66,36,12,98,23,86,53,67,4,20,111,119,5,1,1,1,23,2,1,2,8.99,6.8,61.13,Fringe,Boom/Bust,457,PR #128,39
738,HK #71,MIKEY YARR,,1,-0.85,-0.85,Hooker,Connacht Rugby,0,0,0,0,0,0,0,0,0,0,0,0,0,0,0,0,0,-0.85,13,-0.07,0,0,0,0,0,0,0,0,1,5,2,0,0,0,0,0,0,0,723,744,390,267,713,412,600,476,480,618,478,666,556,118,36,59,4,151,18,35,67,70,39,15,66,30,49,32,51,58,43,62,48,19,1,1,1,9,2,1,13,-0.07,0,0,0,0,0,0,0,0,1,5,2,0,0,0,0,0,0,0,710,745,390,267,713,412,600,476,480,618,32,373,21,118,36,59,4,151,18,35,63,70,39,15,66,30,49,32,51,58,3,44,2,19,1,1,1,9,2,1,2,4.73,7.7,36.42,Fringe,,666,HK #54,11
739,OB #115,PHIKOLOMZI SOBAHLE,,1,-0.94,-0.94,Outside Back,Hollywoodbets Sharks,0,-0.94,0,0,0,0,0,0,0,0,0,0,0,0,0,0,0,0,67,-0.01,0,0,24,0,0,0,0,1,0,2,4,0,0,0,0,0,0,0,663,735,390,267,564,412,600,476,480,526,615,712,459,118,36,59,4,151,18,35,107,115,83,59,105,99,109,89,84,100,90,108,82,1,4,8,2,20,5,12,67,-0.01,0,0,24,0,0,0,0,1,0,2,4,0,0,0,0,0,0,0,147,741,390,267,167,412,600,476,480,116,615,655,2,118,36,59,4,151,18,35,62,115,83,59,82,99,109,89,84,61,90,81,2,1,4,8,2,20,5,12,2,7.98,7.2,57.46,Fringe,,487,OB #84,35
740,PR #127,ANGUS WILLIAMS,,1,-1,-1,Prop,Edinburgh Rugby,0,0,0,0,0,0,0,0,0,0,0,0,0,-1,0,0,0,0,10,-0.1,0,0,0,0,0,0,0,0,1,0,0,0,0,0,0,0,0,0,734,747,390,267,713,412,600,476,480,618,478,737,677,118,36,59,4,151,18,35,132,133,36,12,125,23,86,53,67,79,115,133,119,5,1,1,1,23,2,1,10,-0.1,0,0,0,0,0,0,0,0,1,0,0,0,0,0,0,0,0,0,728,747,390,267,713,412,600,476,480,618,32,737,677,118,36,59,4,151,18,35,132,133,36,12,125,23,86,53,67,79,20,133,119,5,1,1,1,23,2,1,2,10.09,7.6,76.68,Fringe,,322,PR #89,57
741,PR #128,RUAN DREYER,,4,-0.27,-1.08,Prop,Hollywoodbets Sharks,1.27,0.08,-1.68,-0.75,0,0,0,0,0,0,0,0,0,0,0,0,0,0,190,-0.01,0,0,20,0,1,0,0,2,7,24,4,0,0,0,0,0,0,0,544,735,390,267,582,412,512,476,480,442,104,505,459,118,36,59,4,151,18,35,91,126,36,12,75,23,56,53,67,30,40,97,59,5,1,1,1,23,2,1,47.5,0,0,0,5,0,0.25,0,0,0.5,1.75,6,1,0,0,0,0,0,0,0,396,618,390,267,523,412,490,476,480,324,6,268,234,118,36,59,4,151,18,35,24,66,36,12,33,23,41,53,67,4,5,37,10,5,1,1,1,23,2,1,1,8.92,6.8,60.66,Fringe,Boom/Bust,462,PR #131,39
742,FH #51,SAM FRANCIS,,2,-0.75,-1.5,Fly Half,Lions,0,0,-1.5,0,0,0,0,0,0,0,0,0,0,0,0,0,0,0,4,-0.38,0,0,0,0,0,0,0,0,0,0,2,0,0,0,0,0,0,0,743,750,390,267,713,412,600,476,480,618,615,737,556,118,36,59,4,151,18,35,49,51,24,32,44,34,40,37,26,44,36,48,40,2,29,41,2,11,2,10,2,-0.19,0,0,0,0,0,0,0,0,0,0,1,0,0,0,0,0,0,0,743,749,390,267,713,412,600,476,480,618,615,737,234,118,36,59,4,151,18,35,49,51,24,32,44,34,40,37,26,44,36,48,27,2,29,41,2,11,2,10,1,5.84,8,46.72,Fringe,,567,FH #44,25
743,PR #129,HEIKO POHLMANN,,1,-2,-2,Prop,Lions,-2,0,0,0,0,0,0,0,0,0,0,0,0,0,0,0,0,0,8,-0.25,0,0,0,0,0,0,0,0,2,0,0,0,0,0,0,0,0,0,738,749,390,267,713,412,600,476,480,618,405,737,677,118,36,59,4,151,18,35,134,134,36,12,125,23,86,53,67,79,104,133,119,5,1,1,1,23,2,1,8,-0.25,0,0,0,0,0,0,0,0,2,0,0,0,0,0,0,0,0,0,736,750,390,267,713,412,600,476,480,618,1,737,677,118,36,59,4,151,18,35,134,134,36,12,125,23,86,53,67,79,1,133,119,5,1,1,1,23,2,1,1,9.84,7.6,74.78,Fringe,,333,PR #96,56
744,PR #130,ENRIQUE PIERETTO,,5,-0.44,-2.21,Prop,Zebre Parma,0,0,0,0,0,0,0,0,0,-3.6,-0.21,3.61,-2.74,0.73,0,0,0,0,247,-0.01,0,0,13,0,0,1,1,2,7,28,9,0,0,0,0,0,0,0,506,735,390,267,620,412,600,338,323,442,104,475,236,118,36,59,4,151,18,35,82,126,36,12,91,23,86,18,34,30,40,88,19,5,1,1,1,23,2,1,49.4,0,0,0,2.6,0,0,0.2,0.2,0.4,1.4,5.6,1.8,0,0,0,0,0,0,0,367,618,390,267,627,412,600,303,284,406,10,325,42,118,36,59,4,151,18,35,19,66,36,12,73,23,86,15,23,11,8,51,2,5,1,1,1,23,2,1,1,8.24,6.9,56.86,Fringe,Boom/Bust,495,PR #132,34
745,PR #131,BRYAN O'CONNOR,,3,-0.77,-2.32,Prop,Ulster Rugby,0,0,0,0,0,0,0,0,0,0,0,-1.76,0,0,0,-0.56,0,0,64,-0.04,0,0,2,0,0,0,0,1,2,6,2,0,0,0,0,0,0,0,667,742,390,267,698,412,600,476,480,526,405,655,556,118,36,59,4,151,18,35,123,132,36,12,118,23,86,53,67,55,104,125,86,5,1,1,1,23,2,1,21.33,-0.01,0,0,0.67,0,0,0,0,0.33,0.67,2,0.67,0,0,0,0,0,0,0,674,741,390,267,693,412,600,476,480,451,137,655,423,118,36,59,4,151,18,35,118,132,36,12,113,23,86,53,67,18,64,128,39,5,1,1,1,23,2,1,1,8.99,6.9,62.03,Fringe,,450,PR #126,40
746,LF #132,TOM BRIGG,,1,-3.2,-3.2,Loose Forward,Ulster Rugby,0,0,0,0,0,0,0,0,0,0,0,0,0,0,0,-3.2,0,0,45,-0.07,0,0,11,0,0,0,1,0,1,5,1,0,0,0,0,1,0,0,688,744,390,267,634,412,600,476,323,618,478,666,617,118,36,59,4,23,18,35,125,131,77,50,122,92,117,96,86,119,90,125,111,40,1,1,1,6,6,1,45,-0.07,0,0,11,0,0,0,1,0,1,5,1,0,0,0,0,1,0,0,426,745,390,267,361,412,600,476,7,618,32,373,234,118,36,59,4,1,18,35,87,131,77,50,84,92,117,96,6,119,6,109,36,40,1,1,1,1,6,1,1,5.54,8.4,46.54,Fringe,,568,LF #92,25
747,PR #132,KEIRON ASSIRATTI,,12,-0.33,-3.96,Prop,Cardiff Rugby,-1.67,0,2.7,1.95,1,0,0,0,-3.52,1.74,0,-1.17,0,-2.09,-0.68,-3.01,0.23,0.56,499,-0.01,0,0,8,0,1,0,0,3,15,53,7,0,0,0,0,0,0,0,302,735,390,267,650,412,512,476,480,385,9,301,322,118,36,59,4,151,18,35,27,126,36,12,103,23,56,53,67,18,6,52,29,5,1,1,1,23,2,1,41.58,0,0,0,0.67,0,0.08,0,0,0.25,1.25,4.42,0.58,0,0,0,0,0,0,0,474,618,390,267,693,412,585,476,480,513,15,447,468,118,36,59,4,151,18,35,55,66,36,12,113,23,80,53,67,32,11,87,53,5,1,1,1,23,2,1,1,6.23,11.2,69.78,Fringe,Boom/Bust,372,PR #112,50
748,LF #133,TINOTENDA MAVESERE,,3,-1.57,-4.7,Loose Forward,Hollywoodbets Sharks,-8,0,3.32,0,0,0,0,0,0,0,0,-0.02,0,0,0,0,0,0,77,-0.06,0,0,10,0,0,0,1,2,2,10,0,0,0,0,0,1,0,0,652,743,390,267,636,412,600,476,323,442,405,616,677,118,36,59,4,23,18,35,118,130,77,50,123,92,117,96,86,95,83,119,124,40,1,1,1,6,6,1,25.67,-0.02,0,0,3.33,0,0,0,0.33,0.67,0.67,3.33,0,0,0,0,0,0.33,0,0,638,743,390,267,594,412,600,476,166,239,137,558,677,118,36,59,4,4,18,35,117,130,77,50,122,92,117,96,53,41,25,121,124,40,1,1,1,3,6,1,1,4.36,7.6,33.14,Fringe,Boom/Bust,689,LF #124,8
749,PR #133,FRANCOIS KLOPPER,,11,-0.48,-5.3,Prop,Vodacom Bulls,1.32,0.99,0,2.23,-9.51,-1.34,0,0,0,0,0,0,0.36,1.32,4.26,-5.39,1.16,-0.7,380,-0.01,0,0,36,0,1,0,0,2,5,45,5,0,0,0,0,2,0,0,396,735,390,267,500,412,512,476,480,442,187,351,404,118,36,59,4,7,18,35,52,126,36,12,39,23,56,53,67,30,57,62,47,5,1,1,1,1,2,1,34.55,0,0,0,3.27,0,0.09,0,0,0.18,0.45,4.09,0.45,0,0,0,0,0.18,0,0,563,618,390,267,601,412,575,476,480,553,282,477,540,118,36,59,4,21,18,35,85,66,36,12,58,23,76,53,67,50,99,96,70,5,1,1,1,3,2,1,0,5.86,10.4,60.94,Fringe,Boom/Bust,459,PR #129,39
750,FH #52,JAC LLOYD,,3,-1.92,-5.75,Fly Half,Dragons RFC,0,0,-2.1,0,0,0,0,0,0,0,0,0,-1.4,-2.25,0,0,0,0,83,-0.07,0,0,1,0,0,0,0,2,1,5,6,0,0,0,0,0,0,0,643,744,390,267,702,412,600,476,480,442,478,666,363,118,36,59,4,151,18,35,39,50,24,32,43,34,40,37,26,39,25,40,35,2,29,41,2,11,2,10,27.67,-0.02,0,0,0.33,0,0,0,0,0.67,0.33,1.67,2,0,0,0,0,0,0,0,625,743,390,267,706,412,600,476,480,239,373,686,21,118,36,59,4,151,18,35,40,50,24,32,43,34,40,37,26,31,10,41,5,2,29,41,2,11,2,10,0,4.89,7.6,37.16,Fringe,Very Consistent,659,FH #48,12
751,SH #64,GIULIANO AVACA,,3,-2.92,-8.75,Scrum Half,Benetton Rugby,0,0,-8.75,0,0,0,0,0,0,0,0,0,0,0,0,0,0,0,11,-0.8,0,0,0,0,0,0,0,0,1,0,1,0,0,0,0,1,0,0,731,752,390,267,713,412,600,476,480,618,478,737,617,118,36,59,4,23,18,35,61,64,43,46,61,42,54,46,33,57,25,62,55,1,3,7,2,3,2,10,3.67,-0.27,0,0,0,0,0,0,0,0,0.33,0,0.33,0,0,0,0,0.33,0,0,741,751,390,267,713,412,600,476,480,618,373,737,581,118,36,59,4,4,18,35,61,64,43,46,61,42,54,46,33,57,11,62,49,1,3,7,2,1,2,10,0,2.41,7.6,18.32,Fringe,,747,SH #62,1
752,PR #134,CHRIS COLEMAN,Usually the player who comes rock-bottom-last of the fantasy standings is some guy who played half a game and got a red card. But dick-of-the-day-of-the-season Chris Coleman played 9 games and averaged -1.32 points per game. Heaven help you if you had him in your team (I'm sure you didn't).,9,-1.32,-11.9,Prop,Dragons RFC,0,-9,1.37,0,-0.42,0,0,0,0,0,0,0.95,-1.56,-0.23,-0.44,0,-0.4,-2.17,395,-0.03,0,0,34,0,1,1,0,3,16,40,6,0,0,0,0,1,0,0,385,741,390,267,507,412,512,338,480,385,2,381,363,118,36,59,4,23,18,35,48,131,36,12,44,23,56,18,67,18,2,73,37,5,1,1,1,4,2,1,43.89,0,0,0,3.78,0,0.11,0.11,0,0.33,1.78,4.44,0.67,0,0,0,0,0.11,0,0,447,618,390,267,575,412,565,411,480,451,4,443,423,118,36,59,4,54,18,35,40,66,36,12,44,23,70,36,67,18,3,84,39,5,1,1,1,9,2,1,0,4.21,8.8,37.05,Fringe,Average,660,PR #133,12